{
  "fio version" : "fio-3.1",
  "timestamp" : 1582050409,
  "timestamp_ms" : 1582050409679,
  "time" : "Tue Feb 18 19:26:49 2020",
  "jobs" : [
    {
      "jobname" : "iotest",
      "groupid" : 0,
      "error" : 0,
      "eta" : 0,
      "elapsed" : 61,
      "job options" : {
        "rw" : "randwrite",
        "bs" : "4k",
        "ioengine" : "libaio",
        "iodepth" : "2",
        "direct" : "1",
        "invalidate" : "1",
        "refill_buffers" : "1",
        "runtime" : "60",
        "numjobs" : "1",
        "group_reporting" : "1",
        "write_bw_log" : "/fio/output/randwrite-iodepth-2-numjobs-1",
        "write_lat_log" : "/fio/output/randwrite-iodepth-2-numjobs-1",
        "write_iops_log" : "/fio/output/randwrite-iodepth-2-numjobs-1",
        "log_avg_msec" : "250",
        "filename" : "/dev/md0"
      },
      "read" : {
        "io_bytes" : 0,
        "io_kbytes" : 0,
        "bw" : 0,
        "iops" : 0.000000,
        "runtime" : 0,
        "total_ios" : 0,
        "short_ios" : 0,
        "drop_ios" : 0,
        "slat_ns" : {
          "min" : 0,
          "max" : 0,
          "mean" : 0.000000,
          "stddev" : 0.000000
        },
        "clat_ns" : {
          "min" : 0,
          "max" : 0,
          "mean" : 0.000000,
          "stddev" : 0.000000,
          "percentile" : {
            "1.000000" : 0,
            "5.000000" : 0,
            "10.000000" : 0,
            "20.000000" : 0,
            "30.000000" : 0,
            "40.000000" : 0,
            "50.000000" : 0,
            "60.000000" : 0,
            "70.000000" : 0,
            "80.000000" : 0,
            "90.000000" : 0,
            "95.000000" : 0,
            "99.000000" : 0,
            "99.500000" : 0,
            "99.900000" : 0,
            "99.950000" : 0,
            "99.990000" : 0,
            "0.00" : 0,
            "0.00" : 0,
            "0.00" : 0
          }
        },
        "lat_ns" : {
          "min" : 0,
          "max" : 0,
          "mean" : 0.000000,
          "stddev" : 0.000000
        },
        "bw_min" : 0,
        "bw_max" : 0,
        "bw_agg" : 0.000000,
        "bw_mean" : 0.000000,
        "bw_dev" : 0.000000,
        "bw_samples" : 0,
        "iops_min" : 0,
        "iops_max" : 0,
        "iops_mean" : 0.000000,
        "iops_stddev" : 0.000000,
        "iops_samples" : 0
      },
      "write" : {
        "io_bytes" : 5718192128,
        "io_kbytes" : 5584172,
        "bw" : 93067,
        "iops" : 23266.995550,
        "runtime" : 60001,
        "total_ios" : 1396043,
        "short_ios" : 0,
        "drop_ios" : 0,
        "slat_ns" : {
          "min" : 3119,
          "max" : 407103,
          "mean" : 5993.776884,
          "stddev" : 3082.382439
        },
        "clat_ns" : {
          "min" : 10078,
          "max" : 2191753,
          "mean" : 77114.137728,
          "stddev" : 54364.373954,
          "percentile" : {
            "1.000000" : 41728,
            "5.000000" : 42752,
            "10.000000" : 43776,
            "20.000000" : 45312,
            "30.000000" : 45824,
            "40.000000" : 46848,
            "50.000000" : 47872,
            "60.000000" : 49920,
            "70.000000" : 52992,
            "80.000000" : 160768,
            "90.000000" : 173056,
            "95.000000" : 175104,
            "99.000000" : 185344,
            "99.500000" : 187392,
            "99.900000" : 195584,
            "99.950000" : 411648,
            "99.990000" : 552960,
            "0.00" : 0,
            "0.00" : 0,
            "0.00" : 0
          }
        },
        "lat_ns" : {
          "min" : 43489,
          "max" : 2195979,
          "mean" : 83362.000243,
          "stddev" : 55327.611108
        },
        "bw_min" : 42240,
        "bw_max" : 146880,
        "bw_agg" : 100.000000,
        "bw_mean" : 93347.870293,
        "bw_dev" : 45156.630021,
        "bw_samples" : 239,
        "iops_min" : 10560,
        "iops_max" : 36720,
        "iops_mean" : 23337.004184,
        "iops_stddev" : 11289.287588,
        "iops_samples" : 239
      },
      "trim" : {
        "io_bytes" : 0,
        "io_kbytes" : 0,
        "bw" : 0,
        "iops" : 0.000000,
        "runtime" : 0,
        "total_ios" : 0,
        "short_ios" : 0,
        "drop_ios" : 0,
        "slat_ns" : {
          "min" : 0,
          "max" : 0,
          "mean" : 0.000000,
          "stddev" : 0.000000
        },
        "clat_ns" : {
          "min" : 0,
          "max" : 0,
          "mean" : 0.000000,
          "stddev" : 0.000000,
          "percentile" : {
            "1.000000" : 0,
            "5.000000" : 0,
            "10.000000" : 0,
            "20.000000" : 0,
            "30.000000" : 0,
            "40.000000" : 0,
            "50.000000" : 0,
            "60.000000" : 0,
            "70.000000" : 0,
            "80.000000" : 0,
            "90.000000" : 0,
            "95.000000" : 0,
            "99.000000" : 0,
            "99.500000" : 0,
            "99.900000" : 0,
            "99.950000" : 0,
            "99.990000" : 0,
            "0.00" : 0,
            "0.00" : 0,
            "0.00" : 0
          }
        },
        "lat_ns" : {
          "min" : 0,
          "max" : 0,
          "mean" : 0.000000,
          "stddev" : 0.000000
        },
        "bw_min" : 0,
        "bw_max" : 0,
        "bw_agg" : 0.000000,
        "bw_mean" : 0.000000,
        "bw_dev" : 0.000000,
        "bw_samples" : 0,
        "iops_min" : 0,
        "iops_max" : 0,
        "iops_mean" : 0.000000,
        "iops_stddev" : 0.000000,
        "iops_samples" : 0
      },
      "usr_cpu" : 11.325000,
      "sys_cpu" : 19.731667,
      "ctx" : 1105616,
      "majf" : 0,
      "minf" : 28,
      "iodepth_level" : {
        "1" : 0.100000,
        "2" : 99.999928,
        "4" : 0.000000,
        "8" : 0.000000,
        "16" : 0.000000,
        "32" : 0.000000,
        ">=64" : 0.000000
      },
      "latency_ns" : {
        "2" : 0.000000,
        "4" : 0.000000,
        "10" : 0.000000,
        "20" : 0.000000,
        "50" : 0.000000,
        "100" : 0.000000,
        "250" : 0.000000,
        "500" : 0.000000,
        "750" : 0.000000,
        "1000" : 0.000000
      },
      "latency_us" : {
        "2" : 0.000000,
        "4" : 0.000000,
        "10" : 0.000000,
        "20" : 0.010000,
        "50" : 61.488292,
        "100" : 14.958780,
        "250" : 23.478718,
        "500" : 0.052935,
        "750" : 0.015472,
        "1000" : 0.010000
      },
      "latency_ms" : {
        "2" : 0.010000,
        "4" : 0.010000,
        "10" : 0.000000,
        "20" : 0.000000,
        "50" : 0.000000,
        "100" : 0.000000,
        "250" : 0.000000,
        "500" : 0.000000,
        "750" : 0.000000,
        "1000" : 0.000000,
        "2000" : 0.000000,
        ">=2000" : 0.000000
      },
      "latency_depth" : 2,
      "latency_target" : 0,
      "latency_percentile" : 100.000000,
      "latency_window" : 0
    }
  ],
  "disk_util" : [
    {
      "name" : "md0",
      "read_ios" : 154,
      "write_ios" : 1394490,
      "read_merges" : 0,
      "write_merges" : 0,
      "read_ticks" : 0,
      "write_ticks" : 0,
      "in_queue" : 0,
      "util" : 0.000000,
      "aggr_read_ios" : 75,
      "aggr_write_ios" : 349010,
      "aggr_read_merges" : 2,
      "aggr_write_merge" : 0,
      "aggr_read_ticks" : 58,
      "aggr_write_ticks" : 24990,
      "aggr_in_queue" : 24988,
      "aggr_util" : 38.510638
    },
    {
      "name" : "sdd",
      "read_ios" : 32,
      "write_ios" : 342812,
      "read_merges" : 0,
      "write_merges" : 0,
      "read_ticks" : 32,
      "write_ticks" : 24552,
      "in_queue" : 24504,
      "util" : 36.329787
    },
    {
      "name" : "sdb",
      "read_ios" : 47,
      "write_ios" : 344493,
      "read_merges" : 0,
      "write_merges" : 0,
      "read_ticks" : 28,
      "write_ticks" : 26228,
      "in_queue" : 26208,
      "util" : 38.510638
    },
    {
      "name" : "sde",