{
  "fio version" : "fio-3.1",
  "timestamp" : 1582052594,
  "timestamp_ms" : 1582052594616,
  "time" : "Tue Feb 18 20:03:14 2020",
  "jobs" : [
    {
      "jobname" : "iotest",
      "groupid" : 0,
      "error" : 0,
      "eta" : 0,
      "elapsed" : 61,
      "job options" : {
        "rw" : "randwrite",
        "bs" : "4k",
        "ioengine" : "libaio",
        "iodepth" : "64",
        "direct" : "1",
        "invalidate" : "1",
        "refill_buffers" : "1",
        "runtime" : "60",
        "numjobs" : "2",
        "group_reporting" : "1",
        "write_bw_log" : "/fio/output/randwrite-iodepth-64-numjobs-2",
        "write_lat_log" : "/fio/output/randwrite-iodepth-64-numjobs-2",
        "write_iops_log" : "/fio/output/randwrite-iodepth-64-numjobs-2",
        "log_avg_msec" : "250",
        "filename" : "/dev/md0"
      },
      "read" : {
        "io_bytes" : 0,
        "io_kbytes" : 0,
        "bw" : 0,
        "iops" : 0.000000,
        "runtime" : 0,
        "total_ios" : 0,
        "short_ios" : 0,
        "drop_ios" : 0,
        "slat_ns" : {
          "min" : 0,
          "max" : 0,
          "mean" : 0.000000,
          "stddev" : 0.000000
        },
        "clat_ns" : {
          "min" : 0,
          "max" : 0,
          "mean" : 0.000000,
          "stddev" : 0.000000,
          "percentile" : {
            "1.000000" : 0,
            "5.000000" : 0,
            "10.000000" : 0,
            "20.000000" : 0,
            "30.000000" : 0,
            "40.000000" : 0,
            "50.000000" : 0,
            "60.000000" : 0,
            "70.000000" : 0,
            "80.000000" : 0,
            "90.000000" : 0,
            "95.000000" : 0,
            "99.000000" : 0,
            "99.500000" : 0,
            "99.900000" : 0,
            "99.950000" : 0,
            "99.990000" : 0,
            "0.00" : 0,
            "0.00" : 0,
            "0.00" : 0
          }
        },
        "lat_ns" : {
          "min" : 0,
          "max" : 0,
          "mean" : 0.000000,
          "stddev" : 0.000000
        },
        "bw_min" : 0,
        "bw_max" : 0,
        "bw_agg" : 0.000000,
        "bw_mean" : 0.000000,
        "bw_dev" : 0.000000,
        "bw_samples" : 0,
        "iops_min" : 0,
        "iops_max" : 0,
        "iops_mean" : 0.000000,
        "iops_stddev" : 0.000000,
        "iops_samples" : 0
      },
      "write" : {
        "io_bytes" : 33093345280,
        "io_kbytes" : 32317720,
        "bw" : 538610,
        "iops" : 134652.678244,
        "runtime" : 60002,
        "total_ios" : 8079430,
        "short_ios" : 0,
        "drop_ios" : 0,
        "slat_ns" : {
          "min" : 2814,
          "max" : 1385096,
          "mean" : 5268.912086,
          "stddev" : 3959.720796
        },
        "clat_ns" : {
          "min" : 10405,
          "max" : 26053046,
          "mean" : 943192.994626,
          "stddev" : 1252375.472484,
          "percentile" : {
            "1.000000" : 112128,
            "5.000000" : 164864,
            "10.000000" : 185344,
            "20.000000" : 207872,
            "30.000000" : 230400,
            "40.000000" : 264192,
            "50.000000" : 309248,
            "60.000000" : 411648,
            "70.000000" : 815104,
            "80.000000" : 1646592,
            "90.000000" : 2768896,
            "95.000000" : 3981312,
            "99.000000" : 5406720,
            "99.500000" : 5734400,
            "99.900000" : 6455296,
            "99.950000" : 6914048,
            "99.990000" : 8355840,
            "0.00" : 0,
            "0.00" : 0,
            "0.00" : 0
          }
        },
        "lat_ns" : {
          "min" : 53240,
          "max" : 26057694,
          "mean" : 948637.099266,
          "stddev" : 1252465.582588
        },
        "bw_min" : 181488,
        "bw_max" : 348516,
        "bw_agg" : 50.214949,
        "bw_mean" : 270462.737500,
        "bw_dev" : 64990.494880,
        "bw_samples" : 480,
        "iops_min" : 45372,
        "iops_max" : 87129,
        "iops_mean" : 67615.547917,
        "iops_stddev" : 16247.637148,
        "iops_samples" : 480
      },
      "trim" : {
        "io_bytes" : 0,
        "io_kbytes" : 0,
        "bw" : 0,
        "iops" : 0.000000,
        "runtime" : 0,
        "total_ios" : 0,
        "short_ios" : 0,
        "drop_ios" : 0,
        "slat_ns" : {
          "min" : 0,
          "max" : 0,
          "mean" : 0.000000,
          "stddev" : 0.000000
        },
        "clat_ns" : {
          "min" : 0,
          "max" : 0,
          "mean" : 0.000000,
          "stddev" : 0.000000,
          "percentile" : {
            "1.000000" : 0,
            "5.000000" : 0,
            "10.000000" : 0,
            "20.000000" : 0,
            "30.000000" : 0,
            "40.000000" : 0,
            "50.000000" : 0,
            "60.000000" : 0,
            "70.000000" : 0,
            "80.000000" : 0,
            "90.000000" : 0,
            "95.000000" : 0,
            "99.000000" : 0,
            "99.500000" : 0,
            "99.900000" : 0,
            "99.950000" : 0,
            "99.990000" : 0,
            "0.00" : 0,
            "0.00" : 0,
            "0.00" : 0
          }
        },
        "lat_ns" : {
          "min" : 0,
          "max" : 0,
          "mean" : 0.000000,
          "stddev" : 0.000000
        },
        "bw_min" : 0,
        "bw_max" : 0,
        "bw_agg" : 0.000000,
        "bw_mean" : 0.000000,
        "bw_dev" : 0.000000,
        "bw_samples" : 0,
        "iops_min" : 0,
        "iops_max" : 0,
        "iops_mean" : 0.000000,
        "iops_stddev" : 0.000000,
        "iops_samples" : 0
      },
      "usr_cpu" : 18.585524,
      "sys_cpu" : 39.856836,
      "ctx" : 864235,
      "majf" : 0,
      "minf" : 29862,
      "iodepth_level" : {
        "1" : 0.100000,
        "2" : 0.100000,
        "4" : 0.100000,
        "8" : 0.100000,
        "16" : 0.100000,
        "32" : 0.100000,
        ">=64" : 99.998440
      },
      "latency_ns" : {
        "2" : 0.000000,
        "4" : 0.000000,
        "10" : 0.000000,
        "20" : 0.000000,
        "50" : 0.000000,
        "100" : 0.000000,
        "250" : 0.000000,
        "500" : 0.000000,
        "750" : 0.000000,
        "1000" : 0.000000
      },
      "latency_us" : {
        "2" : 0.000000,
        "4" : 0.000000,
        "10" : 0.000000,
        "20" : 0.010000,
        "50" : 0.010000,
        "100" : 0.449623,
        "250" : 35.168199,
        "500" : 28.357075,
        "750" : 5.188906,
        "1000" : 3.054918
      },
      "latency_ms" : {
        "2" : 13.030251,
        "4" : 9.812833,
        "10" : 4.934977,
        "20" : 0.010000,
        "50" : 0.010000,
        "100" : 0.000000,
        "250" : 0.000000,
        "500" : 0.000000,
        "750" : 0.000000,
        "1000" : 0.000000,
        "2000" : 0.000000,
        ">=2000" : 0.000000
      },
      "latency_depth" : 64,
      "latency_target" : 0,
      "latency_percentile" : 100.000000,
      "latency_window" : 0
    }
  ],
  "disk_util" : [
    {
      "name" : "md0",
      "read_ios" : 154,
      "write_ios" : 8055303,
      "read_merges" : 0,
      "write_merges" : 0,
      "read_ticks" : 0,
      "write_ticks" : 0,
      "in_queue" : 0,
      "util" : 0.000000,
      "aggr_read_ios" : 114,
      "aggr_write_ios" : 2019857,
      "aggr_read_merges" : 3,
      "aggr_write_merge" : 0,
      "aggr_read_ticks" : 82,
      "aggr_write_ticks" : 1815951,
      "aggr_in_queue" : 1816076,
      "aggr_util" : 99.704348
    },
    {
      "name" : "sdd",
      "read_ios" : 48,
      "write_ios" : 1979076,
      "read_merges" : 0,
      "write_merges" : 0,
      "read_ticks" : 64,
      "write_ticks" : 442396,
      "in_queue" : 442348,
      "util" : 93.618576
    },
    {
      "name" : "sdb",
      "read_ios" : 72,
      "write_ios" : 2011203,
      "read_merges" : 0,
      "write_merges" : 0,
      "read_ticks" : 64,
      "write_ticks" : 1086936,
      "in_queue" : 1086980,