{
  "fio version" : "fio-3.1",
  "timestamp" : 1582049802,
  "timestamp_ms" : 1582049802691,
  "time" : "Tue Feb 18 19:16:42 2020",
  "jobs" : [
    {
      "jobname" : "iotest",
      "groupid" : 0,
      "error" : 0,
      "eta" : 0,
      "elapsed" : 61,
      "job options" : {
        "rw" : "randread",
        "bs" : "4k",
        "ioengine" : "libaio",
        "iodepth" : "64",
        "direct" : "1",
        "invalidate" : "1",
        "refill_buffers" : "1",
        "runtime" : "60",
        "numjobs" : "16",
        "group_reporting" : "1",
        "write_bw_log" : "/fio/output/randread-iodepth-64-numjobs-16",
        "write_lat_log" : "/fio/output/randread-iodepth-64-numjobs-16",
        "write_iops_log" : "/fio/output/randread-iodepth-64-numjobs-16",
        "log_avg_msec" : "250",
        "filename" : "/dev/md0"
      },
      "read" : {
        "io_bytes" : 37353508864,
        "io_kbytes" : 36478036,
        "bw" : 607906,
        "iops" : 151976.619005,
        "runtime" : 60006,
        "total_ios" : 9119509,
        "short_ios" : 0,
        "drop_ios" : 0,
        "slat_ns" : {
          "min" : 3142,
          "max" : 14529231,
          "mean" : 79038.671310,
          "stddev" : 534498.770806
        },
        "clat_ns" : {
          "min" : 1058325,
          "max" : 24776724,
          "mean" : 6655259.843672,
          "stddev" : 2644218.725331,
          "percentile" : {
            "1.000000" : 2539520,
            "5.000000" : 3489792,
            "10.000000" : 3817472,
            "20.000000" : 4292608,
            "30.000000" : 4685824,
            "40.000000" : 5275648,
            "50.000000" : 6193152,
            "60.000000" : 7110656,
            "70.000000" : 7897088,
            "80.000000" : 8716288,
            "90.000000" : 10289152,
            "95.000000" : 11599872,
            "99.000000" : 14352384,
            "99.500000" : 15269888,
            "99.900000" : 17170432,
            "99.950000" : 18219008,
            "99.990000" : 19791872,
            "0.00" : 0,
            "0.00" : 0,
            "0.00" : 0
          }
        },
        "lat_ns" : {
          "min" : 1067149,
          "max" : 25687242,
          "mean" : 6734536.459729,
          "stddev" : 2661120.754151
        },
        "bw_min" : 27120,
        "bw_max" : 46971,
        "bw_agg" : 6.260356,
        "bw_mean" : 38057.082552,
        "bw_dev" : 2289.233342,
        "bw_samples" : 3840,
        "iops_min" : 6780,
        "iops_max" : 11742,
        "iops_mean" : 9514.125521,
        "iops_stddev" : 572.319096,
        "iops_samples" : 3840
      },
      "write" : {
        "io_bytes" : 0,
        "io_kbytes" : 0,
        "bw" : 0,
        "iops" : 0.000000,
        "runtime" : 0,
        "total_ios" : 0,
        "short_ios" : 0,
        "drop_ios" : 0,
        "slat_ns" : {
          "min" : 0,
          "max" : 0,
          "mean" : 0.000000,
          "stddev" : 0.000000
        },
        "clat_ns" : {
          "min" : 0,
          "max" : 0,
          "mean" : 0.000000,
          "stddev" : 0.000000,
          "percentile" : {
            "1.000000" : 0,
            "5.000000" : 0,
            "10.000000" : 0,
            "20.000000" : 0,
            "30.000000" : 0,
            "40.000000" : 0,
            "50.000000" : 0,
            "60.000000" : 0,
            "70.000000" : 0,
            "80.000000" : 0,
            "90.000000" : 0,
            "95.000000" : 0,
            "99.000000" : 0,
            "99.500000" : 0,
            "99.900000" : 0,
            "99.950000" : 0,
            "99.990000" : 0,
            "0.00" : 0,
            "0.00" : 0,
            "0.00" : 0
          }
        },
        "lat_ns" : {
          "min" : 0,
          "max" : 0,
          "mean" : 0.000000,
          "stddev" : 0.000000
        },
        "bw_min" : 0,
        "bw_max" : 0,
        "bw_agg" : 0.000000,
        "bw_mean" : 0.000000,
        "bw_dev" : 0.000000,
        "bw_samples" : 0,
        "iops_min" : 0,
        "iops_max" : 0,
        "iops_mean" : 0.000000,
        "iops_stddev" : 0.000000,
        "iops_samples" : 0
      },
      "trim" : {
        "io_bytes" : 0,
        "io_kbytes" : 0,
        "bw" : 0,
        "iops" : 0.000000,
        "runtime" : 0,
        "total_ios" : 0,
        "short_ios" : 0,
        "drop_ios" : 0,
        "slat_ns" : {
          "min" : 0,
          "max" : 0,
          "mean" : 0.000000,
          "stddev" : 0.000000
        },
        "clat_ns" : {
          "min" : 0,
          "max" : 0,
          "mean" : 0.000000,
          "stddev" : 0.000000,
          "percentile" : {
            "1.000000" : 0,
            "5.000000" : 0,
            "10.000000" : 0,
            "20.000000" : 0,
            "30.000000" : 0,
            "40.000000" : 0,
            "50.000000" : 0,
            "60.000000" : 0,
            "70.000000" : 0,
            "80.000000" : 0,
            "90.000000" : 0,
            "95.000000" : 0,
            "99.000000" : 0,
            "99.500000" : 0,
            "99.900000" : 0,
            "99.950000" : 0,
            "99.990000" : 0,
            "0.00" : 0,
            "0.00" : 0,
            "0.00" : 0
          }
        },
        "lat_ns" : {
          "min" : 0,
          "max" : 0,
          "mean" : 0.000000,
          "stddev" : 0.000000
        },
        "bw_min" : 0,
        "bw_max" : 0,
        "bw_agg" : 0.000000,
        "bw_mean" : 0.000000,
        "bw_dev" : 0.000000,
        "bw_samples" : 0,
        "iops_min" : 0,
        "iops_max" : 0,
        "iops_mean" : 0.000000,
        "iops_stddev" : 0.000000,
        "iops_samples" : 0
      },
      "usr_cpu" : 2.280904,
      "sys_cpu" : 6.273788,
      "ctx" : 661829,
      "majf" : 0,
      "minf" : 120602,
      "iodepth_level" : {
        "1" : 0.100000,
        "2" : 0.100000,
        "4" : 0.100000,
        "8" : 0.100000,
        "16" : 0.100000,
        "32" : 0.100000,
        ">=64" : 99.988947
      },
      "latency_ns" : {
        "2" : 0.000000,
        "4" : 0.000000,
        "10" : 0.000000,
        "20" : 0.000000,
        "50" : 0.000000,
        "100" : 0.000000,
        "250" : 0.000000,
        "500" : 0.000000,
        "750" : 0.000000,
        "1000" : 0.000000
      },
      "latency_us" : {
        "2" : 0.000000,
        "4" : 0.000000,
        "10" : 0.000000,
        "20" : 0.000000,
        "50" : 0.000000,
        "100" : 0.000000,
        "250" : 0.000000,
        "500" : 0.000000,
        "750" : 0.000000,
        "1000" : 0.000000
      },
      "latency_ms" : {
        "2" : 0.171029,
        "4" : 13.371027,
        "10" : 75.040685,
        "20" : 11.408443,
        "50" : 0.010000,
        "100" : 0.000000,
        "250" : 0.000000,
        "500" : 0.000000,
        "750" : 0.000000,
        "1000" : 0.000000,
        "2000" : 0.000000,
        ">=2000" : 0.000000
      },
      "latency_depth" : 64,
      "latency_target" : 0,
      "latency_percentile" : 100.000000,
      "latency_window" : 0
    }
  ],
  "disk_util" : [
    {
      "name" : "md0",
      "read_ios" : 9093939,
      "write_ios" : 0,
      "read_merges" : 0,
      "write_merges" : 0,
      "read_ticks" : 0,
      "write_ticks" : 0,
      "in_queue" : 0,
      "util" : 0.000000,
      "aggr_read_ios" : 2279877,
      "aggr_write_ios" : 0,
      "aggr_read_merges" : 0,
      "aggr_write_merge" : 0,
      "aggr_read_ticks" : 8956678,
      "aggr_write_ticks" : 0,
      "aggr_in_queue" : 8967376,
      "aggr_util" : 99.785718
    },
    {
      "name" : "sdd",
      "read_ios" : 2242297,
      "write_ios" : 0,
      "read_merges" : 0,
      "write_merges" : 0,
      "read_ticks" : 8806004,
      "write_ticks" : 0,
      "in_queue" : 8818156,
      "util" : 99.725973
    },
    {
      "name" : "sdb",
      "read_ios" : 2245072,
      "write_ios" : 0,
      "read_merges" : 0,
      "write_merges" : 0,
      "read_ticks" : 8865988,
      "write_ticks" : 0,
      "in_queue" : 8874676,