{
  "fio version" : "fio-3.1",
  "timestamp" : 1582047982,
  "timestamp_ms" : 1582047982606,
  "time" : "Tue Feb 18 18:46:22 2020",
  "jobs" : [
    {
      "jobname" : "iotest",
      "groupid" : 0,
      "error" : 0,
      "eta" : 0,
      "elapsed" : 61,
      "job options" : {
        "rw" : "randread",
        "bs" : "4k",
        "ioengine" : "libaio",
        "iodepth" : "4",
        "direct" : "1",
        "invalidate" : "1",
        "refill_buffers" : "1",
        "runtime" : "60",
        "numjobs" : "4",
        "group_reporting" : "1",
        "write_bw_log" : "/fio/output/randread-iodepth-4-numjobs-4",
        "write_lat_log" : "/fio/output/randread-iodepth-4-numjobs-4",
        "write_iops_log" : "/fio/output/randread-iodepth-4-numjobs-4",
        "log_avg_msec" : "250",
        "filename" : "/dev/md0"
      },
      "read" : {
        "io_bytes" : 16849281024,
        "io_kbytes" : 16454376,
        "bw" : 274235,
        "iops" : 68558.757354,
        "runtime" : 60001,
        "total_ios" : 4113594,
        "short_ios" : 0,
        "drop_ios" : 0,
        "slat_ns" : {
          "min" : 3056,
          "max" : 1155437,
          "mean" : 8450.198367,
          "stddev" : 4030.240646
        },
        "clat_ns" : {
          "min" : 22911,
          "max" : 2938954,
          "mean" : 222491.374841,
          "stddev" : 36945.559137,
          "percentile" : {
            "1.000000" : 108032,
            "5.000000" : 171008,
            "10.000000" : 199680,
            "20.000000" : 209920,
            "30.000000" : 214016,
            "40.000000" : 218112,
            "50.000000" : 222208,
            "60.000000" : 226304,
            "70.000000" : 232448,
            "80.000000" : 236544,
            "90.000000" : 246784,
            "95.000000" : 259072,
            "99.000000" : 329728,
            "99.500000" : 350208,
            "99.900000" : 528384,
            "99.950000" : 585728,
            "99.990000" : 1089536,
            "0.00" : 0,
            "0.00" : 0,
            "0.00" : 0
          }
        },
        "lat_ns" : {
          "min" : 58541,
          "max" : 2949932,
          "mean" : 231242.939818,
          "stddev" : 37157.722561
        },
        "bw_min" : 66448,
        "bw_max" : 70618,
        "bw_agg" : 25.044892,
        "bw_mean" : 68681.860417,
        "bw_dev" : 686.921794,
        "bw_samples" : 960,
        "iops_min" : 16616,
        "iops_max" : 17658,
        "iops_mean" : 17170.314583,
        "iops_stddev" : 171.625897,
        "iops_samples" : 960
      },
      "write" : {
        "io_bytes" : 0,
        "io_kbytes" : 0,
        "bw" : 0,
        "iops" : 0.000000,
        "runtime" : 0,
        "total_ios" : 0,
        "short_ios" : 0,
        "drop_ios" : 0,
        "slat_ns" : {
          "min" : 0,
          "max" : 0,
          "mean" : 0.000000,
          "stddev" : 0.000000
        },
        "clat_ns" : {
          "min" : 0,
          "max" : 0,
          "mean" : 0.000000,
          "stddev" : 0.000000,
          "percentile" : {
            "1.000000" : 0,
            "5.000000" : 0,
            "10.000000" : 0,
            "20.000000" : 0,
            "30.000000" : 0,
            "40.000000" : 0,
            "50.000000" : 0,
            "60.000000" : 0,
            "70.000000" : 0,
            "80.000000" : 0,
            "90.000000" : 0,
            "95.000000" : 0,
            "99.000000" : 0,
            "99.500000" : 0,
            "99.900000" : 0,
            "99.950000" : 0,
            "99.990000" : 0,
            "0.00" : 0,
            "0.00" : 0,
            "0.00" : 0
          }
        },
        "lat_ns" : {
          "min" : 0,
          "max" : 0,
          "mean" : 0.000000,
          "stddev" : 0.000000
        },
        "bw_min" : 0,
        "bw_max" : 0,
        "bw_agg" : 0.000000,
        "bw_mean" : 0.000000,
        "bw_dev" : 0.000000,
        "bw_samples" : 0,
        "iops_min" : 0,
        "iops_max" : 0,
        "iops_mean" : 0.000000,
        "iops_stddev" : 0.000000,
        "iops_samples" : 0
      },
      "trim" : {
        "io_bytes" : 0,
        "io_kbytes" : 0,
        "bw" : 0,
        "iops" : 0.000000,
        "runtime" : 0,
        "total_ios" : 0,
        "short_ios" : 0,
        "drop_ios" : 0,
        "slat_ns" : {
          "min" : 0,
          "max" : 0,
          "mean" : 0.000000,
          "stddev" : 0.000000
        },
        "clat_ns" : {
          "min" : 0,
          "max" : 0,
          "mean" : 0.000000,
          "stddev" : 0.000000,
          "percentile" : {
            "1.000000" : 0,
            "5.000000" : 0,
            "10.000000" : 0,
            "20.000000" : 0,
            "30.000000" : 0,
            "40.000000" : 0,
            "50.000000" : 0,
            "60.000000" : 0,
            "70.000000" : 0,
            "80.000000" : 0,
            "90.000000" : 0,
            "95.000000" : 0,
            "99.000000" : 0,
            "99.500000" : 0,
            "99.900000" : 0,
            "99.950000" : 0,
            "99.990000" : 0,
            "0.00" : 0,
            "0.00" : 0,
            "0.00" : 0
          }
        },
        "lat_ns" : {
          "min" : 0,
          "max" : 0,
          "mean" : 0.000000,
          "stddev" : 0.000000
        },
        "bw_min" : 0,
        "bw_max" : 0,
        "bw_agg" : 0.000000,
        "bw_mean" : 0.000000,
        "bw_dev" : 0.000000,
        "bw_samples" : 0,
        "iops_min" : 0,
        "iops_max" : 0,
        "iops_mean" : 0.000000,
        "iops_stddev" : 0.000000,
        "iops_samples" : 0
      },
      "usr_cpu" : 8.655833,
      "sys_cpu" : 19.707083,
      "ctx" : 1852167,
      "majf" : 0,
      "minf" : 29759,
      "iodepth_level" : {
        "1" : 0.100000,
        "2" : 0.100000,
        "4" : 99.999708,
        "8" : 0.000000,
        "16" : 0.000000,
        "32" : 0.000000,
        ">=64" : 0.000000
      },
      "latency_ns" : {
        "2" : 0.000000,
        "4" : 0.000000,
        "10" : 0.000000,
        "20" : 0.000000,
        "50" : 0.000000,
        "100" : 0.000000,
        "250" : 0.000000,
        "500" : 0.000000,
        "750" : 0.000000,
        "1000" : 0.000000
      },
      "latency_us" : {
        "2" : 0.000000,
        "4" : 0.000000,
        "10" : 0.000000,
        "20" : 0.000000,
        "50" : 0.010000,
        "100" : 0.674301,
        "250" : 91.358141,
        "500" : 7.834828,
        "750" : 0.115446,
        "1000" : 0.010000
      },
      "latency_ms" : {
        "2" : 0.010672,
        "4" : 0.010000,
        "10" : 0.000000,
        "20" : 0.000000,
        "50" : 0.000000,
        "100" : 0.000000,
        "250" : 0.000000,
        "500" : 0.000000,
        "750" : 0.000000,
        "1000" : 0.000000,
        "2000" : 0.000000,
        ">=2000" : 0.000000
      },
      "latency_depth" : 4,
      "latency_target" : 0,
      "latency_percentile" : 100.000000,
      "latency_window" : 0
    }
  ],
  "disk_util" : [
    {
      "name" : "md0",
      "read_ios" : 4102936,
      "write_ios" : 0,
      "read_merges" : 0,
      "write_merges" : 0,
      "read_ticks" : 0,
      "write_ticks" : 0,
      "in_queue" : 0,
      "util" : 0.000000,
      "aggr_read_ios" : 1028398,
      "aggr_write_ios" : 0,
      "aggr_read_merges" : 0,
      "aggr_write_merge" : 0,
      "aggr_read_ticks" : 211138,
      "aggr_write_ticks" : 0,
      "aggr_in_queue" : 211063,
      "aggr_util" : 96.988833
    },
    {
      "name" : "sdd",
      "read_ios" : 1011493,
      "write_ios" : 0,
      "read_merges" : 0,
      "write_merges" : 0,
      "read_ticks" : 208648,
      "write_ticks" : 0,
      "in_queue" : 208580,
      "util" : 96.701398
    },
    {
      "name" : "sdb",
      "read_ios" : 1013932,
      "write_ios" : 0,
      "read_merges" : 0,
      "write_merges" : 0,
      "read_ticks" : 212912,
      "write_ticks" : 0,
      "in_queue" : 212812,
      "util" : 96.781162
    },
    {
      "name" : "sde",