{
  "fio version" : "fio-3.1",
  "timestamp" : 1582051380,
  "timestamp_ms" : 1582051380587,
  "time" : "Tue Feb 18 19:43:00 2020",
  "jobs" : [
    {
      "jobname" : "iotest",
      "groupid" : 0,
      "error" : 0,
      "eta" : 0,
      "elapsed" : 61,
      "job options" : {
        "rw" : "randwrite",
        "bs" : "4k",
        "ioengine" : "libaio",
        "iodepth" : "8",
        "direct" : "1",
        "invalidate" : "1",
        "refill_buffers" : "1",
        "runtime" : "60",
        "numjobs" : "4",
        "group_reporting" : "1",
        "write_bw_log" : "/fio/output/randwrite-iodepth-8-numjobs-4",
        "write_lat_log" : "/fio/output/randwrite-iodepth-8-numjobs-4",
        "write_iops_log" : "/fio/output/randwrite-iodepth-8-numjobs-4",
        "log_avg_msec" : "250",
        "filename" : "/dev/md0"
      },
      "read" : {
        "io_bytes" : 0,
        "io_kbytes" : 0,
        "bw" : 0,
        "iops" : 0.000000,
        "runtime" : 0,
        "total_ios" : 0,
        "short_ios" : 0,
        "drop_ios" : 0,
        "slat_ns" : {
          "min" : 0,
          "max" : 0,
          "mean" : 0.000000,
          "stddev" : 0.000000
        },
        "clat_ns" : {
          "min" : 0,
          "max" : 0,
          "mean" : 0.000000,
          "stddev" : 0.000000,
          "percentile" : {
            "1.000000" : 0,
            "5.000000" : 0,
            "10.000000" : 0,
            "20.000000" : 0,
            "30.000000" : 0,
            "40.000000" : 0,
            "50.000000" : 0,
            "60.000000" : 0,
            "70.000000" : 0,
            "80.000000" : 0,
            "90.000000" : 0,
            "95.000000" : 0,
            "99.000000" : 0,
            "99.500000" : 0,
            "99.900000" : 0,
            "99.950000" : 0,
            "99.990000" : 0,
            "0.00" : 0,
            "0.00" : 0,
            "0.00" : 0
          }
        },
        "lat_ns" : {
          "min" : 0,
          "max" : 0,
          "mean" : 0.000000,
          "stddev" : 0.000000
        },
        "bw_min" : 0,
        "bw_max" : 0,
        "bw_agg" : 0.000000,
        "bw_mean" : 0.000000,
        "bw_dev" : 0.000000,
        "bw_samples" : 0,
        "iops_min" : 0,
        "iops_max" : 0,
        "iops_mean" : 0.000000,
        "iops_stddev" : 0.000000,
        "iops_samples" : 0
      },
      "write" : {
        "io_bytes" : 32856301568,
        "io_kbytes" : 32086232,
        "bw" : 534743,
        "iops" : 133685.949036,
        "runtime" : 60003,
        "total_ios" : 8021558,
        "short_ios" : 0,
        "drop_ios" : 0,
        "slat_ns" : {
          "min" : 3105,
          "max" : 964183,
          "mean" : 6418.911210,
          "stddev" : 3275.155080
        },
        "clat_ns" : {
          "min" : 10822,
          "max" : 6092648,
          "mean" : 230284.940260,
          "stddev" : 199642.935151,
          "percentile" : {
            "1.000000" : 97792,
            "5.000000" : 119296,
            "10.000000" : 142336,
            "20.000000" : 171008,
            "30.000000" : 179200,
            "40.000000" : 185344,
            "50.000000" : 191488,
            "60.000000" : 197632,
            "70.000000" : 209920,
            "80.000000" : 257024,
            "90.000000" : 292864,
            "95.000000" : 354304,
            "99.000000" : 1318912,
            "99.500000" : 1761280,
            "99.900000" : 2441216,
            "99.950000" : 2670592,
            "99.990000" : 3522560,
            "0.00" : 0,
            "0.00" : 0,
            "0.00" : 0
          }
        },
        "lat_ns" : {
          "min" : 59615,
          "max" : 6098956,
          "mean" : 236941.949240,
          "stddev" : 199700.866242
        },
        "bw_min" : 102112,
        "bw_max" : 154104,
        "bw_agg" : 25.070937,
        "bw_mean" : 134065.080208,
        "bw_dev" : 19004.145229,
        "bw_samples" : 960,
        "iops_min" : 25528,
        "iops_max" : 38526,
        "iops_mean" : 33516.063542,
        "iops_stddev" : 4751.008719,
        "iops_samples" : 960
      },
      "trim" : {
        "io_bytes" : 0,
        "io_kbytes" : 0,
        "bw" : 0,
        "iops" : 0.000000,
        "runtime" : 0,
        "total_ios" : 0,
        "short_ios" : 0,
        "drop_ios" : 0,
        "slat_ns" : {
          "min" : 0,
          "max" : 0,
          "mean" : 0.000000,
          "stddev" : 0.000000
        },
        "clat_ns" : {
          "min" : 0,
          "max" : 0,
          "mean" : 0.000000,
          "stddev" : 0.000000,
          "percentile" : {
            "1.000000" : 0,
            "5.000000" : 0,
            "10.000000" : 0,
            "20.000000" : 0,
            "30.000000" : 0,
            "40.000000" : 0,
            "50.000000" : 0,
            "60.000000" : 0,
            "70.000000" : 0,
            "80.000000" : 0,
            "90.000000" : 0,
            "95.000000" : 0,
            "99.000000" : 0,
            "99.500000" : 0,
            "99.900000" : 0,
            "99.950000" : 0,
            "99.990000" : 0,
            "0.00" : 0,
            "0.00" : 0,
            "0.00" : 0
          }
        },
        "lat_ns" : {
          "min" : 0,
          "max" : 0,
          "mean" : 0.000000,
          "stddev" : 0.000000
        },
        "bw_min" : 0,
        "bw_max" : 0,
        "bw_agg" : 0.000000,
        "bw_mean" : 0.000000,
        "bw_dev" : 0.000000,
        "bw_samples" : 0,
        "iops_min" : 0,
        "iops_max" : 0,
        "iops_mean" : 0.000000,
        "iops_stddev" : 0.000000,
        "iops_samples" : 0
      },
      "usr_cpu" : 14.368807,
      "sys_cpu" : 25.338117,
      "ctx" : 2258857,
      "majf" : 0,
      "minf" : 29779,
      "iodepth_level" : {
        "1" : 0.100000,
        "2" : 0.100000,
        "4" : 0.100000,
        "8" : 99.999651,
        "16" : 0.000000,
        "32" : 0.000000,
        ">=64" : 0.000000
      },
      "latency_ns" : {
        "2" : 0.000000,
        "4" : 0.000000,
        "10" : 0.000000,
        "20" : 0.000000,
        "50" : 0.000000,
        "100" : 0.000000,
        "250" : 0.000000,
        "500" : 0.000000,
        "750" : 0.000000,
        "1000" : 0.000000
      },
      "latency_us" : {
        "2" : 0.000000,
        "4" : 0.000000,
        "10" : 0.000000,
        "20" : 0.010000,
        "50" : 0.010000,
        "100" : 1.189918,
        "250" : 77.002597,
        "500" : 19.124888,
        "750" : 0.782068,
        "1000" : 0.424332
      },
      "latency_ms" : {
        "2" : 1.168489,
        "4" : 0.301612,
        "10" : 0.010000,
        "20" : 0.000000,
        "50" : 0.000000,
        "100" : 0.000000,
        "250" : 0.000000,
        "500" : 0.000000,
        "750" : 0.000000,
        "1000" : 0.000000,
        "2000" : 0.000000,
        ">=2000" : 0.000000
      },
      "latency_depth" : 8,
      "latency_target" : 0,
      "latency_percentile" : 100.000000,
      "latency_window" : 0
    }
  ],
  "disk_util" : [
    {
      "name" : "md0",
      "read_ios" : 308,
      "write_ios" : 8004800,
      "read_merges" : 0,
      "write_merges" : 0,
      "read_ticks" : 0,
      "write_ticks" : 0,
      "in_queue" : 0,
      "util" : 0.000000,
      "aggr_read_ios" : 151,
      "aggr_write_ios" : 2005389,
      "aggr_read_merges" : 5,
      "aggr_write_merge" : 0,
      "aggr_read_ticks" : 51,
      "aggr_write_ticks" : 418487,
      "aggr_in_queue" : 418237,
      "aggr_util" : 99.637910
    },
    {
      "name" : "sdd",
      "read_ios" : 64,
      "write_ios" : 1969594,
      "read_merges" : 0,
      "write_merges" : 0,
      "read_ticks" : 32,
      "write_ticks" : 325940,
      "in_queue" : 325600,
      "util" : 95.106800
    },
    {
      "name" : "sdb",
      "read_ios" : 94,
      "write_ios" : 1983708,
      "read_merges" : 0,
      "write_merges" : 0,
      "read_ticks" : 52,
      "write_ticks" : 407136,
      "in_queue" : 406948,