{
  "fio version" : "fio-3.1",
  "timestamp" : 1582049074,
  "timestamp_ms" : 1582049074899,
  "time" : "Tue Feb 18 19:04:34 2020",
  "jobs" : [
    {
      "jobname" : "iotest",
      "groupid" : 0,
      "error" : 0,
      "eta" : 0,
      "elapsed" : 61,
      "job options" : {
        "rw" : "randread",
        "bs" : "4k",
        "ioengine" : "libaio",
        "iodepth" : "16",
        "direct" : "1",
        "invalidate" : "1",
        "refill_buffers" : "1",
        "runtime" : "60",
        "numjobs" : "64",
        "group_reporting" : "1",
        "write_bw_log" : "/fio/output/randread-iodepth-16-numjobs-64",
        "write_lat_log" : "/fio/output/randread-iodepth-16-numjobs-64",
        "write_iops_log" : "/fio/output/randread-iodepth-16-numjobs-64",
        "log_avg_msec" : "250",
        "filename" : "/dev/md0"
      },
      "read" : {
        "io_bytes" : 37649637376,
        "io_kbytes" : 36767224,
        "bw" : 612654,
        "iops" : 153163.581224,
        "runtime" : 60013,
        "total_ios" : 9191806,
        "short_ios" : 0,
        "drop_ios" : 0,
        "slat_ns" : {
          "min" : 3189,
          "max" : 34085118,
          "mean" : 201251.743336,
          "stddev" : 1451834.854529
        },
        "clat_ns" : {
          "min" : 97031,
          "max" : 54259954,
          "mean" : 6477294.882737,
          "stddev" : 4751940.224303,
          "percentile" : {
            "1.000000" : 2056192,
            "5.000000" : 2801664,
            "10.000000" : 3260416,
            "20.000000" : 3588096,
            "30.000000" : 3784704,
            "40.000000" : 3948544,
            "50.000000" : 4177920,
            "60.000000" : 4554752,
            "70.000000" : 5931008,
            "80.000000" : 9633792,
            "90.000000" : 14090240,
            "95.000000" : 17170432,
            "99.000000" : 22151168,
            "99.500000" : 23724032,
            "99.900000" : 27131904,
            "99.950000" : 28442624,
            "99.990000" : 32374784,
            "0.00" : 0,
            "0.00" : 0,
            "0.00" : 0
          }
        },
        "lat_ns" : {
          "min" : 101372,
          "max" : 54264442,
          "mean" : 6678807.879593,
          "stddev" : 4867075.148915
        },
        "bw_min" : 5868,
        "bw_max" : 31550,
        "bw_agg" : 1.583112,
        "bw_mean" : 9698.996547,
        "bw_dev" : 992.522491,
        "bw_samples" : 15347,
        "iops_min" : 1467,
        "iops_max" : 7887,
        "iops_mean" : 2424.450251,
        "iops_stddev" : 248.121968,
        "iops_samples" : 15347
      },
      "write" : {
        "io_bytes" : 0,
        "io_kbytes" : 0,
        "bw" : 0,
        "iops" : 0.000000,
        "runtime" : 0,
        "total_ios" : 0,
        "short_ios" : 0,
        "drop_ios" : 0,
        "slat_ns" : {
          "min" : 0,
          "max" : 0,
          "mean" : 0.000000,
          "stddev" : 0.000000
        },
        "clat_ns" : {
          "min" : 0,
          "max" : 0,
          "mean" : 0.000000,
          "stddev" : 0.000000,
          "percentile" : {
            "1.000000" : 0,
            "5.000000" : 0,
            "10.000000" : 0,
            "20.000000" : 0,
            "30.000000" : 0,
            "40.000000" : 0,
            "50.000000" : 0,
            "60.000000" : 0,
            "70.000000" : 0,
            "80.000000" : 0,
            "90.000000" : 0,
            "95.000000" : 0,
            "99.000000" : 0,
            "99.500000" : 0,
            "99.900000" : 0,
            "99.950000" : 0,
            "99.990000" : 0,
            "0.00" : 0,
            "0.00" : 0,
            "0.00" : 0
          }
        },
        "lat_ns" : {
          "min" : 0,
          "max" : 0,
          "mean" : 0.000000,
          "stddev" : 0.000000
        },
        "bw_min" : 0,
        "bw_max" : 0,
        "bw_agg" : 0.000000,
        "bw_mean" : 0.000000,
        "bw_dev" : 0.000000,
        "bw_samples" : 0,
        "iops_min" : 0,
        "iops_max" : 0,
        "iops_mean" : 0.000000,
        "iops_stddev" : 0.000000,
        "iops_samples" : 0
      },
      "trim" : {
        "io_bytes" : 0,
        "io_kbytes" : 0,
        "bw" : 0,
        "iops" : 0.000000,
        "runtime" : 0,
        "total_ios" : 0,
        "short_ios" : 0,
        "drop_ios" : 0,
        "slat_ns" : {
          "min" : 0,
          "max" : 0,
          "mean" : 0.000000,
          "stddev" : 0.000000
        },
        "clat_ns" : {
          "min" : 0,
          "max" : 0,
          "mean" : 0.000000,
          "stddev" : 0.000000,
          "percentile" : {
            "1.000000" : 0,
            "5.000000" : 0,
            "10.000000" : 0,
            "20.000000" : 0,
            "30.000000" : 0,
            "40.000000" : 0,
            "50.000000" : 0,
            "60.000000" : 0,
            "70.000000" : 0,
            "80.000000" : 0,
            "90.000000" : 0,
            "95.000000" : 0,
            "99.000000" : 0,
            "99.500000" : 0,
            "99.900000" : 0,
            "99.950000" : 0,
            "99.990000" : 0,
            "0.00" : 0,
            "0.00" : 0,
            "0.00" : 0
          }
        },
        "lat_ns" : {
          "min" : 0,
          "max" : 0,
          "mean" : 0.000000,
          "stddev" : 0.000000
        },
        "bw_min" : 0,
        "bw_max" : 0,
        "bw_agg" : 0.000000,
        "bw_mean" : 0.000000,
        "bw_dev" : 0.000000,
        "bw_samples" : 0,
        "iops_min" : 0,
        "iops_max" : 0,
        "iops_mean" : 0.000000,
        "iops_stddev" : 0.000000,
        "iops_samples" : 0
      },
      "usr_cpu" : 0.805077,
      "sys_cpu" : 2.583402,
      "ctx" : 2766048,
      "majf" : 0,
      "minf" : 371697,
      "iodepth_level" : {
        "1" : 0.100000,
        "2" : 0.100000,
        "4" : 0.100000,
        "8" : 0.100000,
        "16" : 99.989556,
        "32" : 0.000000,
        ">=64" : 0.000000
      },
      "latency_ns" : {
        "2" : 0.000000,
        "4" : 0.000000,
        "10" : 0.000000,
        "20" : 0.000000,
        "50" : 0.000000,
        "100" : 0.000000,
        "250" : 0.000000,
        "500" : 0.000000,
        "750" : 0.000000,
        "1000" : 0.000000
      },
      "latency_us" : {
        "2" : 0.000000,
        "4" : 0.000000,
        "10" : 0.000000,
        "20" : 0.000000,
        "50" : 0.000000,
        "100" : 0.010000,
        "250" : 0.015481,
        "500" : 0.043702,
        "750" : 0.013425,
        "1000" : 0.010000
      },
      "latency_ms" : {
        "2" : 0.730792,
        "4" : 41.237054,
        "10" : 38.753853,
        "20" : 16.999282,
        "50" : 2.199687,
        "100" : 0.010000,
        "250" : 0.000000,
        "500" : 0.000000,
        "750" : 0.000000,
        "1000" : 0.000000,
        "2000" : 0.000000,
        ">=2000" : 0.000000
      },
      "latency_depth" : 16,
      "latency_target" : 0,
      "latency_percentile" : 100.000000,
      "latency_window" : 0
    }
  ],
  "disk_util" : [
    {
      "name" : "md0",
      "read_ios" : 9183953,
      "write_ios" : 0,
      "read_merges" : 0,
      "write_merges" : 0,
      "read_ticks" : 0,
      "write_ticks" : 0,
      "in_queue" : 0,
      "util" : 0.000000,
      "aggr_read_ios" : 2297951,
      "aggr_write_ios" : 0,
      "aggr_read_merges" : 0,
      "aggr_write_merge" : 0,
      "aggr_read_ticks" : 8793751,
      "aggr_write_ticks" : 0,
      "aggr_in_queue" : 8806392,
      "aggr_util" : 99.716545
    },
    {
      "name" : "sdd",
      "read_ios" : 2258339,
      "write_ios" : 0,
      "read_merges" : 0,
      "write_merges" : 0,
      "read_ticks" : 8634968,
      "write_ticks" : 0,
      "in_queue" : 8645908,
      "util" : 99.690023
    },
    {
      "name" : "sdb",
      "read_ios" : 2261052,
      "write_ios" : 0,
      "read_merges" : 0,
      "write_merges" : 0,
      "read_ticks" : 8687244,
      "write_ticks" : 0,
      "in_queue" : 8697684,