{
  "fio version" : "fio-3.1",
  "timestamp" : 1582051016,
  "timestamp_ms" : 1582051016407,
  "time" : "Tue Feb 18 19:36:56 2020",
  "jobs" : [
    {
      "jobname" : "iotest",
      "groupid" : 0,
      "error" : 0,
      "eta" : 0,
      "elapsed" : 61,
      "job options" : {
        "rw" : "randwrite",
        "bs" : "4k",
        "ioengine" : "libaio",
        "iodepth" : "4",
        "direct" : "1",
        "invalidate" : "1",
        "refill_buffers" : "1",
        "runtime" : "60",
        "numjobs" : "8",
        "group_reporting" : "1",
        "write_bw_log" : "/fio/output/randwrite-iodepth-4-numjobs-8",
        "write_lat_log" : "/fio/output/randwrite-iodepth-4-numjobs-8",
        "write_iops_log" : "/fio/output/randwrite-iodepth-4-numjobs-8",
        "log_avg_msec" : "250",
        "filename" : "/dev/md0"
      },
      "read" : {
        "io_bytes" : 0,
        "io_kbytes" : 0,
        "bw" : 0,
        "iops" : 0.000000,
        "runtime" : 0,
        "total_ios" : 0,
        "short_ios" : 0,
        "drop_ios" : 0,
        "slat_ns" : {
          "min" : 0,
          "max" : 0,
          "mean" : 0.000000,
          "stddev" : 0.000000
        },
        "clat_ns" : {
          "min" : 0,
          "max" : 0,
          "mean" : 0.000000,
          "stddev" : 0.000000,
          "percentile" : {
            "1.000000" : 0,
            "5.000000" : 0,
            "10.000000" : 0,
            "20.000000" : 0,
            "30.000000" : 0,
            "40.000000" : 0,
            "50.000000" : 0,
            "60.000000" : 0,
            "70.000000" : 0,
            "80.000000" : 0,
            "90.000000" : 0,
            "95.000000" : 0,
            "99.000000" : 0,
            "99.500000" : 0,
            "99.900000" : 0,
            "99.950000" : 0,
            "99.990000" : 0,
            "0.00" : 0,
            "0.00" : 0,
            "0.00" : 0
          }
        },
        "lat_ns" : {
          "min" : 0,
          "max" : 0,
          "mean" : 0.000000,
          "stddev" : 0.000000
        },
        "bw_min" : 0,
        "bw_max" : 0,
        "bw_agg" : 0.000000,
        "bw_mean" : 0.000000,
        "bw_dev" : 0.000000,
        "bw_samples" : 0,
        "iops_min" : 0,
        "iops_max" : 0,
        "iops_mean" : 0.000000,
        "iops_stddev" : 0.000000,
        "iops_samples" : 0
      },
      "write" : {
        "io_bytes" : 34183204864,
        "io_kbytes" : 33382036,
        "bw" : 556357,
        "iops" : 139089.498508,
        "runtime" : 60001,
        "total_ios" : 8345509,
        "short_ios" : 0,
        "drop_ios" : 0,
        "slat_ns" : {
          "min" : 3257,
          "max" : 1666281,
          "mean" : 9478.916271,
          "stddev" : 4584.996479
        },
        "clat_ns" : {
          "min" : 1811,
          "max" : 5649176,
          "mean" : 217133.883241,
          "stddev" : 153768.373958,
          "percentile" : {
            "1.000000" : 92672,
            "5.000000" : 114176,
            "10.000000" : 144384,
            "20.000000" : 171008,
            "30.000000" : 177152,
            "40.000000" : 181248,
            "50.000000" : 187392,
            "60.000000" : 193536,
            "70.000000" : 205824,
            "80.000000" : 257024,
            "90.000000" : 288768,
            "95.000000" : 317440,
            "99.000000" : 847872,
            "99.500000" : 1433600,
            "99.900000" : 2146304,
            "99.950000" : 2342912,
            "99.990000" : 2736128,
            "0.00" : 0,
            "0.00" : 0,
            "0.00" : 0
          }
        },
        "lat_ns" : {
          "min" : 60199,
          "max" : 5662106,
          "mean" : 226920.115170,
          "stddev" : 153867.070592
        },
        "bw_min" : 52979,
        "bw_max" : 77870,
        "bw_agg" : 12.544645,
        "bw_mean" : 69793.012526,
        "bw_dev" : 7586.904614,
        "bw_samples" : 1916,
        "iops_min" : 13244,
        "iops_max" : 19467,
        "iops_mean" : 17448.030793,
        "iops_stddev" : 1896.719268,
        "iops_samples" : 1916
      },
      "trim" : {
        "io_bytes" : 0,
        "io_kbytes" : 0,
        "bw" : 0,
        "iops" : 0.000000,
        "runtime" : 0,
        "total_ios" : 0,
        "short_ios" : 0,
        "drop_ios" : 0,
        "slat_ns" : {
          "min" : 0,
          "max" : 0,
          "mean" : 0.000000,
          "stddev" : 0.000000
        },
        "clat_ns" : {
          "min" : 0,
          "max" : 0,
          "mean" : 0.000000,
          "stddev" : 0.000000,
          "percentile" : {
            "1.000000" : 0,
            "5.000000" : 0,
            "10.000000" : 0,
            "20.000000" : 0,
            "30.000000" : 0,
            "40.000000" : 0,
            "50.000000" : 0,
            "60.000000" : 0,
            "70.000000" : 0,
            "80.000000" : 0,
            "90.000000" : 0,
            "95.000000" : 0,
            "99.000000" : 0,
            "99.500000" : 0,
            "99.900000" : 0,
            "99.950000" : 0,
            "99.990000" : 0,
            "0.00" : 0,
            "0.00" : 0,
            "0.00" : 0
          }
        },
        "lat_ns" : {
          "min" : 0,
          "max" : 0,
          "mean" : 0.000000,
          "stddev" : 0.000000
        },
        "bw_min" : 0,
        "bw_max" : 0,
        "bw_agg" : 0.000000,
        "bw_mean" : 0.000000,
        "bw_dev" : 0.000000,
        "bw_samples" : 0,
        "iops_min" : 0,
        "iops_max" : 0,
        "iops_mean" : 0.000000,
        "iops_stddev" : 0.000000,
        "iops_samples" : 0
      },
      "usr_cpu" : 10.407500,
      "sys_cpu" : 21.447292,
      "ctx" : 4236015,
      "majf" : 0,
      "minf" : 62507,
      "iodepth_level" : {
        "1" : 0.100000,
        "2" : 0.100000,
        "4" : 99.999712,
        "8" : 0.000000,
        "16" : 0.000000,
        "32" : 0.000000,
        ">=64" : 0.000000
      },
      "latency_ns" : {
        "2" : 0.000000,
        "4" : 0.000000,
        "10" : 0.000000,
        "20" : 0.000000,
        "50" : 0.000000,
        "100" : 0.000000,
        "250" : 0.000000,
        "500" : 0.000000,
        "750" : 0.000000,
        "1000" : 0.000000
      },
      "latency_us" : {
        "2" : 0.010000,
        "4" : 0.000000,
        "10" : 0.010000,
        "20" : 0.010000,
        "50" : 0.010000,
        "100" : 1.906930,
        "250" : 76.022050,
        "500" : 20.486839,
        "750" : 0.487556,
        "1000" : 0.238871
      },
      "latency_ms" : {
        "2" : 0.696327,
        "4" : 0.157558,
        "10" : 0.010000,
        "20" : 0.000000,
        "50" : 0.000000,
        "100" : 0.000000,
        "250" : 0.000000,
        "500" : 0.000000,
        "750" : 0.000000,
        "1000" : 0.000000,
        "2000" : 0.000000,
        ">=2000" : 0.000000
      },
      "latency_depth" : 4,
      "latency_target" : 0,
      "latency_percentile" : 100.000000,
      "latency_window" : 0
    }
  ],
  "disk_util" : [
    {
      "name" : "md0",
      "read_ios" : 154,
      "write_ios" : 8321663,
      "read_merges" : 0,
      "write_merges" : 0,
      "read_ticks" : 0,
      "write_ticks" : 0,
      "in_queue" : 0,
      "util" : 0.000000,
      "aggr_read_ios" : 113,
      "aggr_write_ios" : 2086377,
      "aggr_read_merges" : 3,
      "aggr_write_merge" : 0,
      "aggr_read_ticks" : 58,
      "aggr_write_ticks" : 423602,
      "aggr_in_queue" : 423261,
      "aggr_util" : 99.495184
    },
    {
      "name" : "sdd",
      "read_ios" : 48,
      "write_ios" : 2051473,
      "read_merges" : 0,
      "write_merges" : 0,
      "read_ticks" : 32,
      "write_ticks" : 350980,
      "in_queue" : 350616,
      "util" : 96.971307
    },
    {
      "name" : "sdb",
      "read_ios" : 69,
      "write_ios" : 2059012,
      "read_merges" : 0,
      "write_merges" : 0,
      "read_ticks" : 32,
      "write_ticks" : 455056,
      "in_queue" : 454736,