{
  "fio version" : "fio-3.1",
  "timestamp" : 1582051623,
  "timestamp_ms" : 1582051623540,
  "time" : "Tue Feb 18 19:47:03 2020",
  "jobs" : [
    {
      "jobname" : "iotest",
      "groupid" : 0,
      "error" : 0,
      "eta" : 0,
      "elapsed" : 61,
      "job options" : {
        "rw" : "randwrite",
        "bs" : "4k",
        "ioengine" : "libaio",
        "iodepth" : "8",
        "direct" : "1",
        "invalidate" : "1",
        "refill_buffers" : "1",
        "runtime" : "60",
        "numjobs" : "64",
        "group_reporting" : "1",
        "write_bw_log" : "/fio/output/randwrite-iodepth-8-numjobs-64",
        "write_lat_log" : "/fio/output/randwrite-iodepth-8-numjobs-64",
        "write_iops_log" : "/fio/output/randwrite-iodepth-8-numjobs-64",
        "log_avg_msec" : "250",
        "filename" : "/dev/md0"
      },
      "read" : {
        "io_bytes" : 0,
        "io_kbytes" : 0,
        "bw" : 0,
        "iops" : 0.000000,
        "runtime" : 0,
        "total_ios" : 0,
        "short_ios" : 0,
        "drop_ios" : 0,
        "slat_ns" : {
          "min" : 0,
          "max" : 0,
          "mean" : 0.000000,
          "stddev" : 0.000000
        },
        "clat_ns" : {
          "min" : 0,
          "max" : 0,
          "mean" : 0.000000,
          "stddev" : 0.000000,
          "percentile" : {
            "1.000000" : 0,
            "5.000000" : 0,
            "10.000000" : 0,
            "20.000000" : 0,
            "30.000000" : 0,
            "40.000000" : 0,
            "50.000000" : 0,
            "60.000000" : 0,
            "70.000000" : 0,
            "80.000000" : 0,
            "90.000000" : 0,
            "95.000000" : 0,
            "99.000000" : 0,
            "99.500000" : 0,
            "99.900000" : 0,
            "99.950000" : 0,
            "99.990000" : 0,
            "0.00" : 0,
            "0.00" : 0,
            "0.00" : 0
          }
        },
        "lat_ns" : {
          "min" : 0,
          "max" : 0,
          "mean" : 0.000000,
          "stddev" : 0.000000
        },
        "bw_min" : 0,
        "bw_max" : 0,
        "bw_agg" : 0.000000,
        "bw_mean" : 0.000000,
        "bw_dev" : 0.000000,
        "bw_samples" : 0,
        "iops_min" : 0,
        "iops_max" : 0,
        "iops_mean" : 0.000000,
        "iops_stddev" : 0.000000,
        "iops_samples" : 0
      },
      "write" : {
        "io_bytes" : 40589447168,
        "io_kbytes" : 39638132,
        "bw" : 660514,
        "iops" : 165128.609755,
        "runtime" : 60011,
        "total_ios" : 9909533,
        "short_ios" : 0,
        "drop_ios" : 0,
        "slat_ns" : {
          "min" : 2957,
          "max" : 16376531,
          "mean" : 193826.349578,
          "stddev" : 1295920.240150
        },
        "clat_ns" : {
          "min" : 1571,
          "max" : 19809135,
          "mean" : 2901009.301989,
          "stddev" : 3308890.528801,
          "percentile" : {
            "1.000000" : 140288,
            "5.000000" : 175104,
            "10.000000" : 216064,
            "20.000000" : 292864,
            "30.000000" : 419840,
            "40.000000" : 749568,
            "50.000000" : 2899968,
            "60.000000" : 3063808,
            "70.000000" : 3194880,
            "80.000000" : 3325952,
            "90.000000" : 9633792,
            "95.000000" : 10944512,
            "99.000000" : 12648448,
            "99.500000" : 13041664,
            "99.900000" : 13697024,
            "99.950000" : 13959168,
            "99.990000" : 14483456,
            "0.00" : 0,
            "0.00" : 0,
            "0.00" : 0
          }
        },
        "lat_ns" : {
          "min" : 72853,
          "max" : 25603841,
          "mean" : 3095101.382811,
          "stddev" : 3588909.253424
        },
        "bw_min" : 7405,
        "bw_max" : 23560,
        "bw_agg" : 1.583695,
        "bw_mean" : 10460.524502,
        "bw_dev" : 553.254220,
        "bw_samples" : 15325,
        "iops_min" : 1851,
        "iops_max" : 5890,
        "iops_mean" : 2614.813703,
        "iops_stddev" : 138.311593,
        "iops_samples" : 15325
      },
      "trim" : {
        "io_bytes" : 0,
        "io_kbytes" : 0,
        "bw" : 0,
        "iops" : 0.000000,
        "runtime" : 0,
        "total_ios" : 0,
        "short_ios" : 0,
        "drop_ios" : 0,
        "slat_ns" : {
          "min" : 0,
          "max" : 0,
          "mean" : 0.000000,
          "stddev" : 0.000000
        },
        "clat_ns" : {
          "min" : 0,
          "max" : 0,
          "mean" : 0.000000,
          "stddev" : 0.000000,
          "percentile" : {
            "1.000000" : 0,
            "5.000000" : 0,
            "10.000000" : 0,
            "20.000000" : 0,
            "30.000000" : 0,
            "40.000000" : 0,
            "50.000000" : 0,
            "60.000000" : 0,
            "70.000000" : 0,
            "80.000000" : 0,
            "90.000000" : 0,
            "95.000000" : 0,
            "99.000000" : 0,
            "99.500000" : 0,
            "99.900000" : 0,
            "99.950000" : 0,
            "99.990000" : 0,
            "0.00" : 0,
            "0.00" : 0,
            "0.00" : 0
          }
        },
        "lat_ns" : {
          "min" : 0,
          "max" : 0,
          "mean" : 0.000000,
          "stddev" : 0.000000
        },
        "bw_min" : 0,
        "bw_max" : 0,
        "bw_agg" : 0.000000,
        "bw_mean" : 0.000000,
        "bw_dev" : 0.000000,
        "bw_samples" : 0,
        "iops_min" : 0,
        "iops_max" : 0,
        "iops_mean" : 0.000000,
        "iops_stddev" : 0.000000,
        "iops_samples" : 0
      },
      "usr_cpu" : 1.358744,
      "sys_cpu" : 3.112236,
      "ctx" : 6092259,
      "majf" : 0,
      "minf" : 489753,
      "iodepth_level" : {
        "1" : 0.100000,
        "2" : 0.100000,
        "4" : 0.100000,
        "8" : 99.995479,
        "16" : 0.000000,
        "32" : 0.000000,
        ">=64" : 0.000000
      },
      "latency_ns" : {
        "2" : 0.000000,
        "4" : 0.000000,
        "10" : 0.000000,
        "20" : 0.000000,
        "50" : 0.000000,
        "100" : 0.000000,
        "250" : 0.000000,
        "500" : 0.000000,
        "750" : 0.000000,
        "1000" : 0.000000
      },
      "latency_us" : {
        "2" : 0.010000,
        "4" : 0.000000,
        "10" : 0.000000,
        "20" : 0.010000,
        "50" : 0.010000,
        "100" : 0.278076,
        "250" : 14.445302,
        "500" : 19.152265,
        "750" : 6.095010,
        "1000" : 2.400628
      },
      "latency_ms" : {
        "2" : 3.639152,
        "4" : 39.349644,
        "10" : 6.060255,
        "20" : 8.579516,
        "50" : 0.000000,
        "100" : 0.000000,
        "250" : 0.000000,
        "500" : 0.000000,
        "750" : 0.000000,
        "1000" : 0.000000,
        "2000" : 0.000000,
        ">=2000" : 0.000000
      },
      "latency_depth" : 8,
      "latency_target" : 0,
      "latency_percentile" : 100.000000,
      "latency_window" : 0
    }
  ],
  "disk_util" : [
    {
      "name" : "md0",
      "read_ios" : 316,
      "write_ios" : 9901576,
      "read_merges" : 0,
      "write_merges" : 0,
      "read_ticks" : 0,
      "write_ticks" : 0,
      "in_queue" : 0,
      "util" : 0.000000,
      "aggr_read_ios" : 189,
      "aggr_write_ios" : 2477383,
      "aggr_read_merges" : 6,
      "aggr_write_merge" : 0,
      "aggr_read_ticks" : 70,
      "aggr_write_ticks" : 4334804,
      "aggr_in_queue" : 4344481,
      "aggr_util" : 99.897109
    },
    {
      "name" : "sdd",
      "read_ios" : 80,
      "write_ios" : 2434330,
      "read_merges" : 0,
      "write_merges" : 0,
      "read_ticks" : 16,
      "write_ticks" : 2909144,
      "in_queue" : 2914160,
      "util" : 99.673067
    },
    {
      "name" : "sdb",
      "read_ios" : 117,
      "write_ios" : 2437824,
      "read_merges" : 0,
      "write_merges" : 0,
      "read_ticks" : 24,
      "write_ticks" : 3665376,
      "in_queue" : 3671768,