{
  "fio version" : "fio-3.1",
  "timestamp" : 1582047012,
  "timestamp_ms" : 1582047012030,
  "time" : "Tue Feb 18 18:30:12 2020",
  "jobs" : [
    {
      "jobname" : "iotest",
      "groupid" : 0,
      "error" : 0,
      "eta" : 0,
      "elapsed" : 61,
      "job options" : {
        "rw" : "randread",
        "bs" : "4k",
        "ioengine" : "libaio",
        "iodepth" : "1",
        "direct" : "1",
        "invalidate" : "1",
        "refill_buffers" : "1",
        "runtime" : "60",
        "numjobs" : "1",
        "group_reporting" : "1",
        "write_bw_log" : "/fio/output/randread-iodepth-1-numjobs-1",
        "write_lat_log" : "/fio/output/randread-iodepth-1-numjobs-1",
        "write_iops_log" : "/fio/output/randread-iodepth-1-numjobs-1",
        "log_avg_msec" : "250",
        "filename" : "/dev/md0"
      },
      "read" : {
        "io_bytes" : 1852841984,
        "io_kbytes" : 1809416,
        "bw" : 30156,
        "iops" : 7539.107682,
        "runtime" : 60001,
        "total_ios" : 452354,
        "short_ios" : 0,
        "drop_ios" : 0,
        "slat_ns" : {
          "min" : 4053,
          "max" : 471648,
          "mean" : 12405.258293,
          "stddev" : 6463.190422
        },
        "clat_ns" : {
          "min" : 2072,
          "max" : 2273172,
          "mean" : 116413.809808,
          "stddev" : 29038.457066,
          "percentile" : {
            "1.000000" : 48896,
            "5.000000" : 88576,
            "10.000000" : 91648,
            "20.000000" : 98816,
            "30.000000" : 108032,
            "40.000000" : 110080,
            "50.000000" : 113152,
            "60.000000" : 115200,
            "70.000000" : 125440,
            "80.000000" : 130560,
            "90.000000" : 150528,
            "95.000000" : 160768,
            "99.000000" : 162816,
            "99.500000" : 164864,
            "99.900000" : 436224,
            "99.950000" : 481280,
            "99.990000" : 798720,
            "0.00" : 0,
            "0.00" : 0,
            "0.00" : 0
          }
        },
        "lat_ns" : {
          "min" : 45113,
          "max" : 2285473,
          "mean" : 129302.026097,
          "stddev" : 29888.898884
        },
        "bw_min" : 27440,
        "bw_max" : 33156,
        "bw_agg" : 100.000000,
        "bw_mean" : 30182.195833,
        "bw_dev" : 1070.713663,
        "bw_samples" : 240,
        "iops_min" : 6860,
        "iops_max" : 8289,
        "iops_mean" : 7545.462500,
        "iops_stddev" : 267.619114,
        "iops_samples" : 240
      },
      "write" : {
        "io_bytes" : 0,
        "io_kbytes" : 0,
        "bw" : 0,
        "iops" : 0.000000,
        "runtime" : 0,
        "total_ios" : 0,
        "short_ios" : 0,
        "drop_ios" : 0,
        "slat_ns" : {
          "min" : 0,
          "max" : 0,
          "mean" : 0.000000,
          "stddev" : 0.000000
        },
        "clat_ns" : {
          "min" : 0,
          "max" : 0,
          "mean" : 0.000000,
          "stddev" : 0.000000,
          "percentile" : {
            "1.000000" : 0,
            "5.000000" : 0,
            "10.000000" : 0,
            "20.000000" : 0,
            "30.000000" : 0,
            "40.000000" : 0,
            "50.000000" : 0,
            "60.000000" : 0,
            "70.000000" : 0,
            "80.000000" : 0,
            "90.000000" : 0,
            "95.000000" : 0,
            "99.000000" : 0,
            "99.500000" : 0,
            "99.900000" : 0,
            "99.950000" : 0,
            "99.990000" : 0,
            "0.00" : 0,
            "0.00" : 0,
            "0.00" : 0
          }
        },
        "lat_ns" : {
          "min" : 0,
          "max" : 0,
          "mean" : 0.000000,
          "stddev" : 0.000000
        },
        "bw_min" : 0,
        "bw_max" : 0,
        "bw_agg" : 0.000000,
        "bw_mean" : 0.000000,
        "bw_dev" : 0.000000,
        "bw_samples" : 0,
        "iops_min" : 0,
        "iops_max" : 0,
        "iops_mean" : 0.000000,
        "iops_stddev" : 0.000000,
        "iops_samples" : 0
      },
      "trim" : {
        "io_bytes" : 0,
        "io_kbytes" : 0,
        "bw" : 0,
        "iops" : 0.000000,
        "runtime" : 0,
        "total_ios" : 0,
        "short_ios" : 0,
        "drop_ios" : 0,
        "slat_ns" : {
          "min" : 0,
          "max" : 0,
          "mean" : 0.000000,
          "stddev" : 0.000000
        },
        "clat_ns" : {
          "min" : 0,
          "max" : 0,
          "mean" : 0.000000,
          "stddev" : 0.000000,
          "percentile" : {
            "1.000000" : 0,
            "5.000000" : 0,
            "10.000000" : 0,
            "20.000000" : 0,
            "30.000000" : 0,
            "40.000000" : 0,
            "50.000000" : 0,
            "60.000000" : 0,
            "70.000000" : 0,
            "80.000000" : 0,
            "90.000000" : 0,
            "95.000000" : 0,
            "99.000000" : 0,
            "99.500000" : 0,
            "99.900000" : 0,
            "99.950000" : 0,
            "99.990000" : 0,
            "0.00" : 0,
            "0.00" : 0,
            "0.00" : 0
          }
        },
        "lat_ns" : {
          "min" : 0,
          "max" : 0,
          "mean" : 0.000000,
          "stddev" : 0.000000
        },
        "bw_min" : 0,
        "bw_max" : 0,
        "bw_agg" : 0.000000,
        "bw_mean" : 0.000000,
        "bw_dev" : 0.000000,
        "bw_samples" : 0,
        "iops_min" : 0,
        "iops_max" : 0,
        "iops_mean" : 0.000000,
        "iops_stddev" : 0.000000,
        "iops_samples" : 0
      },
      "usr_cpu" : 6.050000,
      "sys_cpu" : 13.503333,
      "ctx" : 452362,
      "majf" : 0,
      "minf" : 29,
      "iodepth_level" : {
        "1" : 100.000000,
        "2" : 0.000000,
        "4" : 0.000000,
        "8" : 0.000000,
        "16" : 0.000000,
        "32" : 0.000000,
        ">=64" : 0.000000
      },
      "latency_ns" : {
        "2" : 0.000000,
        "4" : 0.000000,
        "10" : 0.000000,
        "20" : 0.000000,
        "50" : 0.000000,
        "100" : 0.000000,
        "250" : 0.000000,
        "500" : 0.000000,
        "750" : 0.000000,
        "1000" : 0.000000
      },
      "latency_us" : {
        "2" : 0.000000,
        "4" : 0.010000,
        "10" : 0.000000,
        "20" : 0.010000,
        "50" : 1.610243,
        "100" : 19.843751,
        "250" : 78.357216,
        "500" : 0.150546,
        "750" : 0.024980,
        "1000" : 0.010000
      },
      "latency_ms" : {
        "2" : 0.010000,
        "4" : 0.010000,
        "10" : 0.000000,
        "20" : 0.000000,
        "50" : 0.000000,
        "100" : 0.000000,
        "250" : 0.000000,
        "500" : 0.000000,
        "750" : 0.000000,
        "1000" : 0.000000,
        "2000" : 0.000000,
        ">=2000" : 0.000000
      },
      "latency_depth" : 1,
      "latency_target" : 0,
      "latency_percentile" : 100.000000,
      "latency_window" : 0
    }
  ],
  "disk_util" : [
    {
      "name" : "md0",
      "read_ios" : 451150,
      "write_ios" : 0,
      "read_merges" : 0,
      "write_merges" : 0,
      "read_ticks" : 0,
      "write_ticks" : 0,
      "in_queue" : 0,
      "util" : 0.000000,
      "aggr_read_ios" : 113088,
      "aggr_write_ios" : 0,
      "aggr_read_merges" : 0,
      "aggr_write_merge" : 0,
      "aggr_read_ticks" : 12625,
      "aggr_write_ticks" : 0,
      "aggr_in_queue" : 12572,
      "aggr_util" : 23.857573
    },
    {
      "name" : "sdd",
      "read_ios" : 110996,
      "write_ios" : 0,
      "read_merges" : 0,
      "write_merges" : 0,
      "read_ticks" : 12248,
      "write_ticks" : 0,
      "in_queue" : 12216,
      "util" : 20.306864
    },
    {
      "name" : "sdb",
      "read_ios" : 111437,
      "write_ios" : 0,
      "read_merges" : 0,
      "write_merges" : 0,
      "read_ticks" : 12948,
      "write_ticks" : 0,
      "in_queue" : 12884,
      "util" : 21.417291
    },
    {
      "name" : "sde",
      "read_ios" : 111155,