{
  "fio version" : "fio-3.1",
  "timestamp" : 1582052473,
  "timestamp_ms" : 1582052473359,
  "time" : "Tue Feb 18 20:01:13 2020",
  "jobs" : [
    {
      "jobname" : "iotest",
      "groupid" : 0,
      "error" : 0,
      "eta" : 0,
      "elapsed" : 61,
      "job options" : {
        "rw" : "randwrite",
        "bs" : "4k",
        "ioengine" : "libaio",
        "iodepth" : "32",
        "direct" : "1",
        "invalidate" : "1",
        "refill_buffers" : "1",
        "runtime" : "60",
        "numjobs" : "64",
        "group_reporting" : "1",
        "write_bw_log" : "/fio/output/randwrite-iodepth-32-numjobs-64",
        "write_lat_log" : "/fio/output/randwrite-iodepth-32-numjobs-64",
        "write_iops_log" : "/fio/output/randwrite-iodepth-32-numjobs-64",
        "log_avg_msec" : "250",
        "filename" : "/dev/md0"
      },
      "read" : {
        "io_bytes" : 0,
        "io_kbytes" : 0,
        "bw" : 0,
        "iops" : 0.000000,
        "runtime" : 0,
        "total_ios" : 0,
        "short_ios" : 0,
        "drop_ios" : 0,
        "slat_ns" : {
          "min" : 0,
          "max" : 0,
          "mean" : 0.000000,
          "stddev" : 0.000000
        },
        "clat_ns" : {
          "min" : 0,
          "max" : 0,
          "mean" : 0.000000,
          "stddev" : 0.000000,
          "percentile" : {
            "1.000000" : 0,
            "5.000000" : 0,
            "10.000000" : 0,
            "20.000000" : 0,
            "30.000000" : 0,
            "40.000000" : 0,
            "50.000000" : 0,
            "60.000000" : 0,
            "70.000000" : 0,
            "80.000000" : 0,
            "90.000000" : 0,
            "95.000000" : 0,
            "99.000000" : 0,
            "99.500000" : 0,
            "99.900000" : 0,
            "99.950000" : 0,
            "99.990000" : 0,
            "0.00" : 0,
            "0.00" : 0,
            "0.00" : 0
          }
        },
        "lat_ns" : {
          "min" : 0,
          "max" : 0,
          "mean" : 0.000000,
          "stddev" : 0.000000
        },
        "bw_min" : 0,
        "bw_max" : 0,
        "bw_agg" : 0.000000,
        "bw_mean" : 0.000000,
        "bw_dev" : 0.000000,
        "bw_samples" : 0,
        "iops_min" : 0,
        "iops_max" : 0,
        "iops_mean" : 0.000000,
        "iops_stddev" : 0.000000,
        "iops_samples" : 0
      },
      "write" : {
        "io_bytes" : 36142493696,
        "io_kbytes" : 35295404,
        "bw" : 588070,
        "iops" : 147017.627751,
        "runtime" : 60019,
        "total_ios" : 8823851,
        "short_ios" : 0,
        "drop_ios" : 0,
        "slat_ns" : {
          "min" : 3106,
          "max" : 61068462,
          "mean" : 345264.145114,
          "stddev" : 2442235.425571
        },
        "clat_ns" : {
          "min" : 141047,
          "max" : 117152864,
          "mean" : 13570254.973445,
          "stddev" : 10790226.663423,
          "percentile" : {
            "1.000000" : 2408448,
            "5.000000" : 3424256,
            "10.000000" : 3817472,
            "20.000000" : 4358144,
            "30.000000" : 4816896,
            "40.000000" : 5537792,
            "50.000000" : 8847360,
            "60.000000" : 14745600,
            "70.000000" : 19529728,
            "80.000000" : 23724032,
            "90.000000" : 28966912,
            "95.000000" : 33423360,
            "99.000000" : 44302336,
            "99.500000" : 49020928,
            "99.900000" : 58458112,
            "99.950000" : 62652416,
            "99.990000" : 72876032,
            "0.00" : 0,
            "0.00" : 0,
            "0.00" : 0
          }
        },
        "lat_ns" : {
          "min" : 145666,
          "max" : 117158718,
          "mean" : 13915763.480778,
          "stddev" : 11011659.923269
        },
        "bw_min" : 3728,
        "bw_max" : 23722,
        "bw_agg" : 1.584220,
        "bw_mean" : 9316.320741,
        "bw_dev" : 1838.510157,
        "bw_samples" : 15327,
        "iops_min" : 932,
        "iops_max" : 5930,
        "iops_mean" : 2328.802897,
        "iops_stddev" : 459.622943,
        "iops_samples" : 15327
      },
      "trim" : {
        "io_bytes" : 0,
        "io_kbytes" : 0,
        "bw" : 0,
        "iops" : 0.000000,
        "runtime" : 0,
        "total_ios" : 0,
        "short_ios" : 0,
        "drop_ios" : 0,
        "slat_ns" : {
          "min" : 0,
          "max" : 0,
          "mean" : 0.000000,
          "stddev" : 0.000000
        },
        "clat_ns" : {
          "min" : 0,
          "max" : 0,
          "mean" : 0.000000,
          "stddev" : 0.000000,
          "percentile" : {
            "1.000000" : 0,
            "5.000000" : 0,
            "10.000000" : 0,
            "20.000000" : 0,
            "30.000000" : 0,
            "40.000000" : 0,
            "50.000000" : 0,
            "60.000000" : 0,
            "70.000000" : 0,
            "80.000000" : 0,
            "90.000000" : 0,
            "95.000000" : 0,
            "99.000000" : 0,
            "99.500000" : 0,
            "99.900000" : 0,
            "99.950000" : 0,
            "99.990000" : 0,
            "0.00" : 0,
            "0.00" : 0,
            "0.00" : 0
          }
        },
        "lat_ns" : {
          "min" : 0,
          "max" : 0,
          "mean" : 0.000000,
          "stddev" : 0.000000
        },
        "bw_min" : 0,
        "bw_max" : 0,
        "bw_agg" : 0.000000,
        "bw_mean" : 0.000000,
        "bw_dev" : 0.000000,
        "bw_samples" : 0,
        "iops_min" : 0,
        "iops_max" : 0,
        "iops_mean" : 0.000000,
        "iops_stddev" : 0.000000,
        "iops_samples" : 0
      },
      "usr_cpu" : 0.857056,
      "sys_cpu" : 1.967005,
      "ctx" : 1045472,
      "majf" : 0,
      "minf" : 482142,
      "iodepth_level" : {
        "1" : 0.100000,
        "2" : 0.100000,
        "4" : 0.100000,
        "8" : 0.100000,
        "16" : 0.100000,
        "32" : 99.977515,
        ">=64" : 0.000000
      },
      "latency_ns" : {
        "2" : 0.000000,
        "4" : 0.000000,
        "10" : 0.000000,
        "20" : 0.000000,
        "50" : 0.000000,
        "100" : 0.000000,
        "250" : 0.000000,
        "500" : 0.000000,
        "750" : 0.000000,
        "1000" : 0.000000
      },
      "latency_us" : {
        "2" : 0.000000,
        "4" : 0.000000,
        "10" : 0.000000,
        "20" : 0.000000,
        "50" : 0.000000,
        "100" : 0.000000,
        "250" : 0.010000,
        "500" : 0.012591,
        "750" : 0.011582,
        "1000" : 0.011129
      },
      "latency_ms" : {
        "2" : 0.281498,
        "4" : 12.547265,
        "10" : 40.064366,
        "20" : 18.322567,
        "50" : 28.333706,
        "100" : 0.414014,
        "250" : 0.010000,
        "500" : 0.000000,
        "750" : 0.000000,
        "1000" : 0.000000,
        "2000" : 0.000000,
        ">=2000" : 0.000000
      },
      "latency_depth" : 32,
      "latency_target" : 0,
      "latency_percentile" : 100.000000,
      "latency_window" : 0
    }
  ],
  "disk_util" : [
    {
      "name" : "md0",
      "read_ios" : 308,
      "write_ios" : 8819451,
      "read_merges" : 0,
      "write_merges" : 0,
      "read_ticks" : 0,
      "write_ticks" : 0,
      "in_queue" : 0,
      "util" : 0.000000,
      "aggr_read_ios" : 189,
      "aggr_write_ios" : 2205962,
      "aggr_read_merges" : 6,
      "aggr_write_merge" : 0,
      "aggr_read_ticks" : 86,
      "aggr_write_ticks" : 9090701,
      "aggr_in_queue" : 9099426,
      "aggr_util" : 99.586024
    },
    {
      "name" : "sdd",
      "read_ios" : 80,
      "write_ios" : 2167963,
      "read_merges" : 0,
      "write_merges" : 0,
      "read_ticks" : 32,
      "write_ticks" : 8869864,
      "in_queue" : 8879360,
      "util" : 99.539659
    },
    {
      "name" : "sdb",
      "read_ios" : 118,
      "write_ios" : 2170745,
      "read_merges" : 0,
      "write_merges" : 0,
      "read_ticks" : 44,
      "write_ticks" : 9017176,