{
  "fio version" : "fio-3.1",
  "timestamp" : 1582052169,
  "timestamp_ms" : 1582052169695,
  "time" : "Tue Feb 18 19:56:09 2020",
  "jobs" : [
    {
      "jobname" : "iotest",
      "groupid" : 0,
      "error" : 0,
      "eta" : 0,
      "elapsed" : 61,
      "job options" : {
        "rw" : "randwrite",
        "bs" : "4k",
        "ioengine" : "libaio",
        "iodepth" : "32",
        "direct" : "1",
        "invalidate" : "1",
        "refill_buffers" : "1",
        "runtime" : "60",
        "numjobs" : "2",
        "group_reporting" : "1",
        "write_bw_log" : "/fio/output/randwrite-iodepth-32-numjobs-2",
        "write_lat_log" : "/fio/output/randwrite-iodepth-32-numjobs-2",
        "write_iops_log" : "/fio/output/randwrite-iodepth-32-numjobs-2",
        "log_avg_msec" : "250",
        "filename" : "/dev/md0"
      },
      "read" : {
        "io_bytes" : 0,
        "io_kbytes" : 0,
        "bw" : 0,
        "iops" : 0.000000,
        "runtime" : 0,
        "total_ios" : 0,
        "short_ios" : 0,
        "drop_ios" : 0,
        "slat_ns" : {
          "min" : 0,
          "max" : 0,
          "mean" : 0.000000,
          "stddev" : 0.000000
        },
        "clat_ns" : {
          "min" : 0,
          "max" : 0,
          "mean" : 0.000000,
          "stddev" : 0.000000,
          "percentile" : {
            "1.000000" : 0,
            "5.000000" : 0,
            "10.000000" : 0,
            "20.000000" : 0,
            "30.000000" : 0,
            "40.000000" : 0,
            "50.000000" : 0,
            "60.000000" : 0,
            "70.000000" : 0,
            "80.000000" : 0,
            "90.000000" : 0,
            "95.000000" : 0,
            "99.000000" : 0,
            "99.500000" : 0,
            "99.900000" : 0,
            "99.950000" : 0,
            "99.990000" : 0,
            "0.00" : 0,
            "0.00" : 0,
            "0.00" : 0
          }
        },
        "lat_ns" : {
          "min" : 0,
          "max" : 0,
          "mean" : 0.000000,
          "stddev" : 0.000000
        },
        "bw_min" : 0,
        "bw_max" : 0,
        "bw_agg" : 0.000000,
        "bw_mean" : 0.000000,
        "bw_dev" : 0.000000,
        "bw_samples" : 0,
        "iops_min" : 0,
        "iops_max" : 0,
        "iops_mean" : 0.000000,
        "iops_stddev" : 0.000000,
        "iops_samples" : 0
      },
      "write" : {
        "io_bytes" : 36090765312,
        "io_kbytes" : 35244888,
        "bw" : 587405,
        "iops" : 146851.252479,
        "runtime" : 60001,
        "total_ios" : 8811222,
        "short_ios" : 0,
        "drop_ios" : 0,
        "slat_ns" : {
          "min" : 2793,
          "max" : 786816,
          "mean" : 5089.293790,
          "stddev" : 3796.284625
        },
        "clat_ns" : {
          "min" : 42549,
          "max" : 7151199,
          "mean" : 428722.052362,
          "stddev" : 406036.827496,
          "percentile" : {
            "1.000000" : 126464,
            "5.000000" : 175104,
            "10.000000" : 191488,
            "20.000000" : 214016,
            "30.000000" : 238592,
            "40.000000" : 268288,
            "50.000000" : 301056,
            "60.000000" : 350208,
            "70.000000" : 432128,
            "80.000000" : 536576,
            "90.000000" : 708608,
            "95.000000" : 962560,
            "99.000000" : 2473984,
            "99.500000" : 2867200,
            "99.900000" : 3424256,
            "99.950000" : 3620864,
            "99.990000" : 4816896,
            "0.00" : 0,
            "0.00" : 0,
            "0.00" : 0
          }
        },
        "lat_ns" : {
          "min" : 57328,
          "max" : 7155507,
          "mean" : 433977.981717,
          "stddev" : 406104.231874
        },
        "bw_min" : 184944,
        "bw_max" : 361333,
        "bw_agg" : 50.008731,
        "bw_mean" : 293753.784519,
        "bw_dev" : 58702.969486,
        "bw_samples" : 478,
        "iops_min" : 46236,
        "iops_max" : 90333,
        "iops_mean" : 73438.355649,
        "iops_stddev" : 14675.748400,
        "iops_samples" : 478
      },
      "trim" : {
        "io_bytes" : 0,
        "io_kbytes" : 0,
        "bw" : 0,
        "iops" : 0.000000,
        "runtime" : 0,
        "total_ios" : 0,
        "short_ios" : 0,
        "drop_ios" : 0,
        "slat_ns" : {
          "min" : 0,
          "max" : 0,
          "mean" : 0.000000,
          "stddev" : 0.000000
        },
        "clat_ns" : {
          "min" : 0,
          "max" : 0,
          "mean" : 0.000000,
          "stddev" : 0.000000,
          "percentile" : {
            "1.000000" : 0,
            "5.000000" : 0,
            "10.000000" : 0,
            "20.000000" : 0,
            "30.000000" : 0,
            "40.000000" : 0,
            "50.000000" : 0,
            "60.000000" : 0,
            "70.000000" : 0,
            "80.000000" : 0,
            "90.000000" : 0,
            "95.000000" : 0,
            "99.000000" : 0,
            "99.500000" : 0,
            "99.900000" : 0,
            "99.950000" : 0,
            "99.990000" : 0,
            "0.00" : 0,
            "0.00" : 0,
            "0.00" : 0
          }
        },
        "lat_ns" : {
          "min" : 0,
          "max" : 0,
          "mean" : 0.000000,
          "stddev" : 0.000000
        },
        "bw_min" : 0,
        "bw_max" : 0,
        "bw_agg" : 0.000000,
        "bw_mean" : 0.000000,
        "bw_dev" : 0.000000,
        "bw_samples" : 0,
        "iops_min" : 0,
        "iops_max" : 0,
        "iops_mean" : 0.000000,
        "iops_stddev" : 0.000000,
        "iops_samples" : 0
      },
      "usr_cpu" : 19.360000,
      "sys_cpu" : 41.463333,
      "ctx" : 882454,
      "majf" : 0,
      "minf" : 29802,
      "iodepth_level" : {
        "1" : 0.100000,
        "2" : 0.100000,
        "4" : 0.100000,
        "8" : 0.100000,
        "16" : 0.100000,
        "32" : 99.999296,
        ">=64" : 0.000000
      },
      "latency_ns" : {
        "2" : 0.000000,
        "4" : 0.000000,
        "10" : 0.000000,
        "20" : 0.000000,
        "50" : 0.000000,
        "100" : 0.000000,
        "250" : 0.000000,
        "500" : 0.000000,
        "750" : 0.000000,
        "1000" : 0.000000
      },
      "latency_us" : {
        "2" : 0.000000,
        "4" : 0.000000,
        "10" : 0.000000,
        "20" : 0.000000,
        "50" : 0.010000,
        "100" : 0.246129,
        "250" : 33.570054,
        "500" : 42.915841,
        "750" : 14.729784,
        "1000" : 3.792073
      },
      "latency_ms" : {
        "2" : 2.726421,
        "4" : 1.998588,
        "10" : 0.021075,
        "20" : 0.000000,
        "50" : 0.000000,
        "100" : 0.000000,
        "250" : 0.000000,
        "500" : 0.000000,
        "750" : 0.000000,
        "1000" : 0.000000,
        "2000" : 0.000000,
        ">=2000" : 0.000000
      },
      "latency_depth" : 32,
      "latency_target" : 0,
      "latency_percentile" : 100.000000,
      "latency_window" : 0
    }
  ],
  "disk_util" : [
    {
      "name" : "md0",
      "read_ios" : 154,
      "write_ios" : 8784505,
      "read_merges" : 0,
      "write_merges" : 0,
      "read_ticks" : 0,
      "write_ticks" : 0,
      "in_queue" : 0,
      "util" : 0.000000,
      "aggr_read_ios" : 114,
      "aggr_write_ios" : 2202805,
      "aggr_read_merges" : 3,
      "aggr_write_merge" : 0,
      "aggr_read_ticks" : 56,
      "aggr_write_ticks" : 847910,
      "aggr_in_queue" : 847801,
      "aggr_util" : 99.719218
    },
    {
      "name" : "sdd",
      "read_ios" : 48,
      "write_ios" : 2157548,
      "read_merges" : 0,
      "write_merges" : 0,
      "read_ticks" : 48,
      "write_ticks" : 476064,
      "in_queue" : 475908,
      "util" : 95.695370
    },
    {
      "name" : "sdb",
      "read_ios" : 72,
      "write_ios" : 2196093,
      "read_merges" : 0,
      "write_merges" : 0,
      "read_ticks" : 68,
      "write_ticks" : 831396,
      "in_queue" : 831276,