{
  "fio version" : "fio-3.1",
  "timestamp" : 1582052048,
  "timestamp_ms" : 1582052048428,
  "time" : "Tue Feb 18 19:54:08 2020",
  "jobs" : [
    {
      "jobname" : "iotest",
      "groupid" : 0,
      "error" : 0,
      "eta" : 0,
      "elapsed" : 61,
      "job options" : {
        "rw" : "randwrite",
        "bs" : "4k",
        "ioengine" : "libaio",
        "iodepth" : "16",
        "direct" : "1",
        "invalidate" : "1",
        "refill_buffers" : "1",
        "runtime" : "60",
        "numjobs" : "64",
        "group_reporting" : "1",
        "write_bw_log" : "/fio/output/randwrite-iodepth-16-numjobs-64",
        "write_lat_log" : "/fio/output/randwrite-iodepth-16-numjobs-64",
        "write_iops_log" : "/fio/output/randwrite-iodepth-16-numjobs-64",
        "log_avg_msec" : "250",
        "filename" : "/dev/md0"
      },
      "read" : {
        "io_bytes" : 0,
        "io_kbytes" : 0,
        "bw" : 0,
        "iops" : 0.000000,
        "runtime" : 0,
        "total_ios" : 0,
        "short_ios" : 0,
        "drop_ios" : 0,
        "slat_ns" : {
          "min" : 0,
          "max" : 0,
          "mean" : 0.000000,
          "stddev" : 0.000000
        },
        "clat_ns" : {
          "min" : 0,
          "max" : 0,
          "mean" : 0.000000,
          "stddev" : 0.000000,
          "percentile" : {
            "1.000000" : 0,
            "5.000000" : 0,
            "10.000000" : 0,
            "20.000000" : 0,
            "30.000000" : 0,
            "40.000000" : 0,
            "50.000000" : 0,
            "60.000000" : 0,
            "70.000000" : 0,
            "80.000000" : 0,
            "90.000000" : 0,
            "95.000000" : 0,
            "99.000000" : 0,
            "99.500000" : 0,
            "99.900000" : 0,
            "99.950000" : 0,
            "99.990000" : 0,
            "0.00" : 0,
            "0.00" : 0,
            "0.00" : 0
          }
        },
        "lat_ns" : {
          "min" : 0,
          "max" : 0,
          "mean" : 0.000000,
          "stddev" : 0.000000
        },
        "bw_min" : 0,
        "bw_max" : 0,
        "bw_agg" : 0.000000,
        "bw_mean" : 0.000000,
        "bw_dev" : 0.000000,
        "bw_samples" : 0,
        "iops_min" : 0,
        "iops_max" : 0,
        "iops_mean" : 0.000000,
        "iops_stddev" : 0.000000,
        "iops_samples" : 0
      },
      "write" : {
        "io_bytes" : 37300314112,
        "io_kbytes" : 36426088,
        "bw" : 606990,
        "iops" : 151747.546283,
        "runtime" : 60011,
        "total_ios" : 9106522,
        "short_ios" : 0,
        "drop_ios" : 0,
        "slat_ns" : {
          "min" : 3275,
          "max" : 40087341,
          "mean" : 230317.753116,
          "stddev" : 1650344.215675
        },
        "clat_ns" : {
          "min" : 1659,
          "max" : 55838008,
          "mean" : 6509721.884196,
          "stddev" : 5370980.543365,
          "percentile" : {
            "1.000000" : 214016,
            "5.000000" : 489472,
            "10.000000" : 2539520,
            "20.000000" : 3424256,
            "30.000000" : 3719168,
            "40.000000" : 3948544,
            "50.000000" : 4227072,
            "60.000000" : 4554752,
            "70.000000" : 5603328,
            "80.000000" : 11337728,
            "90.000000" : 14745600,
            "95.000000" : 18481152,
            "99.000000" : 23461888,
            "99.500000" : 25296896,
            "99.900000" : 29491200,
            "99.950000" : 31064064,
            "99.990000" : 35913728,
            "0.00" : 0,
            "0.00" : 0,
            "0.00" : 0
          }
        },
        "lat_ns" : {
          "min" : 74842,
          "max" : 55950909,
          "mean" : 6740298.412173,
          "stddev" : 5601959.656380
        },
        "bw_min" : 5230,
        "bw_max" : 28160,
        "bw_agg" : 1.584668,
        "bw_mean" : 9618.775707,
        "bw_dev" : 1147.215128,
        "bw_samples" : 15346,
        "iops_min" : 1307,
        "iops_max" : 7040,
        "iops_mean" : 2404.365568,
        "iops_stddev" : 286.799959,
        "iops_samples" : 15346
      },
      "trim" : {
        "io_bytes" : 0,
        "io_kbytes" : 0,
        "bw" : 0,
        "iops" : 0.000000,
        "runtime" : 0,
        "total_ios" : 0,
        "short_ios" : 0,
        "drop_ios" : 0,
        "slat_ns" : {
          "min" : 0,
          "max" : 0,
          "mean" : 0.000000,
          "stddev" : 0.000000
        },
        "clat_ns" : {
          "min" : 0,
          "max" : 0,
          "mean" : 0.000000,
          "stddev" : 0.000000,
          "percentile" : {
            "1.000000" : 0,
            "5.000000" : 0,
            "10.000000" : 0,
            "20.000000" : 0,
            "30.000000" : 0,
            "40.000000" : 0,
            "50.000000" : 0,
            "60.000000" : 0,
            "70.000000" : 0,
            "80.000000" : 0,
            "90.000000" : 0,
            "95.000000" : 0,
            "99.000000" : 0,
            "99.500000" : 0,
            "99.900000" : 0,
            "99.950000" : 0,
            "99.990000" : 0,
            "0.00" : 0,
            "0.00" : 0,
            "0.00" : 0
          }
        },
        "lat_ns" : {
          "min" : 0,
          "max" : 0,
          "mean" : 0.000000,
          "stddev" : 0.000000
        },
        "bw_min" : 0,
        "bw_max" : 0,
        "bw_agg" : 0.000000,
        "bw_mean" : 0.000000,
        "bw_dev" : 0.000000,
        "bw_samples" : 0,
        "iops_min" : 0,
        "iops_max" : 0,
        "iops_mean" : 0.000000,
        "iops_stddev" : 0.000000,
        "iops_samples" : 0
      },
      "usr_cpu" : 0.979964,
      "sys_cpu" : 2.574279,
      "ctx" : 2892778,
      "majf" : 0,
      "minf" : 518434,
      "iodepth_level" : {
        "1" : 0.100000,
        "2" : 0.100000,
        "4" : 0.100000,
        "8" : 0.100000,
        "16" : 99.989458,
        "32" : 0.000000,
        ">=64" : 0.000000
      },
      "latency_ns" : {
        "2" : 0.000000,
        "4" : 0.000000,
        "10" : 0.000000,
        "20" : 0.000000,
        "50" : 0.000000,
        "100" : 0.000000,
        "250" : 0.000000,
        "500" : 0.000000,
        "750" : 0.000000,
        "1000" : 0.000000
      },
      "latency_us" : {
        "2" : 0.010000,
        "4" : 0.000000,
        "10" : 0.000000,
        "20" : 0.010000,
        "50" : 0.010000,
        "100" : 0.018415,
        "250" : 1.607167,
        "500" : 3.451636,
        "750" : 1.299168,
        "1000" : 0.516037
      },
      "latency_ms" : {
        "2" : 1.068355,
        "4" : 34.103360,
        "10" : 35.753288,
        "20" : 19.050456,
        "50" : 3.131426,
        "100" : 0.010000,
        "250" : 0.000000,
        "500" : 0.000000,
        "750" : 0.000000,
        "1000" : 0.000000,
        "2000" : 0.000000,
        ">=2000" : 0.000000
      },
      "latency_depth" : 16,
      "latency_target" : 0,
      "latency_percentile" : 100.000000,
      "latency_window" : 0
    }
  ],
  "disk_util" : [
    {
      "name" : "md0",
      "read_ios" : 311,
      "write_ios" : 9101741,
      "read_merges" : 0,
      "write_merges" : 0,
      "read_ticks" : 0,
      "write_ticks" : 0,
      "in_queue" : 0,
      "util" : 0.000000,
      "aggr_read_ios" : 188,
      "aggr_write_ios" : 2276630,
      "aggr_read_merges" : 6,
      "aggr_write_merge" : 0,
      "aggr_read_ticks" : 39,
      "aggr_write_ticks" : 7989068,
      "aggr_in_queue" : 7999760,
      "aggr_util" : 99.640544
    },
    {
      "name" : "sdd",
      "read_ios" : 80,
      "write_ios" : 2237342,
      "read_merges" : 0,
      "write_merges" : 0,
      "read_ticks" : 0,
      "write_ticks" : 7572620,
      "in_queue" : 7581548,
      "util" : 99.541155
    },
    {
      "name" : "sdb",
      "read_ios" : 113,
      "write_ios" : 2240169,
      "read_merges" : 0,
      "write_merges" : 0,
      "read_ticks" : 12,
      "write_ticks" : 7787412,
      "in_queue" : 7796596,