{
  "fio version" : "fio-3.1",
  "timestamp" : 1582052351,
  "timestamp_ms" : 1582052351633,
  "time" : "Tue Feb 18 19:59:11 2020",
  "jobs" : [
    {
      "jobname" : "iotest",
      "groupid" : 0,
      "error" : 0,
      "eta" : 0,
      "elapsed" : 61,
      "job options" : {
        "rw" : "randwrite",
        "bs" : "4k",
        "ioengine" : "libaio",
        "iodepth" : "32",
        "direct" : "1",
        "invalidate" : "1",
        "refill_buffers" : "1",
        "runtime" : "60",
        "numjobs" : "16",
        "group_reporting" : "1",
        "write_bw_log" : "/fio/output/randwrite-iodepth-32-numjobs-16",
        "write_lat_log" : "/fio/output/randwrite-iodepth-32-numjobs-16",
        "write_iops_log" : "/fio/output/randwrite-iodepth-32-numjobs-16",
        "log_avg_msec" : "250",
        "filename" : "/dev/md0"
      },
      "read" : {
        "io_bytes" : 0,
        "io_kbytes" : 0,
        "bw" : 0,
        "iops" : 0.000000,
        "runtime" : 0,
        "total_ios" : 0,
        "short_ios" : 0,
        "drop_ios" : 0,
        "slat_ns" : {
          "min" : 0,
          "max" : 0,
          "mean" : 0.000000,
          "stddev" : 0.000000
        },
        "clat_ns" : {
          "min" : 0,
          "max" : 0,
          "mean" : 0.000000,
          "stddev" : 0.000000,
          "percentile" : {
            "1.000000" : 0,
            "5.000000" : 0,
            "10.000000" : 0,
            "20.000000" : 0,
            "30.000000" : 0,
            "40.000000" : 0,
            "50.000000" : 0,
            "60.000000" : 0,
            "70.000000" : 0,
            "80.000000" : 0,
            "90.000000" : 0,
            "95.000000" : 0,
            "99.000000" : 0,
            "99.500000" : 0,
            "99.900000" : 0,
            "99.950000" : 0,
            "99.990000" : 0,
            "0.00" : 0,
            "0.00" : 0,
            "0.00" : 0
          }
        },
        "lat_ns" : {
          "min" : 0,
          "max" : 0,
          "mean" : 0.000000,
          "stddev" : 0.000000
        },
        "bw_min" : 0,
        "bw_max" : 0,
        "bw_agg" : 0.000000,
        "bw_mean" : 0.000000,
        "bw_dev" : 0.000000,
        "bw_samples" : 0,
        "iops_min" : 0,
        "iops_max" : 0,
        "iops_mean" : 0.000000,
        "iops_stddev" : 0.000000,
        "iops_samples" : 0
      },
      "write" : {
        "io_bytes" : 35898114048,
        "io_kbytes" : 35056752,
        "bw" : 584249,
        "iops" : 146062.496875,
        "runtime" : 60003,
        "total_ios" : 8764188,
        "short_ios" : 0,
        "drop_ios" : 0,
        "slat_ns" : {
          "min" : 3101,
          "max" : 10819764,
          "mean" : 51048.411647,
          "stddev" : 403179.385631
        },
        "clat_ns" : {
          "min" : 54397,
          "max" : 19324066,
          "mean" : 3450537.352730,
          "stddev" : 1296490.479338,
          "percentile" : {
            "1.000000" : 333824,
            "5.000000" : 774144,
            "10.000000" : 2572288,
            "20.000000" : 3063808,
            "30.000000" : 3162112,
            "40.000000" : 3227648,
            "50.000000" : 3260416,
            "60.000000" : 3358720,
            "70.000000" : 3489792,
            "80.000000" : 3850240,
            "90.000000" : 4882432,
            "95.000000" : 5734400,
            "99.000000" : 7897088,
            "99.500000" : 9371648,
            "99.900000" : 11599872,
            "99.950000" : 12255232,
            "99.990000" : 13565952,
            "0.00" : 0,
            "0.00" : 0,
            "0.00" : 0
          }
        },
        "lat_ns" : {
          "min" : 84102,
          "max" : 21810982,
          "mean" : 3501825.222364,
          "stddev" : 1395011.422620
        },
        "bw_min" : 22153,
        "bw_max" : 45040,
        "bw_agg" : 6.288268,
        "bw_mean" : 36739.143229,
        "bw_dev" : 5390.554585,
        "bw_samples" : 3840,
        "iops_min" : 5538,
        "iops_max" : 11260,
        "iops_mean" : 9184.594010,
        "iops_stddev" : 1347.628634,
        "iops_samples" : 3840
      },
      "trim" : {
        "io_bytes" : 0,
        "io_kbytes" : 0,
        "bw" : 0,
        "iops" : 0.000000,
        "runtime" : 0,
        "total_ios" : 0,
        "short_ios" : 0,
        "drop_ios" : 0,
        "slat_ns" : {
          "min" : 0,
          "max" : 0,
          "mean" : 0.000000,
          "stddev" : 0.000000
        },
        "clat_ns" : {
          "min" : 0,
          "max" : 0,
          "mean" : 0.000000,
          "stddev" : 0.000000,
          "percentile" : {
            "1.000000" : 0,
            "5.000000" : 0,
            "10.000000" : 0,
            "20.000000" : 0,
            "30.000000" : 0,
            "40.000000" : 0,
            "50.000000" : 0,
            "60.000000" : 0,
            "70.000000" : 0,
            "80.000000" : 0,
            "90.000000" : 0,
            "95.000000" : 0,
            "99.000000" : 0,
            "99.500000" : 0,
            "99.900000" : 0,
            "99.950000" : 0,
            "99.990000" : 0,
            "0.00" : 0,
            "0.00" : 0,
            "0.00" : 0
          }
        },
        "lat_ns" : {
          "min" : 0,
          "max" : 0,
          "mean" : 0.000000,
          "stddev" : 0.000000
        },
        "bw_min" : 0,
        "bw_max" : 0,
        "bw_agg" : 0.000000,
        "bw_mean" : 0.000000,
        "bw_dev" : 0.000000,
        "bw_samples" : 0,
        "iops_min" : 0,
        "iops_max" : 0,
        "iops_mean" : 0.000000,
        "iops_stddev" : 0.000000,
        "iops_samples" : 0
      },
      "usr_cpu" : 3.461498,
      "sys_cpu" : 7.836207,
      "ctx" : 2069077,
      "majf" : 0,
      "minf" : 629231,
      "iodepth_level" : {
        "1" : 0.100000,
        "2" : 0.100000,
        "4" : 0.100000,
        "8" : 0.100000,
        "16" : 0.100000,
        "32" : 99.994341,
        ">=64" : 0.000000
      },
      "latency_ns" : {
        "2" : 0.000000,
        "4" : 0.000000,
        "10" : 0.000000,
        "20" : 0.000000,
        "50" : 0.000000,
        "100" : 0.000000,
        "250" : 0.000000,
        "500" : 0.000000,
        "750" : 0.000000,
        "1000" : 0.000000
      },
      "latency_us" : {
        "2" : 0.000000,
        "4" : 0.000000,
        "10" : 0.000000,
        "20" : 0.000000,
        "50" : 0.000000,
        "100" : 0.010000,
        "250" : 0.338263,
        "500" : 2.603014,
        "750" : 1.992449,
        "1000" : 0.476793
      },
      "latency_ms" : {
        "2" : 2.367487,
        "4" : 74.041098,
        "10" : 17.856224,
        "20" : 0.323852,
        "50" : 0.000000,
        "100" : 0.000000,
        "250" : 0.000000,
        "500" : 0.000000,
        "750" : 0.000000,
        "1000" : 0.000000,
        "2000" : 0.000000,
        ">=2000" : 0.000000
      },
      "latency_depth" : 32,
      "latency_target" : 0,
      "latency_percentile" : 100.000000,
      "latency_window" : 0
    }
  ],
  "disk_util" : [
    {
      "name" : "md0",
      "read_ios" : 154,
      "write_ios" : 8738585,
      "read_merges" : 0,
      "write_merges" : 0,
      "read_ticks" : 0,
      "write_ticks" : 0,
      "in_queue" : 0,
      "util" : 0.000000,
      "aggr_read_ios" : 114,
      "aggr_write_ios" : 2191047,
      "aggr_read_merges" : 3,
      "aggr_write_merge" : 0,
      "aggr_read_ticks" : 104,
      "aggr_write_ticks" : 5566717,
      "aggr_in_queue" : 5577525,
      "aggr_util" : 99.833931
    },
    {
      "name" : "sdd",
      "read_ios" : 48,
      "write_ios" : 2155348,
      "read_merges" : 0,
      "write_merges" : 0,
      "read_ticks" : 32,
      "write_ticks" : 4643924,
      "in_queue" : 4652372,
      "util" : 90.679950
    },
    {
      "name" : "sdb",
      "read_ios" : 72,
      "write_ios" : 2157189,
      "read_merges" : 0,
      "write_merges" : 0,
      "read_ticks" : 32,
      "write_ticks" : 4840032,
      "in_queue" : 4851312,