{
  "fio version" : "fio-3.1",
  "timestamp" : 1582050712,
  "timestamp_ms" : 1582050712993,
  "time" : "Tue Feb 18 19:31:52 2020",
  "jobs" : [
    {
      "jobname" : "iotest",
      "groupid" : 0,
      "error" : 0,
      "eta" : 0,
      "elapsed" : 61,
      "job options" : {
        "rw" : "randwrite",
        "bs" : "4k",
        "ioengine" : "libaio",
        "iodepth" : "2",
        "direct" : "1",
        "invalidate" : "1",
        "refill_buffers" : "1",
        "runtime" : "60",
        "numjobs" : "32",
        "group_reporting" : "1",
        "write_bw_log" : "/fio/output/randwrite-iodepth-2-numjobs-32",
        "write_lat_log" : "/fio/output/randwrite-iodepth-2-numjobs-32",
        "write_iops_log" : "/fio/output/randwrite-iodepth-2-numjobs-32",
        "log_avg_msec" : "250",
        "filename" : "/dev/md0"
      },
      "read" : {
        "io_bytes" : 0,
        "io_kbytes" : 0,
        "bw" : 0,
        "iops" : 0.000000,
        "runtime" : 0,
        "total_ios" : 0,
        "short_ios" : 0,
        "drop_ios" : 0,
        "slat_ns" : {
          "min" : 0,
          "max" : 0,
          "mean" : 0.000000,
          "stddev" : 0.000000
        },
        "clat_ns" : {
          "min" : 0,
          "max" : 0,
          "mean" : 0.000000,
          "stddev" : 0.000000,
          "percentile" : {
            "1.000000" : 0,
            "5.000000" : 0,
            "10.000000" : 0,
            "20.000000" : 0,
            "30.000000" : 0,
            "40.000000" : 0,
            "50.000000" : 0,
            "60.000000" : 0,
            "70.000000" : 0,
            "80.000000" : 0,
            "90.000000" : 0,
            "95.000000" : 0,
            "99.000000" : 0,
            "99.500000" : 0,
            "99.900000" : 0,
            "99.950000" : 0,
            "99.990000" : 0,
            "0.00" : 0,
            "0.00" : 0,
            "0.00" : 0
          }
        },
        "lat_ns" : {
          "min" : 0,
          "max" : 0,
          "mean" : 0.000000,
          "stddev" : 0.000000
        },
        "bw_min" : 0,
        "bw_max" : 0,
        "bw_agg" : 0.000000,
        "bw_mean" : 0.000000,
        "bw_dev" : 0.000000,
        "bw_samples" : 0,
        "iops_min" : 0,
        "iops_max" : 0,
        "iops_mean" : 0.000000,
        "iops_stddev" : 0.000000,
        "iops_samples" : 0
      },
      "write" : {
        "io_bytes" : 40162156544,
        "io_kbytes" : 39220856,
        "bw" : 653659,
        "iops" : 163414.786174,
        "runtime" : 60002,
        "total_ios" : 9805214,
        "short_ios" : 0,
        "drop_ios" : 0,
        "slat_ns" : {
          "min" : 3744,
          "max" : 4301130,
          "mean" : 20920.036679,
          "stddev" : 11533.011980
        },
        "clat_ns" : {
          "min" : 1283,
          "max" : 23105365,
          "mean" : 363902.052331,
          "stddev" : 220946.718807,
          "percentile" : {
            "1.000000" : 134144,
            "5.000000" : 154624,
            "10.000000" : 177152,
            "20.000000" : 209920,
            "30.000000" : 242688,
            "40.000000" : 264192,
            "50.000000" : 301056,
            "60.000000" : 354304,
            "70.000000" : 419840,
            "80.000000" : 509952,
            "90.000000" : 626688,
            "95.000000" : 716800,
            "99.000000" : 905216,
            "99.500000" : 1138688,
            "99.900000" : 2244608,
            "99.950000" : 2506752,
            "99.990000" : 3096576,
            "0.00" : 0,
            "0.00" : 0,
            "0.00" : 0
          }
        },
        "lat_ns" : {
          "min" : 70176,
          "max" : 23116731,
          "mean" : 385398.529068,
          "stddev" : 221563.469185
        },
        "bw_min" : 10056,
        "bw_max" : 22322,
        "bw_agg" : 3.138272,
        "bw_mean" : 20513.600443,
        "bw_dev" : 1382.125953,
        "bw_samples" : 7676,
        "iops_min" : 2514,
        "iops_max" : 5580,
        "iops_mean" : 5128.161412,
        "iops_stddev" : 345.508148,
        "iops_samples" : 7676
      },
      "trim" : {
        "io_bytes" : 0,
        "io_kbytes" : 0,
        "bw" : 0,
        "iops" : 0.000000,
        "runtime" : 0,
        "total_ios" : 0,
        "short_ios" : 0,
        "drop_ios" : 0,
        "slat_ns" : {
          "min" : 0,
          "max" : 0,
          "mean" : 0.000000,
          "stddev" : 0.000000
        },
        "clat_ns" : {
          "min" : 0,
          "max" : 0,
          "mean" : 0.000000,
          "stddev" : 0.000000,
          "percentile" : {
            "1.000000" : 0,
            "5.000000" : 0,
            "10.000000" : 0,
            "20.000000" : 0,
            "30.000000" : 0,
            "40.000000" : 0,
            "50.000000" : 0,
            "60.000000" : 0,
            "70.000000" : 0,
            "80.000000" : 0,
            "90.000000" : 0,
            "95.000000" : 0,
            "99.000000" : 0,
            "99.500000" : 0,
            "99.900000" : 0,
            "99.950000" : 0,
            "99.990000" : 0,
            "0.00" : 0,
            "0.00" : 0,
            "0.00" : 0
          }
        },
        "lat_ns" : {
          "min" : 0,
          "max" : 0,
          "mean" : 0.000000,
          "stddev" : 0.000000
        },
        "bw_min" : 0,
        "bw_max" : 0,
        "bw_agg" : 0.000000,
        "bw_mean" : 0.000000,
        "bw_dev" : 0.000000,
        "bw_samples" : 0,
        "iops_min" : 0,
        "iops_max" : 0,
        "iops_mean" : 0.000000,
        "iops_stddev" : 0.000000,
        "iops_samples" : 0
      },
      "usr_cpu" : 6.001290,
      "sys_cpu" : 14.826896,
      "ctx" : 8286430,
      "majf" : 0,
      "minf" : 508949,
      "iodepth_level" : {
        "1" : 0.100000,
        "2" : 99.999674,
        "4" : 0.000000,
        "8" : 0.000000,
        "16" : 0.000000,
        "32" : 0.000000,
        ">=64" : 0.000000
      },
      "latency_ns" : {
        "2" : 0.000000,
        "4" : 0.000000,
        "10" : 0.000000,
        "20" : 0.000000,
        "50" : 0.000000,
        "100" : 0.000000,
        "250" : 0.000000,
        "500" : 0.000000,
        "750" : 0.000000,
        "1000" : 0.000000
      },
      "latency_us" : {
        "2" : 0.010000,
        "4" : 0.010000,
        "10" : 0.010000,
        "20" : 0.010000,
        "50" : 0.010000,
        "100" : 0.130839,
        "250" : 33.609832,
        "500" : 45.483903,
        "750" : 16.987411,
        "1000" : 3.129539
      },
      "latency_ms" : {
        "2" : 0.494064,
        "4" : 0.155356,
        "10" : 0.010000,
        "20" : 0.010000,
        "50" : 0.010000,
        "100" : 0.000000,
        "250" : 0.000000,
        "500" : 0.000000,
        "750" : 0.000000,
        "1000" : 0.000000,
        "2000" : 0.000000,
        ">=2000" : 0.000000
      },
      "latency_depth" : 2,
      "latency_target" : 0,
      "latency_percentile" : 100.000000,
      "latency_window" : 0
    }
  ],
  "disk_util" : [
    {
      "name" : "md0",
      "read_ios" : 310,
      "write_ios" : 9773874,
      "read_merges" : 0,
      "write_merges" : 0,
      "read_ticks" : 0,
      "write_ticks" : 0,
      "in_queue" : 0,
      "util" : 0.000000,
      "aggr_read_ios" : 228,
      "aggr_write_ios" : 2451303,
      "aggr_read_merges" : 7,
      "aggr_write_merge" : 0,
      "aggr_read_ticks" : 86,
      "aggr_write_ticks" : 881133,
      "aggr_in_queue" : 884171,
      "aggr_util" : 99.863937
    },
    {
      "name" : "sdd",
      "read_ios" : 96,
      "write_ios" : 2410627,
      "read_merges" : 0,
      "write_merges" : 0,
      "read_ticks" : 0,
      "write_ticks" : 637896,
      "in_queue" : 639964,
      "util" : 99.449127
    },
    {
      "name" : "sdb",
      "read_ios" : 144,
      "write_ios" : 2411908,
      "read_merges" : 0,
      "write_merges" : 0,
      "read_ticks" : 24,
      "write_ticks" : 987940,
      "in_queue" : 992080,