{
  "fio version" : "fio-3.1",
  "timestamp" : 1584930233,
  "timestamp_ms" : 1584930233419,
  "time" : "Mon Mar 23 03:23:53 2020",
  "jobs" : [
    {
      "jobname" : "iotest",
      "groupid" : 0,
      "error" : 0,
      "eta" : 0,
      "elapsed" : 61,
      "job options" : {
        "rw" : "randwrite",
        "bs" : "4k",
        "ioengine" : "libaio",
        "iodepth" : "32",
        "direct" : "1",
        "invalidate" : "1",
        "refill_buffers" : "1",
        "runtime" : "60",
        "numjobs" : "4",
        "group_reporting" : "1",
        "write_bw_log" : "/fio/RAID5_500GB/randwrite-iodepth-32-numjobs-4",
        "write_lat_log" : "/fio/RAID5_500GB/randwrite-iodepth-32-numjobs-4",
        "write_iops_log" : "/fio/RAID5_500GB/randwrite-iodepth-32-numjobs-4",
        "log_avg_msec" : "500",
        "filename" : "/dev/md5p1"
      },
      "read" : {
        "io_bytes" : 0,
        "io_kbytes" : 0,
        "bw" : 0,
        "iops" : 0.000000,
        "runtime" : 0,
        "total_ios" : 0,
        "short_ios" : 0,
        "drop_ios" : 0,
        "slat_ns" : {
          "min" : 0,
          "max" : 0,
          "mean" : 0.000000,
          "stddev" : 0.000000
        },
        "clat_ns" : {
          "min" : 0,
          "max" : 0,
          "mean" : 0.000000,
          "stddev" : 0.000000,
          "percentile" : {
            "1.000000" : 0,
            "5.000000" : 0,
            "10.000000" : 0,
            "20.000000" : 0,
            "30.000000" : 0,
            "40.000000" : 0,
            "50.000000" : 0,
            "60.000000" : 0,
            "70.000000" : 0,
            "80.000000" : 0,
            "90.000000" : 0,
            "95.000000" : 0,
            "99.000000" : 0,
            "99.500000" : 0,
            "99.900000" : 0,
            "99.950000" : 0,
            "99.990000" : 0,
            "0.00" : 0,
            "0.00" : 0,
            "0.00" : 0
          }
        },
        "lat_ns" : {
          "min" : 0,
          "max" : 0,
          "mean" : 0.000000,
          "stddev" : 0.000000
        },
        "bw_min" : 0,
        "bw_max" : 0,
        "bw_agg" : 0.000000,
        "bw_mean" : 0.000000,
        "bw_dev" : 0.000000,
        "bw_samples" : 0,
        "iops_min" : 0,
        "iops_max" : 0,
        "iops_mean" : 0.000000,
        "iops_stddev" : 0.000000,
        "iops_samples" : 0
      },
      "write" : {
        "io_bytes" : 33329152,
        "io_kbytes" : 32548,
        "bw" : 540,
        "iops" : 135.136931,
        "runtime" : 60213,
        "total_ios" : 8137,
        "short_ios" : 0,
        "drop_ios" : 0,
        "slat_ns" : {
          "min" : 3875,
          "max" : 19073705,
          "mean" : 19125.501782,
          "stddev" : 341932.141608
        },
        "clat_ns" : {
          "min" : 48425244,
          "max" : 1434347568,
          "mean" : 946668386.684773,
          "stddev" : 193619882.231047,
          "percentile" : {
            "1.000000" : 400556032,
            "5.000000" : 557842432,
            "10.000000" : 624951296,
            "20.000000" : 826277888,
            "30.000000" : 910163968,
            "40.000000" : 952107008,
            "50.000000" : 985661440,
            "60.000000" : 1019215872,
            "70.000000" : 1052770304,
            "80.000000" : 1082130432,
            "90.000000" : 1132462080,
            "95.000000" : 1216348160,
            "99.000000" : 1317011456,
            "99.500000" : 1350565888,
            "99.900000" : 1417674752,
            "99.950000" : 1417674752,
            "99.990000" : 1434451968,
            "0.00" : 0,
            "0.00" : 0,
            "0.00" : 0
          }
        },
        "lat_ns" : {
          "min" : 62643318,
          "max" : 1434354215,
          "mean" : 946688121.146123,
          "stddev" : 193598231.284883
        },
        "bw_min" : 8,
        "bw_max" : 259,
        "bw_agg" : 24.943825,
        "bw_mean" : 134.696653,
        "bw_dev" : 54.017759,
        "bw_samples" : 478,
        "iops_min" : 2,
        "iops_max" : 64,
        "iops_mean" : 33.510460,
        "iops_stddev" : 13.391809,
        "iops_samples" : 478
      },
      "trim" : {
        "io_bytes" : 0,
        "io_kbytes" : 0,
        "bw" : 0,
        "iops" : 0.000000,
        "runtime" : 0,
        "total_ios" : 0,
        "short_ios" : 0,
        "drop_ios" : 0,
        "slat_ns" : {
          "min" : 0,
          "max" : 0,
          "mean" : 0.000000,
          "stddev" : 0.000000
        },
        "clat_ns" : {
          "min" : 0,
          "max" : 0,
          "mean" : 0.000000,
          "stddev" : 0.000000,
          "percentile" : {
            "1.000000" : 0,
            "5.000000" : 0,
            "10.000000" : 0,
            "20.000000" : 0,
            "30.000000" : 0,
            "40.000000" : 0,
            "50.000000" : 0,
            "60.000000" : 0,
            "70.000000" : 0,
            "80.000000" : 0,
            "90.000000" : 0,
            "95.000000" : 0,
            "99.000000" : 0,
            "99.500000" : 0,
            "99.900000" : 0,
            "99.950000" : 0,
            "99.990000" : 0,
            "0.00" : 0,
            "0.00" : 0,
            "0.00" : 0
          }
        },
        "lat_ns" : {
          "min" : 0,
          "max" : 0,
          "mean" : 0.000000,
          "stddev" : 0.000000
        },
        "bw_min" : 0,
        "bw_max" : 0,
        "bw_agg" : 0.000000,
        "bw_mean" : 0.000000,
        "bw_dev" : 0.000000,
        "bw_samples" : 0,
        "iops_min" : 0,
        "iops_max" : 0,
        "iops_mean" : 0.000000,
        "iops_stddev" : 0.000000,
        "iops_samples" : 0
      },
      "usr_cpu" : 0.041945,
      "sys_cpu" : 0.047759,
      "ctx" : 5114,
      "majf" : 0,
      "minf" : 87,
      "iodepth_level" : {
        "1" : 0.100000,
        "2" : 0.100000,
        "4" : 0.196633,
        "8" : 0.393265,
        "16" : 0.786531,
        "32" : 98.476097,
        ">=64" : 0.000000
      },
      "latency_ns" : {
        "2" : 0.000000,
        "4" : 0.000000,
        "10" : 0.000000,
        "20" : 0.000000,
        "50" : 0.000000,
        "100" : 0.000000,
        "250" : 0.000000,
        "500" : 0.000000,
        "750" : 0.000000,
        "1000" : 0.000000
      },
      "latency_us" : {
        "2" : 0.000000,
        "4" : 0.000000,
        "10" : 0.000000,
        "20" : 0.000000,
        "50" : 0.000000,
        "100" : 0.000000,
        "250" : 0.000000,
        "500" : 0.000000,
        "750" : 0.000000,
        "1000" : 0.000000
      },
      "latency_ms" : {
        "2" : 0.000000,
        "4" : 0.000000,
        "10" : 0.000000,
        "20" : 0.000000,
        "50" : 0.012290,
        "100" : 0.000000,
        "250" : 0.233501,
        "500" : 2.273565,
        "750" : 13.788866,
        "1000" : 36.536807,
        "2000" : 47.154971,
        ">=2000" : 0.000000
      },
      "latency_depth" : 32,
      "latency_target" : 0,
      "latency_percentile" : 100.000000,
      "latency_window" : 0
    }
  ],
  "disk_util" : [
    {
      "name" : "md5",
      "read_ios" : 73,
      "write_ios" : 8137,
      "read_merges" : 0,
      "write_merges" : 0,
      "read_ticks" : 0,
      "write_ticks" : 0,
      "in_queue" : 0,
      "util" : 0.000000,
      "aggr_read_ios" : 2041,
      "aggr_write_ios" : 3180,
      "aggr_read_merges" : 2,
      "aggr_write_merge" : 0,
      "aggr_read_ticks" : 142760,
      "aggr_write_ticks" : 82643,
      "aggr_in_queue" : 225396,
      "aggr_util" : 82.306302
    },
    {
      "name" : "sdf",
      "read_ios" : 2022,
      "write_ios" : 3163,
      "read_merges" : 3,
      "write_merges" : 0,
      "read_ticks" : 156400,
      "write_ticks" : 93180,
      "in_queue" : 249572,
      "util" : 71.306771
    },
    {
      "name" : "sdd",
      "read_ios" : 2019,
      "write_ios" : 3157,
      "read_merges" : 1,
      "write_merges" : 0,
      "read_ticks" : 159860,
      "write_ticks" : 90632,