{
  "fio version" : "fio-3.1",
  "timestamp" : 1584930850,
  "timestamp_ms" : 1584930850007,
  "time" : "Mon Mar 23 03:34:10 2020",
  "jobs" : [
    {
      "jobname" : "iotest",
      "groupid" : 0,
      "error" : 0,
      "eta" : 0,
      "elapsed" : 62,
      "job options" : {
        "rw" : "randwrite",
        "bs" : "4k",
        "ioengine" : "libaio",
        "iodepth" : "64",
        "direct" : "1",
        "invalidate" : "1",
        "refill_buffers" : "1",
        "runtime" : "60",
        "numjobs" : "32",
        "group_reporting" : "1",
        "write_bw_log" : "/fio/RAID5_500GB/randwrite-iodepth-64-numjobs-32",
        "write_lat_log" : "/fio/RAID5_500GB/randwrite-iodepth-64-numjobs-32",
        "write_iops_log" : "/fio/RAID5_500GB/randwrite-iodepth-64-numjobs-32",
        "log_avg_msec" : "500",
        "filename" : "/dev/md5p1"
      },
      "read" : {
        "io_bytes" : 0,
        "io_kbytes" : 0,
        "bw" : 0,
        "iops" : 0.000000,
        "runtime" : 0,
        "total_ios" : 0,
        "short_ios" : 0,
        "drop_ios" : 0,
        "slat_ns" : {
          "min" : 0,
          "max" : 0,
          "mean" : 0.000000,
          "stddev" : 0.000000
        },
        "clat_ns" : {
          "min" : 0,
          "max" : 0,
          "mean" : 0.000000,
          "stddev" : 0.000000,
          "percentile" : {
            "1.000000" : 0,
            "5.000000" : 0,
            "10.000000" : 0,
            "20.000000" : 0,
            "30.000000" : 0,
            "40.000000" : 0,
            "50.000000" : 0,
            "60.000000" : 0,
            "70.000000" : 0,
            "80.000000" : 0,
            "90.000000" : 0,
            "95.000000" : 0,
            "99.000000" : 0,
            "99.500000" : 0,
            "99.900000" : 0,
            "99.950000" : 0,
            "99.990000" : 0,
            "0.00" : 0,
            "0.00" : 0,
            "0.00" : 0
          }
        },
        "lat_ns" : {
          "min" : 0,
          "max" : 0,
          "mean" : 0.000000,
          "stddev" : 0.000000
        },
        "bw_min" : 0,
        "bw_max" : 0,
        "bw_agg" : 0.000000,
        "bw_mean" : 0.000000,
        "bw_dev" : 0.000000,
        "bw_samples" : 0,
        "iops_min" : 0,
        "iops_max" : 0,
        "iops_mean" : 0.000000,
        "iops_stddev" : 0.000000,
        "iops_samples" : 0
      },
      "write" : {
        "io_bytes" : 49147904,
        "io_kbytes" : 47996,
        "bw" : 789,
        "iops" : 197.277346,
        "runtime" : 60823,
        "total_ios" : 11999,
        "short_ios" : 0,
        "drop_ios" : 0,
        "slat_ns" : {
          "min" : 3428,
          "max" : 25010019570,
          "mean" : 156503897.163680,
          "stddev" : 1035778398.155996
        },
        "clat_ns" : {
          "min" : 171101940,
          "max" : 43126787644,
          "mean" : 8931258522.548464,
          "stddev" : 6740871007.171273,
          "percentile" : {
            "1.000000" : 1132462080,
            "5.000000" : 1904214016,
            "10.000000" : 2264924160,
            "20.000000" : 3238002688,
            "30.000000" : 4462739456,
            "40.000000" : 5804916736,
            "50.000000" : 7482638336,
            "60.000000" : 9059696640,
            "70.000000" : 10670309376,
            "80.000000" : 13220446208,
            "90.000000" : 17112760320,
            "95.000000" : 17112760320,
            "99.000000" : 17112760320,
            "99.500000" : 17112760320,
            "99.900000" : 17112760320,
            "99.950000" : 17112760320,
            "99.990000" : 17112760320,
            "0.00" : 0,
            "0.00" : 0,
            "0.00" : 0
          }
        },
        "lat_ns" : {
          "min" : 171105870,
          "max" : 50038633795,
          "mean" : 9087763086.836655,
          "stddev" : 6813722978.639132
        },
        "bw_min" : 7,
        "bw_max" : 511,
        "bw_agg" : 17.872504,
        "bw_mean" : 141.014060,
        "bw_dev" : 117.773878,
        "bw_samples" : 569,
        "iops_min" : 1,
        "iops_max" : 127,
        "iops_mean" : 35.101933,
        "iops_stddev" : 29.334943,
        "iops_samples" : 569
      },
      "trim" : {
        "io_bytes" : 0,
        "io_kbytes" : 0,
        "bw" : 0,
        "iops" : 0.000000,
        "runtime" : 0,
        "total_ios" : 0,
        "short_ios" : 0,
        "drop_ios" : 0,
        "slat_ns" : {
          "min" : 0,
          "max" : 0,
          "mean" : 0.000000,
          "stddev" : 0.000000
        },
        "clat_ns" : {
          "min" : 0,
          "max" : 0,
          "mean" : 0.000000,
          "stddev" : 0.000000,
          "percentile" : {
            "1.000000" : 0,
            "5.000000" : 0,
            "10.000000" : 0,
            "20.000000" : 0,
            "30.000000" : 0,
            "40.000000" : 0,
            "50.000000" : 0,
            "60.000000" : 0,
            "70.000000" : 0,
            "80.000000" : 0,
            "90.000000" : 0,
            "95.000000" : 0,
            "99.000000" : 0,
            "99.500000" : 0,
            "99.900000" : 0,
            "99.950000" : 0,
            "99.990000" : 0,
            "0.00" : 0,
            "0.00" : 0,
            "0.00" : 0
          }
        },
        "lat_ns" : {
          "min" : 0,
          "max" : 0,
          "mean" : 0.000000,
          "stddev" : 0.000000
        },
        "bw_min" : 0,
        "bw_max" : 0,
        "bw_agg" : 0.000000,
        "bw_mean" : 0.000000,
        "bw_dev" : 0.000000,
        "bw_samples" : 0,
        "iops_min" : 0,
        "iops_max" : 0,
        "iops_mean" : 0.000000,
        "iops_stddev" : 0.000000,
        "iops_samples" : 0
      },
      "usr_cpu" : 0.006122,
      "sys_cpu" : 0.018108,
      "ctx" : 72061,
      "majf" : 0,
      "minf" : 761,
      "iodepth_level" : {
        "1" : 0.266689,
        "2" : 0.533378,
        "4" : 1.066756,
        "8" : 2.133511,
        "16" : 4.267022,
        "32" : 8.534045,
        ">=64" : 83.198600
      },
      "latency_ns" : {
        "2" : 0.000000,
        "4" : 0.000000,
        "10" : 0.000000,
        "20" : 0.000000,
        "50" : 0.000000,
        "100" : 0.000000,
        "250" : 0.000000,
        "500" : 0.000000,
        "750" : 0.000000,
        "1000" : 0.000000
      },
      "latency_us" : {
        "2" : 0.000000,
        "4" : 0.000000,
        "10" : 0.000000,
        "20" : 0.000000,
        "50" : 0.000000,
        "100" : 0.000000,
        "250" : 0.000000,
        "500" : 0.000000,
        "750" : 0.000000,
        "1000" : 0.000000
      },
      "latency_ms" : {
        "2" : 0.000000,
        "4" : 0.000000,
        "10" : 0.000000,
        "20" : 0.000000,
        "50" : 0.000000,
        "100" : 0.000000,
        "250" : 0.025002,
        "500" : 0.025002,
        "750" : 0.250021,
        "1000" : 0.100008,
        "2000" : 5.292108,
        ">=2000" : 94.307859
      },
      "latency_depth" : 64,
      "latency_target" : 0,
      "latency_percentile" : 100.000000,
      "latency_window" : 0
    }
  ],
  "disk_util" : [
    {
      "name" : "md5",
      "read_ios" : 156,
      "write_ios" : 11999,
      "read_merges" : 0,
      "write_merges" : 0,
      "read_ticks" : 0,
      "write_ticks" : 0,
      "in_queue" : 0,
      "util" : 0.000000,
      "aggr_read_ios" : 3014,
      "aggr_write_ios" : 3303,
      "aggr_read_merges" : 5,
      "aggr_write_merge" : 0,
      "aggr_read_ticks" : 732618,
      "aggr_write_ticks" : 570635,
      "aggr_in_queue" : 1303241,
      "aggr_util" : 93.843583
    },
    {
      "name" : "sdf",
      "read_ios" : 3010,
      "write_ios" : 3304,
      "read_merges" : 6,
      "write_merges" : 0,
      "read_ticks" : 810720,
      "write_ticks" : 627164,
      "in_queue" : 1437868,
      "util" : 81.779758
    },
    {
      "name" : "sdd",
      "read_ios" : 3007,
      "write_ios" : 3295,
      "read_merges" : 2,
      "write_merges" : 0,