{
  "fio version" : "fio-3.1",
  "timestamp" : 1584929740,
  "timestamp_ms" : 1584929740959,
  "time" : "Mon Mar 23 03:15:40 2020",
  "jobs" : [
    {
      "jobname" : "iotest",
      "groupid" : 0,
      "error" : 0,
      "eta" : 0,
      "elapsed" : 61,
      "job options" : {
        "rw" : "randwrite",
        "bs" : "4k",
        "ioengine" : "libaio",
        "iodepth" : "16",
        "direct" : "1",
        "invalidate" : "1",
        "refill_buffers" : "1",
        "runtime" : "60",
        "numjobs" : "2",
        "group_reporting" : "1",
        "write_bw_log" : "/fio/RAID5_500GB/randwrite-iodepth-16-numjobs-2",
        "write_lat_log" : "/fio/RAID5_500GB/randwrite-iodepth-16-numjobs-2",
        "write_iops_log" : "/fio/RAID5_500GB/randwrite-iodepth-16-numjobs-2",
        "log_avg_msec" : "500",
        "filename" : "/dev/md5p1"
      },
      "read" : {
        "io_bytes" : 0,
        "io_kbytes" : 0,
        "bw" : 0,
        "iops" : 0.000000,
        "runtime" : 0,
        "total_ios" : 0,
        "short_ios" : 0,
        "drop_ios" : 0,
        "slat_ns" : {
          "min" : 0,
          "max" : 0,
          "mean" : 0.000000,
          "stddev" : 0.000000
        },
        "clat_ns" : {
          "min" : 0,
          "max" : 0,
          "mean" : 0.000000,
          "stddev" : 0.000000,
          "percentile" : {
            "1.000000" : 0,
            "5.000000" : 0,
            "10.000000" : 0,
            "20.000000" : 0,
            "30.000000" : 0,
            "40.000000" : 0,
            "50.000000" : 0,
            "60.000000" : 0,
            "70.000000" : 0,
            "80.000000" : 0,
            "90.000000" : 0,
            "95.000000" : 0,
            "99.000000" : 0,
            "99.500000" : 0,
            "99.900000" : 0,
            "99.950000" : 0,
            "99.990000" : 0,
            "0.00" : 0,
            "0.00" : 0,
            "0.00" : 0
          }
        },
        "lat_ns" : {
          "min" : 0,
          "max" : 0,
          "mean" : 0.000000,
          "stddev" : 0.000000
        },
        "bw_min" : 0,
        "bw_max" : 0,
        "bw_agg" : 0.000000,
        "bw_mean" : 0.000000,
        "bw_dev" : 0.000000,
        "bw_samples" : 0,
        "iops_min" : 0,
        "iops_max" : 0,
        "iops_mean" : 0.000000,
        "iops_stddev" : 0.000000,
        "iops_samples" : 0
      },
      "write" : {
        "io_bytes" : 22851584,
        "io_kbytes" : 22316,
        "bw" : 371,
        "iops" : 92.895083,
        "runtime" : 60057,
        "total_ios" : 5579,
        "short_ios" : 0,
        "drop_ios" : 0,
        "slat_ns" : {
          "min" : 4714,
          "max" : 20095102,
          "mean" : 16444.123140,
          "stddev" : 328626.424084
        },
        "clat_ns" : {
          "min" : 43821562,
          "max" : 592594505,
          "mean" : 344322898.243772,
          "stddev" : 77901173.768842,
          "percentile" : {
            "1.000000" : 149946368,
            "5.000000" : 204472320,
            "10.000000" : 235929600,
            "20.000000" : 278921216,
            "30.000000" : 312475648,
            "40.000000" : 333447168,
            "50.000000" : 350224384,
            "60.000000" : 371195904,
            "70.000000" : 387973120,
            "80.000000" : 408944640,
            "90.000000" : 434110464,
            "95.000000" : 455081984,
            "99.000000" : 513802240,
            "99.500000" : 541065216,
            "99.900000" : 583008256,
            "99.950000" : 583008256,
            "99.990000" : 591396864,
            "0.00" : 0,
            "0.00" : 0,
            "0.00" : 0
          }
        },
        "lat_ns" : {
          "min" : 57939009,
          "max" : 592604438,
          "mean" : 344339860.685965,
          "stddev" : 77877401.373015
        },
        "bw_min" : 48,
        "bw_max" : 267,
        "bw_agg" : 50.065139,
        "bw_mean" : 185.741667,
        "bw_dev" : 34.161197,
        "bw_samples" : 240,
        "iops_min" : 12,
        "iops_max" : 66,
        "iops_mean" : 46.225000,
        "iops_stddev" : 8.481299,
        "iops_samples" : 240
      },
      "trim" : {
        "io_bytes" : 0,
        "io_kbytes" : 0,
        "bw" : 0,
        "iops" : 0.000000,
        "runtime" : 0,
        "total_ios" : 0,
        "short_ios" : 0,
        "drop_ios" : 0,
        "slat_ns" : {
          "min" : 0,
          "max" : 0,
          "mean" : 0.000000,
          "stddev" : 0.000000
        },
        "clat_ns" : {
          "min" : 0,
          "max" : 0,
          "mean" : 0.000000,
          "stddev" : 0.000000,
          "percentile" : {
            "1.000000" : 0,
            "5.000000" : 0,
            "10.000000" : 0,
            "20.000000" : 0,
            "30.000000" : 0,
            "40.000000" : 0,
            "50.000000" : 0,
            "60.000000" : 0,
            "70.000000" : 0,
            "80.000000" : 0,
            "90.000000" : 0,
            "95.000000" : 0,
            "99.000000" : 0,
            "99.500000" : 0,
            "99.900000" : 0,
            "99.950000" : 0,
            "99.990000" : 0,
            "0.00" : 0,
            "0.00" : 0,
            "0.00" : 0
          }
        },
        "lat_ns" : {
          "min" : 0,
          "max" : 0,
          "mean" : 0.000000,
          "stddev" : 0.000000
        },
        "bw_min" : 0,
        "bw_max" : 0,
        "bw_agg" : 0.000000,
        "bw_mean" : 0.000000,
        "bw_dev" : 0.000000,
        "bw_samples" : 0,
        "iops_min" : 0,
        "iops_max" : 0,
        "iops_mean" : 0.000000,
        "iops_stddev" : 0.000000,
        "iops_samples" : 0
      },
      "usr_cpu" : 0.035802,
      "sys_cpu" : 0.069106,
      "ctx" : 2167,
      "majf" : 0,
      "minf" : 30,
      "iodepth_level" : {
        "1" : 0.100000,
        "2" : 0.100000,
        "4" : 0.143395,
        "8" : 0.286790,
        "16" : 99.462269,
        "32" : 0.000000,
        ">=64" : 0.000000
      },
      "latency_ns" : {
        "2" : 0.000000,
        "4" : 0.000000,
        "10" : 0.000000,
        "20" : 0.000000,
        "50" : 0.000000,
        "100" : 0.000000,
        "250" : 0.000000,
        "500" : 0.000000,
        "750" : 0.000000,
        "1000" : 0.000000
      },
      "latency_us" : {
        "2" : 0.000000,
        "4" : 0.000000,
        "10" : 0.000000,
        "20" : 0.000000,
        "50" : 0.000000,
        "100" : 0.000000,
        "250" : 0.000000,
        "500" : 0.000000,
        "750" : 0.000000,
        "1000" : 0.000000
      },
      "latency_ms" : {
        "2" : 0.000000,
        "4" : 0.000000,
        "10" : 0.000000,
        "20" : 0.000000,
        "50" : 0.035849,
        "100" : 0.250941,
        "250" : 13.461194,
        "500" : 84.764295,
        "750" : 1.487722,
        "1000" : 0.000000,
        "2000" : 0.000000,
        ">=2000" : 0.000000
      },
      "latency_depth" : 16,
      "latency_target" : 0,
      "latency_percentile" : 100.000000,
      "latency_window" : 0
    }
  ],
  "disk_util" : [
    {
      "name" : "md5",
      "read_ios" : 78,
      "write_ios" : 5554,
      "read_merges" : 0,
      "write_merges" : 0,
      "read_ticks" : 0,
      "write_ticks" : 0,
      "in_queue" : 0,
      "util" : 0.000000,
      "aggr_read_ios" : 1402,
      "aggr_write_ios" : 2523,
      "aggr_read_merges" : 2,
      "aggr_write_merge" : 0,
      "aggr_read_ticks" : 35550,
      "aggr_write_ticks" : 38928,
      "aggr_in_queue" : 74479,
      "aggr_util" : 72.380636
    },
    {
      "name" : "sdf",
      "read_ios" : 1384,
      "write_ios" : 2508,
      "read_merges" : 3,
      "write_merges" : 0,
      "read_ticks" : 37112,
      "write_ticks" : 36216,
      "in_queue" : 73328,
      "util" : 57.734972
    },
    {
      "name" : "sdd",
      "read_ios" : 1379,
      "write_ios" : 2501,
      "read_merges" : 1,
      "write_merges" : 0,
      "read_ticks" : 41136,
      "write_ticks" : 45544,
      "in_queue" : 86680,