{
  "fio version" : "fio-3.1",
  "timestamp" : 1584928269,
  "timestamp_ms" : 1584928269374,
  "time" : "Mon Mar 23 02:51:09 2020",
  "jobs" : [
    {
      "jobname" : "iotest",
      "groupid" : 0,
      "error" : 0,
      "eta" : 0,
      "elapsed" : 61,
      "job options" : {
        "rw" : "randwrite",
        "bs" : "4k",
        "ioengine" : "libaio",
        "iodepth" : "1",
        "direct" : "1",
        "invalidate" : "1",
        "refill_buffers" : "1",
        "runtime" : "60",
        "numjobs" : "32",
        "group_reporting" : "1",
        "write_bw_log" : "/fio/RAID5_500GB/randwrite-iodepth-1-numjobs-32",
        "write_lat_log" : "/fio/RAID5_500GB/randwrite-iodepth-1-numjobs-32",
        "write_iops_log" : "/fio/RAID5_500GB/randwrite-iodepth-1-numjobs-32",
        "log_avg_msec" : "500",
        "filename" : "/dev/md5p1"
      },
      "read" : {
        "io_bytes" : 0,
        "io_kbytes" : 0,
        "bw" : 0,
        "iops" : 0.000000,
        "runtime" : 0,
        "total_ios" : 0,
        "short_ios" : 0,
        "drop_ios" : 0,
        "slat_ns" : {
          "min" : 0,
          "max" : 0,
          "mean" : 0.000000,
          "stddev" : 0.000000
        },
        "clat_ns" : {
          "min" : 0,
          "max" : 0,
          "mean" : 0.000000,
          "stddev" : 0.000000,
          "percentile" : {
            "1.000000" : 0,
            "5.000000" : 0,
            "10.000000" : 0,
            "20.000000" : 0,
            "30.000000" : 0,
            "40.000000" : 0,
            "50.000000" : 0,
            "60.000000" : 0,
            "70.000000" : 0,
            "80.000000" : 0,
            "90.000000" : 0,
            "95.000000" : 0,
            "99.000000" : 0,
            "99.500000" : 0,
            "99.900000" : 0,
            "99.950000" : 0,
            "99.990000" : 0,
            "0.00" : 0,
            "0.00" : 0,
            "0.00" : 0
          }
        },
        "lat_ns" : {
          "min" : 0,
          "max" : 0,
          "mean" : 0.000000,
          "stddev" : 0.000000
        },
        "bw_min" : 0,
        "bw_max" : 0,
        "bw_agg" : 0.000000,
        "bw_mean" : 0.000000,
        "bw_dev" : 0.000000,
        "bw_samples" : 0,
        "iops_min" : 0,
        "iops_max" : 0,
        "iops_mean" : 0.000000,
        "iops_stddev" : 0.000000,
        "iops_samples" : 0
      },
      "write" : {
        "io_bytes" : 22638592,
        "io_kbytes" : 22108,
        "bw" : 367,
        "iops" : 91.880839,
        "runtime" : 60154,
        "total_ios" : 5527,
        "short_ios" : 0,
        "drop_ios" : 0,
        "slat_ns" : {
          "min" : 7711,
          "max" : 110719707,
          "mean" : 75169.010132,
          "stddev" : 1805335.381675
        },
        "clat_ns" : {
          "min" : 19008038,
          "max" : 652464527,
          "mean" : 347530760.760268,
          "stddev" : 83766116.095965,
          "percentile" : {
            "1.000000" : 154140672,
            "5.000000" : 196083712,
            "10.000000" : 219152384,
            "20.000000" : 283115520,
            "30.000000" : 316669952,
            "40.000000" : 337641472,
            "50.000000" : 354418688,
            "60.000000" : 371195904,
            "70.000000" : 387973120,
            "80.000000" : 413138944,
            "90.000000" : 446693376,
            "95.000000" : 476053504,
            "99.000000" : 541065216,
            "99.500000" : 557842432,
            "99.900000" : 608174080,
            "99.950000" : 624951296,
            "99.990000" : 650117120,
            "0.00" : 0,
            "0.00" : 0,
            "0.00" : 0
          }
        },
        "lat_ns" : {
          "min" : 19027516,
          "max" : 652473755,
          "mean" : 347606930.129727,
          "stddev" : 83730580.744182
        },
        "bw_min" : 7,
        "bw_max" : 24,
        "bw_agg" : 3.121492,
        "bw_mean" : 11.455875,
        "bw_dev" : 4.110197,
        "bw_samples" : 3830,
        "iops_min" : 1,
        "iops_max" : 6,
        "iops_mean" : 2.849086,
        "iops_stddev" : 1.037149,
        "iops_samples" : 3830
      },
      "trim" : {
        "io_bytes" : 0,
        "io_kbytes" : 0,
        "bw" : 0,
        "iops" : 0.000000,
        "runtime" : 0,
        "total_ios" : 0,
        "short_ios" : 0,
        "drop_ios" : 0,
        "slat_ns" : {
          "min" : 0,
          "max" : 0,
          "mean" : 0.000000,
          "stddev" : 0.000000
        },
        "clat_ns" : {
          "min" : 0,
          "max" : 0,
          "mean" : 0.000000,
          "stddev" : 0.000000,
          "percentile" : {
            "1.000000" : 0,
            "5.000000" : 0,
            "10.000000" : 0,
            "20.000000" : 0,
            "30.000000" : 0,
            "40.000000" : 0,
            "50.000000" : 0,
            "60.000000" : 0,
            "70.000000" : 0,
            "80.000000" : 0,
            "90.000000" : 0,
            "95.000000" : 0,
            "99.000000" : 0,
            "99.500000" : 0,
            "99.900000" : 0,
            "99.950000" : 0,
            "99.990000" : 0,
            "0.00" : 0,
            "0.00" : 0,
            "0.00" : 0
          }
        },
        "lat_ns" : {
          "min" : 0,
          "max" : 0,
          "mean" : 0.000000,
          "stddev" : 0.000000
        },
        "bw_min" : 0,
        "bw_max" : 0,
        "bw_agg" : 0.000000,
        "bw_mean" : 0.000000,
        "bw_dev" : 0.000000,
        "bw_samples" : 0,
        "iops_min" : 0,
        "iops_max" : 0,
        "iops_mean" : 0.000000,
        "iops_stddev" : 0.000000,
        "iops_samples" : 0
      },
      "usr_cpu" : 0.005777,
      "sys_cpu" : 0.007598,
      "ctx" : 5651,
      "majf" : 0,
      "minf" : 808,
      "iodepth_level" : {
        "1" : 100.000000,
        "2" : 0.000000,
        "4" : 0.000000,
        "8" : 0.000000,
        "16" : 0.000000,
        "32" : 0.000000,
        ">=64" : 0.000000
      },
      "latency_ns" : {
        "2" : 0.000000,
        "4" : 0.000000,
        "10" : 0.000000,
        "20" : 0.000000,
        "50" : 0.000000,
        "100" : 0.000000,
        "250" : 0.000000,
        "500" : 0.000000,
        "750" : 0.000000,
        "1000" : 0.000000
      },
      "latency_us" : {
        "2" : 0.000000,
        "4" : 0.000000,
        "10" : 0.000000,
        "20" : 0.000000,
        "50" : 0.000000,
        "100" : 0.000000,
        "250" : 0.000000,
        "500" : 0.000000,
        "750" : 0.000000,
        "1000" : 0.000000
      },
      "latency_ms" : {
        "2" : 0.000000,
        "4" : 0.000000,
        "10" : 0.000000,
        "20" : 0.036186,
        "50" : 0.000000,
        "100" : 0.253302,
        "250" : 15.234304,
        "500" : 81.581328,
        "750" : 2.894880,
        "1000" : 0.000000,
        "2000" : 0.000000,
        ">=2000" : 0.000000
      },
      "latency_depth" : 1,
      "latency_target" : 0,
      "latency_percentile" : 100.000000,
      "latency_window" : 0
    }
  ],
  "disk_util" : [
    {
      "name" : "md5",
      "read_ios" : 156,
      "write_ios" : 5526,
      "read_merges" : 0,
      "write_merges" : 0,
      "read_ticks" : 0,
      "write_ticks" : 0,
      "in_queue" : 0,
      "util" : 0.000000,
      "aggr_read_ios" : 1396,
      "aggr_write_ios" : 2660,
      "aggr_read_merges" : 5,
      "aggr_write_merge" : 0,
      "aggr_read_ticks" : 33966,
      "aggr_write_ticks" : 38426,
      "aggr_in_queue" : 72392,
      "aggr_util" : 68.519317
    },
    {
      "name" : "sdf",
      "read_ios" : 1395,
      "write_ios" : 2665,
      "read_merges" : 6,
      "write_merges" : 0,
      "read_ticks" : 36672,
      "write_ticks" : 37304,
      "in_queue" : 73976,
      "util" : 60.646659
    },
    {
      "name" : "sdd",
      "read_ios" : 1355,
      "write_ios" : 2618,
      "read_merges" : 2,
      "write_merges" : 0,
      "read_ticks" : 36904,
      "write_ticks" : 42600,
      "in_queue" : 79504,