{
  "fio version" : "fio-3.1",
  "timestamp" : 1584930356,
  "timestamp_ms" : 1584930356767,
  "time" : "Mon Mar 23 03:25:56 2020",
  "jobs" : [
    {
      "jobname" : "iotest",
      "groupid" : 0,
      "error" : 0,
      "eta" : 0,
      "elapsed" : 62,
      "job options" : {
        "rw" : "randwrite",
        "bs" : "4k",
        "ioengine" : "libaio",
        "iodepth" : "32",
        "direct" : "1",
        "invalidate" : "1",
        "refill_buffers" : "1",
        "runtime" : "60",
        "numjobs" : "16",
        "group_reporting" : "1",
        "write_bw_log" : "/fio/RAID5_500GB/randwrite-iodepth-32-numjobs-16",
        "write_lat_log" : "/fio/RAID5_500GB/randwrite-iodepth-32-numjobs-16",
        "write_iops_log" : "/fio/RAID5_500GB/randwrite-iodepth-32-numjobs-16",
        "log_avg_msec" : "500",
        "filename" : "/dev/md5p1"
      },
      "read" : {
        "io_bytes" : 0,
        "io_kbytes" : 0,
        "bw" : 0,
        "iops" : 0.000000,
        "runtime" : 0,
        "total_ios" : 0,
        "short_ios" : 0,
        "drop_ios" : 0,
        "slat_ns" : {
          "min" : 0,
          "max" : 0,
          "mean" : 0.000000,
          "stddev" : 0.000000
        },
        "clat_ns" : {
          "min" : 0,
          "max" : 0,
          "mean" : 0.000000,
          "stddev" : 0.000000,
          "percentile" : {
            "1.000000" : 0,
            "5.000000" : 0,
            "10.000000" : 0,
            "20.000000" : 0,
            "30.000000" : 0,
            "40.000000" : 0,
            "50.000000" : 0,
            "60.000000" : 0,
            "70.000000" : 0,
            "80.000000" : 0,
            "90.000000" : 0,
            "95.000000" : 0,
            "99.000000" : 0,
            "99.500000" : 0,
            "99.900000" : 0,
            "99.950000" : 0,
            "99.990000" : 0,
            "0.00" : 0,
            "0.00" : 0,
            "0.00" : 0
          }
        },
        "lat_ns" : {
          "min" : 0,
          "max" : 0,
          "mean" : 0.000000,
          "stddev" : 0.000000
        },
        "bw_min" : 0,
        "bw_max" : 0,
        "bw_agg" : 0.000000,
        "bw_mean" : 0.000000,
        "bw_dev" : 0.000000,
        "bw_samples" : 0,
        "iops_min" : 0,
        "iops_max" : 0,
        "iops_mean" : 0.000000,
        "iops_stddev" : 0.000000,
        "iops_samples" : 0
      },
      "write" : {
        "io_bytes" : 49156096,
        "io_kbytes" : 48004,
        "bw" : 788,
        "iops" : 197.128731,
        "runtime" : 60879,
        "total_ios" : 12001,
        "short_ios" : 0,
        "drop_ios" : 0,
        "slat_ns" : {
          "min" : 3497,
          "max" : 2991810759,
          "mean" : 44122009.897842,
          "stddev" : 200472644.501863
        },
        "clat_ns" : {
          "min" : 229258859,
          "max" : 5910270924,
          "mean" : 2548271117.373136,
          "stddev" : 719419035.823016,
          "percentile" : {
            "1.000000" : 1082130432,
            "5.000000" : 1283457024,
            "10.000000" : 1568669696,
            "20.000000" : 2055208960,
            "30.000000" : 2264924160,
            "40.000000" : 2432696320,
            "50.000000" : 2533359616,
            "60.000000" : 2634022912,
            "70.000000" : 2768240640,
            "80.000000" : 3070230528,
            "90.000000" : 3506438144,
            "95.000000" : 3841982464,
            "99.000000" : 4664066048,
            "99.500000" : 4865392640,
            "99.900000" : 5335154688,
            "99.950000" : 5335154688,
            "99.990000" : 5872025600,
            "0.00" : 0,
            "0.00" : 0,
            "0.00" : 0
          }
        },
        "lat_ns" : {
          "min" : 229264908,
          "max" : 6623731409,
          "mean" : 2592393887.127239,
          "stddev" : 744742477.346453
        },
        "bw_min" : 7,
        "bw_max" : 260,
        "bw_agg" : 9.474611,
        "bw_mean" : 74.659935,
        "bw_dev" : 64.032390,
        "bw_samples" : 1238,
        "iops_min" : 1,
        "iops_max" : 65,
        "iops_mean" : 18.565428,
        "iops_stddev" : 15.917385,
        "iops_samples" : 1238
      },
      "trim" : {
        "io_bytes" : 0,
        "io_kbytes" : 0,
        "bw" : 0,
        "iops" : 0.000000,
        "runtime" : 0,
        "total_ios" : 0,
        "short_ios" : 0,
        "drop_ios" : 0,
        "slat_ns" : {
          "min" : 0,
          "max" : 0,
          "mean" : 0.000000,
          "stddev" : 0.000000
        },
        "clat_ns" : {
          "min" : 0,
          "max" : 0,
          "mean" : 0.000000,
          "stddev" : 0.000000,
          "percentile" : {
            "1.000000" : 0,
            "5.000000" : 0,
            "10.000000" : 0,
            "20.000000" : 0,
            "30.000000" : 0,
            "40.000000" : 0,
            "50.000000" : 0,
            "60.000000" : 0,
            "70.000000" : 0,
            "80.000000" : 0,
            "90.000000" : 0,
            "95.000000" : 0,
            "99.000000" : 0,
            "99.500000" : 0,
            "99.900000" : 0,
            "99.950000" : 0,
            "99.990000" : 0,
            "0.00" : 0,
            "0.00" : 0,
            "0.00" : 0
          }
        },
        "lat_ns" : {
          "min" : 0,
          "max" : 0,
          "mean" : 0.000000,
          "stddev" : 0.000000
        },
        "bw_min" : 0,
        "bw_max" : 0,
        "bw_agg" : 0.000000,
        "bw_mean" : 0.000000,
        "bw_dev" : 0.000000,
        "bw_samples" : 0,
        "iops_min" : 0,
        "iops_max" : 0,
        "iops_mean" : 0.000000,
        "iops_stddev" : 0.000000,
        "iops_samples" : 0
      },
      "usr_cpu" : 0.010889,
      "sys_cpu" : 0.025682,
      "ctx" : 34938,
      "majf" : 0,
      "minf" : 329,
      "iodepth_level" : {
        "1" : 0.133322,
        "2" : 0.266644,
        "4" : 0.533289,
        "8" : 1.066578,
        "16" : 2.133156,
        "32" : 95.867011,
        ">=64" : 0.000000
      },
      "latency_ns" : {
        "2" : 0.000000,
        "4" : 0.000000,
        "10" : 0.000000,
        "20" : 0.000000,
        "50" : 0.000000,
        "100" : 0.000000,
        "250" : 0.000000,
        "500" : 0.000000,
        "750" : 0.000000,
        "1000" : 0.000000
      },
      "latency_us" : {
        "2" : 0.000000,
        "4" : 0.000000,
        "10" : 0.000000,
        "20" : 0.000000,
        "50" : 0.000000,
        "100" : 0.000000,
        "250" : 0.000000,
        "500" : 0.000000,
        "750" : 0.000000,
        "1000" : 0.000000
      },
      "latency_ms" : {
        "2" : 0.000000,
        "4" : 0.000000,
        "10" : 0.000000,
        "20" : 0.000000,
        "50" : 0.000000,
        "100" : 0.000000,
        "250" : 0.016665,
        "500" : 0.141655,
        "750" : 0.408299,
        "1000" : 0.233314,
        "2000" : 17.465211,
        ">=2000" : 81.734855
      },
      "latency_depth" : 32,
      "latency_target" : 0,
      "latency_percentile" : 100.000000,
      "latency_window" : 0
    }
  ],
  "disk_util" : [
    {
      "name" : "md5",
      "read_ios" : 156,
      "write_ios" : 12001,
      "read_merges" : 0,
      "write_merges" : 0,
      "read_ticks" : 0,
      "write_ticks" : 0,
      "in_queue" : 0,
      "util" : 0.000000,
      "aggr_read_ios" : 3016,
      "aggr_write_ios" : 3297,
      "aggr_read_merges" : 6,
      "aggr_write_merge" : 0,
      "aggr_read_ticks" : 785417,
      "aggr_write_ticks" : 647348,
      "aggr_in_queue" : 1432760,
      "aggr_util" : 94.627815
    },
    {
      "name" : "sdf",
      "read_ios" : 3022,
      "write_ios" : 3310,
      "read_merges" : 6,
      "write_merges" : 0,
      "read_ticks" : 883404,
      "write_ticks" : 730532,
      "in_queue" : 1613944,
      "util" : 82.053131
    },
    {
      "name" : "sdd",
      "read_ios" : 3044,
      "write_ios" : 3322,
      "read_merges" : 2,
      "write_merges" : 0,
      "read_ticks" : 963412,