{
  "fio version" : "fio-3.1",
  "timestamp" : 1584930542,
  "timestamp_ms" : 1584930542197,
  "time" : "Mon Mar 23 03:29:02 2020",
  "jobs" : [
    {
      "jobname" : "iotest",
      "groupid" : 0,
      "error" : 0,
      "eta" : 0,
      "elapsed" : 61,
      "job options" : {
        "rw" : "randwrite",
        "bs" : "4k",
        "ioengine" : "libaio",
        "iodepth" : "64",
        "direct" : "1",
        "invalidate" : "1",
        "refill_buffers" : "1",
        "runtime" : "60",
        "numjobs" : "1",
        "group_reporting" : "1",
        "write_bw_log" : "/fio/RAID5_500GB/randwrite-iodepth-64-numjobs-1",
        "write_lat_log" : "/fio/RAID5_500GB/randwrite-iodepth-64-numjobs-1",
        "write_iops_log" : "/fio/RAID5_500GB/randwrite-iodepth-64-numjobs-1",
        "log_avg_msec" : "500",
        "filename" : "/dev/md5p1"
      },
      "read" : {
        "io_bytes" : 0,
        "io_kbytes" : 0,
        "bw" : 0,
        "iops" : 0.000000,
        "runtime" : 0,
        "total_ios" : 0,
        "short_ios" : 0,
        "drop_ios" : 0,
        "slat_ns" : {
          "min" : 0,
          "max" : 0,
          "mean" : 0.000000,
          "stddev" : 0.000000
        },
        "clat_ns" : {
          "min" : 0,
          "max" : 0,
          "mean" : 0.000000,
          "stddev" : 0.000000,
          "percentile" : {
            "1.000000" : 0,
            "5.000000" : 0,
            "10.000000" : 0,
            "20.000000" : 0,
            "30.000000" : 0,
            "40.000000" : 0,
            "50.000000" : 0,
            "60.000000" : 0,
            "70.000000" : 0,
            "80.000000" : 0,
            "90.000000" : 0,
            "95.000000" : 0,
            "99.000000" : 0,
            "99.500000" : 0,
            "99.900000" : 0,
            "99.950000" : 0,
            "99.990000" : 0,
            "0.00" : 0,
            "0.00" : 0,
            "0.00" : 0
          }
        },
        "lat_ns" : {
          "min" : 0,
          "max" : 0,
          "mean" : 0.000000,
          "stddev" : 0.000000
        },
        "bw_min" : 0,
        "bw_max" : 0,
        "bw_agg" : 0.000000,
        "bw_mean" : 0.000000,
        "bw_dev" : 0.000000,
        "bw_samples" : 0,
        "iops_min" : 0,
        "iops_max" : 0,
        "iops_mean" : 0.000000,
        "iops_stddev" : 0.000000,
        "iops_samples" : 0
      },
      "write" : {
        "io_bytes" : 31539200,
        "io_kbytes" : 30800,
        "bw" : 512,
        "iops" : 128.113405,
        "runtime" : 60103,
        "total_ios" : 7700,
        "short_ios" : 0,
        "drop_ios" : 0,
        "slat_ns" : {
          "min" : 4862,
          "max" : 19094449,
          "mean" : 10644.166364,
          "stddev" : 217591.897762
        },
        "clat_ns" : {
          "min" : 12518734,
          "max" : 891493172,
          "mean" : 499358628.741171,
          "stddev" : 99342871.653471,
          "percentile" : {
            "1.000000" : 248512512,
            "5.000000" : 283115520,
            "10.000000" : 329252864,
            "20.000000" : 455081984,
            "30.000000" : 476053504,
            "40.000000" : 497025024,
            "50.000000" : 509607936,
            "60.000000" : 526385152,
            "70.000000" : 549453824,
            "80.000000" : 566231040,
            "90.000000" : 599785472,
            "95.000000" : 633339904,
            "99.000000" : 767557632,
            "99.500000" : 792723456,
            "99.900000" : 843055104,
            "99.950000" : 868220928,
            "99.990000" : 893386752,
            "0.00" : 0,
            "0.00" : 0,
            "0.00" : 0
          }
        },
        "lat_ns" : {
          "min" : 12539352,
          "max" : 891503044,
          "mean" : 499369672.296883,
          "stddev" : 99332905.319078
        },
        "bw_min" : 144,
        "bw_max" : 737,
        "bw_agg" : 99.482422,
        "bw_mean" : 509.350000,
        "bw_dev" : 90.162472,
        "bw_samples" : 120,
        "iops_min" : 36,
        "iops_max" : 184,
        "iops_mean" : 127.266667,
        "iops_stddev" : 22.511149,
        "iops_samples" : 120
      },
      "trim" : {
        "io_bytes" : 0,
        "io_kbytes" : 0,
        "bw" : 0,
        "iops" : 0.000000,
        "runtime" : 0,
        "total_ios" : 0,
        "short_ios" : 0,
        "drop_ios" : 0,
        "slat_ns" : {
          "min" : 0,
          "max" : 0,
          "mean" : 0.000000,
          "stddev" : 0.000000
        },
        "clat_ns" : {
          "min" : 0,
          "max" : 0,
          "mean" : 0.000000,
          "stddev" : 0.000000,
          "percentile" : {
            "1.000000" : 0,
            "5.000000" : 0,
            "10.000000" : 0,
            "20.000000" : 0,
            "30.000000" : 0,
            "40.000000" : 0,
            "50.000000" : 0,
            "60.000000" : 0,
            "70.000000" : 0,
            "80.000000" : 0,
            "90.000000" : 0,
            "95.000000" : 0,
            "99.000000" : 0,
            "99.500000" : 0,
            "99.900000" : 0,
            "99.950000" : 0,
            "99.990000" : 0,
            "0.00" : 0,
            "0.00" : 0,
            "0.00" : 0
          }
        },
        "lat_ns" : {
          "min" : 0,
          "max" : 0,
          "mean" : 0.000000,
          "stddev" : 0.000000
        },
        "bw_min" : 0,
        "bw_max" : 0,
        "bw_agg" : 0.000000,
        "bw_mean" : 0.000000,
        "bw_dev" : 0.000000,
        "bw_samples" : 0,
        "iops_min" : 0,
        "iops_max" : 0,
        "iops_mean" : 0.000000,
        "iops_stddev" : 0.000000,
        "iops_samples" : 0
      },
      "usr_cpu" : 0.096503,
      "sys_cpu" : 0.111477,
      "ctx" : 893,
      "majf" : 0,
      "minf" : 18,
      "iodepth_level" : {
        "1" : 0.100000,
        "2" : 0.100000,
        "4" : 0.100000,
        "8" : 0.103896,
        "16" : 0.207792,
        "32" : 0.415584,
        ">=64" : 99.181818
      },
      "latency_ns" : {
        "2" : 0.000000,
        "4" : 0.000000,
        "10" : 0.000000,
        "20" : 0.000000,
        "50" : 0.000000,
        "100" : 0.000000,
        "250" : 0.000000,
        "500" : 0.000000,
        "750" : 0.000000,
        "1000" : 0.000000
      },
      "latency_us" : {
        "2" : 0.000000,
        "4" : 0.000000,
        "10" : 0.000000,
        "20" : 0.000000,
        "50" : 0.000000,
        "100" : 0.000000,
        "250" : 0.000000,
        "500" : 0.000000,
        "750" : 0.000000,
        "1000" : 0.000000
      },
      "latency_ms" : {
        "2" : 0.000000,
        "4" : 0.000000,
        "10" : 0.000000,
        "20" : 0.025974,
        "50" : 0.000000,
        "100" : 0.025974,
        "250" : 1.012987,
        "500" : 42.467532,
        "750" : 55.142857,
        "1000" : 1.324675,
        "2000" : 0.000000,
        ">=2000" : 0.000000
      },
      "latency_depth" : 64,
      "latency_target" : 0,
      "latency_percentile" : 100.000000,
      "latency_window" : 0
    }
  ],
  "disk_util" : [
    {
      "name" : "md5",
      "read_ios" : 78,
      "write_ios" : 7700,
      "read_merges" : 0,
      "write_merges" : 0,
      "read_ticks" : 0,
      "write_ticks" : 0,
      "in_queue" : 0,
      "util" : 0.000000,
      "aggr_read_ios" : 1932,
      "aggr_write_ios" : 2830,
      "aggr_read_merges" : 2,
      "aggr_write_merge" : 0,
      "aggr_read_ticks" : 84843,
      "aggr_write_ticks" : 44006,
      "aggr_in_queue" : 128846,
      "aggr_util" : 79.909579
    },
    {
      "name" : "sdf",
      "read_ios" : 1861,
      "write_ios" : 2761,
      "read_merges" : 3,
      "write_merges" : 0,
      "read_ticks" : 82832,
      "write_ticks" : 41984,
      "in_queue" : 124816,
      "util" : 66.269947
    },
    {
      "name" : "sdd",
      "read_ios" : 1908,
      "write_ios" : 2806,
      "read_merges" : 1,
      "write_merges" : 0,
      "read_ticks" : 97408,
      "write_ticks" : 50720,