{
  "fio version" : "fio-3.1",
  "timestamp" : 1584928821,
  "timestamp_ms" : 1584928821114,
  "time" : "Mon Mar 23 03:00:21 2020",
  "jobs" : [
    {
      "jobname" : "iotest",
      "groupid" : 0,
      "error" : 0,
      "eta" : 0,
      "elapsed" : 61,
      "job options" : {
        "rw" : "randwrite",
        "bs" : "4k",
        "ioengine" : "libaio",
        "iodepth" : "4",
        "direct" : "1",
        "invalidate" : "1",
        "refill_buffers" : "1",
        "runtime" : "60",
        "numjobs" : "1",
        "group_reporting" : "1",
        "write_bw_log" : "/fio/RAID5_500GB/randwrite-iodepth-4-numjobs-1",
        "write_lat_log" : "/fio/RAID5_500GB/randwrite-iodepth-4-numjobs-1",
        "write_iops_log" : "/fio/RAID5_500GB/randwrite-iodepth-4-numjobs-1",
        "log_avg_msec" : "500",
        "filename" : "/dev/md5p1"
      },
      "read" : {
        "io_bytes" : 0,
        "io_kbytes" : 0,
        "bw" : 0,
        "iops" : 0.000000,
        "runtime" : 0,
        "total_ios" : 0,
        "short_ios" : 0,
        "drop_ios" : 0,
        "slat_ns" : {
          "min" : 0,
          "max" : 0,
          "mean" : 0.000000,
          "stddev" : 0.000000
        },
        "clat_ns" : {
          "min" : 0,
          "max" : 0,
          "mean" : 0.000000,
          "stddev" : 0.000000,
          "percentile" : {
            "1.000000" : 0,
            "5.000000" : 0,
            "10.000000" : 0,
            "20.000000" : 0,
            "30.000000" : 0,
            "40.000000" : 0,
            "50.000000" : 0,
            "60.000000" : 0,
            "70.000000" : 0,
            "80.000000" : 0,
            "90.000000" : 0,
            "95.000000" : 0,
            "99.000000" : 0,
            "99.500000" : 0,
            "99.900000" : 0,
            "99.950000" : 0,
            "99.990000" : 0,
            "0.00" : 0,
            "0.00" : 0,
            "0.00" : 0
          }
        },
        "lat_ns" : {
          "min" : 0,
          "max" : 0,
          "mean" : 0.000000,
          "stddev" : 0.000000
        },
        "bw_min" : 0,
        "bw_max" : 0,
        "bw_agg" : 0.000000,
        "bw_mean" : 0.000000,
        "bw_dev" : 0.000000,
        "bw_samples" : 0,
        "iops_min" : 0,
        "iops_max" : 0,
        "iops_mean" : 0.000000,
        "iops_stddev" : 0.000000,
        "iops_samples" : 0
      },
      "write" : {
        "io_bytes" : 11751424,
        "io_kbytes" : 11476,
        "bw" : 191,
        "iops" : 47.798344,
        "runtime" : 60023,
        "total_ios" : 2869,
        "short_ios" : 0,
        "drop_ios" : 0,
        "slat_ns" : {
          "min" : 5703,
          "max" : 17131364,
          "mean" : 25139.512025,
          "stddev" : 319603.552122
        },
        "clat_ns" : {
          "min" : 207767,
          "max" : 216165680,
          "mean" : 83626765.945277,
          "stddev" : 30345081.646156,
          "percentile" : {
            "1.000000" : 13041664,
            "5.000000" : 33423360,
            "10.000000" : 43778048,
            "20.000000" : 59506688,
            "30.000000" : 67633152,
            "40.000000" : 74973184,
            "50.000000" : 83361792,
            "60.000000" : 91750400,
            "70.000000" : 99090432,
            "80.000000" : 107479040,
            "90.000000" : 122159104,
            "95.000000" : 132644864,
            "99.000000" : 160432128,
            "99.500000" : 166723584,
            "99.900000" : 185597952,
            "99.950000" : 191889408,
            "99.990000" : 217055232,
            "0.00" : 0,
            "0.00" : 0,
            "0.00" : 0
          }
        },
        "lat_ns" : {
          "min" : 230515,
          "max" : 216190860,
          "mean" : 83652785.798885,
          "stddev" : 30336475.271325
        },
        "bw_min" : 128,
        "bw_max" : 320,
        "bw_agg" : 100.000000,
        "bw_mean" : 191.000000,
        "bw_dev" : 26.956548,
        "bw_samples" : 120,
        "iops_min" : 32,
        "iops_max" : 80,
        "iops_mean" : 47.750000,
        "iops_stddev" : 6.739137,
        "iops_samples" : 120
      },
      "trim" : {
        "io_bytes" : 0,
        "io_kbytes" : 0,
        "bw" : 0,
        "iops" : 0.000000,
        "runtime" : 0,
        "total_ios" : 0,
        "short_ios" : 0,
        "drop_ios" : 0,
        "slat_ns" : {
          "min" : 0,
          "max" : 0,
          "mean" : 0.000000,
          "stddev" : 0.000000
        },
        "clat_ns" : {
          "min" : 0,
          "max" : 0,
          "mean" : 0.000000,
          "stddev" : 0.000000,
          "percentile" : {
            "1.000000" : 0,
            "5.000000" : 0,
            "10.000000" : 0,
            "20.000000" : 0,
            "30.000000" : 0,
            "40.000000" : 0,
            "50.000000" : 0,
            "60.000000" : 0,
            "70.000000" : 0,
            "80.000000" : 0,
            "90.000000" : 0,
            "95.000000" : 0,
            "99.000000" : 0,
            "99.500000" : 0,
            "99.900000" : 0,
            "99.950000" : 0,
            "99.990000" : 0,
            "0.00" : 0,
            "0.00" : 0,
            "0.00" : 0
          }
        },
        "lat_ns" : {
          "min" : 0,
          "max" : 0,
          "mean" : 0.000000,
          "stddev" : 0.000000
        },
        "bw_min" : 0,
        "bw_max" : 0,
        "bw_agg" : 0.000000,
        "bw_mean" : 0.000000,
        "bw_dev" : 0.000000,
        "bw_samples" : 0,
        "iops_min" : 0,
        "iops_max" : 0,
        "iops_mean" : 0.000000,
        "iops_stddev" : 0.000000,
        "iops_samples" : 0
      },
      "usr_cpu" : 0.099963,
      "sys_cpu" : 0.118290,
      "ctx" : 1967,
      "majf" : 0,
      "minf" : 22,
      "iodepth_level" : {
        "1" : 0.100000,
        "2" : 0.100000,
        "4" : 99.895434,
        "8" : 0.000000,
        "16" : 0.000000,
        "32" : 0.000000,
        ">=64" : 0.000000
      },
      "latency_ns" : {
        "2" : 0.000000,
        "4" : 0.000000,
        "10" : 0.000000,
        "20" : 0.000000,
        "50" : 0.000000,
        "100" : 0.000000,
        "250" : 0.000000,
        "500" : 0.000000,
        "750" : 0.000000,
        "1000" : 0.000000
      },
      "latency_us" : {
        "2" : 0.000000,
        "4" : 0.000000,
        "10" : 0.000000,
        "20" : 0.000000,
        "50" : 0.000000,
        "100" : 0.000000,
        "250" : 0.034855,
        "500" : 0.104566,
        "750" : 0.000000,
        "1000" : 0.000000
      },
      "latency_ms" : {
        "2" : 0.000000,
        "4" : 0.000000,
        "10" : 0.418264,
        "20" : 1.951900,
        "50" : 10.805159,
        "100" : 58.905542,
        "250" : 27.779714,
        "500" : 0.000000,
        "750" : 0.000000,
        "1000" : 0.000000,
        "2000" : 0.000000,
        ">=2000" : 0.000000
      },
      "latency_depth" : 4,
      "latency_target" : 0,
      "latency_percentile" : 100.000000,
      "latency_window" : 0
    }
  ],
  "disk_util" : [
    {
      "name" : "md5",
      "read_ios" : 78,
      "write_ios" : 2863,
      "read_merges" : 0,
      "write_merges" : 0,
      "read_ticks" : 0,
      "write_ticks" : 0,
      "in_queue" : 0,
      "util" : 0.000000,
      "aggr_read_ios" : 723,
      "aggr_write_ios" : 2400,
      "aggr_read_merges" : 2,
      "aggr_write_merge" : 0,
      "aggr_read_ticks" : 7998,
      "aggr_write_ticks" : 28980,
      "aggr_in_queue" : 36978,
      "aggr_util" : 56.357068
    },
    {
      "name" : "sdf",
      "read_ios" : 710,
      "write_ios" : 2389,
      "read_merges" : 3,
      "write_merges" : 0,
      "read_ticks" : 7888,
      "write_ticks" : 27908,
      "in_queue" : 35796,
      "util" : 48.212829
    },
    {
      "name" : "sdd",
      "read_ios" : 730,
      "write_ios" : 2406,
      "read_merges" : 1,
      "write_merges" : 0,
      "read_ticks" : 8964,
      "write_ticks" : 33032,
      "in_queue" : 41996,