{
  "fio version" : "fio-3.1",
  "timestamp" : 1584930110,
  "timestamp_ms" : 1584930110904,
  "time" : "Mon Mar 23 03:21:50 2020",
  "jobs" : [
    {
      "jobname" : "iotest",
      "groupid" : 0,
      "error" : 0,
      "eta" : 0,
      "elapsed" : 61,
      "job options" : {
        "rw" : "randwrite",
        "bs" : "4k",
        "ioengine" : "libaio",
        "iodepth" : "32",
        "direct" : "1",
        "invalidate" : "1",
        "refill_buffers" : "1",
        "runtime" : "60",
        "numjobs" : "1",
        "group_reporting" : "1",
        "write_bw_log" : "/fio/RAID5_500GB/randwrite-iodepth-32-numjobs-1",
        "write_lat_log" : "/fio/RAID5_500GB/randwrite-iodepth-32-numjobs-1",
        "write_iops_log" : "/fio/RAID5_500GB/randwrite-iodepth-32-numjobs-1",
        "log_avg_msec" : "500",
        "filename" : "/dev/md5p1"
      },
      "read" : {
        "io_bytes" : 0,
        "io_kbytes" : 0,
        "bw" : 0,
        "iops" : 0.000000,
        "runtime" : 0,
        "total_ios" : 0,
        "short_ios" : 0,
        "drop_ios" : 0,
        "slat_ns" : {
          "min" : 0,
          "max" : 0,
          "mean" : 0.000000,
          "stddev" : 0.000000
        },
        "clat_ns" : {
          "min" : 0,
          "max" : 0,
          "mean" : 0.000000,
          "stddev" : 0.000000,
          "percentile" : {
            "1.000000" : 0,
            "5.000000" : 0,
            "10.000000" : 0,
            "20.000000" : 0,
            "30.000000" : 0,
            "40.000000" : 0,
            "50.000000" : 0,
            "60.000000" : 0,
            "70.000000" : 0,
            "80.000000" : 0,
            "90.000000" : 0,
            "95.000000" : 0,
            "99.000000" : 0,
            "99.500000" : 0,
            "99.900000" : 0,
            "99.950000" : 0,
            "99.990000" : 0,
            "0.00" : 0,
            "0.00" : 0,
            "0.00" : 0
          }
        },
        "lat_ns" : {
          "min" : 0,
          "max" : 0,
          "mean" : 0.000000,
          "stddev" : 0.000000
        },
        "bw_min" : 0,
        "bw_max" : 0,
        "bw_agg" : 0.000000,
        "bw_mean" : 0.000000,
        "bw_dev" : 0.000000,
        "bw_samples" : 0,
        "iops_min" : 0,
        "iops_max" : 0,
        "iops_mean" : 0.000000,
        "iops_stddev" : 0.000000,
        "iops_samples" : 0
      },
      "write" : {
        "io_bytes" : 23900160,
        "io_kbytes" : 23340,
        "bw" : 388,
        "iops" : 97.094649,
        "runtime" : 60096,
        "total_ios" : 5835,
        "short_ios" : 0,
        "drop_ios" : 0,
        "slat_ns" : {
          "min" : 3772,
          "max" : 17404912,
          "mean" : 11987.222965,
          "stddev" : 227826.067151
        },
        "clat_ns" : {
          "min" : 3239989,
          "max" : 744167988,
          "mean" : 329447556.953900,
          "stddev" : 88548153.628895,
          "percentile" : {
            "1.000000" : 41680896,
            "5.000000" : 189792256,
            "10.000000" : 227540992,
            "20.000000" : 270532608,
            "30.000000" : 291504128,
            "40.000000" : 316669952,
            "50.000000" : 337641472,
            "60.000000" : 358612992,
            "70.000000" : 371195904,
            "80.000000" : 396361728,
            "90.000000" : 425721856,
            "95.000000" : 450887680,
            "99.000000" : 513802240,
            "99.500000" : 591396864,
            "99.900000" : 700448768,
            "99.950000" : 742391808,
            "99.990000" : 742391808,
            "0.00" : 0,
            "0.00" : 0,
            "0.00" : 0
          }
        },
        "lat_ns" : {
          "min" : 3248546,
          "max" : 744178224,
          "mean" : 329459988.836676,
          "stddev" : 88539473.639495
        },
        "bw_min" : 256,
        "bw_max" : 929,
        "bw_agg" : 99.718643,
        "bw_mean" : 386.908333,
        "bw_dev" : 83.420066,
        "bw_samples" : 120,
        "iops_min" : 64,
        "iops_max" : 232,
        "iops_mean" : 96.716667,
        "iops_stddev" : 20.826286,
        "iops_samples" : 120
      },
      "trim" : {
        "io_bytes" : 0,
        "io_kbytes" : 0,
        "bw" : 0,
        "iops" : 0.000000,
        "runtime" : 0,
        "total_ios" : 0,
        "short_ios" : 0,
        "drop_ios" : 0,
        "slat_ns" : {
          "min" : 0,
          "max" : 0,
          "mean" : 0.000000,
          "stddev" : 0.000000
        },
        "clat_ns" : {
          "min" : 0,
          "max" : 0,
          "mean" : 0.000000,
          "stddev" : 0.000000,
          "percentile" : {
            "1.000000" : 0,
            "5.000000" : 0,
            "10.000000" : 0,
            "20.000000" : 0,
            "30.000000" : 0,
            "40.000000" : 0,
            "50.000000" : 0,
            "60.000000" : 0,
            "70.000000" : 0,
            "80.000000" : 0,
            "90.000000" : 0,
            "95.000000" : 0,
            "99.000000" : 0,
            "99.500000" : 0,
            "99.900000" : 0,
            "99.950000" : 0,
            "99.990000" : 0,
            "0.00" : 0,
            "0.00" : 0,
            "0.00" : 0
          }
        },
        "lat_ns" : {
          "min" : 0,
          "max" : 0,
          "mean" : 0.000000,
          "stddev" : 0.000000
        },
        "bw_min" : 0,
        "bw_max" : 0,
        "bw_agg" : 0.000000,
        "bw_mean" : 0.000000,
        "bw_dev" : 0.000000,
        "bw_samples" : 0,
        "iops_min" : 0,
        "iops_max" : 0,
        "iops_mean" : 0.000000,
        "iops_stddev" : 0.000000,
        "iops_samples" : 0
      },
      "usr_cpu" : 0.061569,
      "sys_cpu" : 0.121474,
      "ctx" : 930,
      "majf" : 0,
      "minf" : 19,
      "iodepth_level" : {
        "1" : 0.100000,
        "2" : 0.100000,
        "4" : 0.100000,
        "8" : 0.137104,
        "16" : 0.274207,
        "32" : 99.468723,
        ">=64" : 0.000000
      },
      "latency_ns" : {
        "2" : 0.000000,
        "4" : 0.000000,
        "10" : 0.000000,
        "20" : 0.000000,
        "50" : 0.000000,
        "100" : 0.000000,
        "250" : 0.000000,
        "500" : 0.000000,
        "750" : 0.000000,
        "1000" : 0.000000
      },
      "latency_us" : {
        "2" : 0.000000,
        "4" : 0.000000,
        "10" : 0.000000,
        "20" : 0.000000,
        "50" : 0.000000,
        "100" : 0.000000,
        "250" : 0.000000,
        "500" : 0.000000,
        "750" : 0.000000,
        "1000" : 0.000000
      },
      "latency_ms" : {
        "2" : 0.000000,
        "4" : 0.034276,
        "10" : 0.222793,
        "20" : 0.119966,
        "50" : 0.994002,
        "100" : 1.148243,
        "250" : 11.790917,
        "500" : 84.044559,
        "750" : 1.645244,
        "1000" : 0.000000,
        "2000" : 0.000000,
        ">=2000" : 0.000000
      },
      "latency_depth" : 32,
      "latency_target" : 0,
      "latency_percentile" : 100.000000,
      "latency_window" : 0
    }
  ],
  "disk_util" : [
    {
      "name" : "md5",
      "read_ios" : 78,
      "write_ios" : 5823,
      "read_merges" : 0,
      "write_merges" : 0,
      "read_ticks" : 0,
      "write_ticks" : 0,
      "in_queue" : 0,
      "util" : 0.000000,
      "aggr_read_ios" : 1462,
      "aggr_write_ios" : 2450,
      "aggr_read_merges" : 2,
      "aggr_write_merge" : 0,
      "aggr_read_ticks" : 37723,
      "aggr_write_ticks" : 39553,
      "aggr_in_queue" : 77202,
      "aggr_util" : 76.875499
    },
    {
      "name" : "sdf",
      "read_ios" : 1436,
      "write_ios" : 2427,
      "read_merges" : 3,
      "write_merges" : 0,
      "read_ticks" : 41108,
      "write_ticks" : 39468,
      "in_queue" : 80576,
      "util" : 60.028265
    },
    {
      "name" : "sdd",
      "read_ios" : 1443,
      "write_ios" : 2435,
      "read_merges" : 1,
      "write_merges" : 0,
      "read_ticks" : 46084,
      "write_ticks" : 49740,
      "in_queue" : 95224,