{
  "fio version" : "fio-3.1",
  "timestamp" : 1584928024,
  "timestamp_ms" : 1584928024614,
  "time" : "Mon Mar 23 02:47:04 2020",
  "jobs" : [
    {
      "jobname" : "iotest",
      "groupid" : 0,
      "error" : 0,
      "eta" : 0,
      "elapsed" : 61,
      "job options" : {
        "rw" : "randwrite",
        "bs" : "4k",
        "ioengine" : "libaio",
        "iodepth" : "1",
        "direct" : "1",
        "invalidate" : "1",
        "refill_buffers" : "1",
        "runtime" : "60",
        "numjobs" : "2",
        "group_reporting" : "1",
        "write_bw_log" : "/fio/RAID5_500GB/randwrite-iodepth-1-numjobs-2",
        "write_lat_log" : "/fio/RAID5_500GB/randwrite-iodepth-1-numjobs-2",
        "write_iops_log" : "/fio/RAID5_500GB/randwrite-iodepth-1-numjobs-2",
        "log_avg_msec" : "500",
        "filename" : "/dev/md5p1"
      },
      "read" : {
        "io_bytes" : 0,
        "io_kbytes" : 0,
        "bw" : 0,
        "iops" : 0.000000,
        "runtime" : 0,
        "total_ios" : 0,
        "short_ios" : 0,
        "drop_ios" : 0,
        "slat_ns" : {
          "min" : 0,
          "max" : 0,
          "mean" : 0.000000,
          "stddev" : 0.000000
        },
        "clat_ns" : {
          "min" : 0,
          "max" : 0,
          "mean" : 0.000000,
          "stddev" : 0.000000,
          "percentile" : {
            "1.000000" : 0,
            "5.000000" : 0,
            "10.000000" : 0,
            "20.000000" : 0,
            "30.000000" : 0,
            "40.000000" : 0,
            "50.000000" : 0,
            "60.000000" : 0,
            "70.000000" : 0,
            "80.000000" : 0,
            "90.000000" : 0,
            "95.000000" : 0,
            "99.000000" : 0,
            "99.500000" : 0,
            "99.900000" : 0,
            "99.950000" : 0,
            "99.990000" : 0,
            "0.00" : 0,
            "0.00" : 0,
            "0.00" : 0
          }
        },
        "lat_ns" : {
          "min" : 0,
          "max" : 0,
          "mean" : 0.000000,
          "stddev" : 0.000000
        },
        "bw_min" : 0,
        "bw_max" : 0,
        "bw_agg" : 0.000000,
        "bw_mean" : 0.000000,
        "bw_dev" : 0.000000,
        "bw_samples" : 0,
        "iops_min" : 0,
        "iops_max" : 0,
        "iops_mean" : 0.000000,
        "iops_stddev" : 0.000000,
        "iops_samples" : 0
      },
      "write" : {
        "io_bytes" : 9871360,
        "io_kbytes" : 9640,
        "bw" : 160,
        "iops" : 40.156628,
        "runtime" : 60015,
        "total_ios" : 2410,
        "short_ios" : 0,
        "drop_ios" : 0,
        "slat_ns" : {
          "min" : 12683,
          "max" : 24948784,
          "mean" : 44067.589212,
          "stddev" : 696407.742873
        },
        "clat_ns" : {
          "min" : 5814576,
          "max" : 88540741,
          "mean" : 49744411.338589,
          "stddev" : 14595959.077155,
          "percentile" : {
            "1.000000" : 8716288,
            "5.000000" : 13041664,
            "10.000000" : 31588352,
            "20.000000" : 41680896,
            "30.000000" : 46923776,
            "40.000000" : 49545216,
            "50.000000" : 51642368,
            "60.000000" : 55312384,
            "70.000000" : 57933824,
            "80.000000" : 59506688,
            "90.000000" : 65798144,
            "95.000000" : 68681728,
            "99.000000" : 74973184,
            "99.500000" : 78118912,
            "99.900000" : 85458944,
            "99.950000" : 88604672,
            "99.990000" : 88604672,
            "0.00" : 0,
            "0.00" : 0,
            "0.00" : 0
          }
        },
        "lat_ns" : {
          "min" : 5839263,
          "max" : 88561538,
          "mean" : 49789574.336929,
          "stddev" : 14602533.736868
        },
        "bw_min" : 64,
        "bw_max" : 112,
        "bw_agg" : 50.166667,
        "bw_mean" : 80.266667,
        "bw_dev" : 8.177665,
        "bw_samples" : 240,
        "iops_min" : 16,
        "iops_max" : 28,
        "iops_mean" : 20.066667,
        "iops_stddev" : 2.044416,
        "iops_samples" : 240
      },
      "trim" : {
        "io_bytes" : 0,
        "io_kbytes" : 0,
        "bw" : 0,
        "iops" : 0.000000,
        "runtime" : 0,
        "total_ios" : 0,
        "short_ios" : 0,
        "drop_ios" : 0,
        "slat_ns" : {
          "min" : 0,
          "max" : 0,
          "mean" : 0.000000,
          "stddev" : 0.000000
        },
        "clat_ns" : {
          "min" : 0,
          "max" : 0,
          "mean" : 0.000000,
          "stddev" : 0.000000,
          "percentile" : {
            "1.000000" : 0,
            "5.000000" : 0,
            "10.000000" : 0,
            "20.000000" : 0,
            "30.000000" : 0,
            "40.000000" : 0,
            "50.000000" : 0,
            "60.000000" : 0,
            "70.000000" : 0,
            "80.000000" : 0,
            "90.000000" : 0,
            "95.000000" : 0,
            "99.000000" : 0,
            "99.500000" : 0,
            "99.900000" : 0,
            "99.950000" : 0,
            "99.990000" : 0,
            "0.00" : 0,
            "0.00" : 0,
            "0.00" : 0
          }
        },
        "lat_ns" : {
          "min" : 0,
          "max" : 0,
          "mean" : 0.000000,
          "stddev" : 0.000000
        },
        "bw_min" : 0,
        "bw_max" : 0,
        "bw_agg" : 0.000000,
        "bw_mean" : 0.000000,
        "bw_dev" : 0.000000,
        "bw_samples" : 0,
        "iops_min" : 0,
        "iops_max" : 0,
        "iops_mean" : 0.000000,
        "iops_stddev" : 0.000000,
        "iops_samples" : 0
      },
      "usr_cpu" : 0.050826,
      "sys_cpu" : 0.082488,
      "ctx" : 2448,
      "majf" : 0,
      "minf" : 37,
      "iodepth_level" : {
        "1" : 100.000000,
        "2" : 0.000000,
        "4" : 0.000000,
        "8" : 0.000000,
        "16" : 0.000000,
        "32" : 0.000000,
        ">=64" : 0.000000
      },
      "latency_ns" : {
        "2" : 0.000000,
        "4" : 0.000000,
        "10" : 0.000000,
        "20" : 0.000000,
        "50" : 0.000000,
        "100" : 0.000000,
        "250" : 0.000000,
        "500" : 0.000000,
        "750" : 0.000000,
        "1000" : 0.000000
      },
      "latency_us" : {
        "2" : 0.000000,
        "4" : 0.000000,
        "10" : 0.000000,
        "20" : 0.000000,
        "50" : 0.000000,
        "100" : 0.000000,
        "250" : 0.000000,
        "500" : 0.000000,
        "750" : 0.000000,
        "1000" : 0.000000
      },
      "latency_ms" : {
        "2" : 0.000000,
        "4" : 0.000000,
        "10" : 1.950207,
        "20" : 5.560166,
        "50" : 34.564315,
        "100" : 57.925311,
        "250" : 0.000000,
        "500" : 0.000000,
        "750" : 0.000000,
        "1000" : 0.000000,
        "2000" : 0.000000,
        ">=2000" : 0.000000
      },
      "latency_depth" : 1,
      "latency_target" : 0,
      "latency_percentile" : 100.000000,
      "latency_window" : 0
    }
  ],
  "disk_util" : [
    {
      "name" : "md5",
      "read_ios" : 78,
      "write_ios" : 2405,
      "read_merges" : 0,
      "write_merges" : 0,
      "read_ticks" : 0,
      "write_ticks" : 0,
      "in_queue" : 0,
      "util" : 0.000000,
      "aggr_read_ios" : 610,
      "aggr_write_ios" : 2503,
      "aggr_read_merges" : 2,
      "aggr_write_merge" : 0,
      "aggr_read_ticks" : 6049,
      "aggr_write_ticks" : 25318,
      "aggr_in_queue" : 31365,
      "aggr_util" : 46.349988
    },
    {
      "name" : "sdf",
      "read_ios" : 596,
      "write_ios" : 2492,
      "read_merges" : 3,
      "write_merges" : 0,
      "read_ticks" : 5656,
      "write_ticks" : 24864,
      "in_queue" : 30520,
      "util" : 44.431869
    },
    {
      "name" : "sdd",
      "read_ios" : 596,
      "write_ios" : 2490,
      "read_merges" : 1,
      "write_merges" : 0,
      "read_ticks" : 6380,
      "write_ticks" : 25752,
      "in_queue" : 32128,