{
  "fio version" : "fio-3.1",
  "timestamp" : 1584929065,
  "timestamp_ms" : 1584929065951,
  "time" : "Mon Mar 23 03:04:25 2020",
  "jobs" : [
    {
      "jobname" : "iotest",
      "groupid" : 0,
      "error" : 0,
      "eta" : 0,
      "elapsed" : 61,
      "job options" : {
        "rw" : "randwrite",
        "bs" : "4k",
        "ioengine" : "libaio",
        "iodepth" : "4",
        "direct" : "1",
        "invalidate" : "1",
        "refill_buffers" : "1",
        "runtime" : "60",
        "numjobs" : "16",
        "group_reporting" : "1",
        "write_bw_log" : "/fio/RAID5_500GB/randwrite-iodepth-4-numjobs-16",
        "write_lat_log" : "/fio/RAID5_500GB/randwrite-iodepth-4-numjobs-16",
        "write_iops_log" : "/fio/RAID5_500GB/randwrite-iodepth-4-numjobs-16",
        "log_avg_msec" : "500",
        "filename" : "/dev/md5p1"
      },
      "read" : {
        "io_bytes" : 0,
        "io_kbytes" : 0,
        "bw" : 0,
        "iops" : 0.000000,
        "runtime" : 0,
        "total_ios" : 0,
        "short_ios" : 0,
        "drop_ios" : 0,
        "slat_ns" : {
          "min" : 0,
          "max" : 0,
          "mean" : 0.000000,
          "stddev" : 0.000000
        },
        "clat_ns" : {
          "min" : 0,
          "max" : 0,
          "mean" : 0.000000,
          "stddev" : 0.000000,
          "percentile" : {
            "1.000000" : 0,
            "5.000000" : 0,
            "10.000000" : 0,
            "20.000000" : 0,
            "30.000000" : 0,
            "40.000000" : 0,
            "50.000000" : 0,
            "60.000000" : 0,
            "70.000000" : 0,
            "80.000000" : 0,
            "90.000000" : 0,
            "95.000000" : 0,
            "99.000000" : 0,
            "99.500000" : 0,
            "99.900000" : 0,
            "99.950000" : 0,
            "99.990000" : 0,
            "0.00" : 0,
            "0.00" : 0,
            "0.00" : 0
          }
        },
        "lat_ns" : {
          "min" : 0,
          "max" : 0,
          "mean" : 0.000000,
          "stddev" : 0.000000
        },
        "bw_min" : 0,
        "bw_max" : 0,
        "bw_agg" : 0.000000,
        "bw_mean" : 0.000000,
        "bw_dev" : 0.000000,
        "bw_samples" : 0,
        "iops_min" : 0,
        "iops_max" : 0,
        "iops_mean" : 0.000000,
        "iops_stddev" : 0.000000,
        "iops_samples" : 0
      },
      "write" : {
        "io_bytes" : 30171136,
        "io_kbytes" : 29464,
        "bw" : 489,
        "iops" : 122.322229,
        "runtime" : 60218,
        "total_ios" : 7366,
        "short_ios" : 0,
        "drop_ios" : 0,
        "slat_ns" : {
          "min" : 3968,
          "max" : 49195574,
          "mean" : 37402.538284,
          "stddev" : 1006903.407237
        },
        "clat_ns" : {
          "min" : 94686137,
          "max" : 922378783,
          "mean" : 522503824.477057,
          "stddev" : 94185509.862597,
          "percentile" : {
            "1.000000" : 244318208,
            "5.000000" : 304087040,
            "10.000000" : 379584512,
            "20.000000" : 480247808,
            "30.000000" : 505413632,
            "40.000000" : 522190848,
            "50.000000" : 541065216,
            "60.000000" : 549453824,
            "70.000000" : 566231040,
            "80.000000" : 583008256,
            "90.000000" : 608174080,
            "95.000000" : 633339904,
            "99.000000" : 725614592,
            "99.500000" : 792723456,
            "99.900000" : 859832320,
            "99.950000" : 901775360,
            "99.990000" : 918552576,
            "0.00" : 0,
            "0.00" : 0,
            "0.00" : 0
          }
        },
        "lat_ns" : {
          "min" : 94693144,
          "max" : 922390069,
          "mean" : 522541984.205675,
          "stddev" : 94173424.578637
        },
        "bw_min" : 8,
        "bw_max" : 48,
        "bw_agg" : 6.286701,
        "bw_mean" : 30.741969,
        "bw_dev" : 6.768783,
        "bw_samples" : 1899,
        "iops_min" : 2,
        "iops_max" : 12,
        "iops_mean" : 7.674039,
        "iops_stddev" : 1.698451,
        "iops_samples" : 1899
      },
      "trim" : {
        "io_bytes" : 0,
        "io_kbytes" : 0,
        "bw" : 0,
        "iops" : 0.000000,
        "runtime" : 0,
        "total_ios" : 0,
        "short_ios" : 0,
        "drop_ios" : 0,
        "slat_ns" : {
          "min" : 0,
          "max" : 0,
          "mean" : 0.000000,
          "stddev" : 0.000000
        },
        "clat_ns" : {
          "min" : 0,
          "max" : 0,
          "mean" : 0.000000,
          "stddev" : 0.000000,
          "percentile" : {
            "1.000000" : 0,
            "5.000000" : 0,
            "10.000000" : 0,
            "20.000000" : 0,
            "30.000000" : 0,
            "40.000000" : 0,
            "50.000000" : 0,
            "60.000000" : 0,
            "70.000000" : 0,
            "80.000000" : 0,
            "90.000000" : 0,
            "95.000000" : 0,
            "99.000000" : 0,
            "99.500000" : 0,
            "99.900000" : 0,
            "99.950000" : 0,
            "99.990000" : 0,
            "0.00" : 0,
            "0.00" : 0,
            "0.00" : 0
          }
        },
        "lat_ns" : {
          "min" : 0,
          "max" : 0,
          "mean" : 0.000000,
          "stddev" : 0.000000
        },
        "bw_min" : 0,
        "bw_max" : 0,
        "bw_agg" : 0.000000,
        "bw_mean" : 0.000000,
        "bw_dev" : 0.000000,
        "bw_samples" : 0,
        "iops_min" : 0,
        "iops_max" : 0,
        "iops_mean" : 0.000000,
        "iops_stddev" : 0.000000,
        "iops_samples" : 0
      },
      "usr_cpu" : 0.012672,
      "sys_cpu" : 0.015165,
      "ctx" : 6814,
      "majf" : 0,
      "minf" : 341,
      "iodepth_level" : {
        "1" : 0.217214,
        "2" : 0.434428,
        "4" : 99.348357,
        "8" : 0.000000,
        "16" : 0.000000,
        "32" : 0.000000,
        ">=64" : 0.000000
      },
      "latency_ns" : {
        "2" : 0.000000,
        "4" : 0.000000,
        "10" : 0.000000,
        "20" : 0.000000,
        "50" : 0.000000,
        "100" : 0.000000,
        "250" : 0.000000,
        "500" : 0.000000,
        "750" : 0.000000,
        "1000" : 0.000000
      },
      "latency_us" : {
        "2" : 0.000000,
        "4" : 0.000000,
        "10" : 0.000000,
        "20" : 0.000000,
        "50" : 0.000000,
        "100" : 0.000000,
        "250" : 0.000000,
        "500" : 0.000000,
        "750" : 0.000000,
        "1000" : 0.000000
      },
      "latency_ms" : {
        "2" : 0.000000,
        "4" : 0.000000,
        "10" : 0.000000,
        "20" : 0.000000,
        "50" : 0.000000,
        "100" : 0.054304,
        "250" : 1.126799,
        "500" : 26.649471,
        "750" : 71.368450,
        "1000" : 0.800977,
        "2000" : 0.000000,
        ">=2000" : 0.000000
      },
      "latency_depth" : 4,
      "latency_target" : 0,
      "latency_percentile" : 100.000000,
      "latency_window" : 0
    }
  ],
  "disk_util" : [
    {
      "name" : "md5",
      "read_ios" : 78,
      "write_ios" : 7366,
      "read_merges" : 0,
      "write_merges" : 0,
      "read_ticks" : 0,
      "write_ticks" : 0,
      "in_queue" : 0,
      "util" : 0.000000,
      "aggr_read_ios" : 1849,
      "aggr_write_ios" : 3088,
      "aggr_read_merges" : 2,
      "aggr_write_merge" : 0,
      "aggr_read_ticks" : 79151,
      "aggr_write_ticks" : 43914,
      "aggr_in_queue" : 123061,
      "aggr_util" : 78.242851
    },
    {
      "name" : "sdf",
      "read_ios" : 1876,
      "write_ios" : 3118,
      "read_merges" : 3,
      "write_merges" : 0,
      "read_ticks" : 86528,
      "write_ticks" : 45332,
      "in_queue" : 131856,
      "util" : 71.221614
    },
    {
      "name" : "sdd",
      "read_ios" : 1859,
      "write_ios" : 3098,
      "read_merges" : 1,
      "write_merges" : 0,
      "read_ticks" : 91164,
      "write_ticks" : 49976,
      "in_queue" : 141132,