{
  "fio version" : "fio-3.1",
  "timestamp" : 1584925615,
  "timestamp_ms" : 1584925615207,
  "time" : "Mon Mar 23 02:06:55 2020",
  "jobs" : [
    {
      "jobname" : "iotest",
      "groupid" : 0,
      "error" : 0,
      "eta" : 0,
      "elapsed" : 61,
      "job options" : {
        "rw" : "randread",
        "bs" : "4k",
        "ioengine" : "libaio",
        "iodepth" : "2",
        "direct" : "1",
        "invalidate" : "1",
        "refill_buffers" : "1",
        "runtime" : "60",
        "numjobs" : "16",
        "group_reporting" : "1",
        "write_bw_log" : "/fio/RAID5_500GB/randread-iodepth-2-numjobs-16",
        "write_lat_log" : "/fio/RAID5_500GB/randread-iodepth-2-numjobs-16",
        "write_iops_log" : "/fio/RAID5_500GB/randread-iodepth-2-numjobs-16",
        "log_avg_msec" : "500",
        "filename" : "/dev/md5p1"
      },
      "read" : {
        "io_bytes" : 203132928,
        "io_kbytes" : 198372,
        "bw" : 3300,
        "iops" : 825.023706,
        "runtime" : 60111,
        "total_ios" : 49593,
        "short_ios" : 0,
        "drop_ios" : 0,
        "slat_ns" : {
          "min" : 9121,
          "max" : 33989045,
          "mean" : 33513.108503,
          "stddev" : 153260.135594
        },
        "clat_ns" : {
          "min" : 198414,
          "max" : 774627179,
          "mean" : 38692296.384490,
          "stddev" : 45678486.965123,
          "percentile" : {
            "1.000000" : 5275648,
            "5.000000" : 7438336,
            "10.000000" : 9109504,
            "20.000000" : 11730944,
            "30.000000" : 14221312,
            "40.000000" : 17432576,
            "50.000000" : 22151168,
            "60.000000" : 28704768,
            "70.000000" : 38535168,
            "80.000000" : 54788096,
            "90.000000" : 87556096,
            "95.000000" : 126353408,
            "99.000000" : 229638144,
            "99.500000" : 278921216,
            "99.900000" : 396361728,
            "99.950000" : 467664896,
            "99.990000" : 583008256,
            "0.00" : 0,
            "0.00" : 0,
            "0.00" : 0
          }
        },
        "lat_ns" : {
          "min" : 235183,
          "max" : 774660631,
          "mean" : 38726888.556167,
          "stddev" : 45679013.787764
        },
        "bw_min" : 56,
        "bw_max" : 379,
        "bw_agg" : 6.289678,
        "bw_mean" : 207.559375,
        "bw_dev" : 47.711348,
        "bw_samples" : 1920,
        "iops_min" : 14,
        "iops_max" : 94,
        "iops_mean" : 51.645313,
        "iops_stddev" : 11.887642,
        "iops_samples" : 1920
      },
      "write" : {
        "io_bytes" : 0,
        "io_kbytes" : 0,
        "bw" : 0,
        "iops" : 0.000000,
        "runtime" : 0,
        "total_ios" : 0,
        "short_ios" : 0,
        "drop_ios" : 0,
        "slat_ns" : {
          "min" : 0,
          "max" : 0,
          "mean" : 0.000000,
          "stddev" : 0.000000
        },
        "clat_ns" : {
          "min" : 0,
          "max" : 0,
          "mean" : 0.000000,
          "stddev" : 0.000000,
          "percentile" : {
            "1.000000" : 0,
            "5.000000" : 0,
            "10.000000" : 0,
            "20.000000" : 0,
            "30.000000" : 0,
            "40.000000" : 0,
            "50.000000" : 0,
            "60.000000" : 0,
            "70.000000" : 0,
            "80.000000" : 0,
            "90.000000" : 0,
            "95.000000" : 0,
            "99.000000" : 0,
            "99.500000" : 0,
            "99.900000" : 0,
            "99.950000" : 0,
            "99.990000" : 0,
            "0.00" : 0,
            "0.00" : 0,
            "0.00" : 0
          }
        },
        "lat_ns" : {
          "min" : 0,
          "max" : 0,
          "mean" : 0.000000,
          "stddev" : 0.000000
        },
        "bw_min" : 0,
        "bw_max" : 0,
        "bw_agg" : 0.000000,
        "bw_mean" : 0.000000,
        "bw_dev" : 0.000000,
        "bw_samples" : 0,
        "iops_min" : 0,
        "iops_max" : 0,
        "iops_mean" : 0.000000,
        "iops_stddev" : 0.000000,
        "iops_samples" : 0
      },
      "trim" : {
        "io_bytes" : 0,
        "io_kbytes" : 0,
        "bw" : 0,
        "iops" : 0.000000,
        "runtime" : 0,
        "total_ios" : 0,
        "short_ios" : 0,
        "drop_ios" : 0,
        "slat_ns" : {
          "min" : 0,
          "max" : 0,
          "mean" : 0.000000,
          "stddev" : 0.000000
        },
        "clat_ns" : {
          "min" : 0,
          "max" : 0,
          "mean" : 0.000000,
          "stddev" : 0.000000,
          "percentile" : {
            "1.000000" : 0,
            "5.000000" : 0,
            "10.000000" : 0,
            "20.000000" : 0,
            "30.000000" : 0,
            "40.000000" : 0,
            "50.000000" : 0,
            "60.000000" : 0,
            "70.000000" : 0,
            "80.000000" : 0,
            "90.000000" : 0,
            "95.000000" : 0,
            "99.000000" : 0,
            "99.500000" : 0,
            "99.900000" : 0,
            "99.950000" : 0,
            "99.990000" : 0,
            "0.00" : 0,
            "0.00" : 0,
            "0.00" : 0
          }
        },
        "lat_ns" : {
          "min" : 0,
          "max" : 0,
          "mean" : 0.000000,
          "stddev" : 0.000000
        },
        "bw_min" : 0,
        "bw_max" : 0,
        "bw_agg" : 0.000000,
        "bw_mean" : 0.000000,
        "bw_dev" : 0.000000,
        "bw_samples" : 0,
        "iops_min" : 0,
        "iops_max" : 0,
        "iops_mean" : 0.000000,
        "iops_stddev" : 0.000000,
        "iops_samples" : 0
      },
      "usr_cpu" : 0.090651,
      "sys_cpu" : 0.248847,
      "ctx" : 49595,
      "majf" : 0,
      "minf" : 389,
      "iodepth_level" : {
        "1" : 0.100000,
        "2" : 99.967737,
        "4" : 0.000000,
        "8" : 0.000000,
        "16" : 0.000000,
        "32" : 0.000000,
        ">=64" : 0.000000
      },
      "latency_ns" : {
        "2" : 0.000000,
        "4" : 0.000000,
        "10" : 0.000000,
        "20" : 0.000000,
        "50" : 0.000000,
        "100" : 0.000000,
        "250" : 0.000000,
        "500" : 0.000000,
        "750" : 0.000000,
        "1000" : 0.000000
      },
      "latency_us" : {
        "2" : 0.000000,
        "4" : 0.000000,
        "10" : 0.000000,
        "20" : 0.000000,
        "50" : 0.000000,
        "100" : 0.000000,
        "250" : 0.010000,
        "500" : 0.000000,
        "750" : 0.010000,
        "1000" : 0.000000
      },
      "latency_ms" : {
        "2" : 0.010000,
        "4" : 0.195592,
        "10" : 13.034098,
        "20" : 32.653802,
        "50" : 31.736334,
        "100" : 14.419374,
        "250" : 7.202629,
        "500" : 0.721876,
        "750" : 0.026213,
        "1000" : 0.010000,
        "2000" : 0.000000,
        ">=2000" : 0.000000
      },
      "latency_depth" : 2,
      "latency_target" : 0,
      "latency_percentile" : 100.000000,
      "latency_window" : 0
    }
  ],
  "disk_util" : [
    {
      "name" : "md5",
      "read_ios" : 49593,
      "write_ios" : 0,
      "read_merges" : 0,
      "write_merges" : 0,
      "read_ticks" : 0,
      "write_ticks" : 0,
      "in_queue" : 0,
      "util" : 0.000000,
      "aggr_read_ios" : 6199,
      "aggr_write_ios" : 0,
      "aggr_read_merges" : 0,
      "aggr_write_merge" : 0,
      "aggr_read_ticks" : 239785,
      "aggr_write_ticks" : 0,
      "aggr_in_queue" : 239778,
      "aggr_util" : 98.502850
    },
    {
      "name" : "sdf",
      "read_ios" : 6278,
      "write_ios" : 0,
      "read_merges" : 0,
      "write_merges" : 0,
      "read_ticks" : 249304,
      "write_ticks" : 0,
      "in_queue" : 249304,
      "util" : 92.831267
    },
    {
      "name" : "sdd",
      "read_ios" : 6256,
      "write_ios" : 0,
      "read_merges" : 0,
      "write_merges" : 0,
      "read_ticks" : 452072,
      "write_ticks" : 0,
      "in_queue" : 452064,