{
  "fio version" : "fio-3.1",
  "timestamp" : 1584925248,
  "timestamp_ms" : 1584925248036,
  "time" : "Mon Mar 23 02:00:48 2020",
  "jobs" : [
    {
      "jobname" : "iotest",
      "groupid" : 0,
      "error" : 0,
      "eta" : 0,
      "elapsed" : 61,
      "job options" : {
        "rw" : "randread",
        "bs" : "4k",
        "ioengine" : "libaio",
        "iodepth" : "1",
        "direct" : "1",
        "invalidate" : "1",
        "refill_buffers" : "1",
        "runtime" : "60",
        "numjobs" : "32",
        "group_reporting" : "1",
        "write_bw_log" : "/fio/RAID5_500GB/randread-iodepth-1-numjobs-32",
        "write_lat_log" : "/fio/RAID5_500GB/randread-iodepth-1-numjobs-32",
        "write_iops_log" : "/fio/RAID5_500GB/randread-iodepth-1-numjobs-32",
        "log_avg_msec" : "500",
        "filename" : "/dev/md5p1"
      },
      "read" : {
        "io_bytes" : 203776000,
        "io_kbytes" : 199000,
        "bw" : 3311,
        "iops" : 827.814570,
        "runtime" : 60098,
        "total_ios" : 49750,
        "short_ios" : 0,
        "drop_ios" : 0,
        "slat_ns" : {
          "min" : 9999,
          "max" : 273381,
          "mean" : 33150.598372,
          "stddev" : 5120.551431
        },
        "clat_ns" : {
          "min" : 132526,
          "max" : 686750976,
          "mean" : 38559906.374673,
          "stddev" : 44658818.312282,
          "percentile" : {
            "1.000000" : 5341184,
            "5.000000" : 7569408,
            "10.000000" : 9240576,
            "20.000000" : 11862016,
            "30.000000" : 14483456,
            "40.000000" : 17694720,
            "50.000000" : 22675456,
            "60.000000" : 29229056,
            "70.000000" : 38535168,
            "80.000000" : 54263808,
            "90.000000" : 86507520,
            "95.000000" : 124256256,
            "99.000000" : 223346688,
            "99.500000" : 274726912,
            "99.900000" : 387973120,
            "99.950000" : 438304768,
            "99.990000" : 549453824,
            "0.00" : 0,
            "0.00" : 0,
            "0.00" : 0
          }
        },
        "lat_ns" : {
          "min" : 167144,
          "max" : 686785529,
          "mean" : 38594165.323497,
          "stddev" : 44658761.805114
        },
        "bw_min" : 8,
        "bw_max" : 232,
        "bw_agg" : 3.142901,
        "bw_mean" : 104.061454,
        "bw_dev" : 33.547966,
        "bw_samples" : 3824,
        "iops_min" : 2,
        "iops_max" : 58,
        "iops_mean" : 25.895659,
        "iops_stddev" : 8.324842,
        "iops_samples" : 3824
      },
      "write" : {
        "io_bytes" : 0,
        "io_kbytes" : 0,
        "bw" : 0,
        "iops" : 0.000000,
        "runtime" : 0,
        "total_ios" : 0,
        "short_ios" : 0,
        "drop_ios" : 0,
        "slat_ns" : {
          "min" : 0,
          "max" : 0,
          "mean" : 0.000000,
          "stddev" : 0.000000
        },
        "clat_ns" : {
          "min" : 0,
          "max" : 0,
          "mean" : 0.000000,
          "stddev" : 0.000000,
          "percentile" : {
            "1.000000" : 0,
            "5.000000" : 0,
            "10.000000" : 0,
            "20.000000" : 0,
            "30.000000" : 0,
            "40.000000" : 0,
            "50.000000" : 0,
            "60.000000" : 0,
            "70.000000" : 0,
            "80.000000" : 0,
            "90.000000" : 0,
            "95.000000" : 0,
            "99.000000" : 0,
            "99.500000" : 0,
            "99.900000" : 0,
            "99.950000" : 0,
            "99.990000" : 0,
            "0.00" : 0,
            "0.00" : 0,
            "0.00" : 0
          }
        },
        "lat_ns" : {
          "min" : 0,
          "max" : 0,
          "mean" : 0.000000,
          "stddev" : 0.000000
        },
        "bw_min" : 0,
        "bw_max" : 0,
        "bw_agg" : 0.000000,
        "bw_mean" : 0.000000,
        "bw_dev" : 0.000000,
        "bw_samples" : 0,
        "iops_min" : 0,
        "iops_max" : 0,
        "iops_mean" : 0.000000,
        "iops_stddev" : 0.000000,
        "iops_samples" : 0
      },
      "trim" : {
        "io_bytes" : 0,
        "io_kbytes" : 0,
        "bw" : 0,
        "iops" : 0.000000,
        "runtime" : 0,
        "total_ios" : 0,
        "short_ios" : 0,
        "drop_ios" : 0,
        "slat_ns" : {
          "min" : 0,
          "max" : 0,
          "mean" : 0.000000,
          "stddev" : 0.000000
        },
        "clat_ns" : {
          "min" : 0,
          "max" : 0,
          "mean" : 0.000000,
          "stddev" : 0.000000,
          "percentile" : {
            "1.000000" : 0,
            "5.000000" : 0,
            "10.000000" : 0,
            "20.000000" : 0,
            "30.000000" : 0,
            "40.000000" : 0,
            "50.000000" : 0,
            "60.000000" : 0,
            "70.000000" : 0,
            "80.000000" : 0,
            "90.000000" : 0,
            "95.000000" : 0,
            "99.000000" : 0,
            "99.500000" : 0,
            "99.900000" : 0,
            "99.950000" : 0,
            "99.990000" : 0,
            "0.00" : 0,
            "0.00" : 0,
            "0.00" : 0
          }
        },
        "lat_ns" : {
          "min" : 0,
          "max" : 0,
          "mean" : 0.000000,
          "stddev" : 0.000000
        },
        "bw_min" : 0,
        "bw_max" : 0,
        "bw_agg" : 0.000000,
        "bw_mean" : 0.000000,
        "bw_dev" : 0.000000,
        "bw_samples" : 0,
        "iops_min" : 0,
        "iops_max" : 0,
        "iops_mean" : 0.000000,
        "iops_stddev" : 0.000000,
        "iops_samples" : 0
      },
      "usr_cpu" : 0.042848,
      "sys_cpu" : 0.132502,
      "ctx" : 49867,
      "majf" : 0,
      "minf" : 751,
      "iodepth_level" : {
        "1" : 100.000000,
        "2" : 0.000000,
        "4" : 0.000000,
        "8" : 0.000000,
        "16" : 0.000000,
        "32" : 0.000000,
        ">=64" : 0.000000
      },
      "latency_ns" : {
        "2" : 0.000000,
        "4" : 0.000000,
        "10" : 0.000000,
        "20" : 0.000000,
        "50" : 0.000000,
        "100" : 0.000000,
        "250" : 0.000000,
        "500" : 0.000000,
        "750" : 0.000000,
        "1000" : 0.000000
      },
      "latency_us" : {
        "2" : 0.000000,
        "4" : 0.000000,
        "10" : 0.000000,
        "20" : 0.000000,
        "50" : 0.000000,
        "100" : 0.000000,
        "250" : 0.010000,
        "500" : 0.000000,
        "750" : 0.000000,
        "1000" : 0.010000
      },
      "latency_ms" : {
        "2" : 0.010000,
        "4" : 0.146734,
        "10" : 12.683417,
        "20" : 32.237186,
        "50" : 32.647236,
        "100" : 14.596985,
        "250" : 6.992965,
        "500" : 0.663317,
        "750" : 0.020101,
        "1000" : 0.000000,
        "2000" : 0.000000,
        ">=2000" : 0.000000
      },
      "latency_depth" : 1,
      "latency_target" : 0,
      "latency_percentile" : 100.000000,
      "latency_window" : 0
    }
  ],
  "disk_util" : [
    {
      "name" : "md5",
      "read_ios" : 49712,
      "write_ios" : 0,
      "read_merges" : 0,
      "write_merges" : 0,
      "read_ticks" : 0,
      "write_ticks" : 0,
      "in_queue" : 0,
      "util" : 0.000000,
      "aggr_read_ios" : 6218,
      "aggr_write_ios" : 0,
      "aggr_read_merges" : 0,
      "aggr_write_merge" : 0,
      "aggr_read_ticks" : 239715,
      "aggr_write_ticks" : 0,
      "aggr_in_queue" : 239706,
      "aggr_util" : 97.090789
    },
    {
      "name" : "sdf",
      "read_ios" : 6146,
      "write_ios" : 0,
      "read_merges" : 0,
      "write_merges" : 0,
      "read_ticks" : 230696,
      "write_ticks" : 0,
      "in_queue" : 230684,
      "util" : 90.550033
    },
    {
      "name" : "sdd",
      "read_ios" : 6225,
      "write_ios" : 0,
      "read_merges" : 0,
      "write_merges" : 0,
      "read_ticks" : 397688,
      "write_ticks" : 0,
      "in_queue" : 397676,