{
  "fio version" : "fio-3.1",
  "timestamp" : 1584927341,
  "timestamp_ms" : 1584927341726,
  "time" : "Mon Mar 23 02:35:41 2020",
  "jobs" : [
    {
      "jobname" : "iotest",
      "groupid" : 0,
      "error" : 0,
      "eta" : 0,
      "elapsed" : 62,
      "job options" : {
        "rw" : "randread",
        "bs" : "4k",
        "ioengine" : "libaio",
        "iodepth" : "32",
        "direct" : "1",
        "invalidate" : "1",
        "refill_buffers" : "1",
        "runtime" : "60",
        "numjobs" : "16",
        "group_reporting" : "1",
        "write_bw_log" : "/fio/RAID5_500GB/randread-iodepth-32-numjobs-16",
        "write_lat_log" : "/fio/RAID5_500GB/randread-iodepth-32-numjobs-16",
        "write_iops_log" : "/fio/RAID5_500GB/randread-iodepth-32-numjobs-16",
        "log_avg_msec" : "500",
        "filename" : "/dev/md5p1"
      },
      "read" : {
        "io_bytes" : 257921024,
        "io_kbytes" : 251876,
        "bw" : 4116,
        "iops" : 1029.107014,
        "runtime" : 61188,
        "total_ios" : 62969,
        "short_ios" : 0,
        "drop_ios" : 0,
        "slat_ns" : {
          "min" : 4113,
          "max" : 865118967,
          "mean" : 13078660.068415,
          "stddev" : 81259708.712747
        },
        "clat_ns" : {
          "min" : 1310759,
          "max" : 6188772708,
          "mean" : 482538741.703282,
          "stddev" : 518418996.480432,
          "percentile" : {
            "1.000000" : 6324224,
            "5.000000" : 9633792,
            "10.000000" : 13172736,
            "20.000000" : 22937600,
            "30.000000" : 71827456,
            "40.000000" : 379584512,
            "50.000000" : 476053504,
            "60.000000" : 526385152,
            "70.000000" : 583008256,
            "80.000000" : 658505728,
            "90.000000" : 952107008,
            "95.000000" : 1384120320,
            "99.000000" : 2667577344,
            "99.500000" : 3137339392,
            "99.900000" : 4076863488,
            "99.950000" : 4395630592,
            "99.990000" : 5200936960,
            "0.00" : 0,
            "0.00" : 0,
            "0.00" : 0
          }
        },
        "lat_ns" : {
          "min" : 1321730,
          "max" : 6188780841,
          "mean" : 495617893.641522,
          "stddev" : 542317241.021387
        },
        "bw_min" : 8,
        "bw_max" : 804,
        "bw_agg" : 6.866850,
        "bw_mean" : 282.639528,
        "bw_dev" : 94.842201,
        "bw_samples" : 1781,
        "iops_min" : 2,
        "iops_max" : 201,
        "iops_mean" : 70.361033,
        "iops_stddev" : 23.681938,
        "iops_samples" : 1781
      },
      "write" : {
        "io_bytes" : 0,
        "io_kbytes" : 0,
        "bw" : 0,
        "iops" : 0.000000,
        "runtime" : 0,
        "total_ios" : 0,
        "short_ios" : 0,
        "drop_ios" : 0,
        "slat_ns" : {
          "min" : 0,
          "max" : 0,
          "mean" : 0.000000,
          "stddev" : 0.000000
        },
        "clat_ns" : {
          "min" : 0,
          "max" : 0,
          "mean" : 0.000000,
          "stddev" : 0.000000,
          "percentile" : {
            "1.000000" : 0,
            "5.000000" : 0,
            "10.000000" : 0,
            "20.000000" : 0,
            "30.000000" : 0,
            "40.000000" : 0,
            "50.000000" : 0,
            "60.000000" : 0,
            "70.000000" : 0,
            "80.000000" : 0,
            "90.000000" : 0,
            "95.000000" : 0,
            "99.000000" : 0,
            "99.500000" : 0,
            "99.900000" : 0,
            "99.950000" : 0,
            "99.990000" : 0,
            "0.00" : 0,
            "0.00" : 0,
            "0.00" : 0
          }
        },
        "lat_ns" : {
          "min" : 0,
          "max" : 0,
          "mean" : 0.000000,
          "stddev" : 0.000000
        },
        "bw_min" : 0,
        "bw_max" : 0,
        "bw_agg" : 0.000000,
        "bw_mean" : 0.000000,
        "bw_dev" : 0.000000,
        "bw_samples" : 0,
        "iops_min" : 0,
        "iops_max" : 0,
        "iops_mean" : 0.000000,
        "iops_stddev" : 0.000000,
        "iops_samples" : 0
      },
      "trim" : {
        "io_bytes" : 0,
        "io_kbytes" : 0,
        "bw" : 0,
        "iops" : 0.000000,
        "runtime" : 0,
        "total_ios" : 0,
        "short_ios" : 0,
        "drop_ios" : 0,
        "slat_ns" : {
          "min" : 0,
          "max" : 0,
          "mean" : 0.000000,
          "stddev" : 0.000000
        },
        "clat_ns" : {
          "min" : 0,
          "max" : 0,
          "mean" : 0.000000,
          "stddev" : 0.000000,
          "percentile" : {
            "1.000000" : 0,
            "5.000000" : 0,
            "10.000000" : 0,
            "20.000000" : 0,
            "30.000000" : 0,
            "40.000000" : 0,
            "50.000000" : 0,
            "60.000000" : 0,
            "70.000000" : 0,
            "80.000000" : 0,
            "90.000000" : 0,
            "95.000000" : 0,
            "99.000000" : 0,
            "99.500000" : 0,
            "99.900000" : 0,
            "99.950000" : 0,
            "99.990000" : 0,
            "0.00" : 0,
            "0.00" : 0,
            "0.00" : 0
          }
        },
        "lat_ns" : {
          "min" : 0,
          "max" : 0,
          "mean" : 0.000000,
          "stddev" : 0.000000
        },
        "bw_min" : 0,
        "bw_max" : 0,
        "bw_agg" : 0.000000,
        "bw_mean" : 0.000000,
        "bw_dev" : 0.000000,
        "bw_samples" : 0,
        "iops_min" : 0,
        "iops_max" : 0,
        "iops_mean" : 0.000000,
        "iops_stddev" : 0.000000,
        "iops_samples" : 0
      },
      "usr_cpu" : 0.042428,
      "sys_cpu" : 0.107299,
      "ctx" : 26542,
      "majf" : 0,
      "minf" : 872,
      "iodepth_level" : {
        "1" : 0.100000,
        "2" : 0.100000,
        "4" : 0.101637,
        "8" : 0.203275,
        "16" : 0.406549,
        "32" : 99.212311,
        ">=64" : 0.000000
      },
      "latency_ns" : {
        "2" : 0.000000,
        "4" : 0.000000,
        "10" : 0.000000,
        "20" : 0.000000,
        "50" : 0.000000,
        "100" : 0.000000,
        "250" : 0.000000,
        "500" : 0.000000,
        "750" : 0.000000,
        "1000" : 0.000000
      },
      "latency_us" : {
        "2" : 0.000000,
        "4" : 0.000000,
        "10" : 0.000000,
        "20" : 0.000000,
        "50" : 0.000000,
        "100" : 0.000000,
        "250" : 0.000000,
        "500" : 0.000000,
        "750" : 0.000000,
        "1000" : 0.000000
      },
      "latency_ms" : {
        "2" : 0.010000,
        "4" : 0.073052,
        "10" : 5.416951,
        "20" : 12.185361,
        "50" : 10.371770,
        "100" : 3.055472,
        "250" : 3.479490,
        "500" : 19.555654,
        "750" : 32.465181,
        "1000" : 3.997205,
        "2000" : 7.041560,
        ">=2000" : 2.351951
      },
      "latency_depth" : 32,
      "latency_target" : 0,
      "latency_percentile" : 100.000000,
      "latency_window" : 0
    }
  ],
  "disk_util" : [
    {
      "name" : "md5",
      "read_ios" : 62969,
      "write_ios" : 0,
      "read_merges" : 0,
      "write_merges" : 0,
      "read_ticks" : 0,
      "write_ticks" : 0,
      "in_queue" : 0,
      "util" : 0.000000,
      "aggr_read_ios" : 7871,
      "aggr_write_ios" : 0,
      "aggr_read_merges" : 0,
      "aggr_write_merge" : 0,
      "aggr_read_ticks" : 1928787,
      "aggr_write_ticks" : 0,
      "aggr_in_queue" : 1928783,
      "aggr_util" : 98.873911
    },
    {
      "name" : "sdf",
      "read_ios" : 8007,
      "write_ios" : 0,
      "read_merges" : 0,
      "write_merges" : 0,
      "read_ticks" : 3208112,
      "write_ticks" : 0,
      "in_queue" : 3208112,
      "util" : 95.350317
    },
    {
      "name" : "sdd",
      "read_ios" : 7923,
      "write_ios" : 0,
      "read_merges" : 0,
      "write_merges" : 0,
      "read_ticks" : 3068628,
      "write_ticks" : 0,