{
  "fio version" : "fio-3.1",
  "timestamp" : 1584929618,
  "timestamp_ms" : 1584929618695,
  "time" : "Mon Mar 23 03:13:38 2020",
  "jobs" : [
    {
      "jobname" : "iotest",
      "groupid" : 0,
      "error" : 0,
      "eta" : 0,
      "elapsed" : 62,
      "job options" : {
        "rw" : "randwrite",
        "bs" : "4k",
        "ioengine" : "libaio",
        "iodepth" : "8",
        "direct" : "1",
        "invalidate" : "1",
        "refill_buffers" : "1",
        "runtime" : "60",
        "numjobs" : "64",
        "group_reporting" : "1",
        "write_bw_log" : "/fio/RAID5_500GB/randwrite-iodepth-8-numjobs-64",
        "write_lat_log" : "/fio/RAID5_500GB/randwrite-iodepth-8-numjobs-64",
        "write_iops_log" : "/fio/RAID5_500GB/randwrite-iodepth-8-numjobs-64",
        "log_avg_msec" : "500",
        "filename" : "/dev/md5p1"
      },
      "read" : {
        "io_bytes" : 0,
        "io_kbytes" : 0,
        "bw" : 0,
        "iops" : 0.000000,
        "runtime" : 0,
        "total_ios" : 0,
        "short_ios" : 0,
        "drop_ios" : 0,
        "slat_ns" : {
          "min" : 0,
          "max" : 0,
          "mean" : 0.000000,
          "stddev" : 0.000000
        },
        "clat_ns" : {
          "min" : 0,
          "max" : 0,
          "mean" : 0.000000,
          "stddev" : 0.000000,
          "percentile" : {
            "1.000000" : 0,
            "5.000000" : 0,
            "10.000000" : 0,
            "20.000000" : 0,
            "30.000000" : 0,
            "40.000000" : 0,
            "50.000000" : 0,
            "60.000000" : 0,
            "70.000000" : 0,
            "80.000000" : 0,
            "90.000000" : 0,
            "95.000000" : 0,
            "99.000000" : 0,
            "99.500000" : 0,
            "99.900000" : 0,
            "99.950000" : 0,
            "99.990000" : 0,
            "0.00" : 0,
            "0.00" : 0,
            "0.00" : 0
          }
        },
        "lat_ns" : {
          "min" : 0,
          "max" : 0,
          "mean" : 0.000000,
          "stddev" : 0.000000
        },
        "bw_min" : 0,
        "bw_max" : 0,
        "bw_agg" : 0.000000,
        "bw_mean" : 0.000000,
        "bw_dev" : 0.000000,
        "bw_samples" : 0,
        "iops_min" : 0,
        "iops_max" : 0,
        "iops_mean" : 0.000000,
        "iops_stddev" : 0.000000,
        "iops_samples" : 0
      },
      "write" : {
        "io_bytes" : 46780416,
        "io_kbytes" : 45684,
        "bw" : 748,
        "iops" : 187.220301,
        "runtime" : 61003,
        "total_ios" : 11421,
        "short_ios" : 0,
        "drop_ios" : 0,
        "slat_ns" : {
          "min" : 3665,
          "max" : 5470596137,
          "mean" : 190864830.447334,
          "stddev" : 530693578.166296
        },
        "clat_ns" : {
          "min" : 66931455,
          "max" : 8538184805,
          "mean" : 2505541461.193328,
          "stddev" : 994875839.835175,
          "percentile" : {
            "1.000000" : 826277888,
            "5.000000" : 1098907648,
            "10.000000" : 1501560832,
            "20.000000" : 1887436800,
            "30.000000" : 2004877312,
            "40.000000" : 2105540608,
            "50.000000" : 2231369728,
            "60.000000" : 2466250752,
            "70.000000" : 2835349504,
            "80.000000" : 3137339392,
            "90.000000" : 3875536896,
            "95.000000" : 4395630592,
            "99.000000" : 5804916736,
            "99.500000" : 6140461056,
            "99.900000" : 7281311744,
            "99.950000" : 7818182656,
            "99.990000" : 8489271296,
            "0.00" : 0,
            "0.00" : 0,
            "0.00" : 0
          }
        },
        "lat_ns" : {
          "min" : 208354175,
          "max" : 9581579535,
          "mean" : 2696409800.622713,
          "stddev" : 1122600217.999604
        },
        "bw_min" : 7,
        "bw_max" : 65,
        "bw_agg" : 3.382554,
        "bw_mean" : 25.301505,
        "bw_dev" : 18.591953,
        "bw_samples" : 3456,
        "iops_min" : 1,
        "iops_max" : 16,
        "iops_mean" : 6.301215,
        "iops_stddev" : 4.640520,
        "iops_samples" : 3456
      },
      "trim" : {
        "io_bytes" : 0,
        "io_kbytes" : 0,
        "bw" : 0,
        "iops" : 0.000000,
        "runtime" : 0,
        "total_ios" : 0,
        "short_ios" : 0,
        "drop_ios" : 0,
        "slat_ns" : {
          "min" : 0,
          "max" : 0,
          "mean" : 0.000000,
          "stddev" : 0.000000
        },
        "clat_ns" : {
          "min" : 0,
          "max" : 0,
          "mean" : 0.000000,
          "stddev" : 0.000000,
          "percentile" : {
            "1.000000" : 0,
            "5.000000" : 0,
            "10.000000" : 0,
            "20.000000" : 0,
            "30.000000" : 0,
            "40.000000" : 0,
            "50.000000" : 0,
            "60.000000" : 0,
            "70.000000" : 0,
            "80.000000" : 0,
            "90.000000" : 0,
            "95.000000" : 0,
            "99.000000" : 0,
            "99.500000" : 0,
            "99.900000" : 0,
            "99.950000" : 0,
            "99.990000" : 0,
            "0.00" : 0,
            "0.00" : 0,
            "0.00" : 0
          }
        },
        "lat_ns" : {
          "min" : 0,
          "max" : 0,
          "mean" : 0.000000,
          "stddev" : 0.000000
        },
        "bw_min" : 0,
        "bw_max" : 0,
        "bw_agg" : 0.000000,
        "bw_mean" : 0.000000,
        "bw_dev" : 0.000000,
        "bw_samples" : 0,
        "iops_min" : 0,
        "iops_max" : 0,
        "iops_mean" : 0.000000,
        "iops_stddev" : 0.000000,
        "iops_samples" : 0
      },
      "usr_cpu" : 0.004971,
      "sys_cpu" : 0.011101,
      "ctx" : 80860,
      "majf" : 0,
      "minf" : 1450,
      "iodepth_level" : {
        "1" : 0.560371,
        "2" : 1.120742,
        "4" : 2.241485,
        "8" : 96.077401,
        "16" : 0.000000,
        "32" : 0.000000,
        ">=64" : 0.000000
      },
      "latency_ns" : {
        "2" : 0.000000,
        "4" : 0.000000,
        "10" : 0.000000,
        "20" : 0.000000,
        "50" : 0.000000,
        "100" : 0.000000,
        "250" : 0.000000,
        "500" : 0.000000,
        "750" : 0.000000,
        "1000" : 0.000000
      },
      "latency_us" : {
        "2" : 0.000000,
        "4" : 0.000000,
        "10" : 0.000000,
        "20" : 0.000000,
        "50" : 0.000000,
        "100" : 0.000000,
        "250" : 0.000000,
        "500" : 0.000000,
        "750" : 0.000000,
        "1000" : 0.000000
      },
      "latency_ms" : {
        "2" : 0.000000,
        "4" : 0.000000,
        "10" : 0.000000,
        "20" : 0.000000,
        "50" : 0.000000,
        "100" : 0.026267,
        "250" : 0.183872,
        "500" : 0.227651,
        "750" : 0.350232,
        "1000" : 1.103231,
        "2000" : 27.817179,
        ">=2000" : 70.291568
      },
      "latency_depth" : 8,
      "latency_target" : 0,
      "latency_percentile" : 100.000000,
      "latency_window" : 0
    }
  ],
  "disk_util" : [
    {
      "name" : "md5",
      "read_ios" : 156,
      "write_ios" : 11398,
      "read_merges" : 0,
      "write_merges" : 0,
      "read_ticks" : 0,
      "write_ticks" : 0,
      "in_queue" : 0,
      "util" : 0.000000,
      "aggr_read_ios" : 2871,
      "aggr_write_ios" : 3187,
      "aggr_read_merges" : 6,
      "aggr_write_merge" : 0,
      "aggr_read_ticks" : 620198,
      "aggr_write_ticks" : 514089,
      "aggr_in_queue" : 1134348,
      "aggr_util" : 93.757462
    },
    {
      "name" : "sdf",
      "read_ios" : 2838,
      "write_ios" : 3161,
      "read_merges" : 6,
      "write_merges" : 0,
      "read_ticks" : 648112,
      "write_ticks" : 542244,
      "in_queue" : 1190356,
      "util" : 78.115954
    },
    {
      "name" : "sdd",
      "read_ios" : 2788,
      "write_ios" : 3101,
      "read_merges" : 2,
      "write_merges" : 0,
      "read_ticks" : 736484,