{
  "fio version" : "fio-3.1",
  "timestamp" : 1584929188,
  "timestamp_ms" : 1584929188914,
  "time" : "Mon Mar 23 03:06:28 2020",
  "jobs" : [
    {
      "jobname" : "iotest",
      "groupid" : 0,
      "error" : 0,
      "eta" : 0,
      "elapsed" : 61,
      "job options" : {
        "rw" : "randwrite",
        "bs" : "4k",
        "ioengine" : "libaio",
        "iodepth" : "4",
        "direct" : "1",
        "invalidate" : "1",
        "refill_buffers" : "1",
        "runtime" : "60",
        "numjobs" : "64",
        "group_reporting" : "1",
        "write_bw_log" : "/fio/RAID5_500GB/randwrite-iodepth-4-numjobs-64",
        "write_lat_log" : "/fio/RAID5_500GB/randwrite-iodepth-4-numjobs-64",
        "write_iops_log" : "/fio/RAID5_500GB/randwrite-iodepth-4-numjobs-64",
        "log_avg_msec" : "500",
        "filename" : "/dev/md5p1"
      },
      "read" : {
        "io_bytes" : 0,
        "io_kbytes" : 0,
        "bw" : 0,
        "iops" : 0.000000,
        "runtime" : 0,
        "total_ios" : 0,
        "short_ios" : 0,
        "drop_ios" : 0,
        "slat_ns" : {
          "min" : 0,
          "max" : 0,
          "mean" : 0.000000,
          "stddev" : 0.000000
        },
        "clat_ns" : {
          "min" : 0,
          "max" : 0,
          "mean" : 0.000000,
          "stddev" : 0.000000,
          "percentile" : {
            "1.000000" : 0,
            "5.000000" : 0,
            "10.000000" : 0,
            "20.000000" : 0,
            "30.000000" : 0,
            "40.000000" : 0,
            "50.000000" : 0,
            "60.000000" : 0,
            "70.000000" : 0,
            "80.000000" : 0,
            "90.000000" : 0,
            "95.000000" : 0,
            "99.000000" : 0,
            "99.500000" : 0,
            "99.900000" : 0,
            "99.950000" : 0,
            "99.990000" : 0,
            "0.00" : 0,
            "0.00" : 0,
            "0.00" : 0
          }
        },
        "lat_ns" : {
          "min" : 0,
          "max" : 0,
          "mean" : 0.000000,
          "stddev" : 0.000000
        },
        "bw_min" : 0,
        "bw_max" : 0,
        "bw_agg" : 0.000000,
        "bw_mean" : 0.000000,
        "bw_dev" : 0.000000,
        "bw_samples" : 0,
        "iops_min" : 0,
        "iops_max" : 0,
        "iops_mean" : 0.000000,
        "iops_stddev" : 0.000000,
        "iops_samples" : 0
      },
      "write" : {
        "io_bytes" : 39583744,
        "io_kbytes" : 38656,
        "bw" : 640,
        "iops" : 160.047696,
        "runtime" : 60382,
        "total_ios" : 9664,
        "short_ios" : 0,
        "drop_ios" : 0,
        "slat_ns" : {
          "min" : 3824,
          "max" : 197605721,
          "mean" : 107055.622724,
          "stddev" : 3489876.196270
        },
        "clat_ns" : {
          "min" : 259023824,
          "max" : 2548721563,
          "mean" : 1592059919.818088,
          "stddev" : 275824285.437200,
          "percentile" : {
            "1.000000" : 549453824,
            "5.000000" : 1082130432,
            "10.000000" : 1266679808,
            "20.000000" : 1451229184,
            "30.000000" : 1518338048,
            "40.000000" : 1551892480,
            "50.000000" : 1619001344,
            "60.000000" : 1669332992,
            "70.000000" : 1719664640,
            "80.000000" : 1786773504,
            "90.000000" : 1870659584,
            "95.000000" : 1971322880,
            "99.000000" : 2164260864,
            "99.500000" : 2231369728,
            "99.900000" : 2399141888,
            "99.950000" : 2533359616,
            "99.990000" : 2533359616,
            "0.00" : 0,
            "0.00" : 0,
            "0.00" : 0
          }
        },
        "lat_ns" : {
          "min" : 259028972,
          "max" : 2548731704,
          "mean" : 1592172263.633175,
          "stddev" : 275684365.754647
        },
        "bw_min" : 7,
        "bw_max" : 32,
        "bw_agg" : 2.383717,
        "bw_mean" : 15.255786,
        "bw_dev" : 7.449181,
        "bw_samples" : 4926,
        "iops_min" : 1,
        "iops_max" : 8,
        "iops_mean" : 3.796590,
        "iops_stddev" : 1.869563,
        "iops_samples" : 4926
      },
      "trim" : {
        "io_bytes" : 0,
        "io_kbytes" : 0,
        "bw" : 0,
        "iops" : 0.000000,
        "runtime" : 0,
        "total_ios" : 0,
        "short_ios" : 0,
        "drop_ios" : 0,
        "slat_ns" : {
          "min" : 0,
          "max" : 0,
          "mean" : 0.000000,
          "stddev" : 0.000000
        },
        "clat_ns" : {
          "min" : 0,
          "max" : 0,
          "mean" : 0.000000,
          "stddev" : 0.000000,
          "percentile" : {
            "1.000000" : 0,
            "5.000000" : 0,
            "10.000000" : 0,
            "20.000000" : 0,
            "30.000000" : 0,
            "40.000000" : 0,
            "50.000000" : 0,
            "60.000000" : 0,
            "70.000000" : 0,
            "80.000000" : 0,
            "90.000000" : 0,
            "95.000000" : 0,
            "99.000000" : 0,
            "99.500000" : 0,
            "99.900000" : 0,
            "99.950000" : 0,
            "99.990000" : 0,
            "0.00" : 0,
            "0.00" : 0,
            "0.00" : 0
          }
        },
        "lat_ns" : {
          "min" : 0,
          "max" : 0,
          "mean" : 0.000000,
          "stddev" : 0.000000
        },
        "bw_min" : 0,
        "bw_max" : 0,
        "bw_agg" : 0.000000,
        "bw_mean" : 0.000000,
        "bw_dev" : 0.000000,
        "bw_samples" : 0,
        "iops_min" : 0,
        "iops_max" : 0,
        "iops_mean" : 0.000000,
        "iops_stddev" : 0.000000,
        "iops_samples" : 0
      },
      "usr_cpu" : 0.004391,
      "sys_cpu" : 0.006470,
      "ctx" : 9225,
      "majf" : 0,
      "minf" : 1514,
      "iodepth_level" : {
        "1" : 0.662252,
        "2" : 1.324503,
        "4" : 98.013245,
        "8" : 0.000000,
        "16" : 0.000000,
        "32" : 0.000000,
        ">=64" : 0.000000
      },
      "latency_ns" : {
        "2" : 0.000000,
        "4" : 0.000000,
        "10" : 0.000000,
        "20" : 0.000000,
        "50" : 0.000000,
        "100" : 0.000000,
        "250" : 0.000000,
        "500" : 0.000000,
        "750" : 0.000000,
        "1000" : 0.000000
      },
      "latency_us" : {
        "2" : 0.000000,
        "4" : 0.000000,
        "10" : 0.000000,
        "20" : 0.000000,
        "50" : 0.000000,
        "100" : 0.000000,
        "250" : 0.000000,
        "500" : 0.000000,
        "750" : 0.000000,
        "1000" : 0.000000
      },
      "latency_ms" : {
        "2" : 0.000000,
        "4" : 0.000000,
        "10" : 0.000000,
        "20" : 0.000000,
        "50" : 0.000000,
        "100" : 0.000000,
        "250" : 0.000000,
        "500" : 0.403560,
        "750" : 1.314156,
        "1000" : 2.059189,
        "2000" : 91.752897,
        ">=2000" : 4.470199
      },
      "latency_depth" : 4,
      "latency_target" : 0,
      "latency_percentile" : 100.000000,
      "latency_window" : 0
    }
  ],
  "disk_util" : [
    {
      "name" : "md5",
      "read_ios" : 156,
      "write_ios" : 9664,
      "read_merges" : 0,
      "write_merges" : 0,
      "read_ticks" : 0,
      "write_ticks" : 0,
      "in_queue" : 0,
      "util" : 0.000000,
      "aggr_read_ios" : 2432,
      "aggr_write_ios" : 3361,
      "aggr_read_merges" : 6,
      "aggr_write_merge" : 0,
      "aggr_read_ticks" : 379809,
      "aggr_write_ticks" : 304369,
      "aggr_in_queue" : 684172,
      "aggr_util" : 83.474065
    },
    {
      "name" : "sdf",
      "read_ios" : 2397,
      "write_ios" : 3332,
      "read_merges" : 6,
      "write_merges" : 0,
      "read_ticks" : 393596,
      "write_ticks" : 326188,
      "in_queue" : 719792,
      "util" : 75.502751
    },
    {
      "name" : "sdd",
      "read_ios" : 2348,
      "write_ios" : 3274,
      "read_merges" : 2,
      "write_merges" : 0,
      "read_ticks" : 400096,
      "write_ticks" : 341744,