{
  "fio version" : "fio-3.1",
  "timestamp" : 1584929494,
  "timestamp_ms" : 1584929494811,
  "time" : "Mon Mar 23 03:11:34 2020",
  "jobs" : [
    {
      "jobname" : "iotest",
      "groupid" : 0,
      "error" : 0,
      "eta" : 0,
      "elapsed" : 61,
      "job options" : {
        "rw" : "randwrite",
        "bs" : "4k",
        "ioengine" : "libaio",
        "iodepth" : "8",
        "direct" : "1",
        "invalidate" : "1",
        "refill_buffers" : "1",
        "runtime" : "60",
        "numjobs" : "16",
        "group_reporting" : "1",
        "write_bw_log" : "/fio/RAID5_500GB/randwrite-iodepth-8-numjobs-16",
        "write_lat_log" : "/fio/RAID5_500GB/randwrite-iodepth-8-numjobs-16",
        "write_iops_log" : "/fio/RAID5_500GB/randwrite-iodepth-8-numjobs-16",
        "log_avg_msec" : "500",
        "filename" : "/dev/md5p1"
      },
      "read" : {
        "io_bytes" : 0,
        "io_kbytes" : 0,
        "bw" : 0,
        "iops" : 0.000000,
        "runtime" : 0,
        "total_ios" : 0,
        "short_ios" : 0,
        "drop_ios" : 0,
        "slat_ns" : {
          "min" : 0,
          "max" : 0,
          "mean" : 0.000000,
          "stddev" : 0.000000
        },
        "clat_ns" : {
          "min" : 0,
          "max" : 0,
          "mean" : 0.000000,
          "stddev" : 0.000000,
          "percentile" : {
            "1.000000" : 0,
            "5.000000" : 0,
            "10.000000" : 0,
            "20.000000" : 0,
            "30.000000" : 0,
            "40.000000" : 0,
            "50.000000" : 0,
            "60.000000" : 0,
            "70.000000" : 0,
            "80.000000" : 0,
            "90.000000" : 0,
            "95.000000" : 0,
            "99.000000" : 0,
            "99.500000" : 0,
            "99.900000" : 0,
            "99.950000" : 0,
            "99.990000" : 0,
            "0.00" : 0,
            "0.00" : 0,
            "0.00" : 0
          }
        },
        "lat_ns" : {
          "min" : 0,
          "max" : 0,
          "mean" : 0.000000,
          "stddev" : 0.000000
        },
        "bw_min" : 0,
        "bw_max" : 0,
        "bw_agg" : 0.000000,
        "bw_mean" : 0.000000,
        "bw_dev" : 0.000000,
        "bw_samples" : 0,
        "iops_min" : 0,
        "iops_max" : 0,
        "iops_mean" : 0.000000,
        "iops_stddev" : 0.000000,
        "iops_samples" : 0
      },
      "write" : {
        "io_bytes" : 32735232,
        "io_kbytes" : 31968,
        "bw" : 531,
        "iops" : 132.836912,
        "runtime" : 60164,
        "total_ios" : 7992,
        "short_ios" : 0,
        "drop_ios" : 0,
        "slat_ns" : {
          "min" : 3796,
          "max" : 47672759,
          "mean" : 19080.132758,
          "stddev" : 534983.116654
        },
        "clat_ns" : {
          "min" : 99271319,
          "max" : 1543700400,
          "mean" : 962596675.693318,
          "stddev" : 176333020.414587,
          "percentile" : {
            "1.000000" : 396361728,
            "5.000000" : 591396864,
            "10.000000" : 675282944,
            "20.000000" : 868220928,
            "30.000000" : 926941184,
            "40.000000" : 960495616,
            "50.000000" : 994050048,
            "60.000000" : 1027604480,
            "70.000000" : 1061158912,
            "80.000000" : 1098907648,
            "90.000000" : 1149239296,
            "95.000000" : 1182793728,
            "99.000000" : 1249902592,
            "99.500000" : 1283457024,
            "99.900000" : 1333788672,
            "99.950000" : 1350565888,
            "99.990000" : 1551892480,
            "0.00" : 0,
            "0.00" : 0,
            "0.00" : 0
          }
        },
        "lat_ns" : {
          "min" : 99276921,
          "max" : 1543708647,
          "mean" : 962616519.111111,
          "stddev" : 176311876.279832
        },
        "bw_min" : 7,
        "bw_max" : 72,
        "bw_agg" : 6.448531,
        "bw_mean" : 34.241698,
        "bw_dev" : 16.194869,
        "bw_samples" : 1837,
        "iops_min" : 1,
        "iops_max" : 18,
        "iops_mean" : 8.542188,
        "iops_stddev" : 4.047376,
        "iops_samples" : 1837
      },
      "trim" : {
        "io_bytes" : 0,
        "io_kbytes" : 0,
        "bw" : 0,
        "iops" : 0.000000,
        "runtime" : 0,
        "total_ios" : 0,
        "short_ios" : 0,
        "drop_ios" : 0,
        "slat_ns" : {
          "min" : 0,
          "max" : 0,
          "mean" : 0.000000,
          "stddev" : 0.000000
        },
        "clat_ns" : {
          "min" : 0,
          "max" : 0,
          "mean" : 0.000000,
          "stddev" : 0.000000,
          "percentile" : {
            "1.000000" : 0,
            "5.000000" : 0,
            "10.000000" : 0,
            "20.000000" : 0,
            "30.000000" : 0,
            "40.000000" : 0,
            "50.000000" : 0,
            "60.000000" : 0,
            "70.000000" : 0,
            "80.000000" : 0,
            "90.000000" : 0,
            "95.000000" : 0,
            "99.000000" : 0,
            "99.500000" : 0,
            "99.900000" : 0,
            "99.950000" : 0,
            "99.990000" : 0,
            "0.00" : 0,
            "0.00" : 0,
            "0.00" : 0
          }
        },
        "lat_ns" : {
          "min" : 0,
          "max" : 0,
          "mean" : 0.000000,
          "stddev" : 0.000000
        },
        "bw_min" : 0,
        "bw_max" : 0,
        "bw_agg" : 0.000000,
        "bw_mean" : 0.000000,
        "bw_dev" : 0.000000,
        "bw_samples" : 0,
        "iops_min" : 0,
        "iops_max" : 0,
        "iops_mean" : 0.000000,
        "iops_stddev" : 0.000000,
        "iops_samples" : 0
      },
      "usr_cpu" : 0.011957,
      "sys_cpu" : 0.017571,
      "ctx" : 7267,
      "majf" : 0,
      "minf" : 370,
      "iodepth_level" : {
        "1" : 0.200200,
        "2" : 0.400400,
        "4" : 0.800801,
        "8" : 98.598599,
        "16" : 0.000000,
        "32" : 0.000000,
        ">=64" : 0.000000
      },
      "latency_ns" : {
        "2" : 0.000000,
        "4" : 0.000000,
        "10" : 0.000000,
        "20" : 0.000000,
        "50" : 0.000000,
        "100" : 0.000000,
        "250" : 0.000000,
        "500" : 0.000000,
        "750" : 0.000000,
        "1000" : 0.000000
      },
      "latency_us" : {
        "2" : 0.000000,
        "4" : 0.000000,
        "10" : 0.000000,
        "20" : 0.000000,
        "50" : 0.000000,
        "100" : 0.000000,
        "250" : 0.000000,
        "500" : 0.000000,
        "750" : 0.000000,
        "1000" : 0.000000
      },
      "latency_ms" : {
        "2" : 0.000000,
        "4" : 0.000000,
        "10" : 0.000000,
        "20" : 0.000000,
        "50" : 0.000000,
        "100" : 0.012513,
        "250" : 0.150150,
        "500" : 1.689189,
        "750" : 11.123624,
        "1000" : 39.114114,
        "2000" : 47.910410,
        ">=2000" : 0.000000
      },
      "latency_depth" : 8,
      "latency_target" : 0,
      "latency_percentile" : 100.000000,
      "latency_window" : 0
    }
  ],
  "disk_util" : [
    {
      "name" : "md5",
      "read_ios" : 156,
      "write_ios" : 7992,
      "read_merges" : 0,
      "write_merges" : 0,
      "read_ticks" : 0,
      "write_ticks" : 0,
      "in_queue" : 0,
      "util" : 0.000000,
      "aggr_read_ios" : 2012,
      "aggr_write_ios" : 3190,
      "aggr_read_merges" : 5,
      "aggr_write_merge" : 0,
      "aggr_read_ticks" : 148219,
      "aggr_write_ticks" : 85366,
      "aggr_in_queue" : 233579,
      "aggr_util" : 82.302970
    },
    {
      "name" : "sdf",
      "read_ios" : 2050,
      "write_ios" : 3232,
      "read_merges" : 6,
      "write_merges" : 0,
      "read_ticks" : 170428,
      "write_ticks" : 97768,
      "in_queue" : 268188,
      "util" : 70.948154
    },
    {
      "name" : "sdd",
      "read_ios" : 2023,
      "write_ios" : 3199,
      "read_merges" : 2,
      "write_merges" : 0,
      "read_ticks" : 174884,
      "write_ticks" : 101700,