{
  "fio version" : "fio-3.1",
  "timestamp" : 1584927033,
  "timestamp_ms" : 1584927033078,
  "time" : "Mon Mar 23 02:30:33 2020",
  "jobs" : [
    {
      "jobname" : "iotest",
      "groupid" : 0,
      "error" : 0,
      "eta" : 0,
      "elapsed" : 62,
      "job options" : {
        "rw" : "randread",
        "bs" : "4k",
        "ioengine" : "libaio",
        "iodepth" : "16",
        "direct" : "1",
        "invalidate" : "1",
        "refill_buffers" : "1",
        "runtime" : "60",
        "numjobs" : "64",
        "group_reporting" : "1",
        "write_bw_log" : "/fio/RAID5_500GB/randread-iodepth-16-numjobs-64",
        "write_lat_log" : "/fio/RAID5_500GB/randread-iodepth-16-numjobs-64",
        "write_iops_log" : "/fio/RAID5_500GB/randread-iodepth-16-numjobs-64",
        "log_avg_msec" : "500",
        "filename" : "/dev/md5p1"
      },
      "read" : {
        "io_bytes" : 282202112,
        "io_kbytes" : 275588,
        "bw" : 4477,
        "iops" : 1119.257262,
        "runtime" : 61556,
        "total_ios" : 68897,
        "short_ios" : 0,
        "drop_ios" : 0,
        "slat_ns" : {
          "min" : 4044,
          "max" : 2162284122,
          "mean" : 51140920.668868,
          "stddev" : 247188861.605201
        },
        "clat_ns" : {
          "min" : 359442,
          "max" : 6417137595,
          "mean" : 854712087.314513,
          "stddev" : 762102436.696652,
          "percentile" : {
            "1.000000" : 6193152,
            "5.000000" : 9764864,
            "10.000000" : 13434880,
            "20.000000" : 23986176,
            "30.000000" : 58458112,
            "40.000000" : 429916160,
            "50.000000" : 935329792,
            "60.000000" : 1182793728,
            "70.000000" : 1350565888,
            "80.000000" : 1484783616,
            "90.000000" : 1769996288,
            "95.000000" : 2038431744,
            "99.000000" : 2902458368,
            "99.500000" : 3271557120,
            "99.900000" : 3976200192,
            "99.950000" : 4177526784,
            "99.990000" : 5469372416,
            "0.00" : 0,
            "0.00" : 0,
            "0.00" : 0
          }
        },
        "lat_ns" : {
          "min" : 365529,
          "max" : 6417145200,
          "mean" : 905853454.994180,
          "stddev" : 840733631.646183
        },
        "bw_min" : 5,
        "bw_max" : 480,
        "bw_agg" : 3.234381,
        "bw_mean" : 144.803235,
        "bw_dev" : 68.644036,
        "bw_samples" : 3771,
        "iops_min" : 1,
        "iops_max" : 120,
        "iops_mean" : 36.015911,
        "iops_stddev" : 17.097559,
        "iops_samples" : 3771
      },
      "write" : {
        "io_bytes" : 0,
        "io_kbytes" : 0,
        "bw" : 0,
        "iops" : 0.000000,
        "runtime" : 0,
        "total_ios" : 0,
        "short_ios" : 0,
        "drop_ios" : 0,
        "slat_ns" : {
          "min" : 0,
          "max" : 0,
          "mean" : 0.000000,
          "stddev" : 0.000000
        },
        "clat_ns" : {
          "min" : 0,
          "max" : 0,
          "mean" : 0.000000,
          "stddev" : 0.000000,
          "percentile" : {
            "1.000000" : 0,
            "5.000000" : 0,
            "10.000000" : 0,
            "20.000000" : 0,
            "30.000000" : 0,
            "40.000000" : 0,
            "50.000000" : 0,
            "60.000000" : 0,
            "70.000000" : 0,
            "80.000000" : 0,
            "90.000000" : 0,
            "95.000000" : 0,
            "99.000000" : 0,
            "99.500000" : 0,
            "99.900000" : 0,
            "99.950000" : 0,
            "99.990000" : 0,
            "0.00" : 0,
            "0.00" : 0,
            "0.00" : 0
          }
        },
        "lat_ns" : {
          "min" : 0,
          "max" : 0,
          "mean" : 0.000000,
          "stddev" : 0.000000
        },
        "bw_min" : 0,
        "bw_max" : 0,
        "bw_agg" : 0.000000,
        "bw_mean" : 0.000000,
        "bw_dev" : 0.000000,
        "bw_samples" : 0,
        "iops_min" : 0,
        "iops_max" : 0,
        "iops_mean" : 0.000000,
        "iops_stddev" : 0.000000,
        "iops_samples" : 0
      },
      "trim" : {
        "io_bytes" : 0,
        "io_kbytes" : 0,
        "bw" : 0,
        "iops" : 0.000000,
        "runtime" : 0,
        "total_ios" : 0,
        "short_ios" : 0,
        "drop_ios" : 0,
        "slat_ns" : {
          "min" : 0,
          "max" : 0,
          "mean" : 0.000000,
          "stddev" : 0.000000
        },
        "clat_ns" : {
          "min" : 0,
          "max" : 0,
          "mean" : 0.000000,
          "stddev" : 0.000000,
          "percentile" : {
            "1.000000" : 0,
            "5.000000" : 0,
            "10.000000" : 0,
            "20.000000" : 0,
            "30.000000" : 0,
            "40.000000" : 0,
            "50.000000" : 0,
            "60.000000" : 0,
            "70.000000" : 0,
            "80.000000" : 0,
            "90.000000" : 0,
            "95.000000" : 0,
            "99.000000" : 0,
            "99.500000" : 0,
            "99.900000" : 0,
            "99.950000" : 0,
            "99.990000" : 0,
            "0.00" : 0,
            "0.00" : 0,
            "0.00" : 0
          }
        },
        "lat_ns" : {
          "min" : 0,
          "max" : 0,
          "mean" : 0.000000,
          "stddev" : 0.000000
        },
        "bw_min" : 0,
        "bw_max" : 0,
        "bw_agg" : 0.000000,
        "bw_mean" : 0.000000,
        "bw_dev" : 0.000000,
        "bw_samples" : 0,
        "iops_min" : 0,
        "iops_max" : 0,
        "iops_mean" : 0.000000,
        "iops_stddev" : 0.000000,
        "iops_samples" : 0
      },
      "usr_cpu" : 0.010090,
      "sys_cpu" : 0.020770,
      "ctx" : 30192,
      "majf" : 0,
      "minf" : 2460,
      "iodepth_level" : {
        "1" : 0.100000,
        "2" : 0.185785,
        "4" : 0.371569,
        "8" : 0.743138,
        "16" : 98.606616,
        "32" : 0.000000,
        ">=64" : 0.000000
      },
      "latency_ns" : {
        "2" : 0.000000,
        "4" : 0.000000,
        "10" : 0.000000,
        "20" : 0.000000,
        "50" : 0.000000,
        "100" : 0.000000,
        "250" : 0.000000,
        "500" : 0.000000,
        "750" : 0.000000,
        "1000" : 0.000000
      },
      "latency_us" : {
        "2" : 0.000000,
        "4" : 0.000000,
        "10" : 0.000000,
        "20" : 0.000000,
        "50" : 0.000000,
        "100" : 0.000000,
        "250" : 0.000000,
        "500" : 0.010000,
        "750" : 0.010000,
        "1000" : 0.010000
      },
      "latency_ms" : {
        "2" : 0.010000,
        "4" : 0.076926,
        "10" : 5.143910,
        "20" : 11.656531,
        "50" : 11.781355,
        "100" : 4.352875,
        "250" : 3.725852,
        "500" : 4.289011,
        "750" : 4.476247,
        "1000" : 6.559066,
        "2000" : 42.260185,
        ">=2000" : 5.667881
      },
      "latency_depth" : 16,
      "latency_target" : 0,
      "latency_percentile" : 100.000000,
      "latency_window" : 0
    }
  ],
  "disk_util" : [
    {
      "name" : "md5",
      "read_ios" : 68897,
      "write_ios" : 0,
      "read_merges" : 0,
      "write_merges" : 0,
      "read_ticks" : 0,
      "write_ticks" : 0,
      "in_queue" : 0,
      "util" : 0.000000,
      "aggr_read_ios" : 8612,
      "aggr_write_ios" : 0,
      "aggr_read_merges" : 0,
      "aggr_write_merge" : 0,
      "aggr_read_ticks" : 2725769,
      "aggr_write_ticks" : 0,
      "aggr_in_queue" : 2725767,
      "aggr_util" : 99.656647
    },
    {
      "name" : "sdf",
      "read_ios" : 8462,
      "write_ios" : 0,
      "read_merges" : 0,
      "write_merges" : 0,
      "read_ticks" : 3222784,
      "write_ticks" : 0,
      "in_queue" : 3222788,
      "util" : 95.916549
    },
    {
      "name" : "sdd",
      "read_ios" : 8540,
      "write_ios" : 0,
      "read_merges" : 0,
      "write_merges" : 0,
      "read_ticks" : 6635620,
      "write_ticks" : 0,