{
  "fio version" : "fio-3.1",
  "timestamp" : 1584928882,
  "timestamp_ms" : 1584928882268,
  "time" : "Mon Mar 23 03:01:22 2020",
  "jobs" : [
    {
      "jobname" : "iotest",
      "groupid" : 0,
      "error" : 0,
      "eta" : 0,
      "elapsed" : 61,
      "job options" : {
        "rw" : "randwrite",
        "bs" : "4k",
        "ioengine" : "libaio",
        "iodepth" : "4",
        "direct" : "1",
        "invalidate" : "1",
        "refill_buffers" : "1",
        "runtime" : "60",
        "numjobs" : "2",
        "group_reporting" : "1",
        "write_bw_log" : "/fio/RAID5_500GB/randwrite-iodepth-4-numjobs-2",
        "write_lat_log" : "/fio/RAID5_500GB/randwrite-iodepth-4-numjobs-2",
        "write_iops_log" : "/fio/RAID5_500GB/randwrite-iodepth-4-numjobs-2",
        "log_avg_msec" : "500",
        "filename" : "/dev/md5p1"
      },
      "read" : {
        "io_bytes" : 0,
        "io_kbytes" : 0,
        "bw" : 0,
        "iops" : 0.000000,
        "runtime" : 0,
        "total_ios" : 0,
        "short_ios" : 0,
        "drop_ios" : 0,
        "slat_ns" : {
          "min" : 0,
          "max" : 0,
          "mean" : 0.000000,
          "stddev" : 0.000000
        },
        "clat_ns" : {
          "min" : 0,
          "max" : 0,
          "mean" : 0.000000,
          "stddev" : 0.000000,
          "percentile" : {
            "1.000000" : 0,
            "5.000000" : 0,
            "10.000000" : 0,
            "20.000000" : 0,
            "30.000000" : 0,
            "40.000000" : 0,
            "50.000000" : 0,
            "60.000000" : 0,
            "70.000000" : 0,
            "80.000000" : 0,
            "90.000000" : 0,
            "95.000000" : 0,
            "99.000000" : 0,
            "99.500000" : 0,
            "99.900000" : 0,
            "99.950000" : 0,
            "99.990000" : 0,
            "0.00" : 0,
            "0.00" : 0,
            "0.00" : 0
          }
        },
        "lat_ns" : {
          "min" : 0,
          "max" : 0,
          "mean" : 0.000000,
          "stddev" : 0.000000
        },
        "bw_min" : 0,
        "bw_max" : 0,
        "bw_agg" : 0.000000,
        "bw_mean" : 0.000000,
        "bw_dev" : 0.000000,
        "bw_samples" : 0,
        "iops_min" : 0,
        "iops_max" : 0,
        "iops_mean" : 0.000000,
        "iops_stddev" : 0.000000,
        "iops_samples" : 0
      },
      "write" : {
        "io_bytes" : 12754944,
        "io_kbytes" : 12456,
        "bw" : 207,
        "iops" : 51.827442,
        "runtime" : 60084,
        "total_ios" : 3114,
        "short_ios" : 0,
        "drop_ios" : 0,
        "slat_ns" : {
          "min" : 5148,
          "max" : 24747358,
          "mean" : 29690.690430,
          "stddev" : 610130.221836
        },
        "clat_ns" : {
          "min" : 20085336,
          "max" : 306674433,
          "mean" : 154245615.246949,
          "stddev" : 40231057.758372,
          "percentile" : {
            "1.000000" : 63700992,
            "5.000000" : 88604672,
            "10.000000" : 103284736,
            "20.000000" : 117964800,
            "30.000000" : 133693440,
            "40.000000" : 145752064,
            "50.000000" : 154140672,
            "60.000000" : 162529280,
            "70.000000" : 175112192,
            "80.000000" : 189792256,
            "90.000000" : 206569472,
            "95.000000" : 221249536,
            "99.000000" : 248512512,
            "99.500000" : 252706816,
            "99.900000" : 265289728,
            "99.950000" : 283115520,
            "99.990000" : 308281344,
            "0.00" : 0,
            "0.00" : 0,
            "0.00" : 0
          }
        },
        "lat_ns" : {
          "min" : 20091332,
          "max" : 306682890,
          "mean" : 154276007.127168,
          "stddev" : 40195284.545375
        },
        "bw_min" : 64,
        "bw_max" : 152,
        "bw_agg" : 50.016103,
        "bw_mean" : 103.533333,
        "bw_dev" : 14.628987,
        "bw_samples" : 240,
        "iops_min" : 16,
        "iops_max" : 38,
        "iops_mean" : 25.883333,
        "iops_stddev" : 3.657247,
        "iops_samples" : 240
      },
      "trim" : {
        "io_bytes" : 0,
        "io_kbytes" : 0,
        "bw" : 0,
        "iops" : 0.000000,
        "runtime" : 0,
        "total_ios" : 0,
        "short_ios" : 0,
        "drop_ios" : 0,
        "slat_ns" : {
          "min" : 0,
          "max" : 0,
          "mean" : 0.000000,
          "stddev" : 0.000000
        },
        "clat_ns" : {
          "min" : 0,
          "max" : 0,
          "mean" : 0.000000,
          "stddev" : 0.000000,
          "percentile" : {
            "1.000000" : 0,
            "5.000000" : 0,
            "10.000000" : 0,
            "20.000000" : 0,
            "30.000000" : 0,
            "40.000000" : 0,
            "50.000000" : 0,
            "60.000000" : 0,
            "70.000000" : 0,
            "80.000000" : 0,
            "90.000000" : 0,
            "95.000000" : 0,
            "99.000000" : 0,
            "99.500000" : 0,
            "99.900000" : 0,
            "99.950000" : 0,
            "99.990000" : 0,
            "0.00" : 0,
            "0.00" : 0,
            "0.00" : 0
          }
        },
        "lat_ns" : {
          "min" : 0,
          "max" : 0,
          "mean" : 0.000000,
          "stddev" : 0.000000
        },
        "bw_min" : 0,
        "bw_max" : 0,
        "bw_agg" : 0.000000,
        "bw_mean" : 0.000000,
        "bw_dev" : 0.000000,
        "bw_samples" : 0,
        "iops_min" : 0,
        "iops_max" : 0,
        "iops_mean" : 0.000000,
        "iops_stddev" : 0.000000,
        "iops_samples" : 0
      },
      "usr_cpu" : 0.037453,
      "sys_cpu" : 0.049938,
      "ctx" : 1967,
      "majf" : 0,
      "minf" : 30,
      "iodepth_level" : {
        "1" : 0.100000,
        "2" : 0.128452,
        "4" : 99.807322,
        "8" : 0.000000,
        "16" : 0.000000,
        "32" : 0.000000,
        ">=64" : 0.000000
      },
      "latency_ns" : {
        "2" : 0.000000,
        "4" : 0.000000,
        "10" : 0.000000,
        "20" : 0.000000,
        "50" : 0.000000,
        "100" : 0.000000,
        "250" : 0.000000,
        "500" : 0.000000,
        "750" : 0.000000,
        "1000" : 0.000000
      },
      "latency_us" : {
        "2" : 0.000000,
        "4" : 0.000000,
        "10" : 0.000000,
        "20" : 0.000000,
        "50" : 0.000000,
        "100" : 0.000000,
        "250" : 0.000000,
        "500" : 0.000000,
        "750" : 0.000000,
        "1000" : 0.000000
      },
      "latency_ms" : {
        "2" : 0.000000,
        "4" : 0.000000,
        "10" : 0.000000,
        "20" : 0.000000,
        "50" : 0.385356,
        "100" : 8.413616,
        "250" : 90.526654,
        "500" : 0.674374,
        "750" : 0.000000,
        "1000" : 0.000000,
        "2000" : 0.000000,
        ">=2000" : 0.000000
      },
      "latency_depth" : 4,
      "latency_target" : 0,
      "latency_percentile" : 100.000000,
      "latency_window" : 0
    }
  ],
  "disk_util" : [
    {
      "name" : "md5",
      "read_ios" : 78,
      "write_ios" : 3107,
      "read_merges" : 0,
      "write_merges" : 0,
      "read_ticks" : 0,
      "write_ticks" : 0,
      "in_queue" : 0,
      "util" : 0.000000,
      "aggr_read_ios" : 786,
      "aggr_write_ios" : 2301,
      "aggr_read_merges" : 2,
      "aggr_write_merge" : 0,
      "aggr_read_ticks" : 9643,
      "aggr_write_ticks" : 30482,
      "aggr_in_queue" : 40124,
      "aggr_util" : 57.298718
    },
    {
      "name" : "sdf",
      "read_ios" : 766,
      "write_ios" : 2284,
      "read_merges" : 3,
      "write_merges" : 0,
      "read_ticks" : 10828,
      "write_ticks" : 26984,
      "in_queue" : 37812,
      "util" : 46.720330
    },
    {
      "name" : "sdd",
      "read_ios" : 777,
      "write_ios" : 2293,
      "read_merges" : 1,
      "write_merges" : 0,
      "read_ticks" : 10144,
      "write_ticks" : 34308,
      "in_queue" : 44452,