{
  "fio version" : "fio-3.1",
  "timestamp" : 1584929802,
  "timestamp_ms" : 1584929802071,
  "time" : "Mon Mar 23 03:16:42 2020",
  "jobs" : [
    {
      "jobname" : "iotest",
      "groupid" : 0,
      "error" : 0,
      "eta" : 0,
      "elapsed" : 61,
      "job options" : {
        "rw" : "randwrite",
        "bs" : "4k",
        "ioengine" : "libaio",
        "iodepth" : "16",
        "direct" : "1",
        "invalidate" : "1",
        "refill_buffers" : "1",
        "runtime" : "60",
        "numjobs" : "4",
        "group_reporting" : "1",
        "write_bw_log" : "/fio/RAID5_500GB/randwrite-iodepth-16-numjobs-4",
        "write_lat_log" : "/fio/RAID5_500GB/randwrite-iodepth-16-numjobs-4",
        "write_iops_log" : "/fio/RAID5_500GB/randwrite-iodepth-16-numjobs-4",
        "log_avg_msec" : "500",
        "filename" : "/dev/md5p1"
      },
      "read" : {
        "io_bytes" : 0,
        "io_kbytes" : 0,
        "bw" : 0,
        "iops" : 0.000000,
        "runtime" : 0,
        "total_ios" : 0,
        "short_ios" : 0,
        "drop_ios" : 0,
        "slat_ns" : {
          "min" : 0,
          "max" : 0,
          "mean" : 0.000000,
          "stddev" : 0.000000
        },
        "clat_ns" : {
          "min" : 0,
          "max" : 0,
          "mean" : 0.000000,
          "stddev" : 0.000000,
          "percentile" : {
            "1.000000" : 0,
            "5.000000" : 0,
            "10.000000" : 0,
            "20.000000" : 0,
            "30.000000" : 0,
            "40.000000" : 0,
            "50.000000" : 0,
            "60.000000" : 0,
            "70.000000" : 0,
            "80.000000" : 0,
            "90.000000" : 0,
            "95.000000" : 0,
            "99.000000" : 0,
            "99.500000" : 0,
            "99.900000" : 0,
            "99.950000" : 0,
            "99.990000" : 0,
            "0.00" : 0,
            "0.00" : 0,
            "0.00" : 0
          }
        },
        "lat_ns" : {
          "min" : 0,
          "max" : 0,
          "mean" : 0.000000,
          "stddev" : 0.000000
        },
        "bw_min" : 0,
        "bw_max" : 0,
        "bw_agg" : 0.000000,
        "bw_mean" : 0.000000,
        "bw_dev" : 0.000000,
        "bw_samples" : 0,
        "iops_min" : 0,
        "iops_max" : 0,
        "iops_mean" : 0.000000,
        "iops_stddev" : 0.000000,
        "iops_samples" : 0
      },
      "write" : {
        "io_bytes" : 29511680,
        "io_kbytes" : 28820,
        "bw" : 479,
        "iops" : 119.975356,
        "runtime" : 60054,
        "total_ios" : 7205,
        "short_ios" : 0,
        "drop_ios" : 0,
        "slat_ns" : {
          "min" : 4137,
          "max" : 21133335,
          "mean" : 22537.791117,
          "stddev" : 454837.350460
        },
        "clat_ns" : {
          "min" : 39849131,
          "max" : 982198542,
          "mean" : 533154623.926440,
          "stddev" : 96005531.597388,
          "percentile" : {
            "1.000000" : 258998272,
            "5.000000" : 308281344,
            "10.000000" : 396361728,
            "20.000000" : 492830720,
            "30.000000" : 513802240,
            "40.000000" : 534773760,
            "50.000000" : 549453824,
            "60.000000" : 557842432,
            "70.000000" : 574619648,
            "80.000000" : 591396864,
            "90.000000" : 624951296,
            "95.000000" : 650117120,
            "99.000000" : 767557632,
            "99.500000" : 817889280,
            "99.900000" : 859832320,
            "99.950000" : 901775360,
            "99.990000" : 985661440,
            "0.00" : 0,
            "0.00" : 0,
            "0.00" : 0
          }
        },
        "lat_ns" : {
          "min" : 39857268,
          "max" : 982209785,
          "mean" : 533177751.329910,
          "stddev" : 95968529.535628
        },
        "bw_min" : 32,
        "bw_max" : 216,
        "bw_agg" : 24.983907,
        "bw_mean" : 119.672917,
        "bw_dev" : 26.567975,
        "bw_samples" : 480,
        "iops_min" : 8,
        "iops_max" : 54,
        "iops_mean" : 29.754167,
        "iops_stddev" : 6.570477,
        "iops_samples" : 480
      },
      "trim" : {
        "io_bytes" : 0,
        "io_kbytes" : 0,
        "bw" : 0,
        "iops" : 0.000000,
        "runtime" : 0,
        "total_ios" : 0,
        "short_ios" : 0,
        "drop_ios" : 0,
        "slat_ns" : {
          "min" : 0,
          "max" : 0,
          "mean" : 0.000000,
          "stddev" : 0.000000
        },
        "clat_ns" : {
          "min" : 0,
          "max" : 0,
          "mean" : 0.000000,
          "stddev" : 0.000000,
          "percentile" : {
            "1.000000" : 0,
            "5.000000" : 0,
            "10.000000" : 0,
            "20.000000" : 0,
            "30.000000" : 0,
            "40.000000" : 0,
            "50.000000" : 0,
            "60.000000" : 0,
            "70.000000" : 0,
            "80.000000" : 0,
            "90.000000" : 0,
            "95.000000" : 0,
            "99.000000" : 0,
            "99.500000" : 0,
            "99.900000" : 0,
            "99.950000" : 0,
            "99.990000" : 0,
            "0.00" : 0,
            "0.00" : 0,
            "0.00" : 0
          }
        },
        "lat_ns" : {
          "min" : 0,
          "max" : 0,
          "mean" : 0.000000,
          "stddev" : 0.000000
        },
        "bw_min" : 0,
        "bw_max" : 0,
        "bw_agg" : 0.000000,
        "bw_mean" : 0.000000,
        "bw_dev" : 0.000000,
        "bw_samples" : 0,
        "iops_min" : 0,
        "iops_max" : 0,
        "iops_mean" : 0.000000,
        "iops_stddev" : 0.000000,
        "iops_samples" : 0
      },
      "usr_cpu" : 0.044134,
      "sys_cpu" : 0.038721,
      "ctx" : 4836,
      "majf" : 0,
      "minf" : 89,
      "iodepth_level" : {
        "1" : 0.100000,
        "2" : 0.111034,
        "4" : 0.222068,
        "8" : 0.444136,
        "16" : 99.167245,
        "32" : 0.000000,
        ">=64" : 0.000000
      },
      "latency_ns" : {
        "2" : 0.000000,
        "4" : 0.000000,
        "10" : 0.000000,
        "20" : 0.000000,
        "50" : 0.000000,
        "100" : 0.000000,
        "250" : 0.000000,
        "500" : 0.000000,
        "750" : 0.000000,
        "1000" : 0.000000
      },
      "latency_us" : {
        "2" : 0.000000,
        "4" : 0.000000,
        "10" : 0.000000,
        "20" : 0.000000,
        "50" : 0.000000,
        "100" : 0.000000,
        "250" : 0.000000,
        "500" : 0.000000,
        "750" : 0.000000,
        "1000" : 0.000000
      },
      "latency_ms" : {
        "2" : 0.000000,
        "4" : 0.000000,
        "10" : 0.000000,
        "20" : 0.000000,
        "50" : 0.013879,
        "100" : 0.069396,
        "250" : 0.735600,
        "500" : 21.915337,
        "750" : 76.072172,
        "1000" : 1.193616,
        "2000" : 0.000000,
        ">=2000" : 0.000000
      },
      "latency_depth" : 16,
      "latency_target" : 0,
      "latency_percentile" : 100.000000,
      "latency_window" : 0
    }
  ],
  "disk_util" : [
    {
      "name" : "md5",
      "read_ios" : 78,
      "write_ios" : 7204,
      "read_merges" : 0,
      "write_merges" : 0,
      "read_ticks" : 0,
      "write_ticks" : 0,
      "in_queue" : 0,
      "util" : 0.000000,
      "aggr_read_ios" : 1809,
      "aggr_write_ios" : 2985,
      "aggr_read_merges" : 2,
      "aggr_write_merge" : 0,
      "aggr_read_ticks" : 74039,
      "aggr_write_ticks" : 43263,
      "aggr_in_queue" : 117295,
      "aggr_util" : 80.760348
    },
    {
      "name" : "sdf",
      "read_ios" : 1777,
      "write_ios" : 2956,
      "read_merges" : 3,
      "write_merges" : 0,
      "read_ticks" : 75028,
      "write_ticks" : 42780,
      "in_queue" : 117804,
      "util" : 67.776559
    },
    {
      "name" : "sdd",
      "read_ios" : 1801,
      "write_ios" : 2977,
      "read_merges" : 1,
      "write_merges" : 0,
      "read_ticks" : 86568,
      "write_ticks" : 51064,
      "in_queue" : 137628,