{
  "fio version" : "fio-3.1",
  "timestamp" : 1584928453,
  "timestamp_ms" : 1584928453309,
  "time" : "Mon Mar 23 02:54:13 2020",
  "jobs" : [
    {
      "jobname" : "iotest",
      "groupid" : 0,
      "error" : 0,
      "eta" : 0,
      "elapsed" : 61,
      "job options" : {
        "rw" : "randwrite",
        "bs" : "4k",
        "ioengine" : "libaio",
        "iodepth" : "2",
        "direct" : "1",
        "invalidate" : "1",
        "refill_buffers" : "1",
        "runtime" : "60",
        "numjobs" : "2",
        "group_reporting" : "1",
        "write_bw_log" : "/fio/RAID5_500GB/randwrite-iodepth-2-numjobs-2",
        "write_lat_log" : "/fio/RAID5_500GB/randwrite-iodepth-2-numjobs-2",
        "write_iops_log" : "/fio/RAID5_500GB/randwrite-iodepth-2-numjobs-2",
        "log_avg_msec" : "500",
        "filename" : "/dev/md5p1"
      },
      "read" : {
        "io_bytes" : 0,
        "io_kbytes" : 0,
        "bw" : 0,
        "iops" : 0.000000,
        "runtime" : 0,
        "total_ios" : 0,
        "short_ios" : 0,
        "drop_ios" : 0,
        "slat_ns" : {
          "min" : 0,
          "max" : 0,
          "mean" : 0.000000,
          "stddev" : 0.000000
        },
        "clat_ns" : {
          "min" : 0,
          "max" : 0,
          "mean" : 0.000000,
          "stddev" : 0.000000,
          "percentile" : {
            "1.000000" : 0,
            "5.000000" : 0,
            "10.000000" : 0,
            "20.000000" : 0,
            "30.000000" : 0,
            "40.000000" : 0,
            "50.000000" : 0,
            "60.000000" : 0,
            "70.000000" : 0,
            "80.000000" : 0,
            "90.000000" : 0,
            "95.000000" : 0,
            "99.000000" : 0,
            "99.500000" : 0,
            "99.900000" : 0,
            "99.950000" : 0,
            "99.990000" : 0,
            "0.00" : 0,
            "0.00" : 0,
            "0.00" : 0
          }
        },
        "lat_ns" : {
          "min" : 0,
          "max" : 0,
          "mean" : 0.000000,
          "stddev" : 0.000000
        },
        "bw_min" : 0,
        "bw_max" : 0,
        "bw_agg" : 0.000000,
        "bw_mean" : 0.000000,
        "bw_dev" : 0.000000,
        "bw_samples" : 0,
        "iops_min" : 0,
        "iops_max" : 0,
        "iops_mean" : 0.000000,
        "iops_stddev" : 0.000000,
        "iops_samples" : 0
      },
      "write" : {
        "io_bytes" : 10997760,
        "io_kbytes" : 10740,
        "bw" : 178,
        "iops" : 44.723166,
        "runtime" : 60036,
        "total_ios" : 2685,
        "short_ios" : 0,
        "drop_ios" : 0,
        "slat_ns" : {
          "min" : 5831,
          "max" : 20552655,
          "mean" : 34730.061453,
          "stddev" : 530025.986150
        },
        "clat_ns" : {
          "min" : 8878983,
          "max" : 229996432,
          "mean" : 89364381.223836,
          "stddev" : 30727092.436549,
          "percentile" : {
            "1.000000" : 17432576,
            "5.000000" : 38535168,
            "10.000000" : 52690944,
            "20.000000" : 65273856,
            "30.000000" : 72876032,
            "40.000000" : 81264640,
            "50.000000" : 88604672,
            "60.000000" : 94896128,
            "70.000000" : 103284736,
            "80.000000" : 113770496,
            "90.000000" : 130547712,
            "95.000000" : 141557760,
            "99.000000" : 166723584,
            "99.500000" : 179306496,
            "99.900000" : 208666624,
            "99.950000" : 229638144,
            "99.990000" : 229638144,
            "0.00" : 0,
            "0.00" : 0,
            "0.00" : 0
          }
        },
        "lat_ns" : {
          "min" : 8903849,
          "max" : 230004287,
          "mean" : 89400057.495717,
          "stddev" : 30716531.618224
        },
        "bw_min" : 56,
        "bw_max" : 120,
        "bw_agg" : 50.205993,
        "bw_mean" : 89.366667,
        "bw_dev" : 11.935625,
        "bw_samples" : 240,
        "iops_min" : 14,
        "iops_max" : 30,
        "iops_mean" : 22.341667,
        "iops_stddev" : 2.983906,
        "iops_samples" : 240
      },
      "trim" : {
        "io_bytes" : 0,
        "io_kbytes" : 0,
        "bw" : 0,
        "iops" : 0.000000,
        "runtime" : 0,
        "total_ios" : 0,
        "short_ios" : 0,
        "drop_ios" : 0,
        "slat_ns" : {
          "min" : 0,
          "max" : 0,
          "mean" : 0.000000,
          "stddev" : 0.000000
        },
        "clat_ns" : {
          "min" : 0,
          "max" : 0,
          "mean" : 0.000000,
          "stddev" : 0.000000,
          "percentile" : {
            "1.000000" : 0,
            "5.000000" : 0,
            "10.000000" : 0,
            "20.000000" : 0,
            "30.000000" : 0,
            "40.000000" : 0,
            "50.000000" : 0,
            "60.000000" : 0,
            "70.000000" : 0,
            "80.000000" : 0,
            "90.000000" : 0,
            "95.000000" : 0,
            "99.000000" : 0,
            "99.500000" : 0,
            "99.900000" : 0,
            "99.950000" : 0,
            "99.990000" : 0,
            "0.00" : 0,
            "0.00" : 0,
            "0.00" : 0
          }
        },
        "lat_ns" : {
          "min" : 0,
          "max" : 0,
          "mean" : 0.000000,
          "stddev" : 0.000000
        },
        "bw_min" : 0,
        "bw_max" : 0,
        "bw_agg" : 0.000000,
        "bw_mean" : 0.000000,
        "bw_dev" : 0.000000,
        "bw_samples" : 0,
        "iops_min" : 0,
        "iops_max" : 0,
        "iops_mean" : 0.000000,
        "iops_stddev" : 0.000000,
        "iops_samples" : 0
      },
      "usr_cpu" : 0.042476,
      "sys_cpu" : 0.069128,
      "ctx" : 2389,
      "majf" : 0,
      "minf" : 35,
      "iodepth_level" : {
        "1" : 0.100000,
        "2" : 99.925512,
        "4" : 0.000000,
        "8" : 0.000000,
        "16" : 0.000000,
        "32" : 0.000000,
        ">=64" : 0.000000
      },
      "latency_ns" : {
        "2" : 0.000000,
        "4" : 0.000000,
        "10" : 0.000000,
        "20" : 0.000000,
        "50" : 0.000000,
        "100" : 0.000000,
        "250" : 0.000000,
        "500" : 0.000000,
        "750" : 0.000000,
        "1000" : 0.000000
      },
      "latency_us" : {
        "2" : 0.000000,
        "4" : 0.000000,
        "10" : 0.000000,
        "20" : 0.000000,
        "50" : 0.000000,
        "100" : 0.000000,
        "250" : 0.000000,
        "500" : 0.000000,
        "750" : 0.000000,
        "1000" : 0.000000
      },
      "latency_ms" : {
        "2" : 0.000000,
        "4" : 0.000000,
        "10" : 0.148976,
        "20" : 1.005587,
        "50" : 7.821229,
        "100" : 57.653631,
        "250" : 33.370577,
        "500" : 0.000000,
        "750" : 0.000000,
        "1000" : 0.000000,
        "2000" : 0.000000,
        ">=2000" : 0.000000
      },
      "latency_depth" : 2,
      "latency_target" : 0,
      "latency_percentile" : 100.000000,
      "latency_window" : 0
    }
  ],
  "disk_util" : [
    {
      "name" : "md5",
      "read_ios" : 78,
      "write_ios" : 2679,
      "read_merges" : 0,
      "write_merges" : 0,
      "read_ticks" : 0,
      "write_ticks" : 0,
      "in_queue" : 0,
      "util" : 0.000000,
      "aggr_read_ios" : 679,
      "aggr_write_ios" : 2440,
      "aggr_read_merges" : 2,
      "aggr_write_merge" : 0,
      "aggr_read_ticks" : 7297,
      "aggr_write_ticks" : 28663,
      "aggr_in_queue" : 35959,
      "aggr_util" : 51.288535
    },
    {
      "name" : "sdf",
      "read_ios" : 663,
      "write_ios" : 2427,
      "read_merges" : 3,
      "write_merges" : 0,
      "read_ticks" : 7480,
      "write_ticks" : 27820,
      "in_queue" : 35296,
      "util" : 47.676566
    },
    {
      "name" : "sdd",
      "read_ios" : 659,
      "write_ios" : 2421,
      "read_merges" : 1,
      "write_merges" : 0,
      "read_ticks" : 7428,
      "write_ticks" : 30424,
      "in_queue" : 37852,