{
  "fio version" : "fio-3.1",
  "timestamp" : 1584929250,
  "timestamp_ms" : 1584929250067,
  "time" : "Mon Mar 23 03:07:30 2020",
  "jobs" : [
    {
      "jobname" : "iotest",
      "groupid" : 0,
      "error" : 0,
      "eta" : 0,
      "elapsed" : 61,
      "job options" : {
        "rw" : "randwrite",
        "bs" : "4k",
        "ioengine" : "libaio",
        "iodepth" : "8",
        "direct" : "1",
        "invalidate" : "1",
        "refill_buffers" : "1",
        "runtime" : "60",
        "numjobs" : "1",
        "group_reporting" : "1",
        "write_bw_log" : "/fio/RAID5_500GB/randwrite-iodepth-8-numjobs-1",
        "write_lat_log" : "/fio/RAID5_500GB/randwrite-iodepth-8-numjobs-1",
        "write_iops_log" : "/fio/RAID5_500GB/randwrite-iodepth-8-numjobs-1",
        "log_avg_msec" : "500",
        "filename" : "/dev/md5p1"
      },
      "read" : {
        "io_bytes" : 0,
        "io_kbytes" : 0,
        "bw" : 0,
        "iops" : 0.000000,
        "runtime" : 0,
        "total_ios" : 0,
        "short_ios" : 0,
        "drop_ios" : 0,
        "slat_ns" : {
          "min" : 0,
          "max" : 0,
          "mean" : 0.000000,
          "stddev" : 0.000000
        },
        "clat_ns" : {
          "min" : 0,
          "max" : 0,
          "mean" : 0.000000,
          "stddev" : 0.000000,
          "percentile" : {
            "1.000000" : 0,
            "5.000000" : 0,
            "10.000000" : 0,
            "20.000000" : 0,
            "30.000000" : 0,
            "40.000000" : 0,
            "50.000000" : 0,
            "60.000000" : 0,
            "70.000000" : 0,
            "80.000000" : 0,
            "90.000000" : 0,
            "95.000000" : 0,
            "99.000000" : 0,
            "99.500000" : 0,
            "99.900000" : 0,
            "99.950000" : 0,
            "99.990000" : 0,
            "0.00" : 0,
            "0.00" : 0,
            "0.00" : 0
          }
        },
        "lat_ns" : {
          "min" : 0,
          "max" : 0,
          "mean" : 0.000000,
          "stddev" : 0.000000
        },
        "bw_min" : 0,
        "bw_max" : 0,
        "bw_agg" : 0.000000,
        "bw_mean" : 0.000000,
        "bw_dev" : 0.000000,
        "bw_samples" : 0,
        "iops_min" : 0,
        "iops_max" : 0,
        "iops_mean" : 0.000000,
        "iops_stddev" : 0.000000,
        "iops_samples" : 0
      },
      "write" : {
        "io_bytes" : 13127680,
        "io_kbytes" : 12820,
        "bw" : 213,
        "iops" : 53.381968,
        "runtime" : 60039,
        "total_ios" : 3205,
        "short_ios" : 0,
        "drop_ios" : 0,
        "slat_ns" : {
          "min" : 4112,
          "max" : 20900411,
          "mean" : 20158.043058,
          "stddev" : 369063.273894
        },
        "clat_ns" : {
          "min" : 265153,
          "max" : 289755380,
          "mean" : 149779763.117941,
          "stddev" : 42453716.673888,
          "percentile" : {
            "1.000000" : 44302336,
            "5.000000" : 76021760,
            "10.000000" : 94896128,
            "20.000000" : 114819072,
            "30.000000" : 127401984,
            "40.000000" : 141557760,
            "50.000000" : 152043520,
            "60.000000" : 162529280,
            "70.000000" : 173015040,
            "80.000000" : 185597952,
            "90.000000" : 202375168,
            "95.000000" : 214958080,
            "99.000000" : 242221056,
            "99.500000" : 248512512,
            "99.900000" : 274726912,
            "99.950000" : 278921216,
            "99.990000" : 291504128,
            "0.00" : 0,
            "0.00" : 0,
            "0.00" : 0
          }
        },
        "lat_ns" : {
          "min" : 287933,
          "max" : 289761150,
          "mean" : 149800607.366614,
          "stddev" : 42438771.574071
        },
        "bw_min" : 160,
        "bw_max" : 352,
        "bw_agg" : 100.000000,
        "bw_mean" : 213.133333,
        "bw_dev" : 30.989001,
        "bw_samples" : 120,
        "iops_min" : 40,
        "iops_max" : 88,
        "iops_mean" : 53.283333,
        "iops_stddev" : 7.747250,
        "iops_samples" : 120
      },
      "trim" : {
        "io_bytes" : 0,
        "io_kbytes" : 0,
        "bw" : 0,
        "iops" : 0.000000,
        "runtime" : 0,
        "total_ios" : 0,
        "short_ios" : 0,
        "drop_ios" : 0,
        "slat_ns" : {
          "min" : 0,
          "max" : 0,
          "mean" : 0.000000,
          "stddev" : 0.000000
        },
        "clat_ns" : {
          "min" : 0,
          "max" : 0,
          "mean" : 0.000000,
          "stddev" : 0.000000,
          "percentile" : {
            "1.000000" : 0,
            "5.000000" : 0,
            "10.000000" : 0,
            "20.000000" : 0,
            "30.000000" : 0,
            "40.000000" : 0,
            "50.000000" : 0,
            "60.000000" : 0,
            "70.000000" : 0,
            "80.000000" : 0,
            "90.000000" : 0,
            "95.000000" : 0,
            "99.000000" : 0,
            "99.500000" : 0,
            "99.900000" : 0,
            "99.950000" : 0,
            "99.990000" : 0,
            "0.00" : 0,
            "0.00" : 0,
            "0.00" : 0
          }
        },
        "lat_ns" : {
          "min" : 0,
          "max" : 0,
          "mean" : 0.000000,
          "stddev" : 0.000000
        },
        "bw_min" : 0,
        "bw_max" : 0,
        "bw_agg" : 0.000000,
        "bw_mean" : 0.000000,
        "bw_dev" : 0.000000,
        "bw_samples" : 0,
        "iops_min" : 0,
        "iops_max" : 0,
        "iops_mean" : 0.000000,
        "iops_stddev" : 0.000000,
        "iops_samples" : 0
      },
      "usr_cpu" : 0.069956,
      "sys_cpu" : 0.086612,
      "ctx" : 1197,
      "majf" : 0,
      "minf" : 20,
      "iodepth_level" : {
        "1" : 0.100000,
        "2" : 0.100000,
        "4" : 0.124805,
        "8" : 99.781591,
        "16" : 0.000000,
        "32" : 0.000000,
        ">=64" : 0.000000
      },
      "latency_ns" : {
        "2" : 0.000000,
        "4" : 0.000000,
        "10" : 0.000000,
        "20" : 0.000000,
        "50" : 0.000000,
        "100" : 0.000000,
        "250" : 0.000000,
        "500" : 0.000000,
        "750" : 0.000000,
        "1000" : 0.000000
      },
      "latency_us" : {
        "2" : 0.000000,
        "4" : 0.000000,
        "10" : 0.000000,
        "20" : 0.000000,
        "50" : 0.000000,
        "100" : 0.000000,
        "250" : 0.000000,
        "500" : 0.062402,
        "750" : 0.000000,
        "1000" : 0.000000
      },
      "latency_ms" : {
        "2" : 0.031201,
        "4" : 0.000000,
        "10" : 0.062402,
        "20" : 0.187207,
        "50" : 1.029641,
        "100" : 11.076443,
        "250" : 87.082683,
        "500" : 0.468019,
        "750" : 0.000000,
        "1000" : 0.000000,
        "2000" : 0.000000,
        ">=2000" : 0.000000
      },
      "latency_depth" : 8,
      "latency_target" : 0,
      "latency_percentile" : 100.000000,
      "latency_window" : 0
    }
  ],
  "disk_util" : [
    {
      "name" : "md5",
      "read_ios" : 78,
      "write_ios" : 3199,
      "read_merges" : 0,
      "write_merges" : 0,
      "read_ticks" : 0,
      "write_ticks" : 0,
      "in_queue" : 0,
      "util" : 0.000000,
      "aggr_read_ios" : 807,
      "aggr_write_ios" : 2270,
      "aggr_read_merges" : 2,
      "aggr_write_merge" : 0,
      "aggr_read_ticks" : 10101,
      "aggr_write_ticks" : 30133,
      "aggr_in_queue" : 40239,
      "aggr_util" : 58.153176
    },
    {
      "name" : "sdf",
      "read_ios" : 798,
      "write_ios" : 2264,
      "read_merges" : 3,
      "write_merges" : 0,
      "read_ticks" : 10436,
      "write_ticks" : 26992,
      "in_queue" : 37428,
      "util" : 46.660020
    },
    {
      "name" : "sdd",
      "read_ios" : 802,
      "write_ios" : 2266,
      "read_merges" : 1,
      "write_merges" : 0,
      "read_ticks" : 11524,
      "write_ticks" : 34832,
      "in_queue" : 46356,