{
  "fio version" : "fio-3.1",
  "timestamp" : 1584930664,
  "timestamp_ms" : 1584930664752,
  "time" : "Mon Mar 23 03:31:04 2020",
  "jobs" : [
    {
      "jobname" : "iotest",
      "groupid" : 0,
      "error" : 0,
      "eta" : 0,
      "elapsed" : 61,
      "job options" : {
        "rw" : "randwrite",
        "bs" : "4k",
        "ioengine" : "libaio",
        "iodepth" : "64",
        "direct" : "1",
        "invalidate" : "1",
        "refill_buffers" : "1",
        "runtime" : "60",
        "numjobs" : "4",
        "group_reporting" : "1",
        "write_bw_log" : "/fio/RAID5_500GB/randwrite-iodepth-64-numjobs-4",
        "write_lat_log" : "/fio/RAID5_500GB/randwrite-iodepth-64-numjobs-4",
        "write_iops_log" : "/fio/RAID5_500GB/randwrite-iodepth-64-numjobs-4",
        "log_avg_msec" : "500",
        "filename" : "/dev/md5p1"
      },
      "read" : {
        "io_bytes" : 0,
        "io_kbytes" : 0,
        "bw" : 0,
        "iops" : 0.000000,
        "runtime" : 0,
        "total_ios" : 0,
        "short_ios" : 0,
        "drop_ios" : 0,
        "slat_ns" : {
          "min" : 0,
          "max" : 0,
          "mean" : 0.000000,
          "stddev" : 0.000000
        },
        "clat_ns" : {
          "min" : 0,
          "max" : 0,
          "mean" : 0.000000,
          "stddev" : 0.000000,
          "percentile" : {
            "1.000000" : 0,
            "5.000000" : 0,
            "10.000000" : 0,
            "20.000000" : 0,
            "30.000000" : 0,
            "40.000000" : 0,
            "50.000000" : 0,
            "60.000000" : 0,
            "70.000000" : 0,
            "80.000000" : 0,
            "90.000000" : 0,
            "95.000000" : 0,
            "99.000000" : 0,
            "99.500000" : 0,
            "99.900000" : 0,
            "99.950000" : 0,
            "99.990000" : 0,
            "0.00" : 0,
            "0.00" : 0,
            "0.00" : 0
          }
        },
        "lat_ns" : {
          "min" : 0,
          "max" : 0,
          "mean" : 0.000000,
          "stddev" : 0.000000
        },
        "bw_min" : 0,
        "bw_max" : 0,
        "bw_agg" : 0.000000,
        "bw_mean" : 0.000000,
        "bw_dev" : 0.000000,
        "bw_samples" : 0,
        "iops_min" : 0,
        "iops_max" : 0,
        "iops_mean" : 0.000000,
        "iops_stddev" : 0.000000,
        "iops_samples" : 0
      },
      "write" : {
        "io_bytes" : 40271872,
        "io_kbytes" : 39328,
        "bw" : 651,
        "iops" : 162.916321,
        "runtime" : 60350,
        "total_ios" : 9832,
        "short_ios" : 0,
        "drop_ios" : 0,
        "slat_ns" : {
          "min" : 4720,
          "max" : 22542974,
          "mean" : 18931.436025,
          "stddev" : 418624.798624
        },
        "clat_ns" : {
          "min" : 103001961,
          "max" : 2326154688,
          "mean" : 1570558757.789565,
          "stddev" : 242412513.940486,
          "percentile" : {
            "1.000000" : 817889280,
            "5.000000" : 1027604480,
            "10.000000" : 1249902592,
            "20.000000" : 1468006400,
            "30.000000" : 1535115264,
            "40.000000" : 1568669696,
            "50.000000" : 1602224128,
            "60.000000" : 1635778560,
            "70.000000" : 1686110208,
            "80.000000" : 1736441856,
            "90.000000" : 1820327936,
            "95.000000" : 1870659584,
            "99.000000" : 2038431744,
            "99.500000" : 2088763392,
            "99.900000" : 2197815296,
            "99.950000" : 2298478592,
            "99.990000" : 2332033024,
            "0.00" : 0,
            "0.00" : 0,
            "0.00" : 0
          }
        },
        "lat_ns" : {
          "min" : 103008753,
          "max" : 2326161556,
          "mean" : 1570578215.562042,
          "stddev" : 242377892.769818
        },
        "bw_min" : 8,
        "bw_max" : 428,
        "bw_agg" : 25.919726,
        "bw_mean" : 168.737418,
        "bw_dev" : 108.179112,
        "bw_samples" : 457,
        "iops_min" : 2,
        "iops_max" : 107,
        "iops_mean" : 42.010941,
        "iops_stddev" : 26.932459,
        "iops_samples" : 457
      },
      "trim" : {
        "io_bytes" : 0,
        "io_kbytes" : 0,
        "bw" : 0,
        "iops" : 0.000000,
        "runtime" : 0,
        "total_ios" : 0,
        "short_ios" : 0,
        "drop_ios" : 0,
        "slat_ns" : {
          "min" : 0,
          "max" : 0,
          "mean" : 0.000000,
          "stddev" : 0.000000
        },
        "clat_ns" : {
          "min" : 0,
          "max" : 0,
          "mean" : 0.000000,
          "stddev" : 0.000000,
          "percentile" : {
            "1.000000" : 0,
            "5.000000" : 0,
            "10.000000" : 0,
            "20.000000" : 0,
            "30.000000" : 0,
            "40.000000" : 0,
            "50.000000" : 0,
            "60.000000" : 0,
            "70.000000" : 0,
            "80.000000" : 0,
            "90.000000" : 0,
            "95.000000" : 0,
            "99.000000" : 0,
            "99.500000" : 0,
            "99.900000" : 0,
            "99.950000" : 0,
            "99.990000" : 0,
            "0.00" : 0,
            "0.00" : 0,
            "0.00" : 0
          }
        },
        "lat_ns" : {
          "min" : 0,
          "max" : 0,
          "mean" : 0.000000,
          "stddev" : 0.000000
        },
        "bw_min" : 0,
        "bw_max" : 0,
        "bw_agg" : 0.000000,
        "bw_mean" : 0.000000,
        "bw_dev" : 0.000000,
        "bw_samples" : 0,
        "iops_min" : 0,
        "iops_max" : 0,
        "iops_mean" : 0.000000,
        "iops_stddev" : 0.000000,
        "iops_samples" : 0
      },
      "usr_cpu" : 0.038529,
      "sys_cpu" : 0.057587,
      "ctx" : 5418,
      "majf" : 0,
      "minf" : 86,
      "iodepth_level" : {
        "1" : 0.100000,
        "2" : 0.100000,
        "4" : 0.162734,
        "8" : 0.325468,
        "16" : 0.650936,
        "32" : 1.301871,
        ">=64" : 97.436941
      },
      "latency_ns" : {
        "2" : 0.000000,
        "4" : 0.000000,
        "10" : 0.000000,
        "20" : 0.000000,
        "50" : 0.000000,
        "100" : 0.000000,
        "250" : 0.000000,
        "500" : 0.000000,
        "750" : 0.000000,
        "1000" : 0.000000
      },
      "latency_us" : {
        "2" : 0.000000,
        "4" : 0.000000,
        "10" : 0.000000,
        "20" : 0.000000,
        "50" : 0.000000,
        "100" : 0.000000,
        "250" : 0.000000,
        "500" : 0.000000,
        "750" : 0.000000,
        "1000" : 0.000000
      },
      "latency_ms" : {
        "2" : 0.000000,
        "4" : 0.000000,
        "10" : 0.000000,
        "20" : 0.000000,
        "50" : 0.000000,
        "100" : 0.000000,
        "250" : 0.020342,
        "500" : 0.172905,
        "750" : 0.366151,
        "1000" : 4.027665,
        "2000" : 94.283971,
        ">=2000" : 1.128967
      },
      "latency_depth" : 64,
      "latency_target" : 0,
      "latency_percentile" : 100.000000,
      "latency_window" : 0
    }
  ],
  "disk_util" : [
    {
      "name" : "md5",
      "read_ios" : 73,
      "write_ios" : 9832,
      "read_merges" : 0,
      "write_merges" : 0,
      "read_ticks" : 0,
      "write_ticks" : 0,
      "in_queue" : 0,
      "util" : 0.000000,
      "aggr_read_ios" : 2464,
      "aggr_write_ios" : 3534,
      "aggr_read_merges" : 2,
      "aggr_write_merge" : 0,
      "aggr_read_ticks" : 436219,
      "aggr_write_ticks" : 361698,
      "aggr_in_queue" : 797908,
      "aggr_util" : 85.164962
    },
    {
      "name" : "sdf",
      "read_ios" : 2440,
      "write_ios" : 3511,
      "read_merges" : 3,
      "write_merges" : 0,
      "read_ticks" : 475360,
      "write_ticks" : 403932,
      "in_queue" : 879284,
      "util" : 81.114531
    },
    {
      "name" : "sdd",
      "read_ios" : 2440,
      "write_ios" : 3508,
      "read_merges" : 1,
      "write_merges" : 0,
      "read_ticks" : 472420,