{
  "fio version" : "fio-3.1",
  "timestamp" : 1584927777,
  "timestamp_ms" : 1584927777051,
  "time" : "Mon Mar 23 02:42:57 2020",
  "jobs" : [
    {
      "jobname" : "iotest",
      "groupid" : 0,
      "error" : 0,
      "eta" : 0,
      "elapsed" : 62,
      "job options" : {
        "rw" : "randread",
        "bs" : "4k",
        "ioengine" : "libaio",
        "iodepth" : "64",
        "direct" : "1",
        "invalidate" : "1",
        "refill_buffers" : "1",
        "runtime" : "60",
        "numjobs" : "16",
        "group_reporting" : "1",
        "write_bw_log" : "/fio/RAID5_500GB/randread-iodepth-64-numjobs-16",
        "write_lat_log" : "/fio/RAID5_500GB/randread-iodepth-64-numjobs-16",
        "write_iops_log" : "/fio/RAID5_500GB/randread-iodepth-64-numjobs-16",
        "log_avg_msec" : "500",
        "filename" : "/dev/md5p1"
      },
      "read" : {
        "io_bytes" : 254996480,
        "io_kbytes" : 249020,
        "bw" : 4068,
        "iops" : 1017.088990,
        "runtime" : 61209,
        "total_ios" : 62255,
        "short_ios" : 0,
        "drop_ios" : 0,
        "slat_ns" : {
          "min" : 4067,
          "max" : 1226414160,
          "mean" : 15148398.716007,
          "stddev" : 96326776.780757
        },
        "clat_ns" : {
          "min" : 339985,
          "max" : 7620471001,
          "mean" : 986544113.198956,
          "stddev" : 594379487.003370,
          "percentile" : {
            "1.000000" : 26345472,
            "5.000000" : 429916160,
            "10.000000" : 505413632,
            "20.000000" : 574619648,
            "30.000000" : 624951296,
            "40.000000" : 683671552,
            "50.000000" : 759169024,
            "60.000000" : 1082130432,
            "70.000000" : 1216348160,
            "80.000000" : 1333788672,
            "90.000000" : 1518338048,
            "95.000000" : 1988100096,
            "99.000000" : 3338665984,
            "99.500000" : 3909091328,
            "99.900000" : 5133828096,
            "99.950000" : 5670699008,
            "99.990000" : 6878658560,
            "0.00" : 0,
            "0.00" : 0,
            "0.00" : 0
          }
        },
        "lat_ns" : {
          "min" : 346192,
          "max" : 8191603826,
          "mean" : 1001692855.671127,
          "stddev" : 620365117.254915
        },
        "bw_min" : 7,
        "bw_max" : 1157,
        "bw_agg" : 7.749787,
        "bw_mean" : 315.261342,
        "bw_dev" : 91.464016,
        "bw_samples" : 1565,
        "iops_min" : 1,
        "iops_max" : 289,
        "iops_mean" : 78.524601,
        "iops_stddev" : 22.847715,
        "iops_samples" : 1565
      },
      "write" : {
        "io_bytes" : 0,
        "io_kbytes" : 0,
        "bw" : 0,
        "iops" : 0.000000,
        "runtime" : 0,
        "total_ios" : 0,
        "short_ios" : 0,
        "drop_ios" : 0,
        "slat_ns" : {
          "min" : 0,
          "max" : 0,
          "mean" : 0.000000,
          "stddev" : 0.000000
        },
        "clat_ns" : {
          "min" : 0,
          "max" : 0,
          "mean" : 0.000000,
          "stddev" : 0.000000,
          "percentile" : {
            "1.000000" : 0,
            "5.000000" : 0,
            "10.000000" : 0,
            "20.000000" : 0,
            "30.000000" : 0,
            "40.000000" : 0,
            "50.000000" : 0,
            "60.000000" : 0,
            "70.000000" : 0,
            "80.000000" : 0,
            "90.000000" : 0,
            "95.000000" : 0,
            "99.000000" : 0,
            "99.500000" : 0,
            "99.900000" : 0,
            "99.950000" : 0,
            "99.990000" : 0,
            "0.00" : 0,
            "0.00" : 0,
            "0.00" : 0
          }
        },
        "lat_ns" : {
          "min" : 0,
          "max" : 0,
          "mean" : 0.000000,
          "stddev" : 0.000000
        },
        "bw_min" : 0,
        "bw_max" : 0,
        "bw_agg" : 0.000000,
        "bw_mean" : 0.000000,
        "bw_dev" : 0.000000,
        "bw_samples" : 0,
        "iops_min" : 0,
        "iops_max" : 0,
        "iops_mean" : 0.000000,
        "iops_stddev" : 0.000000,
        "iops_samples" : 0
      },
      "trim" : {
        "io_bytes" : 0,
        "io_kbytes" : 0,
        "bw" : 0,
        "iops" : 0.000000,
        "runtime" : 0,
        "total_ios" : 0,
        "short_ios" : 0,
        "drop_ios" : 0,
        "slat_ns" : {
          "min" : 0,
          "max" : 0,
          "mean" : 0.000000,
          "stddev" : 0.000000
        },
        "clat_ns" : {
          "min" : 0,
          "max" : 0,
          "mean" : 0.000000,
          "stddev" : 0.000000,
          "percentile" : {
            "1.000000" : 0,
            "5.000000" : 0,
            "10.000000" : 0,
            "20.000000" : 0,
            "30.000000" : 0,
            "40.000000" : 0,
            "50.000000" : 0,
            "60.000000" : 0,
            "70.000000" : 0,
            "80.000000" : 0,
            "90.000000" : 0,
            "95.000000" : 0,
            "99.000000" : 0,
            "99.500000" : 0,
            "99.900000" : 0,
            "99.950000" : 0,
            "99.990000" : 0,
            "0.00" : 0,
            "0.00" : 0,
            "0.00" : 0
          }
        },
        "lat_ns" : {
          "min" : 0,
          "max" : 0,
          "mean" : 0.000000,
          "stddev" : 0.000000
        },
        "bw_min" : 0,
        "bw_max" : 0,
        "bw_agg" : 0.000000,
        "bw_mean" : 0.000000,
        "bw_dev" : 0.000000,
        "bw_samples" : 0,
        "iops_min" : 0,
        "iops_max" : 0,
        "iops_mean" : 0.000000,
        "iops_stddev" : 0.000000,
        "iops_samples" : 0
      },
      "usr_cpu" : 0.026162,
      "sys_cpu" : 0.048425,
      "ctx" : 3687,
      "majf" : 0,
      "minf" : 1390,
      "iodepth_level" : {
        "1" : 0.100000,
        "2" : 0.100000,
        "4" : 0.102803,
        "8" : 0.205606,
        "16" : 0.411212,
        "32" : 0.822424,
        ">=64" : 98.380853
      },
      "latency_ns" : {
        "2" : 0.000000,
        "4" : 0.000000,
        "10" : 0.000000,
        "20" : 0.000000,
        "50" : 0.000000,
        "100" : 0.000000,
        "250" : 0.000000,
        "500" : 0.000000,
        "750" : 0.000000,
        "1000" : 0.000000
      },
      "latency_us" : {
        "2" : 0.000000,
        "4" : 0.000000,
        "10" : 0.000000,
        "20" : 0.000000,
        "50" : 0.000000,
        "100" : 0.000000,
        "250" : 0.000000,
        "500" : 0.010000,
        "750" : 0.000000,
        "1000" : 0.000000
      },
      "latency_ms" : {
        "2" : 0.000000,
        "4" : 0.010000,
        "10" : 0.313228,
        "20" : 0.520440,
        "50" : 0.441732,
        "100" : 0.481889,
        "250" : 1.040880,
        "500" : 6.677375,
        "750" : 39.352662,
        "1000" : 7.609027,
        "2000" : 38.679624,
        ">=2000" : 4.876717
      },
      "latency_depth" : 64,
      "latency_target" : 0,
      "latency_percentile" : 100.000000,
      "latency_window" : 0
    }
  ],
  "disk_util" : [
    {
      "name" : "md5",
      "read_ios" : 62255,
      "write_ios" : 0,
      "read_merges" : 0,
      "write_merges" : 0,
      "read_ticks" : 0,
      "write_ticks" : 0,
      "in_queue" : 0,
      "util" : 0.000000,
      "aggr_read_ios" : 7781,
      "aggr_write_ios" : 0,
      "aggr_read_merges" : 0,
      "aggr_write_merge" : 0,
      "aggr_read_ticks" : 2050686,
      "aggr_write_ticks" : 0,
      "aggr_in_queue" : 2050686,
      "aggr_util" : 99.349474
    },
    {
      "name" : "sdf",
      "read_ios" : 7911,
      "write_ios" : 0,
      "read_merges" : 0,
      "write_merges" : 0,
      "read_ticks" : 2575148,
      "write_ticks" : 0,
      "in_queue" : 2575148,
      "util" : 93.087257
    },
    {
      "name" : "sdd",
      "read_ios" : 7837,
      "write_ios" : 0,
      "read_merges" : 0,
      "write_merges" : 0,
      "read_ticks" : 4038788,
      "write_ticks" : 0,