{
  "fio version" : "fio-3.1",
  "timestamp" : 1584912667,
  "timestamp_ms" : 1584912667446,
  "time" : "Sun Mar 22 22:31:07 2020",
  "jobs" : [
    {
      "jobname" : "iotest",
      "groupid" : 0,
      "error" : 0,
      "eta" : 0,
      "elapsed" : 62,
      "job options" : {
        "rw" : "randwrite",
        "bs" : "4k",
        "ioengine" : "libaio",
        "iodepth" : "2",
        "direct" : "1",
        "invalidate" : "1",
        "refill_buffers" : "1",
        "runtime" : "60",
        "numjobs" : "16",
        "group_reporting" : "1",
        "write_bw_log" : "/fio/raid5_16/randwrite-iodepth-2-numjobs-16",
        "write_lat_log" : "/fio/raid5_16/randwrite-iodepth-2-numjobs-16",
        "write_iops_log" : "/fio/raid5_16/randwrite-iodepth-2-numjobs-16",
        "log_avg_msec" : "500",
        "filename" : "/dev/md5"
      },
      "read" : {
        "io_bytes" : 0,
        "io_kbytes" : 0,
        "bw" : 0,
        "iops" : 0.000000,
        "runtime" : 0,
        "total_ios" : 0,
        "short_ios" : 0,
        "drop_ios" : 0,
        "slat_ns" : {
          "min" : 0,
          "max" : 0,
          "mean" : 0.000000,
          "stddev" : 0.000000
        },
        "clat_ns" : {
          "min" : 0,
          "max" : 0,
          "mean" : 0.000000,
          "stddev" : 0.000000,
          "percentile" : {
            "1.000000" : 0,
            "5.000000" : 0,
            "10.000000" : 0,
            "20.000000" : 0,
            "30.000000" : 0,
            "40.000000" : 0,
            "50.000000" : 0,
            "60.000000" : 0,
            "70.000000" : 0,
            "80.000000" : 0,
            "90.000000" : 0,
            "95.000000" : 0,
            "99.000000" : 0,
            "99.500000" : 0,
            "99.900000" : 0,
            "99.950000" : 0,
            "99.990000" : 0,
            "0.00" : 0,
            "0.00" : 0,
            "0.00" : 0
          }
        },
        "lat_ns" : {
          "min" : 0,
          "max" : 0,
          "mean" : 0.000000,
          "stddev" : 0.000000
        },
        "bw_min" : 0,
        "bw_max" : 0,
        "bw_agg" : 0.000000,
        "bw_mean" : 0.000000,
        "bw_dev" : 0.000000,
        "bw_samples" : 0,
        "iops_min" : 0,
        "iops_max" : 0,
        "iops_mean" : 0.000000,
        "iops_stddev" : 0.000000,
        "iops_samples" : 0
      },
      "write" : {
        "io_bytes" : 16277504,
        "io_kbytes" : 15896,
        "bw" : 263,
        "iops" : 65.849213,
        "runtime" : 60350,
        "total_ios" : 3974,
        "short_ios" : 0,
        "drop_ios" : 0,
        "slat_ns" : {
          "min" : 4905,
          "max" : 23264859,
          "mean" : 29619.310770,
          "stddev" : 553663.246813
        },
        "clat_ns" : {
          "min" : 85769350,
          "max" : 851500986,
          "mean" : 483588614.885757,
          "stddev" : 98310946.753470,
          "percentile" : {
            "1.000000" : 235929600,
            "5.000000" : 278921216,
            "10.000000" : 320864256,
            "20.000000" : 429916160,
            "30.000000" : 459276288,
            "40.000000" : 480247808,
            "50.000000" : 492830720,
            "60.000000" : 513802240,
            "70.000000" : 530579456,
            "80.000000" : 549453824,
            "90.000000" : 583008256,
            "95.000000" : 624951296,
            "99.000000" : 717225984,
            "99.500000" : 775946240,
            "99.900000" : 809500672,
            "99.950000" : 817889280,
            "99.990000" : 851443712,
            "0.00" : 0,
            "0.00" : 0,
            "0.00" : 0
          }
        },
        "lat_ns" : {
          "min" : 85788889,
          "max" : 851512710,
          "mean" : 483619078.377202,
          "stddev" : 98285646.428465
        },
        "bw_min" : 8,
        "bw_max" : 32,
        "bw_agg" : 6.317807,
        "bw_mean" : 16.615831,
        "bw_dev" : 4.210306,
        "bw_samples" : 1895,
        "iops_min" : 2,
        "iops_max" : 8,
        "iops_mean" : 4.139314,
        "iops_stddev" : 1.057288,
        "iops_samples" : 1895
      },
      "trim" : {
        "io_bytes" : 0,
        "io_kbytes" : 0,
        "bw" : 0,
        "iops" : 0.000000,
        "runtime" : 0,
        "total_ios" : 0,
        "short_ios" : 0,
        "drop_ios" : 0,
        "slat_ns" : {
          "min" : 0,
          "max" : 0,
          "mean" : 0.000000,
          "stddev" : 0.000000
        },
        "clat_ns" : {
          "min" : 0,
          "max" : 0,
          "mean" : 0.000000,
          "stddev" : 0.000000,
          "percentile" : {
            "1.000000" : 0,
            "5.000000" : 0,
            "10.000000" : 0,
            "20.000000" : 0,
            "30.000000" : 0,
            "40.000000" : 0,
            "50.000000" : 0,
            "60.000000" : 0,
            "70.000000" : 0,
            "80.000000" : 0,
            "90.000000" : 0,
            "95.000000" : 0,
            "99.000000" : 0,
            "99.500000" : 0,
            "99.900000" : 0,
            "99.950000" : 0,
            "99.990000" : 0,
            "0.00" : 0,
            "0.00" : 0,
            "0.00" : 0
          }
        },
        "lat_ns" : {
          "min" : 0,
          "max" : 0,
          "mean" : 0.000000,
          "stddev" : 0.000000
        },
        "bw_min" : 0,
        "bw_max" : 0,
        "bw_agg" : 0.000000,
        "bw_mean" : 0.000000,
        "bw_dev" : 0.000000,
        "bw_samples" : 0,
        "iops_min" : 0,
        "iops_max" : 0,
        "iops_mean" : 0.000000,
        "iops_stddev" : 0.000000,
        "iops_samples" : 0
      },
      "usr_cpu" : 0.046701,
      "sys_cpu" : 0.007680,
      "ctx" : 3924,
      "majf" : 0,
      "minf" : 324,
      "iodepth_level" : {
        "1" : 0.402617,
        "2" : 99.597383,
        "4" : 0.000000,
        "8" : 0.000000,
        "16" : 0.000000,
        "32" : 0.000000,
        ">=64" : 0.000000
      },
      "latency_ns" : {
        "2" : 0.000000,
        "4" : 0.000000,
        "10" : 0.000000,
        "20" : 0.000000,
        "50" : 0.000000,
        "100" : 0.000000,
        "250" : 0.000000,
        "500" : 0.000000,
        "750" : 0.000000,
        "1000" : 0.000000
      },
      "latency_us" : {
        "2" : 0.000000,
        "4" : 0.000000,
        "10" : 0.000000,
        "20" : 0.000000,
        "50" : 0.000000,
        "100" : 0.000000,
        "250" : 0.000000,
        "500" : 0.000000,
        "750" : 0.000000,
        "1000" : 0.000000
      },
      "latency_ms" : {
        "2" : 0.000000,
        "4" : 0.000000,
        "10" : 0.000000,
        "20" : 0.000000,
        "50" : 0.000000,
        "100" : 0.025164,
        "250" : 1.836940,
        "500" : 51.383996,
        "750" : 46.049321,
        "1000" : 0.704580,
        "2000" : 0.000000,
        ">=2000" : 0.000000
      },
      "latency_depth" : 2,
      "latency_target" : 0,
      "latency_percentile" : 100.000000,
      "latency_window" : 0
    }
  ],
  "disk_util" : [
    {
      "name" : "md5",
      "read_ios" : 281,
      "write_ios" : 3974,
      "read_merges" : 0,
      "write_merges" : 0,
      "read_ticks" : 0,
      "write_ticks" : 0,
      "in_queue" : 0,
      "util" : 0.000000,
      "aggr_read_ios" : 1022,
      "aggr_write_ios" : 2016,
      "aggr_read_merges" : 8,
      "aggr_write_merge" : 0,
      "aggr_read_ticks" : 34314,
      "aggr_write_ticks" : 37511,
      "aggr_in_queue" : 71824,
      "aggr_util" : 65.584034
    },
    {
      "name" : "sdf",
      "read_ios" : 977,
      "write_ios" : 1974,
      "read_merges" : 9,
      "write_merges" : 0,
      "read_ticks" : 33932,
      "write_ticks" : 36056,
      "in_queue" : 69984,
      "util" : 60.431749
    },
    {
      "name" : "sdd",
      "read_ios" : 991,
      "write_ios" : 1992,
      "read_merges" : 9,
      "write_merges" : 0,
      "read_ticks" : 35360,
      "write_ticks" : 40832,
      "in_queue" : 76196,