{
  "fio version" : "fio-3.1",
  "timestamp" : 1584907004,
  "timestamp_ms" : 1584907004178,
  "time" : "Sun Mar 22 20:56:44 2020",
  "jobs" : [
    {
      "jobname" : "iotest",
      "groupid" : 0,
      "error" : 0,
      "eta" : 0,
      "elapsed" : 63,
      "job options" : {
        "rw" : "randread",
        "bs" : "4k",
        "ioengine" : "libaio",
        "iodepth" : "4",
        "direct" : "1",
        "invalidate" : "1",
        "refill_buffers" : "1",
        "runtime" : "60",
        "numjobs" : "32",
        "group_reporting" : "1",
        "write_bw_log" : "/fio/raid5_16/randread-iodepth-4-numjobs-32",
        "write_lat_log" : "/fio/raid5_16/randread-iodepth-4-numjobs-32",
        "write_iops_log" : "/fio/raid5_16/randread-iodepth-4-numjobs-32",
        "log_avg_msec" : "500",
        "filename" : "/dev/md5"
      },
      "read" : {
        "io_bytes" : 188182528,
        "io_kbytes" : 183772,
        "bw" : 3031,
        "iops" : 757.997723,
        "runtime" : 60611,
        "total_ios" : 45943,
        "short_ios" : 0,
        "drop_ios" : 0,
        "slat_ns" : {
          "min" : 6564,
          "max" : 49179640,
          "mean" : 34326.268790,
          "stddev" : 295035.706305
        },
        "clat_ns" : {
          "min" : 75362,
          "max" : 2036397613,
          "mean" : 166761193.069151,
          "stddev" : 209251362.210664,
          "percentile" : {
            "1.000000" : 9633792,
            "5.000000" : 14483456,
            "10.000000" : 19267584,
            "20.000000" : 30277632,
            "30.000000" : 44302336,
            "40.000000" : 63176704,
            "50.000000" : 88604672,
            "60.000000" : 123207680,
            "70.000000" : 173015040,
            "80.000000" : 252706816,
            "90.000000" : 417333248,
            "95.000000" : 599785472,
            "99.000000" : 1027604480,
            "99.500000" : 1149239296,
            "99.900000" : 1551892480,
            "99.950000" : 1635778560,
            "99.990000" : 1853882368,
            "0.00" : 0,
            "0.00" : 0,
            "0.00" : 0
          }
        },
        "lat_ns" : {
          "min" : 3799061,
          "max" : 2036421741,
          "mean" : 166797143.555536,
          "stddev" : 209248127.363737
        },
        "bw_min" : 7,
        "bw_max" : 432,
        "bw_agg" : 3.162126,
        "bw_mean" : 95.844044,
        "bw_dev" : 35.374956,
        "bw_samples" : 3828,
        "iops_min" : 1,
        "iops_max" : 108,
        "iops_mean" : 23.873302,
        "iops_stddev" : 8.815378,
        "iops_samples" : 3828
      },
      "write" : {
        "io_bytes" : 0,
        "io_kbytes" : 0,
        "bw" : 0,
        "iops" : 0.000000,
        "runtime" : 0,
        "total_ios" : 0,
        "short_ios" : 0,
        "drop_ios" : 0,
        "slat_ns" : {
          "min" : 0,
          "max" : 0,
          "mean" : 0.000000,
          "stddev" : 0.000000
        },
        "clat_ns" : {
          "min" : 0,
          "max" : 0,
          "mean" : 0.000000,
          "stddev" : 0.000000,
          "percentile" : {
            "1.000000" : 0,
            "5.000000" : 0,
            "10.000000" : 0,
            "20.000000" : 0,
            "30.000000" : 0,
            "40.000000" : 0,
            "50.000000" : 0,
            "60.000000" : 0,
            "70.000000" : 0,
            "80.000000" : 0,
            "90.000000" : 0,
            "95.000000" : 0,
            "99.000000" : 0,
            "99.500000" : 0,
            "99.900000" : 0,
            "99.950000" : 0,
            "99.990000" : 0,
            "0.00" : 0,
            "0.00" : 0,
            "0.00" : 0
          }
        },
        "lat_ns" : {
          "min" : 0,
          "max" : 0,
          "mean" : 0.000000,
          "stddev" : 0.000000
        },
        "bw_min" : 0,
        "bw_max" : 0,
        "bw_agg" : 0.000000,
        "bw_mean" : 0.000000,
        "bw_dev" : 0.000000,
        "bw_samples" : 0,
        "iops_min" : 0,
        "iops_max" : 0,
        "iops_mean" : 0.000000,
        "iops_stddev" : 0.000000,
        "iops_samples" : 0
      },
      "trim" : {
        "io_bytes" : 0,
        "io_kbytes" : 0,
        "bw" : 0,
        "iops" : 0.000000,
        "runtime" : 0,
        "total_ios" : 0,
        "short_ios" : 0,
        "drop_ios" : 0,
        "slat_ns" : {
          "min" : 0,
          "max" : 0,
          "mean" : 0.000000,
          "stddev" : 0.000000
        },
        "clat_ns" : {
          "min" : 0,
          "max" : 0,
          "mean" : 0.000000,
          "stddev" : 0.000000,
          "percentile" : {
            "1.000000" : 0,
            "5.000000" : 0,
            "10.000000" : 0,
            "20.000000" : 0,
            "30.000000" : 0,
            "40.000000" : 0,
            "50.000000" : 0,
            "60.000000" : 0,
            "70.000000" : 0,
            "80.000000" : 0,
            "90.000000" : 0,
            "95.000000" : 0,
            "99.000000" : 0,
            "99.500000" : 0,
            "99.900000" : 0,
            "99.950000" : 0,
            "99.990000" : 0,
            "0.00" : 0,
            "0.00" : 0,
            "0.00" : 0
          }
        },
        "lat_ns" : {
          "min" : 0,
          "max" : 0,
          "mean" : 0.000000,
          "stddev" : 0.000000
        },
        "bw_min" : 0,
        "bw_max" : 0,
        "bw_agg" : 0.000000,
        "bw_mean" : 0.000000,
        "bw_dev" : 0.000000,
        "bw_samples" : 0,
        "iops_min" : 0,
        "iops_max" : 0,
        "iops_mean" : 0.000000,
        "iops_stddev" : 0.000000,
        "iops_samples" : 0
      },
      "usr_cpu" : 0.081123,
      "sys_cpu" : 0.114933,
      "ctx" : 46233,
      "majf" : 0,
      "minf" : 863,
      "iodepth_level" : {
        "1" : 0.100000,
        "2" : 0.139303,
        "4" : 99.791045,
        "8" : 0.000000,
        "16" : 0.000000,
        "32" : 0.000000,
        ">=64" : 0.000000
      },
      "latency_ns" : {
        "2" : 0.000000,
        "4" : 0.000000,
        "10" : 0.000000,
        "20" : 0.000000,
        "50" : 0.000000,
        "100" : 0.000000,
        "250" : 0.000000,
        "500" : 0.000000,
        "750" : 0.000000,
        "1000" : 0.000000
      },
      "latency_us" : {
        "2" : 0.000000,
        "4" : 0.000000,
        "10" : 0.000000,
        "20" : 0.000000,
        "50" : 0.000000,
        "100" : 0.010000,
        "250" : 0.000000,
        "500" : 0.000000,
        "750" : 0.000000,
        "1000" : 0.000000
      },
      "latency_ms" : {
        "2" : 0.000000,
        "4" : 0.010000,
        "10" : 1.214548,
        "20" : 9.424722,
        "50" : 22.610626,
        "100" : 20.416603,
        "250" : 25.903837,
        "500" : 13.157608,
        "750" : 4.327101,
        "1000" : 1.754348,
        "2000" : 1.177546,
        ">=2000" : 0.010000
      },
      "latency_depth" : 4,
      "latency_target" : 0,
      "latency_percentile" : 100.000000,
      "latency_window" : 0
    }
  ],
  "disk_util" : [
    {
      "name" : "md5",
      "read_ios" : 45897,
      "write_ios" : 0,
      "read_merges" : 0,
      "write_merges" : 0,
      "read_ticks" : 0,
      "write_ticks" : 0,
      "in_queue" : 0,
      "util" : 0.000000,
      "aggr_read_ios" : 5742,
      "aggr_write_ios" : 0,
      "aggr_read_merges" : 0,
      "aggr_write_merge" : 0,
      "aggr_read_ticks" : 957062,
      "aggr_write_ticks" : 0,
      "aggr_in_queue" : 957052,
      "aggr_util" : 96.944315
    },
    {
      "name" : "sdf",
      "read_ios" : 5760,
      "write_ios" : 0,
      "read_merges" : 0,
      "write_merges" : 0,
      "read_ticks" : 851128,
      "write_ticks" : 0,
      "in_queue" : 851100,
      "util" : 96.860553
    },
    {
      "name" : "sdd",
      "read_ios" : 5675,
      "write_ios" : 0,
      "read_merges" : 0,
      "write_merges" : 0,
      "read_ticks" : 1194168,
      "write_ticks" : 0,
      "in_queue" : 1194164,