{
  "fio version" : "fio-3.1",
  "timestamp" : 1584913041,
  "timestamp_ms" : 1584913041748,
  "time" : "Sun Mar 22 22:37:21 2020",
  "jobs" : [
    {
      "jobname" : "iotest",
      "groupid" : 0,
      "error" : 0,
      "eta" : 0,
      "elapsed" : 61,
      "job options" : {
        "rw" : "randwrite",
        "bs" : "4k",
        "ioengine" : "libaio",
        "iodepth" : "4",
        "direct" : "1",
        "invalidate" : "1",
        "refill_buffers" : "1",
        "runtime" : "60",
        "numjobs" : "8",
        "group_reporting" : "1",
        "write_bw_log" : "/fio/raid5_16/randwrite-iodepth-4-numjobs-8",
        "write_lat_log" : "/fio/raid5_16/randwrite-iodepth-4-numjobs-8",
        "write_iops_log" : "/fio/raid5_16/randwrite-iodepth-4-numjobs-8",
        "log_avg_msec" : "500",
        "filename" : "/dev/md5"
      },
      "read" : {
        "io_bytes" : 0,
        "io_kbytes" : 0,
        "bw" : 0,
        "iops" : 0.000000,
        "runtime" : 0,
        "total_ios" : 0,
        "short_ios" : 0,
        "drop_ios" : 0,
        "slat_ns" : {
          "min" : 0,
          "max" : 0,
          "mean" : 0.000000,
          "stddev" : 0.000000
        },
        "clat_ns" : {
          "min" : 0,
          "max" : 0,
          "mean" : 0.000000,
          "stddev" : 0.000000,
          "percentile" : {
            "1.000000" : 0,
            "5.000000" : 0,
            "10.000000" : 0,
            "20.000000" : 0,
            "30.000000" : 0,
            "40.000000" : 0,
            "50.000000" : 0,
            "60.000000" : 0,
            "70.000000" : 0,
            "80.000000" : 0,
            "90.000000" : 0,
            "95.000000" : 0,
            "99.000000" : 0,
            "99.500000" : 0,
            "99.900000" : 0,
            "99.950000" : 0,
            "99.990000" : 0,
            "0.00" : 0,
            "0.00" : 0,
            "0.00" : 0
          }
        },
        "lat_ns" : {
          "min" : 0,
          "max" : 0,
          "mean" : 0.000000,
          "stddev" : 0.000000
        },
        "bw_min" : 0,
        "bw_max" : 0,
        "bw_agg" : 0.000000,
        "bw_mean" : 0.000000,
        "bw_dev" : 0.000000,
        "bw_samples" : 0,
        "iops_min" : 0,
        "iops_max" : 0,
        "iops_mean" : 0.000000,
        "iops_stddev" : 0.000000,
        "iops_samples" : 0
      },
      "write" : {
        "io_bytes" : 16207872,
        "io_kbytes" : 15828,
        "bw" : 263,
        "iops" : 65.777881,
        "runtime" : 60157,
        "total_ios" : 3957,
        "short_ios" : 0,
        "drop_ios" : 0,
        "slat_ns" : {
          "min" : 4290,
          "max" : 21391314,
          "mean" : 25765.269901,
          "stddev" : 391351.355545
        },
        "clat_ns" : {
          "min" : 71468236,
          "max" : 894208456,
          "mean" : 485360710.860248,
          "stddev" : 106410359.103559,
          "percentile" : {
            "1.000000" : 235929600,
            "5.000000" : 274726912,
            "10.000000" : 316669952,
            "20.000000" : 417333248,
            "30.000000" : 455081984,
            "40.000000" : 476053504,
            "50.000000" : 497025024,
            "60.000000" : 513802240,
            "70.000000" : 534773760,
            "80.000000" : 557842432,
            "90.000000" : 599785472,
            "95.000000" : 641728512,
            "99.000000" : 750780416,
            "99.500000" : 809500672,
            "99.900000" : 868220928,
            "99.950000" : 884998144,
            "99.990000" : 893386752,
            "0.00" : 0,
            "0.00" : 0,
            "0.00" : 0
          }
        },
        "lat_ns" : {
          "min" : 92863478,
          "max" : 894230023,
          "mean" : 485387285.511246,
          "stddev" : 106378930.607117
        },
        "bw_min" : 7,
        "bw_max" : 64,
        "bw_agg" : 12.529955,
        "bw_mean" : 32.953782,
        "bw_dev" : 7.884282,
        "bw_samples" : 952,
        "iops_min" : 1,
        "iops_max" : 16,
        "iops_mean" : 8.215336,
        "iops_stddev" : 1.976959,
        "iops_samples" : 952
      },
      "trim" : {
        "io_bytes" : 0,
        "io_kbytes" : 0,
        "bw" : 0,
        "iops" : 0.000000,
        "runtime" : 0,
        "total_ios" : 0,
        "short_ios" : 0,
        "drop_ios" : 0,
        "slat_ns" : {
          "min" : 0,
          "max" : 0,
          "mean" : 0.000000,
          "stddev" : 0.000000
        },
        "clat_ns" : {
          "min" : 0,
          "max" : 0,
          "mean" : 0.000000,
          "stddev" : 0.000000,
          "percentile" : {
            "1.000000" : 0,
            "5.000000" : 0,
            "10.000000" : 0,
            "20.000000" : 0,
            "30.000000" : 0,
            "40.000000" : 0,
            "50.000000" : 0,
            "60.000000" : 0,
            "70.000000" : 0,
            "80.000000" : 0,
            "90.000000" : 0,
            "95.000000" : 0,
            "99.000000" : 0,
            "99.500000" : 0,
            "99.900000" : 0,
            "99.950000" : 0,
            "99.990000" : 0,
            "0.00" : 0,
            "0.00" : 0,
            "0.00" : 0
          }
        },
        "lat_ns" : {
          "min" : 0,
          "max" : 0,
          "mean" : 0.000000,
          "stddev" : 0.000000
        },
        "bw_min" : 0,
        "bw_max" : 0,
        "bw_agg" : 0.000000,
        "bw_mean" : 0.000000,
        "bw_dev" : 0.000000,
        "bw_samples" : 0,
        "iops_min" : 0,
        "iops_max" : 0,
        "iops_mean" : 0.000000,
        "iops_stddev" : 0.000000,
        "iops_samples" : 0
      },
      "usr_cpu" : 0.055710,
      "sys_cpu" : 0.019332,
      "ctx" : 3509,
      "majf" : 0,
      "minf" : 182,
      "iodepth_level" : {
        "1" : 0.202173,
        "2" : 0.404347,
        "4" : 99.393480,
        "8" : 0.000000,
        "16" : 0.000000,
        "32" : 0.000000,
        ">=64" : 0.000000
      },
      "latency_ns" : {
        "2" : 0.000000,
        "4" : 0.000000,
        "10" : 0.000000,
        "20" : 0.000000,
        "50" : 0.000000,
        "100" : 0.000000,
        "250" : 0.000000,
        "500" : 0.000000,
        "750" : 0.000000,
        "1000" : 0.000000
      },
      "latency_us" : {
        "2" : 0.000000,
        "4" : 0.000000,
        "10" : 0.000000,
        "20" : 0.000000,
        "50" : 0.000000,
        "100" : 0.000000,
        "250" : 0.000000,
        "500" : 0.000000,
        "750" : 0.000000,
        "1000" : 0.000000
      },
      "latency_ms" : {
        "2" : 0.000000,
        "4" : 0.000000,
        "10" : 0.000000,
        "20" : 0.000000,
        "50" : 0.000000,
        "100" : 0.025272,
        "250" : 2.223907,
        "500" : 50.543341,
        "750" : 46.221885,
        "1000" : 0.985595,
        "2000" : 0.000000,
        ">=2000" : 0.000000
      },
      "latency_depth" : 4,
      "latency_target" : 0,
      "latency_percentile" : 100.000000,
      "latency_window" : 0
    }
  ],
  "disk_util" : [
    {
      "name" : "md5",
      "read_ios" : 185,
      "write_ios" : 3957,
      "read_merges" : 0,
      "write_merges" : 0,
      "read_ticks" : 0,
      "write_ticks" : 0,
      "in_queue" : 0,
      "util" : 0.000000,
      "aggr_read_ios" : 1007,
      "aggr_write_ios" : 2002,
      "aggr_read_merges" : 5,
      "aggr_write_merge" : 0,
      "aggr_read_ticks" : 33864,
      "aggr_write_ticks" : 37882,
      "aggr_in_queue" : 71747,
      "aggr_util" : 68.974156
    },
    {
      "name" : "sdf",
      "read_ios" : 1004,
      "write_ios" : 2001,
      "read_merges" : 6,
      "write_merges" : 0,
      "read_ticks" : 36068,
      "write_ticks" : 36240,
      "in_queue" : 72308,
      "util" : 61.084004
    },
    {
      "name" : "sdd",
      "read_ios" : 976,
      "write_ios" : 1975,
      "read_merges" : 6,
      "write_merges" : 0,
      "read_ticks" : 36048,
      "write_ticks" : 42560,
      "in_queue" : 78604,