{
  "fio version" : "fio-3.1",
  "timestamp" : 1584907880,
  "timestamp_ms" : 1584907880303,
  "time" : "Sun Mar 22 21:11:20 2020",
  "jobs" : [
    {
      "jobname" : "iotest",
      "groupid" : 0,
      "error" : 0,
      "eta" : 0,
      "elapsed" : 64,
      "job options" : {
        "rw" : "randread",
        "bs" : "4k",
        "ioengine" : "libaio",
        "iodepth" : "16",
        "direct" : "1",
        "invalidate" : "1",
        "refill_buffers" : "1",
        "runtime" : "60",
        "numjobs" : "32",
        "group_reporting" : "1",
        "write_bw_log" : "/fio/raid5_16/randread-iodepth-16-numjobs-32",
        "write_lat_log" : "/fio/raid5_16/randread-iodepth-16-numjobs-32",
        "write_iops_log" : "/fio/raid5_16/randread-iodepth-16-numjobs-32",
        "log_avg_msec" : "500",
        "filename" : "/dev/md5"
      },
      "read" : {
        "io_bytes" : 195764224,
        "io_kbytes" : 191176,
        "bw" : 3110,
        "iops" : 777.694611,
        "runtime" : 61456,
        "total_ios" : 47794,
        "short_ios" : 0,
        "drop_ios" : 0,
        "slat_ns" : {
          "min" : 4317,
          "max" : 1189238229,
          "mean" : 28803193.494037,
          "stddev" : 135385288.359095
        },
        "clat_ns" : {
          "min" : 3873243,
          "max" : 7124394113,
          "mean" : 623178438.376156,
          "stddev" : 651419146.938775,
          "percentile" : {
            "1.000000" : 9764864,
            "5.000000" : 16187392,
            "10.000000" : 23724032,
            "20.000000" : 46923776,
            "30.000000" : 105381888,
            "40.000000" : 295698432,
            "50.000000" : 549453824,
            "60.000000" : 692060160,
            "70.000000" : 834666496,
            "80.000000" : 977272832,
            "90.000000" : 1400897536,
            "95.000000" : 1820327936,
            "99.000000" : 3036676096,
            "99.500000" : 3539992576,
            "99.900000" : 4798283776,
            "99.950000" : 5200936960,
            "99.990000" : 5872025600,
            "0.00" : 0,
            "0.00" : 0,
            "0.00" : 0
          }
        },
        "lat_ns" : {
          "min" : 3885471,
          "max" : 7124413059,
          "mean" : 651982295.590242,
          "stddev" : 701295002.849935
        },
        "bw_min" : 7,
        "bw_max" : 400,
        "bw_agg" : 3.801725,
        "bw_mean" : 118.233645,
        "bw_dev" : 58.912395,
        "bw_samples" : 3210,
        "iops_min" : 1,
        "iops_max" : 100,
        "iops_mean" : 29.445483,
        "iops_stddev" : 14.684688,
        "iops_samples" : 3210
      },
      "write" : {
        "io_bytes" : 0,
        "io_kbytes" : 0,
        "bw" : 0,
        "iops" : 0.000000,
        "runtime" : 0,
        "total_ios" : 0,
        "short_ios" : 0,
        "drop_ios" : 0,
        "slat_ns" : {
          "min" : 0,
          "max" : 0,
          "mean" : 0.000000,
          "stddev" : 0.000000
        },
        "clat_ns" : {
          "min" : 0,
          "max" : 0,
          "mean" : 0.000000,
          "stddev" : 0.000000,
          "percentile" : {
            "1.000000" : 0,
            "5.000000" : 0,
            "10.000000" : 0,
            "20.000000" : 0,
            "30.000000" : 0,
            "40.000000" : 0,
            "50.000000" : 0,
            "60.000000" : 0,
            "70.000000" : 0,
            "80.000000" : 0,
            "90.000000" : 0,
            "95.000000" : 0,
            "99.000000" : 0,
            "99.500000" : 0,
            "99.900000" : 0,
            "99.950000" : 0,
            "99.990000" : 0,
            "0.00" : 0,
            "0.00" : 0,
            "0.00" : 0
          }
        },
        "lat_ns" : {
          "min" : 0,
          "max" : 0,
          "mean" : 0.000000,
          "stddev" : 0.000000
        },
        "bw_min" : 0,
        "bw_max" : 0,
        "bw_agg" : 0.000000,
        "bw_mean" : 0.000000,
        "bw_dev" : 0.000000,
        "bw_samples" : 0,
        "iops_min" : 0,
        "iops_max" : 0,
        "iops_mean" : 0.000000,
        "iops_stddev" : 0.000000,
        "iops_samples" : 0
      },
      "trim" : {
        "io_bytes" : 0,
        "io_kbytes" : 0,
        "bw" : 0,
        "iops" : 0.000000,
        "runtime" : 0,
        "total_ios" : 0,
        "short_ios" : 0,
        "drop_ios" : 0,
        "slat_ns" : {
          "min" : 0,
          "max" : 0,
          "mean" : 0.000000,
          "stddev" : 0.000000
        },
        "clat_ns" : {
          "min" : 0,
          "max" : 0,
          "mean" : 0.000000,
          "stddev" : 0.000000,
          "percentile" : {
            "1.000000" : 0,
            "5.000000" : 0,
            "10.000000" : 0,
            "20.000000" : 0,
            "30.000000" : 0,
            "40.000000" : 0,
            "50.000000" : 0,
            "60.000000" : 0,
            "70.000000" : 0,
            "80.000000" : 0,
            "90.000000" : 0,
            "95.000000" : 0,
            "99.000000" : 0,
            "99.500000" : 0,
            "99.900000" : 0,
            "99.950000" : 0,
            "99.990000" : 0,
            "0.00" : 0,
            "0.00" : 0,
            "0.00" : 0
          }
        },
        "lat_ns" : {
          "min" : 0,
          "max" : 0,
          "mean" : 0.000000,
          "stddev" : 0.000000
        },
        "bw_min" : 0,
        "bw_max" : 0,
        "bw_agg" : 0.000000,
        "bw_mean" : 0.000000,
        "bw_dev" : 0.000000,
        "bw_samples" : 0,
        "iops_min" : 0,
        "iops_max" : 0,
        "iops_mean" : 0.000000,
        "iops_stddev" : 0.000000,
        "iops_samples" : 0
      },
      "usr_cpu" : 0.049477,
      "sys_cpu" : 0.047126,
      "ctx" : 28053,
      "majf" : 0,
      "minf" : 1178,
      "iodepth_level" : {
        "1" : 0.100000,
        "2" : 0.133908,
        "4" : 0.267816,
        "8" : 0.535632,
        "16" : 98.995690,
        "32" : 0.000000,
        ">=64" : 0.000000
      },
      "latency_ns" : {
        "2" : 0.000000,
        "4" : 0.000000,
        "10" : 0.000000,
        "20" : 0.000000,
        "50" : 0.000000,
        "100" : 0.000000,
        "250" : 0.000000,
        "500" : 0.000000,
        "750" : 0.000000,
        "1000" : 0.000000
      },
      "latency_us" : {
        "2" : 0.000000,
        "4" : 0.000000,
        "10" : 0.000000,
        "20" : 0.000000,
        "50" : 0.000000,
        "100" : 0.000000,
        "250" : 0.000000,
        "500" : 0.000000,
        "750" : 0.000000,
        "1000" : 0.000000
      },
      "latency_ms" : {
        "2" : 0.000000,
        "4" : 0.010000,
        "10" : 1.094280,
        "20" : 6.586601,
        "50" : 13.152279,
        "100" : 8.653806,
        "250" : 9.089007,
        "500" : 8.900699,
        "750" : 16.359794,
        "1000" : 17.154873,
        "2000" : 15.229945,
        ">=2000" : 3.774532
      },
      "latency_depth" : 16,
      "latency_target" : 0,
      "latency_percentile" : 100.000000,
      "latency_window" : 0
    }
  ],
  "disk_util" : [
    {
      "name" : "md5",
      "read_ios" : 47794,
      "write_ios" : 0,
      "read_merges" : 0,
      "write_merges" : 0,
      "read_ticks" : 0,
      "write_ticks" : 0,
      "in_queue" : 0,
      "util" : 0.000000,
      "aggr_read_ios" : 5974,
      "aggr_write_ios" : 0,
      "aggr_read_merges" : 0,
      "aggr_write_merge" : 0,
      "aggr_read_ticks" : 2418501,
      "aggr_write_ticks" : 0,
      "aggr_in_queue" : 2418500,
      "aggr_util" : 96.675265
    },
    {
      "name" : "sdf",
      "read_ios" : 5996,
      "write_ios" : 0,
      "read_merges" : 0,
      "write_merges" : 0,
      "read_ticks" : 5131972,
      "write_ticks" : 0,
      "in_queue" : 5131972,
      "util" : 95.440951
    },
    {
      "name" : "sdd",
      "read_ios" : 5895,
      "write_ios" : 0,
      "read_merges" : 0,
      "write_merges" : 0,
      "read_ticks" : 5838528,
      "write_ticks" : 0,
      "in_queue" : 5838528,