{
  "fio version" : "fio-3.1",
  "timestamp" : 1584913732,
  "timestamp_ms" : 1584913732324,
  "time" : "Sun Mar 22 22:48:52 2020",
  "jobs" : [
    {
      "jobname" : "iotest",
      "groupid" : 0,
      "error" : 0,
      "eta" : 0,
      "elapsed" : 61,
      "job options" : {
        "rw" : "randwrite",
        "bs" : "4k",
        "ioengine" : "libaio",
        "iodepth" : "16",
        "direct" : "1",
        "invalidate" : "1",
        "refill_buffers" : "1",
        "runtime" : "60",
        "numjobs" : "1",
        "group_reporting" : "1",
        "write_bw_log" : "/fio/raid5_16/randwrite-iodepth-16-numjobs-1",
        "write_lat_log" : "/fio/raid5_16/randwrite-iodepth-16-numjobs-1",
        "write_iops_log" : "/fio/raid5_16/randwrite-iodepth-16-numjobs-1",
        "log_avg_msec" : "500",
        "filename" : "/dev/md5"
      },
      "read" : {
        "io_bytes" : 0,
        "io_kbytes" : 0,
        "bw" : 0,
        "iops" : 0.000000,
        "runtime" : 0,
        "total_ios" : 0,
        "short_ios" : 0,
        "drop_ios" : 0,
        "slat_ns" : {
          "min" : 0,
          "max" : 0,
          "mean" : 0.000000,
          "stddev" : 0.000000
        },
        "clat_ns" : {
          "min" : 0,
          "max" : 0,
          "mean" : 0.000000,
          "stddev" : 0.000000,
          "percentile" : {
            "1.000000" : 0,
            "5.000000" : 0,
            "10.000000" : 0,
            "20.000000" : 0,
            "30.000000" : 0,
            "40.000000" : 0,
            "50.000000" : 0,
            "60.000000" : 0,
            "70.000000" : 0,
            "80.000000" : 0,
            "90.000000" : 0,
            "95.000000" : 0,
            "99.000000" : 0,
            "99.500000" : 0,
            "99.900000" : 0,
            "99.950000" : 0,
            "99.990000" : 0,
            "0.00" : 0,
            "0.00" : 0,
            "0.00" : 0
          }
        },
        "lat_ns" : {
          "min" : 0,
          "max" : 0,
          "mean" : 0.000000,
          "stddev" : 0.000000
        },
        "bw_min" : 0,
        "bw_max" : 0,
        "bw_agg" : 0.000000,
        "bw_mean" : 0.000000,
        "bw_dev" : 0.000000,
        "bw_samples" : 0,
        "iops_min" : 0,
        "iops_max" : 0,
        "iops_mean" : 0.000000,
        "iops_stddev" : 0.000000,
        "iops_samples" : 0
      },
      "write" : {
        "io_bytes" : 11472896,
        "io_kbytes" : 11204,
        "bw" : 186,
        "iops" : 46.618844,
        "runtime" : 60083,
        "total_ios" : 2801,
        "short_ios" : 0,
        "drop_ios" : 0,
        "slat_ns" : {
          "min" : 5196,
          "max" : 32854830,
          "mean" : 23059.230275,
          "stddev" : 620827.047158
        },
        "clat_ns" : {
          "min" : 6980549,
          "max" : 613527218,
          "mean" : 342916311.291324,
          "stddev" : 68856094.755887,
          "percentile" : {
            "1.000000" : 196083712,
            "5.000000" : 229638144,
            "10.000000" : 254803968,
            "20.000000" : 287309824,
            "30.000000" : 308281344,
            "40.000000" : 325058560,
            "50.000000" : 341835776,
            "60.000000" : 358612992,
            "70.000000" : 379584512,
            "80.000000" : 404750336,
            "90.000000" : 434110464,
            "95.000000" : 446693376,
            "99.000000" : 501219328,
            "99.500000" : 517996544,
            "99.900000" : 557842432,
            "99.950000" : 557842432,
            "99.990000" : 616562688,
            "0.00" : 0,
            "0.00" : 0,
            "0.00" : 0
          }
        },
        "lat_ns" : {
          "min" : 6989671,
          "max" : 613533470,
          "mean" : 342939893.720457,
          "stddev" : 68808346.858397
        },
        "bw_min" : 128,
        "bw_max" : 280,
        "bw_agg" : 99.820789,
        "bw_mean" : 185.666667,
        "bw_dev" : 32.399122,
        "bw_samples" : 120,
        "iops_min" : 32,
        "iops_max" : 70,
        "iops_mean" : 46.416667,
        "iops_stddev" : 8.099780,
        "iops_samples" : 120
      },
      "trim" : {
        "io_bytes" : 0,
        "io_kbytes" : 0,
        "bw" : 0,
        "iops" : 0.000000,
        "runtime" : 0,
        "total_ios" : 0,
        "short_ios" : 0,
        "drop_ios" : 0,
        "slat_ns" : {
          "min" : 0,
          "max" : 0,
          "mean" : 0.000000,
          "stddev" : 0.000000
        },
        "clat_ns" : {
          "min" : 0,
          "max" : 0,
          "mean" : 0.000000,
          "stddev" : 0.000000,
          "percentile" : {
            "1.000000" : 0,
            "5.000000" : 0,
            "10.000000" : 0,
            "20.000000" : 0,
            "30.000000" : 0,
            "40.000000" : 0,
            "50.000000" : 0,
            "60.000000" : 0,
            "70.000000" : 0,
            "80.000000" : 0,
            "90.000000" : 0,
            "95.000000" : 0,
            "99.000000" : 0,
            "99.500000" : 0,
            "99.900000" : 0,
            "99.950000" : 0,
            "99.990000" : 0,
            "0.00" : 0,
            "0.00" : 0,
            "0.00" : 0
          }
        },
        "lat_ns" : {
          "min" : 0,
          "max" : 0,
          "mean" : 0.000000,
          "stddev" : 0.000000
        },
        "bw_min" : 0,
        "bw_max" : 0,
        "bw_agg" : 0.000000,
        "bw_mean" : 0.000000,
        "bw_dev" : 0.000000,
        "bw_samples" : 0,
        "iops_min" : 0,
        "iops_max" : 0,
        "iops_mean" : 0.000000,
        "iops_stddev" : 0.000000,
        "iops_samples" : 0
      },
      "usr_cpu" : 0.044939,
      "sys_cpu" : 0.084884,
      "ctx" : 653,
      "majf" : 0,
      "minf" : 17,
      "iodepth_level" : {
        "1" : 0.100000,
        "2" : 0.100000,
        "4" : 0.142806,
        "8" : 0.285612,
        "16" : 99.464477,
        "32" : 0.000000,
        ">=64" : 0.000000
      },
      "latency_ns" : {
        "2" : 0.000000,
        "4" : 0.000000,
        "10" : 0.000000,
        "20" : 0.000000,
        "50" : 0.000000,
        "100" : 0.000000,
        "250" : 0.000000,
        "500" : 0.000000,
        "750" : 0.000000,
        "1000" : 0.000000
      },
      "latency_us" : {
        "2" : 0.000000,
        "4" : 0.000000,
        "10" : 0.000000,
        "20" : 0.000000,
        "50" : 0.000000,
        "100" : 0.000000,
        "250" : 0.000000,
        "500" : 0.000000,
        "750" : 0.000000,
        "1000" : 0.000000
      },
      "latency_ms" : {
        "2" : 0.000000,
        "4" : 0.000000,
        "10" : 0.035702,
        "20" : 0.035702,
        "50" : 0.107105,
        "100" : 0.107105,
        "250" : 8.675473,
        "500" : 89.860764,
        "750" : 1.178151,
        "1000" : 0.000000,
        "2000" : 0.000000,
        ">=2000" : 0.000000
      },
      "latency_depth" : 16,
      "latency_target" : 0,
      "latency_percentile" : 100.000000,
      "latency_window" : 0
    }
  ],
  "disk_util" : [
    {
      "name" : "md5",
      "read_ios" : 0,
      "write_ios" : 2801,
      "read_merges" : 0,
      "write_merges" : 0,
      "read_ticks" : 0,
      "write_ticks" : 0,
      "in_queue" : 0,
      "util" : 0.000000,
      "aggr_read_ios" : 699,
      "aggr_write_ios" : 1684,
      "aggr_read_merges" : 0,
      "aggr_write_merge" : 0,
      "aggr_read_ticks" : 18910,
      "aggr_write_ticks" : 31662,
      "aggr_in_queue" : 50571,
      "aggr_util" : 56.236506
    },
    {
      "name" : "sdf",
      "read_ios" : 729,
      "write_ios" : 1715,
      "read_merges" : 0,
      "write_merges" : 0,
      "read_ticks" : 23312,
      "write_ticks" : 33292,
      "in_queue" : 56604,
      "util" : 53.958340
    },
    {
      "name" : "sdd",
      "read_ios" : 682,
      "write_ios" : 1667,
      "read_merges" : 0,
      "write_merges" : 0,
      "read_ticks" : 18732,
      "write_ticks" : 30548,
      "in_queue" : 49276,