{
  "fio version" : "fio-3.1",
  "timestamp" : 1584913356,
  "timestamp_ms" : 1584913356089,
  "time" : "Sun Mar 22 22:42:36 2020",
  "jobs" : [
    {
      "jobname" : "iotest",
      "groupid" : 0,
      "error" : 0,
      "eta" : 0,
      "elapsed" : 61,
      "job options" : {
        "rw" : "randwrite",
        "bs" : "4k",
        "ioengine" : "libaio",
        "iodepth" : "8",
        "direct" : "1",
        "invalidate" : "1",
        "refill_buffers" : "1",
        "runtime" : "60",
        "numjobs" : "2",
        "group_reporting" : "1",
        "write_bw_log" : "/fio/raid5_16/randwrite-iodepth-8-numjobs-2",
        "write_lat_log" : "/fio/raid5_16/randwrite-iodepth-8-numjobs-2",
        "write_iops_log" : "/fio/raid5_16/randwrite-iodepth-8-numjobs-2",
        "log_avg_msec" : "500",
        "filename" : "/dev/md5"
      },
      "read" : {
        "io_bytes" : 0,
        "io_kbytes" : 0,
        "bw" : 0,
        "iops" : 0.000000,
        "runtime" : 0,
        "total_ios" : 0,
        "short_ios" : 0,
        "drop_ios" : 0,
        "slat_ns" : {
          "min" : 0,
          "max" : 0,
          "mean" : 0.000000,
          "stddev" : 0.000000
        },
        "clat_ns" : {
          "min" : 0,
          "max" : 0,
          "mean" : 0.000000,
          "stddev" : 0.000000,
          "percentile" : {
            "1.000000" : 0,
            "5.000000" : 0,
            "10.000000" : 0,
            "20.000000" : 0,
            "30.000000" : 0,
            "40.000000" : 0,
            "50.000000" : 0,
            "60.000000" : 0,
            "70.000000" : 0,
            "80.000000" : 0,
            "90.000000" : 0,
            "95.000000" : 0,
            "99.000000" : 0,
            "99.500000" : 0,
            "99.900000" : 0,
            "99.950000" : 0,
            "99.990000" : 0,
            "0.00" : 0,
            "0.00" : 0,
            "0.00" : 0
          }
        },
        "lat_ns" : {
          "min" : 0,
          "max" : 0,
          "mean" : 0.000000,
          "stddev" : 0.000000
        },
        "bw_min" : 0,
        "bw_max" : 0,
        "bw_agg" : 0.000000,
        "bw_mean" : 0.000000,
        "bw_dev" : 0.000000,
        "bw_samples" : 0,
        "iops_min" : 0,
        "iops_max" : 0,
        "iops_mean" : 0.000000,
        "iops_stddev" : 0.000000,
        "iops_samples" : 0
      },
      "write" : {
        "io_bytes" : 11284480,
        "io_kbytes" : 11020,
        "bw" : 183,
        "iops" : 45.863160,
        "runtime" : 60070,
        "total_ios" : 2755,
        "short_ios" : 0,
        "drop_ios" : 0,
        "slat_ns" : {
          "min" : 4963,
          "max" : 19390951,
          "mean" : 26159.953902,
          "stddev" : 518194.111773
        },
        "clat_ns" : {
          "min" : 29803766,
          "max" : 588596487,
          "mean" : 348541830.268602,
          "stddev" : 74776944.522549,
          "percentile" : {
            "1.000000" : 179306496,
            "5.000000" : 227540992,
            "10.000000" : 250609664,
            "20.000000" : 291504128,
            "30.000000" : 312475648,
            "40.000000" : 325058560,
            "50.000000" : 350224384,
            "60.000000" : 371195904,
            "70.000000" : 387973120,
            "80.000000" : 413138944,
            "90.000000" : 442499072,
            "95.000000" : 467664896,
            "99.000000" : 526385152,
            "99.500000" : 541065216,
            "99.900000" : 574619648,
            "99.950000" : 574619648,
            "99.990000" : 591396864,
            "0.00" : 0,
            "0.00" : 0,
            "0.00" : 0
          }
        },
        "lat_ns" : {
          "min" : 29827038,
          "max" : 588607684,
          "mean" : 348568587.597822,
          "stddev" : 74738656.048171
        },
        "bw_min" : 56,
        "bw_max" : 144,
        "bw_agg" : 49.890710,
        "bw_mean" : 91.300000,
        "bw_dev" : 18.326011,
        "bw_samples" : 240,
        "iops_min" : 14,
        "iops_max" : 36,
        "iops_mean" : 22.825000,
        "iops_stddev" : 4.581503,
        "iops_samples" : 240
      },
      "trim" : {
        "io_bytes" : 0,
        "io_kbytes" : 0,
        "bw" : 0,
        "iops" : 0.000000,
        "runtime" : 0,
        "total_ios" : 0,
        "short_ios" : 0,
        "drop_ios" : 0,
        "slat_ns" : {
          "min" : 0,
          "max" : 0,
          "mean" : 0.000000,
          "stddev" : 0.000000
        },
        "clat_ns" : {
          "min" : 0,
          "max" : 0,
          "mean" : 0.000000,
          "stddev" : 0.000000,
          "percentile" : {
            "1.000000" : 0,
            "5.000000" : 0,
            "10.000000" : 0,
            "20.000000" : 0,
            "30.000000" : 0,
            "40.000000" : 0,
            "50.000000" : 0,
            "60.000000" : 0,
            "70.000000" : 0,
            "80.000000" : 0,
            "90.000000" : 0,
            "95.000000" : 0,
            "99.000000" : 0,
            "99.500000" : 0,
            "99.900000" : 0,
            "99.950000" : 0,
            "99.990000" : 0,
            "0.00" : 0,
            "0.00" : 0,
            "0.00" : 0
          }
        },
        "lat_ns" : {
          "min" : 0,
          "max" : 0,
          "mean" : 0.000000,
          "stddev" : 0.000000
        },
        "bw_min" : 0,
        "bw_max" : 0,
        "bw_agg" : 0.000000,
        "bw_mean" : 0.000000,
        "bw_dev" : 0.000000,
        "bw_samples" : 0,
        "iops_min" : 0,
        "iops_max" : 0,
        "iops_mean" : 0.000000,
        "iops_stddev" : 0.000000,
        "iops_samples" : 0
      },
      "usr_cpu" : 0.058267,
      "sys_cpu" : 0.049943,
      "ctx" : 1294,
      "majf" : 0,
      "minf" : 44,
      "iodepth_level" : {
        "1" : 0.100000,
        "2" : 0.145191,
        "4" : 0.290381,
        "8" : 99.491833,
        "16" : 0.000000,
        "32" : 0.000000,
        ">=64" : 0.000000
      },
      "latency_ns" : {
        "2" : 0.000000,
        "4" : 0.000000,
        "10" : 0.000000,
        "20" : 0.000000,
        "50" : 0.000000,
        "100" : 0.000000,
        "250" : 0.000000,
        "500" : 0.000000,
        "750" : 0.000000,
        "1000" : 0.000000
      },
      "latency_us" : {
        "2" : 0.000000,
        "4" : 0.000000,
        "10" : 0.000000,
        "20" : 0.000000,
        "50" : 0.000000,
        "100" : 0.000000,
        "250" : 0.000000,
        "500" : 0.000000,
        "750" : 0.000000,
        "1000" : 0.000000
      },
      "latency_ms" : {
        "2" : 0.000000,
        "4" : 0.000000,
        "10" : 0.000000,
        "20" : 0.000000,
        "50" : 0.036298,
        "100" : 0.108893,
        "250" : 10.127042,
        "500" : 87.876588,
        "750" : 1.851180,
        "1000" : 0.000000,
        "2000" : 0.000000,
        ">=2000" : 0.000000
      },
      "latency_depth" : 8,
      "latency_target" : 0,
      "latency_percentile" : 100.000000,
      "latency_window" : 0
    }
  ],
  "disk_util" : [
    {
      "name" : "md5",
      "read_ios" : 91,
      "write_ios" : 2755,
      "read_merges" : 0,
      "write_merges" : 0,
      "read_ticks" : 0,
      "write_ticks" : 0,
      "in_queue" : 0,
      "util" : 0.000000,
      "aggr_read_ios" : 699,
      "aggr_write_ios" : 1693,
      "aggr_read_merges" : 2,
      "aggr_write_merge" : 0,
      "aggr_read_ticks" : 18822,
      "aggr_write_ticks" : 32059,
      "aggr_in_queue" : 50882,
      "aggr_util" : 56.899042
    },
    {
      "name" : "sdf",
      "read_ios" : 701,
      "write_ios" : 1698,
      "read_merges" : 3,
      "write_merges" : 0,
      "read_ticks" : 22280,
      "write_ticks" : 32940,
      "in_queue" : 55220,
      "util" : 52.835578
    },
    {
      "name" : "sdd",
      "read_ios" : 666,
      "write_ios" : 1664,
      "read_merges" : 3,
      "write_merges" : 0,
      "read_ticks" : 17552,
      "write_ticks" : 30632,
      "in_queue" : 48184,