{
  "fio version" : "fio-3.1",
  "timestamp" : 1584908832,
  "timestamp_ms" : 1584908832379,
  "time" : "Sun Mar 22 21:27:12 2020",
  "jobs" : [
    {
      "jobname" : "iotest",
      "groupid" : 0,
      "error" : 0,
      "eta" : 0,
      "elapsed" : 66,
      "job options" : {
        "rw" : "randread",
        "bs" : "4k",
        "ioengine" : "libaio",
        "iodepth" : "64",
        "direct" : "1",
        "invalidate" : "1",
        "refill_buffers" : "1",
        "runtime" : "60",
        "numjobs" : "64",
        "group_reporting" : "1",
        "write_bw_log" : "/fio/raid5_16/randread-iodepth-64-numjobs-64",
        "write_lat_log" : "/fio/raid5_16/randread-iodepth-64-numjobs-64",
        "write_iops_log" : "/fio/raid5_16/randread-iodepth-64-numjobs-64",
        "log_avg_msec" : "500",
        "filename" : "/dev/md5"
      },
      "read" : {
        "io_bytes" : 196567040,
        "io_kbytes" : 191960,
        "bw" : 3092,
        "iops" : 773.097060,
        "runtime" : 62075,
        "total_ios" : 47990,
        "short_ios" : 0,
        "drop_ios" : 0,
        "slat_ns" : {
          "min" : 4106,
          "max" : 8697009838,
          "mean" : 79774432.436195,
          "stddev" : 559902158.970022
        },
        "clat_ns" : {
          "min" : 887675,
          "max" : 16976416634,
          "mean" : 4960788542.031238,
          "stddev" : 2886949258.997715,
          "percentile" : {
            "1.000000" : 149946368,
            "5.000000" : 817889280,
            "10.000000" : 1367343104,
            "20.000000" : 2365587456,
            "30.000000" : 2969567232,
            "40.000000" : 3640655872,
            "50.000000" : 4932501504,
            "60.000000" : 5737807872,
            "70.000000" : 6341787648,
            "80.000000" : 7348420608,
            "90.000000" : 8791261184,
            "95.000000" : 10401873920,
            "99.000000" : 12415139840,
            "99.500000" : 12952010752,
            "99.900000" : 14025752576,
            "99.950000" : 14159970304,
            "99.990000" : 15502147584,
            "0.00" : 0,
            "0.00" : 0,
            "0.00" : 0
          }
        },
        "lat_ns" : {
          "min" : 4758613,
          "max" : 20521003170,
          "mean" : 5040566751.921797,
          "stddev" : 2965708562.030979
        },
        "bw_min" : 6,
        "bw_max" : 1290,
        "bw_agg" : 8.584237,
        "bw_mean" : 265.424606,
        "bw_dev" : 104.759892,
        "bw_samples" : 1333,
        "iops_min" : 1,
        "iops_max" : 322,
        "iops_mean" : 66.129032,
        "iops_stddev" : 26.181937,
        "iops_samples" : 1333
      },
      "write" : {
        "io_bytes" : 0,
        "io_kbytes" : 0,
        "bw" : 0,
        "iops" : 0.000000,
        "runtime" : 0,
        "total_ios" : 0,
        "short_ios" : 0,
        "drop_ios" : 0,
        "slat_ns" : {
          "min" : 0,
          "max" : 0,
          "mean" : 0.000000,
          "stddev" : 0.000000
        },
        "clat_ns" : {
          "min" : 0,
          "max" : 0,
          "mean" : 0.000000,
          "stddev" : 0.000000,
          "percentile" : {
            "1.000000" : 0,
            "5.000000" : 0,
            "10.000000" : 0,
            "20.000000" : 0,
            "30.000000" : 0,
            "40.000000" : 0,
            "50.000000" : 0,
            "60.000000" : 0,
            "70.000000" : 0,
            "80.000000" : 0,
            "90.000000" : 0,
            "95.000000" : 0,
            "99.000000" : 0,
            "99.500000" : 0,
            "99.900000" : 0,
            "99.950000" : 0,
            "99.990000" : 0,
            "0.00" : 0,
            "0.00" : 0,
            "0.00" : 0
          }
        },
        "lat_ns" : {
          "min" : 0,
          "max" : 0,
          "mean" : 0.000000,
          "stddev" : 0.000000
        },
        "bw_min" : 0,
        "bw_max" : 0,
        "bw_agg" : 0.000000,
        "bw_mean" : 0.000000,
        "bw_dev" : 0.000000,
        "bw_samples" : 0,
        "iops_min" : 0,
        "iops_max" : 0,
        "iops_mean" : 0.000000,
        "iops_stddev" : 0.000000,
        "iops_samples" : 0
      },
      "trim" : {
        "io_bytes" : 0,
        "io_kbytes" : 0,
        "bw" : 0,
        "iops" : 0.000000,
        "runtime" : 0,
        "total_ios" : 0,
        "short_ios" : 0,
        "drop_ios" : 0,
        "slat_ns" : {
          "min" : 0,
          "max" : 0,
          "mean" : 0.000000,
          "stddev" : 0.000000
        },
        "clat_ns" : {
          "min" : 0,
          "max" : 0,
          "mean" : 0.000000,
          "stddev" : 0.000000,
          "percentile" : {
            "1.000000" : 0,
            "5.000000" : 0,
            "10.000000" : 0,
            "20.000000" : 0,
            "30.000000" : 0,
            "40.000000" : 0,
            "50.000000" : 0,
            "60.000000" : 0,
            "70.000000" : 0,
            "80.000000" : 0,
            "90.000000" : 0,
            "95.000000" : 0,
            "99.000000" : 0,
            "99.500000" : 0,
            "99.900000" : 0,
            "99.950000" : 0,
            "99.990000" : 0,
            "0.00" : 0,
            "0.00" : 0,
            "0.00" : 0
          }
        },
        "lat_ns" : {
          "min" : 0,
          "max" : 0,
          "mean" : 0.000000,
          "stddev" : 0.000000
        },
        "bw_min" : 0,
        "bw_max" : 0,
        "bw_agg" : 0.000000,
        "bw_mean" : 0.000000,
        "bw_dev" : 0.000000,
        "bw_samples" : 0,
        "iops_min" : 0,
        "iops_max" : 0,
        "iops_mean" : 0.000000,
        "iops_stddev" : 0.000000,
        "iops_samples" : 0
      },
      "usr_cpu" : 0.039162,
      "sys_cpu" : 0.010655,
      "ctx" : 2463,
      "majf" : 0,
      "minf" : 5532,
      "iodepth_level" : {
        "1" : 0.133361,
        "2" : 0.266722,
        "4" : 0.533444,
        "8" : 1.066889,
        "16" : 2.133778,
        "32" : 4.267556,
        ">=64" : 91.598250
      },
      "latency_ns" : {
        "2" : 0.000000,
        "4" : 0.000000,
        "10" : 0.000000,
        "20" : 0.000000,
        "50" : 0.000000,
        "100" : 0.000000,
        "250" : 0.000000,
        "500" : 0.000000,
        "750" : 0.000000,
        "1000" : 0.000000
      },
      "latency_us" : {
        "2" : 0.000000,
        "4" : 0.000000,
        "10" : 0.000000,
        "20" : 0.000000,
        "50" : 0.000000,
        "100" : 0.000000,
        "250" : 0.000000,
        "500" : 0.000000,
        "750" : 0.000000,
        "1000" : 0.010000
      },
      "latency_ms" : {
        "2" : 0.010000,
        "4" : 0.000000,
        "10" : 0.035424,
        "20" : 0.133361,
        "50" : 0.197958,
        "100" : 0.268806,
        "250" : 0.939779,
        "500" : 1.348198,
        "750" : 1.544072,
        "1000" : 2.306731,
        "2000" : 10.058345,
        ">=2000" : 83.163159
      },
      "latency_depth" : 64,
      "latency_target" : 0,
      "latency_percentile" : 100.000000,
      "latency_window" : 0
    }
  ],
  "disk_util" : [
    {
      "name" : "md5",
      "read_ios" : 47990,
      "write_ios" : 0,
      "read_merges" : 0,
      "write_merges" : 0,
      "read_ticks" : 0,
      "write_ticks" : 0,
      "in_queue" : 0,
      "util" : 0.000000,
      "aggr_read_ios" : 5998,
      "aggr_write_ios" : 0,
      "aggr_read_merges" : 0,
      "aggr_write_merge" : 0,
      "aggr_read_ticks" : 3549319,
      "aggr_write_ticks" : 0,
      "aggr_in_queue" : 3549317,
      "aggr_util" : 93.798450
    },
    {
      "name" : "sdf",
      "read_ios" : 5900,
      "write_ios" : 0,
      "read_merges" : 0,
      "write_merges" : 0,
      "read_ticks" : 4408712,
      "write_ticks" : 0,
      "in_queue" : 4408708,
      "util" : 91.057804
    },
    {
      "name" : "sdd",
      "read_ios" : 5966,
      "write_ios" : 0,
      "read_merges" : 0,
      "write_merges" : 0,
      "read_ticks" : 6704124,
      "write_ticks" : 0,