{
  "fio version" : "fio-3.1",
  "timestamp" : 1584908008,
  "timestamp_ms" : 1584908008416,
  "time" : "Sun Mar 22 21:13:28 2020",
  "jobs" : [
    {
      "jobname" : "iotest",
      "groupid" : 0,
      "error" : 0,
      "eta" : 0,
      "elapsed" : 61,
      "job options" : {
        "rw" : "randread",
        "bs" : "4k",
        "ioengine" : "libaio",
        "iodepth" : "32",
        "direct" : "1",
        "invalidate" : "1",
        "refill_buffers" : "1",
        "runtime" : "60",
        "numjobs" : "1",
        "group_reporting" : "1",
        "write_bw_log" : "/fio/raid5_16/randread-iodepth-32-numjobs-1",
        "write_lat_log" : "/fio/raid5_16/randread-iodepth-32-numjobs-1",
        "write_iops_log" : "/fio/raid5_16/randread-iodepth-32-numjobs-1",
        "log_avg_msec" : "500",
        "filename" : "/dev/md5"
      },
      "read" : {
        "io_bytes" : 144257024,
        "io_kbytes" : 140876,
        "bw" : 2343,
        "iops" : 585.821454,
        "runtime" : 60119,
        "total_ios" : 35219,
        "short_ios" : 0,
        "drop_ios" : 0,
        "slat_ns" : {
          "min" : 7229,
          "max" : 251206,
          "mean" : 28787.084670,
          "stddev" : 5335.626444
        },
        "clat_ns" : {
          "min" : 2892362,
          "max" : 777465651,
          "mean" : 54571366.865670,
          "stddev" : 56746475.354342,
          "percentile" : {
            "1.000000" : 8224768,
            "5.000000" : 11730944,
            "10.000000" : 14221312,
            "20.000000" : 18481152,
            "30.000000" : 22675456,
            "40.000000" : 27918336,
            "50.000000" : 34865152,
            "60.000000" : 43778048,
            "70.000000" : 56885248,
            "80.000000" : 78118912,
            "90.000000" : 120061952,
            "95.000000" : 164626432,
            "99.000000" : 283115520,
            "99.500000" : 350224384,
            "99.900000" : 497025024,
            "99.950000" : 534773760,
            "99.990000" : 641728512,
            "0.00" : 0,
            "0.00" : 0,
            "0.00" : 0
          }
        },
        "lat_ns" : {
          "min" : 2923178,
          "max" : 777496745,
          "mean" : 54601141.210909,
          "stddev" : 56746415.918032
        },
        "bw_min" : 2028,
        "bw_max" : 2677,
        "bw_agg" : 100.000000,
        "bw_mean" : 2347.191667,
        "bw_dev" : 146.680256,
        "bw_samples" : 120,
        "iops_min" : 507,
        "iops_max" : 669,
        "iops_mean" : 586.783333,
        "iops_stddev" : 36.646204,
        "iops_samples" : 120
      },
      "write" : {
        "io_bytes" : 0,
        "io_kbytes" : 0,
        "bw" : 0,
        "iops" : 0.000000,
        "runtime" : 0,
        "total_ios" : 0,
        "short_ios" : 0,
        "drop_ios" : 0,
        "slat_ns" : {
          "min" : 0,
          "max" : 0,
          "mean" : 0.000000,
          "stddev" : 0.000000
        },
        "clat_ns" : {
          "min" : 0,
          "max" : 0,
          "mean" : 0.000000,
          "stddev" : 0.000000,
          "percentile" : {
            "1.000000" : 0,
            "5.000000" : 0,
            "10.000000" : 0,
            "20.000000" : 0,
            "30.000000" : 0,
            "40.000000" : 0,
            "50.000000" : 0,
            "60.000000" : 0,
            "70.000000" : 0,
            "80.000000" : 0,
            "90.000000" : 0,
            "95.000000" : 0,
            "99.000000" : 0,
            "99.500000" : 0,
            "99.900000" : 0,
            "99.950000" : 0,
            "99.990000" : 0,
            "0.00" : 0,
            "0.00" : 0,
            "0.00" : 0
          }
        },
        "lat_ns" : {
          "min" : 0,
          "max" : 0,
          "mean" : 0.000000,
          "stddev" : 0.000000
        },
        "bw_min" : 0,
        "bw_max" : 0,
        "bw_agg" : 0.000000,
        "bw_mean" : 0.000000,
        "bw_dev" : 0.000000,
        "bw_samples" : 0,
        "iops_min" : 0,
        "iops_max" : 0,
        "iops_mean" : 0.000000,
        "iops_stddev" : 0.000000,
        "iops_samples" : 0
      },
      "trim" : {
        "io_bytes" : 0,
        "io_kbytes" : 0,
        "bw" : 0,
        "iops" : 0.000000,
        "runtime" : 0,
        "total_ios" : 0,
        "short_ios" : 0,
        "drop_ios" : 0,
        "slat_ns" : {
          "min" : 0,
          "max" : 0,
          "mean" : 0.000000,
          "stddev" : 0.000000
        },
        "clat_ns" : {
          "min" : 0,
          "max" : 0,
          "mean" : 0.000000,
          "stddev" : 0.000000,
          "percentile" : {
            "1.000000" : 0,
            "5.000000" : 0,
            "10.000000" : 0,
            "20.000000" : 0,
            "30.000000" : 0,
            "40.000000" : 0,
            "50.000000" : 0,
            "60.000000" : 0,
            "70.000000" : 0,
            "80.000000" : 0,
            "90.000000" : 0,
            "95.000000" : 0,
            "99.000000" : 0,
            "99.500000" : 0,
            "99.900000" : 0,
            "99.950000" : 0,
            "99.990000" : 0,
            "0.00" : 0,
            "0.00" : 0,
            "0.00" : 0
          }
        },
        "lat_ns" : {
          "min" : 0,
          "max" : 0,
          "mean" : 0.000000,
          "stddev" : 0.000000
        },
        "bw_min" : 0,
        "bw_max" : 0,
        "bw_agg" : 0.000000,
        "bw_mean" : 0.000000,
        "bw_dev" : 0.000000,
        "bw_samples" : 0,
        "iops_min" : 0,
        "iops_max" : 0,
        "iops_mean" : 0.000000,
        "iops_stddev" : 0.000000,
        "iops_samples" : 0
      },
      "usr_cpu" : 0.953126,
      "sys_cpu" : 2.584916,
      "ctx" : 33725,
      "majf" : 0,
      "minf" : 48,
      "iodepth_level" : {
        "1" : 0.100000,
        "2" : 0.100000,
        "4" : 0.100000,
        "8" : 0.100000,
        "16" : 0.100000,
        "32" : 99.911979,
        ">=64" : 0.000000
      },
      "latency_ns" : {
        "2" : 0.000000,
        "4" : 0.000000,
        "10" : 0.000000,
        "20" : 0.000000,
        "50" : 0.000000,
        "100" : 0.000000,
        "250" : 0.000000,
        "500" : 0.000000,
        "750" : 0.000000,
        "1000" : 0.000000
      },
      "latency_us" : {
        "2" : 0.000000,
        "4" : 0.000000,
        "10" : 0.000000,
        "20" : 0.000000,
        "50" : 0.000000,
        "100" : 0.000000,
        "250" : 0.000000,
        "500" : 0.000000,
        "750" : 0.000000,
        "1000" : 0.000000
      },
      "latency_ms" : {
        "2" : 0.000000,
        "4" : 0.014197,
        "10" : 2.498651,
        "20" : 21.309520,
        "50" : 41.429342,
        "100" : 21.031262,
        "250" : 12.271785,
        "500" : 1.348704,
        "750" : 0.093699,
        "1000" : 0.010000,
        "2000" : 0.000000,
        ">=2000" : 0.000000
      },
      "latency_depth" : 32,
      "latency_target" : 0,
      "latency_percentile" : 100.000000,
      "latency_window" : 0
    }
  ],
  "disk_util" : [
    {
      "name" : "md5",
      "read_ios" : 35219,
      "write_ios" : 0,
      "read_merges" : 0,
      "write_merges" : 0,
      "read_ticks" : 0,
      "write_ticks" : 0,
      "in_queue" : 0,
      "util" : 0.000000,
      "aggr_read_ios" : 4402,
      "aggr_write_ios" : 0,
      "aggr_read_merges" : 0,
      "aggr_write_merge" : 0,
      "aggr_read_ticks" : 239876,
      "aggr_write_ticks" : 0,
      "aggr_in_queue" : 239873,
      "aggr_util" : 95.963160
    },
    {
      "name" : "sdf",
      "read_ios" : 4434,
      "write_ios" : 0,
      "read_merges" : 0,
      "write_merges" : 0,
      "read_ticks" : 244348,
      "write_ticks" : 0,
      "in_queue" : 244340,
      "util" : 91.569777
    },
    {
      "name" : "sdd",
      "read_ios" : 4370,
      "write_ios" : 0,
      "read_merges" : 0,
      "write_merges" : 0,
      "read_ticks" : 308752,
      "write_ticks" : 0,
      "in_queue" : 308752,