{
  "fio version" : "fio-3.1",
  "timestamp" : 1584906069,
  "timestamp_ms" : 1584906069810,
  "time" : "Sun Mar 22 20:41:09 2020",
  "jobs" : [
    {
      "jobname" : "iotest",
      "groupid" : 0,
      "error" : 0,
      "eta" : 0,
      "elapsed" : 62,
      "job options" : {
        "rw" : "randread",
        "bs" : "4k",
        "ioengine" : "libaio",
        "iodepth" : "1",
        "direct" : "1",
        "invalidate" : "1",
        "refill_buffers" : "1",
        "runtime" : "60",
        "numjobs" : "16",
        "group_reporting" : "1",
        "write_bw_log" : "/fio/raid5_16/randread-iodepth-1-numjobs-16",
        "write_lat_log" : "/fio/raid5_16/randread-iodepth-1-numjobs-16",
        "write_iops_log" : "/fio/raid5_16/randread-iodepth-1-numjobs-16",
        "log_avg_msec" : "500",
        "filename" : "/dev/md5"
      },
      "read" : {
        "io_bytes" : 116011008,
        "io_kbytes" : 113292,
        "bw" : 1886,
        "iops" : 471.711940,
        "runtime" : 60043,
        "total_ios" : 28323,
        "short_ios" : 0,
        "drop_ios" : 0,
        "slat_ns" : {
          "min" : 12218,
          "max" : 5238851,
          "mean" : 32865.252092,
          "stddev" : 31346.921518
        },
        "clat_ns" : {
          "min" : 3145202,
          "max" : 431433144,
          "mean" : 33748149.828690,
          "stddev" : 28902740.561334,
          "percentile" : {
            "1.000000" : 7110656,
            "5.000000" : 10027008,
            "10.000000" : 11993088,
            "20.000000" : 15007744,
            "30.000000" : 17694720,
            "40.000000" : 20578304,
            "50.000000" : 24510464,
            "60.000000" : 29229056,
            "70.000000" : 35913728,
            "80.000000" : 45875200,
            "90.000000" : 66322432,
            "95.000000" : 88604672,
            "99.000000" : 147849216,
            "99.500000" : 177209344,
            "99.900000" : 250609664,
            "99.950000" : 287309824,
            "99.990000" : 367001600,
            "0.00" : 0,
            "0.00" : 0,
            "0.00" : 0
          }
        },
        "lat_ns" : {
          "min" : 3180862,
          "max" : 431470875,
          "mean" : 33782068.047947,
          "stddev" : 28902959.292677
        },
        "bw_min" : 24,
        "bw_max" : 208,
        "bw_agg" : 6.278281,
        "bw_mean" : 118.408377,
        "bw_dev" : 26.886716,
        "bw_samples" : 1910,
        "iops_min" : 6,
        "iops_max" : 52,
        "iops_mean" : 29.447644,
        "iops_stddev" : 6.676710,
        "iops_samples" : 1910
      },
      "write" : {
        "io_bytes" : 0,
        "io_kbytes" : 0,
        "bw" : 0,
        "iops" : 0.000000,
        "runtime" : 0,
        "total_ios" : 0,
        "short_ios" : 0,
        "drop_ios" : 0,
        "slat_ns" : {
          "min" : 0,
          "max" : 0,
          "mean" : 0.000000,
          "stddev" : 0.000000
        },
        "clat_ns" : {
          "min" : 0,
          "max" : 0,
          "mean" : 0.000000,
          "stddev" : 0.000000,
          "percentile" : {
            "1.000000" : 0,
            "5.000000" : 0,
            "10.000000" : 0,
            "20.000000" : 0,
            "30.000000" : 0,
            "40.000000" : 0,
            "50.000000" : 0,
            "60.000000" : 0,
            "70.000000" : 0,
            "80.000000" : 0,
            "90.000000" : 0,
            "95.000000" : 0,
            "99.000000" : 0,
            "99.500000" : 0,
            "99.900000" : 0,
            "99.950000" : 0,
            "99.990000" : 0,
            "0.00" : 0,
            "0.00" : 0,
            "0.00" : 0
          }
        },
        "lat_ns" : {
          "min" : 0,
          "max" : 0,
          "mean" : 0.000000,
          "stddev" : 0.000000
        },
        "bw_min" : 0,
        "bw_max" : 0,
        "bw_agg" : 0.000000,
        "bw_mean" : 0.000000,
        "bw_dev" : 0.000000,
        "bw_samples" : 0,
        "iops_min" : 0,
        "iops_max" : 0,
        "iops_mean" : 0.000000,
        "iops_stddev" : 0.000000,
        "iops_samples" : 0
      },
      "trim" : {
        "io_bytes" : 0,
        "io_kbytes" : 0,
        "bw" : 0,
        "iops" : 0.000000,
        "runtime" : 0,
        "total_ios" : 0,
        "short_ios" : 0,
        "drop_ios" : 0,
        "slat_ns" : {
          "min" : 0,
          "max" : 0,
          "mean" : 0.000000,
          "stddev" : 0.000000
        },
        "clat_ns" : {
          "min" : 0,
          "max" : 0,
          "mean" : 0.000000,
          "stddev" : 0.000000,
          "percentile" : {
            "1.000000" : 0,
            "5.000000" : 0,
            "10.000000" : 0,
            "20.000000" : 0,
            "30.000000" : 0,
            "40.000000" : 0,
            "50.000000" : 0,
            "60.000000" : 0,
            "70.000000" : 0,
            "80.000000" : 0,
            "90.000000" : 0,
            "95.000000" : 0,
            "99.000000" : 0,
            "99.500000" : 0,
            "99.900000" : 0,
            "99.950000" : 0,
            "99.990000" : 0,
            "0.00" : 0,
            "0.00" : 0,
            "0.00" : 0
          }
        },
        "lat_ns" : {
          "min" : 0,
          "max" : 0,
          "mean" : 0.000000,
          "stddev" : 0.000000
        },
        "bw_min" : 0,
        "bw_max" : 0,
        "bw_agg" : 0.000000,
        "bw_mean" : 0.000000,
        "bw_dev" : 0.000000,
        "bw_samples" : 0,
        "iops_min" : 0,
        "iops_max" : 0,
        "iops_mean" : 0.000000,
        "iops_stddev" : 0.000000,
        "iops_samples" : 0
      },
      "usr_cpu" : 0.095396,
      "sys_cpu" : 0.135596,
      "ctx" : 28527,
      "majf" : 0,
      "minf" : 370,
      "iodepth_level" : {
        "1" : 100.000000,
        "2" : 0.000000,
        "4" : 0.000000,
        "8" : 0.000000,
        "16" : 0.000000,
        "32" : 0.000000,
        ">=64" : 0.000000
      },
      "latency_ns" : {
        "2" : 0.000000,
        "4" : 0.000000,
        "10" : 0.000000,
        "20" : 0.000000,
        "50" : 0.000000,
        "100" : 0.000000,
        "250" : 0.000000,
        "500" : 0.000000,
        "750" : 0.000000,
        "1000" : 0.000000
      },
      "latency_us" : {
        "2" : 0.000000,
        "4" : 0.000000,
        "10" : 0.000000,
        "20" : 0.000000,
        "50" : 0.000000,
        "100" : 0.000000,
        "250" : 0.000000,
        "500" : 0.000000,
        "750" : 0.000000,
        "1000" : 0.000000
      },
      "latency_ms" : {
        "2" : 0.000000,
        "4" : 0.028246,
        "10" : 4.882957,
        "20" : 32.969671,
        "50" : 44.892843,
        "100" : 13.575539,
        "250" : 3.548353,
        "500" : 0.102390,
        "750" : 0.000000,
        "1000" : 0.000000,
        "2000" : 0.000000,
        ">=2000" : 0.000000
      },
      "latency_depth" : 1,
      "latency_target" : 0,
      "latency_percentile" : 100.000000,
      "latency_window" : 0
    }
  ],
  "disk_util" : [
    {
      "name" : "md5",
      "read_ios" : 28316,
      "write_ios" : 0,
      "read_merges" : 0,
      "write_merges" : 0,
      "read_ticks" : 0,
      "write_ticks" : 0,
      "in_queue" : 0,
      "util" : 0.000000,
      "aggr_read_ios" : 3540,
      "aggr_write_ios" : 0,
      "aggr_read_merges" : 0,
      "aggr_write_merge" : 0,
      "aggr_read_ticks" : 119436,
      "aggr_write_ticks" : 0,
      "aggr_in_queue" : 119432,
      "aggr_util" : 82.065386
    },
    {
      "name" : "sdf",
      "read_ios" : 3559,
      "write_ios" : 0,
      "read_merges" : 0,
      "write_merges" : 0,
      "read_ticks" : 123684,
      "write_ticks" : 0,
      "in_queue" : 123684,
      "util" : 79.937135
    },
    {
      "name" : "sdd",
      "read_ios" : 3523,
      "write_ios" : 0,
      "read_merges" : 0,
      "write_merges" : 0,
      "read_ticks" : 148216,
      "write_ticks" : 0,
      "in_queue" : 148216,