{
  "fio version" : "fio-3.1",
  "timestamp" : 1584913167,
  "timestamp_ms" : 1584913167633,
  "time" : "Sun Mar 22 22:39:27 2020",
  "jobs" : [
    {
      "jobname" : "iotest",
      "groupid" : 0,
      "error" : 0,
      "eta" : 0,
      "elapsed" : 63,
      "job options" : {
        "rw" : "randwrite",
        "bs" : "4k",
        "ioengine" : "libaio",
        "iodepth" : "4",
        "direct" : "1",
        "invalidate" : "1",
        "refill_buffers" : "1",
        "runtime" : "60",
        "numjobs" : "32",
        "group_reporting" : "1",
        "write_bw_log" : "/fio/raid5_16/randwrite-iodepth-4-numjobs-32",
        "write_lat_log" : "/fio/raid5_16/randwrite-iodepth-4-numjobs-32",
        "write_iops_log" : "/fio/raid5_16/randwrite-iodepth-4-numjobs-32",
        "log_avg_msec" : "500",
        "filename" : "/dev/md5"
      },
      "read" : {
        "io_bytes" : 0,
        "io_kbytes" : 0,
        "bw" : 0,
        "iops" : 0.000000,
        "runtime" : 0,
        "total_ios" : 0,
        "short_ios" : 0,
        "drop_ios" : 0,
        "slat_ns" : {
          "min" : 0,
          "max" : 0,
          "mean" : 0.000000,
          "stddev" : 0.000000
        },
        "clat_ns" : {
          "min" : 0,
          "max" : 0,
          "mean" : 0.000000,
          "stddev" : 0.000000,
          "percentile" : {
            "1.000000" : 0,
            "5.000000" : 0,
            "10.000000" : 0,
            "20.000000" : 0,
            "30.000000" : 0,
            "40.000000" : 0,
            "50.000000" : 0,
            "60.000000" : 0,
            "70.000000" : 0,
            "80.000000" : 0,
            "90.000000" : 0,
            "95.000000" : 0,
            "99.000000" : 0,
            "99.500000" : 0,
            "99.900000" : 0,
            "99.950000" : 0,
            "99.990000" : 0,
            "0.00" : 0,
            "0.00" : 0,
            "0.00" : 0
          }
        },
        "lat_ns" : {
          "min" : 0,
          "max" : 0,
          "mean" : 0.000000,
          "stddev" : 0.000000
        },
        "bw_min" : 0,
        "bw_max" : 0,
        "bw_agg" : 0.000000,
        "bw_mean" : 0.000000,
        "bw_dev" : 0.000000,
        "bw_samples" : 0,
        "iops_min" : 0,
        "iops_max" : 0,
        "iops_mean" : 0.000000,
        "iops_stddev" : 0.000000,
        "iops_samples" : 0
      },
      "write" : {
        "io_bytes" : 16490496,
        "io_kbytes" : 16104,
        "bw" : 261,
        "iops" : 65.251216,
        "runtime" : 61700,
        "total_ios" : 4026,
        "short_ios" : 0,
        "drop_ios" : 0,
        "slat_ns" : {
          "min" : 3912,
          "max" : 48556193,
          "mean" : 29218.693741,
          "stddev" : 811457.096959
        },
        "clat_ns" : {
          "min" : 49692505,
          "max" : 2673519999,
          "mean" : 1914781027.654496,
          "stddev" : 363515995.754650,
          "percentile" : {
            "1.000000" : 624951296,
            "5.000000" : 1333788672,
            "10.000000" : 1501560832,
            "20.000000" : 1686110208,
            "30.000000" : 1786773504,
            "40.000000" : 1887436800,
            "50.000000" : 1971322880,
            "60.000000" : 2038431744,
            "70.000000" : 2105540608,
            "80.000000" : 2197815296,
            "90.000000" : 2332033024,
            "95.000000" : 2399141888,
            "99.000000" : 2533359616,
            "99.500000" : 2566914048,
            "99.900000" : 2634022912,
            "99.950000" : 2634022912,
            "99.990000" : 2667577344,
            "0.00" : 0,
            "0.00" : 0,
            "0.00" : 0
          }
        },
        "lat_ns" : {
          "min" : 58215396,
          "max" : 2673543236,
          "mean" : 1914811214.229012,
          "stddev" : 363474385.655826
        },
        "bw_min" : 7,
        "bw_max" : 120,
        "bw_agg" : 5.138491,
        "bw_mean" : 13.411461,
        "bw_dev" : 7.080085,
        "bw_samples" : 2321,
        "iops_min" : 1,
        "iops_max" : 30,
        "iops_mean" : 3.319259,
        "iops_stddev" : 1.781663,
        "iops_samples" : 2321
      },
      "trim" : {
        "io_bytes" : 0,
        "io_kbytes" : 0,
        "bw" : 0,
        "iops" : 0.000000,
        "runtime" : 0,
        "total_ios" : 0,
        "short_ios" : 0,
        "drop_ios" : 0,
        "slat_ns" : {
          "min" : 0,
          "max" : 0,
          "mean" : 0.000000,
          "stddev" : 0.000000
        },
        "clat_ns" : {
          "min" : 0,
          "max" : 0,
          "mean" : 0.000000,
          "stddev" : 0.000000,
          "percentile" : {
            "1.000000" : 0,
            "5.000000" : 0,
            "10.000000" : 0,
            "20.000000" : 0,
            "30.000000" : 0,
            "40.000000" : 0,
            "50.000000" : 0,
            "60.000000" : 0,
            "70.000000" : 0,
            "80.000000" : 0,
            "90.000000" : 0,
            "95.000000" : 0,
            "99.000000" : 0,
            "99.500000" : 0,
            "99.900000" : 0,
            "99.950000" : 0,
            "99.990000" : 0,
            "0.00" : 0,
            "0.00" : 0,
            "0.00" : 0
          }
        },
        "lat_ns" : {
          "min" : 0,
          "max" : 0,
          "mean" : 0.000000,
          "stddev" : 0.000000
        },
        "bw_min" : 0,
        "bw_max" : 0,
        "bw_agg" : 0.000000,
        "bw_mean" : 0.000000,
        "bw_dev" : 0.000000,
        "bw_samples" : 0,
        "iops_min" : 0,
        "iops_max" : 0,
        "iops_mean" : 0.000000,
        "iops_stddev" : 0.000000,
        "iops_samples" : 0
      },
      "usr_cpu" : 0.040901,
      "sys_cpu" : 0.003512,
      "ctx" : 3804,
      "majf" : 0,
      "minf" : 659,
      "iodepth_level" : {
        "1" : 0.794834,
        "2" : 1.589667,
        "4" : 97.615499,
        "8" : 0.000000,
        "16" : 0.000000,
        "32" : 0.000000,
        ">=64" : 0.000000
      },
      "latency_ns" : {
        "2" : 0.000000,
        "4" : 0.000000,
        "10" : 0.000000,
        "20" : 0.000000,
        "50" : 0.000000,
        "100" : 0.000000,
        "250" : 0.000000,
        "500" : 0.000000,
        "750" : 0.000000,
        "1000" : 0.000000
      },
      "latency_us" : {
        "2" : 0.000000,
        "4" : 0.000000,
        "10" : 0.000000,
        "20" : 0.000000,
        "50" : 0.000000,
        "100" : 0.000000,
        "250" : 0.000000,
        "500" : 0.000000,
        "750" : 0.000000,
        "1000" : 0.000000
      },
      "latency_ms" : {
        "2" : 0.000000,
        "4" : 0.000000,
        "10" : 0.000000,
        "20" : 0.000000,
        "50" : 0.024839,
        "100" : 0.099354,
        "250" : 0.620964,
        "500" : 0.074516,
        "750" : 0.596125,
        "1000" : 1.366120,
        "2000" : 52.409339,
        ">=2000" : 44.808743
      },
      "latency_depth" : 4,
      "latency_target" : 0,
      "latency_percentile" : 100.000000,
      "latency_window" : 0
    }
  ],
  "disk_util" : [
    {
      "name" : "md5",
      "read_ios" : 185,
      "write_ios" : 4026,
      "read_merges" : 0,
      "write_merges" : 0,
      "read_ticks" : 0,
      "write_ticks" : 0,
      "in_queue" : 0,
      "util" : 0.000000,
      "aggr_read_ios" : 1025,
      "aggr_write_ios" : 1922,
      "aggr_read_merges" : 5,
      "aggr_write_merge" : 0,
      "aggr_read_ticks" : 50369,
      "aggr_write_ticks" : 50018,
      "aggr_in_queue" : 100385,
      "aggr_util" : 64.280342
    },
    {
      "name" : "sdf",
      "read_ios" : 996,
      "write_ios" : 1896,
      "read_merges" : 6,
      "write_merges" : 0,
      "read_ticks" : 57408,
      "write_ticks" : 52600,
      "in_queue" : 110004,
      "util" : 58.155052
    },
    {
      "name" : "sdd",
      "read_ios" : 977,
      "write_ios" : 1879,
      "read_merges" : 6,
      "write_merges" : 0,
      "read_ticks" : 47704,
      "write_ticks" : 52092,