{
  "fio version" : "fio-3.1",
  "timestamp" : 1584913417,
  "timestamp_ms" : 1584913417574,
  "time" : "Sun Mar 22 22:43:37 2020",
  "jobs" : [
    {
      "jobname" : "iotest",
      "groupid" : 0,
      "error" : 0,
      "eta" : 0,
      "elapsed" : 61,
      "job options" : {
        "rw" : "randwrite",
        "bs" : "4k",
        "ioengine" : "libaio",
        "iodepth" : "8",
        "direct" : "1",
        "invalidate" : "1",
        "refill_buffers" : "1",
        "runtime" : "60",
        "numjobs" : "4",
        "group_reporting" : "1",
        "write_bw_log" : "/fio/raid5_16/randwrite-iodepth-8-numjobs-4",
        "write_lat_log" : "/fio/raid5_16/randwrite-iodepth-8-numjobs-4",
        "write_iops_log" : "/fio/raid5_16/randwrite-iodepth-8-numjobs-4",
        "log_avg_msec" : "500",
        "filename" : "/dev/md5"
      },
      "read" : {
        "io_bytes" : 0,
        "io_kbytes" : 0,
        "bw" : 0,
        "iops" : 0.000000,
        "runtime" : 0,
        "total_ios" : 0,
        "short_ios" : 0,
        "drop_ios" : 0,
        "slat_ns" : {
          "min" : 0,
          "max" : 0,
          "mean" : 0.000000,
          "stddev" : 0.000000
        },
        "clat_ns" : {
          "min" : 0,
          "max" : 0,
          "mean" : 0.000000,
          "stddev" : 0.000000,
          "percentile" : {
            "1.000000" : 0,
            "5.000000" : 0,
            "10.000000" : 0,
            "20.000000" : 0,
            "30.000000" : 0,
            "40.000000" : 0,
            "50.000000" : 0,
            "60.000000" : 0,
            "70.000000" : 0,
            "80.000000" : 0,
            "90.000000" : 0,
            "95.000000" : 0,
            "99.000000" : 0,
            "99.500000" : 0,
            "99.900000" : 0,
            "99.950000" : 0,
            "99.990000" : 0,
            "0.00" : 0,
            "0.00" : 0,
            "0.00" : 0
          }
        },
        "lat_ns" : {
          "min" : 0,
          "max" : 0,
          "mean" : 0.000000,
          "stddev" : 0.000000
        },
        "bw_min" : 0,
        "bw_max" : 0,
        "bw_agg" : 0.000000,
        "bw_mean" : 0.000000,
        "bw_dev" : 0.000000,
        "bw_samples" : 0,
        "iops_min" : 0,
        "iops_max" : 0,
        "iops_mean" : 0.000000,
        "iops_stddev" : 0.000000,
        "iops_samples" : 0
      },
      "write" : {
        "io_bytes" : 16314368,
        "io_kbytes" : 15932,
        "bw" : 264,
        "iops" : 66.182580,
        "runtime" : 60182,
        "total_ios" : 3983,
        "short_ios" : 0,
        "drop_ios" : 0,
        "slat_ns" : {
          "min" : 3772,
          "max" : 18813920,
          "mean" : 17766.853377,
          "stddev" : 298024.514387
        },
        "clat_ns" : {
          "min" : 103569708,
          "max" : 895436051,
          "mean" : 482772846.736129,
          "stddev" : 103255969.984660,
          "percentile" : {
            "1.000000" : 231735296,
            "5.000000" : 274726912,
            "10.000000" : 325058560,
            "20.000000" : 425721856,
            "30.000000" : 455081984,
            "40.000000" : 471859200,
            "50.000000" : 488636416,
            "60.000000" : 509607936,
            "70.000000" : 526385152,
            "80.000000" : 549453824,
            "90.000000" : 591396864,
            "95.000000" : 641728512,
            "99.000000" : 759169024,
            "99.500000" : 801112064,
            "99.900000" : 893386752,
            "99.950000" : 893386752,
            "99.990000" : 893386752,
            "0.00" : 0,
            "0.00" : 0,
            "0.00" : 0
          }
        },
        "lat_ns" : {
          "min" : 103589671,
          "max" : 895445981,
          "mean" : 482791284.171981,
          "stddev" : 103250000.739601
        },
        "bw_min" : 8,
        "bw_max" : 105,
        "bw_agg" : 24.996046,
        "bw_mean" : 65.989562,
        "bw_dev" : 12.401322,
        "bw_samples" : 479,
        "iops_min" : 2,
        "iops_max" : 26,
        "iops_mean" : 16.496868,
        "iops_stddev" : 3.098706,
        "iops_samples" : 479
      },
      "trim" : {
        "io_bytes" : 0,
        "io_kbytes" : 0,
        "bw" : 0,
        "iops" : 0.000000,
        "runtime" : 0,
        "total_ios" : 0,
        "short_ios" : 0,
        "drop_ios" : 0,
        "slat_ns" : {
          "min" : 0,
          "max" : 0,
          "mean" : 0.000000,
          "stddev" : 0.000000
        },
        "clat_ns" : {
          "min" : 0,
          "max" : 0,
          "mean" : 0.000000,
          "stddev" : 0.000000,
          "percentile" : {
            "1.000000" : 0,
            "5.000000" : 0,
            "10.000000" : 0,
            "20.000000" : 0,
            "30.000000" : 0,
            "40.000000" : 0,
            "50.000000" : 0,
            "60.000000" : 0,
            "70.000000" : 0,
            "80.000000" : 0,
            "90.000000" : 0,
            "95.000000" : 0,
            "99.000000" : 0,
            "99.500000" : 0,
            "99.900000" : 0,
            "99.950000" : 0,
            "99.990000" : 0,
            "0.00" : 0,
            "0.00" : 0,
            "0.00" : 0
          }
        },
        "lat_ns" : {
          "min" : 0,
          "max" : 0,
          "mean" : 0.000000,
          "stddev" : 0.000000
        },
        "bw_min" : 0,
        "bw_max" : 0,
        "bw_agg" : 0.000000,
        "bw_mean" : 0.000000,
        "bw_dev" : 0.000000,
        "bw_samples" : 0,
        "iops_min" : 0,
        "iops_max" : 0,
        "iops_mean" : 0.000000,
        "iops_stddev" : 0.000000,
        "iops_samples" : 0
      },
      "usr_cpu" : 0.049058,
      "sys_cpu" : 0.033260,
      "ctx" : 2953,
      "majf" : 0,
      "minf" : 84,
      "iodepth_level" : {
        "1" : 0.100427,
        "2" : 0.200854,
        "4" : 0.401707,
        "8" : 99.297012,
        "16" : 0.000000,
        "32" : 0.000000,
        ">=64" : 0.000000
      },
      "latency_ns" : {
        "2" : 0.000000,
        "4" : 0.000000,
        "10" : 0.000000,
        "20" : 0.000000,
        "50" : 0.000000,
        "100" : 0.000000,
        "250" : 0.000000,
        "500" : 0.000000,
        "750" : 0.000000,
        "1000" : 0.000000
      },
      "latency_us" : {
        "2" : 0.000000,
        "4" : 0.000000,
        "10" : 0.000000,
        "20" : 0.000000,
        "50" : 0.000000,
        "100" : 0.000000,
        "250" : 0.000000,
        "500" : 0.000000,
        "750" : 0.000000,
        "1000" : 0.000000
      },
      "latency_ms" : {
        "2" : 0.000000,
        "4" : 0.000000,
        "10" : 0.000000,
        "20" : 0.000000,
        "50" : 0.000000,
        "100" : 0.000000,
        "250" : 2.108963,
        "500" : 53.025358,
        "750" : 43.760984,
        "1000" : 1.104695,
        "2000" : 0.000000,
        ">=2000" : 0.000000
      },
      "latency_depth" : 8,
      "latency_target" : 0,
      "latency_percentile" : 100.000000,
      "latency_window" : 0
    }
  ],
  "disk_util" : [
    {
      "name" : "md5",
      "read_ios" : 24,
      "write_ios" : 3983,
      "read_merges" : 0,
      "write_merges" : 0,
      "read_ticks" : 0,
      "write_ticks" : 0,
      "in_queue" : 0,
      "util" : 0.000000,
      "aggr_read_ios" : 998,
      "aggr_write_ios" : 1988,
      "aggr_read_merges" : 0,
      "aggr_write_merge" : 0,
      "aggr_read_ticks" : 33998,
      "aggr_write_ticks" : 37845,
      "aggr_in_queue" : 71843,
      "aggr_util" : 65.416205
    },
    {
      "name" : "sdf",
      "read_ios" : 1028,
      "write_ios" : 2019,
      "read_merges" : 0,
      "write_merges" : 0,
      "read_ticks" : 38288,
      "write_ticks" : 37588,
      "in_queue" : 75876,
      "util" : 63.119266
    },
    {
      "name" : "sdd",
      "read_ios" : 967,
      "write_ios" : 1958,
      "read_merges" : 1,
      "write_merges" : 0,
      "read_ticks" : 35100,
      "write_ticks" : 40348,
      "in_queue" : 75448,