{
  "fio version" : "fio-3.1",
  "timestamp" : 1584912796,
  "timestamp_ms" : 1584912796200,
  "time" : "Sun Mar 22 22:33:16 2020",
  "jobs" : [
    {
      "jobname" : "iotest",
      "groupid" : 0,
      "error" : 0,
      "eta" : 0,
      "elapsed" : 65,
      "job options" : {
        "rw" : "randwrite",
        "bs" : "4k",
        "ioengine" : "libaio",
        "iodepth" : "2",
        "direct" : "1",
        "invalidate" : "1",
        "refill_buffers" : "1",
        "runtime" : "60",
        "numjobs" : "64",
        "group_reporting" : "1",
        "write_bw_log" : "/fio/raid5_16/randwrite-iodepth-2-numjobs-64",
        "write_lat_log" : "/fio/raid5_16/randwrite-iodepth-2-numjobs-64",
        "write_iops_log" : "/fio/raid5_16/randwrite-iodepth-2-numjobs-64",
        "log_avg_msec" : "500",
        "filename" : "/dev/md5"
      },
      "read" : {
        "io_bytes" : 0,
        "io_kbytes" : 0,
        "bw" : 0,
        "iops" : 0.000000,
        "runtime" : 0,
        "total_ios" : 0,
        "short_ios" : 0,
        "drop_ios" : 0,
        "slat_ns" : {
          "min" : 0,
          "max" : 0,
          "mean" : 0.000000,
          "stddev" : 0.000000
        },
        "clat_ns" : {
          "min" : 0,
          "max" : 0,
          "mean" : 0.000000,
          "stddev" : 0.000000,
          "percentile" : {
            "1.000000" : 0,
            "5.000000" : 0,
            "10.000000" : 0,
            "20.000000" : 0,
            "30.000000" : 0,
            "40.000000" : 0,
            "50.000000" : 0,
            "60.000000" : 0,
            "70.000000" : 0,
            "80.000000" : 0,
            "90.000000" : 0,
            "95.000000" : 0,
            "99.000000" : 0,
            "99.500000" : 0,
            "99.900000" : 0,
            "99.950000" : 0,
            "99.990000" : 0,
            "0.00" : 0,
            "0.00" : 0,
            "0.00" : 0
          }
        },
        "lat_ns" : {
          "min" : 0,
          "max" : 0,
          "mean" : 0.000000,
          "stddev" : 0.000000
        },
        "bw_min" : 0,
        "bw_max" : 0,
        "bw_agg" : 0.000000,
        "bw_mean" : 0.000000,
        "bw_dev" : 0.000000,
        "bw_samples" : 0,
        "iops_min" : 0,
        "iops_max" : 0,
        "iops_mean" : 0.000000,
        "iops_stddev" : 0.000000,
        "iops_samples" : 0
      },
      "write" : {
        "io_bytes" : 23347200,
        "io_kbytes" : 22800,
        "bw" : 376,
        "iops" : 94.031476,
        "runtime" : 60618,
        "total_ios" : 5700,
        "short_ios" : 0,
        "drop_ios" : 0,
        "slat_ns" : {
          "min" : 4352,
          "max" : 159011016,
          "mean" : 90682.129298,
          "stddev" : 3340999.629534
        },
        "clat_ns" : {
          "min" : 57698,
          "max" : 1933678502,
          "mean" : 1344647754.960701,
          "stddev" : 272824527.317068,
          "percentile" : {
            "1.000000" : 675282944,
            "5.000000" : 775946240,
            "10.000000" : 859832320,
            "20.000000" : 1166016512,
            "30.000000" : 1317011456,
            "40.000000" : 1384120320,
            "50.000000" : 1434451968,
            "60.000000" : 1468006400,
            "70.000000" : 1501560832,
            "80.000000" : 1551892480,
            "90.000000" : 1602224128,
            "95.000000" : 1635778560,
            "99.000000" : 1769996288,
            "99.500000" : 1887436800,
            "99.900000" : 1904214016,
            "99.950000" : 1920991232,
            "99.990000" : 1937768448,
            "0.00" : 0,
            "0.00" : 0,
            "0.00" : 0
          }
        },
        "lat_ns" : {
          "min" : 91216253,
          "max" : 1933687963,
          "mean" : 1344739875.117894,
          "stddev" : 272532774.215597
        },
        "bw_min" : 7,
        "bw_max" : 24,
        "bw_agg" : 2.839945,
        "bw_mean" : 10.678194,
        "bw_dev" : 3.792250,
        "bw_samples" : 4164,
        "iops_min" : 1,
        "iops_max" : 6,
        "iops_mean" : 2.647935,
        "iops_stddev" : 0.960907,
        "iops_samples" : 4164
      },
      "trim" : {
        "io_bytes" : 0,
        "io_kbytes" : 0,
        "bw" : 0,
        "iops" : 0.000000,
        "runtime" : 0,
        "total_ios" : 0,
        "short_ios" : 0,
        "drop_ios" : 0,
        "slat_ns" : {
          "min" : 0,
          "max" : 0,
          "mean" : 0.000000,
          "stddev" : 0.000000
        },
        "clat_ns" : {
          "min" : 0,
          "max" : 0,
          "mean" : 0.000000,
          "stddev" : 0.000000,
          "percentile" : {
            "1.000000" : 0,
            "5.000000" : 0,
            "10.000000" : 0,
            "20.000000" : 0,
            "30.000000" : 0,
            "40.000000" : 0,
            "50.000000" : 0,
            "60.000000" : 0,
            "70.000000" : 0,
            "80.000000" : 0,
            "90.000000" : 0,
            "95.000000" : 0,
            "99.000000" : 0,
            "99.500000" : 0,
            "99.900000" : 0,
            "99.950000" : 0,
            "99.990000" : 0,
            "0.00" : 0,
            "0.00" : 0,
            "0.00" : 0
          }
        },
        "lat_ns" : {
          "min" : 0,
          "max" : 0,
          "mean" : 0.000000,
          "stddev" : 0.000000
        },
        "bw_min" : 0,
        "bw_max" : 0,
        "bw_agg" : 0.000000,
        "bw_mean" : 0.000000,
        "bw_dev" : 0.000000,
        "bw_samples" : 0,
        "iops_min" : 0,
        "iops_max" : 0,
        "iops_mean" : 0.000000,
        "iops_stddev" : 0.000000,
        "iops_samples" : 0
      },
      "usr_cpu" : 0.038550,
      "sys_cpu" : 0.003625,
      "ctx" : 6102,
      "majf" : 0,
      "minf" : 1524,
      "iodepth_level" : {
        "1" : 1.122807,
        "2" : 98.877193,
        "4" : 0.000000,
        "8" : 0.000000,
        "16" : 0.000000,
        "32" : 0.000000,
        ">=64" : 0.000000
      },
      "latency_ns" : {
        "2" : 0.000000,
        "4" : 0.000000,
        "10" : 0.000000,
        "20" : 0.000000,
        "50" : 0.000000,
        "100" : 0.000000,
        "250" : 0.000000,
        "500" : 0.000000,
        "750" : 0.000000,
        "1000" : 0.000000
      },
      "latency_us" : {
        "2" : 0.000000,
        "4" : 0.000000,
        "10" : 0.000000,
        "20" : 0.000000,
        "50" : 0.000000,
        "100" : 0.035088,
        "250" : 0.000000,
        "500" : 0.000000,
        "750" : 0.000000,
        "1000" : 0.000000
      },
      "latency_ms" : {
        "2" : 0.000000,
        "4" : 0.000000,
        "10" : 0.000000,
        "20" : 0.000000,
        "50" : 0.000000,
        "100" : 0.017544,
        "250" : 0.052632,
        "500" : 0.122807,
        "750" : 3.596491,
        "1000" : 13.491228,
        "2000" : 82.684211,
        ">=2000" : 0.000000
      },
      "latency_depth" : 2,
      "latency_target" : 0,
      "latency_percentile" : 100.000000,
      "latency_window" : 0
    }
  ],
  "disk_util" : [
    {
      "name" : "md5",
      "read_ios" : 199,
      "write_ios" : 5700,
      "read_merges" : 0,
      "write_merges" : 0,
      "read_ticks" : 0,
      "write_ticks" : 0,
      "in_queue" : 0,
      "util" : 0.000000,
      "aggr_read_ios" : 1448,
      "aggr_write_ios" : 2368,
      "aggr_read_merges" : 7,
      "aggr_write_merge" : 0,
      "aggr_read_ticks" : 128787,
      "aggr_write_ticks" : 84317,
      "aggr_in_queue" : 213110,
      "aggr_util" : 73.033603
    },
    {
      "name" : "sdf",
      "read_ios" : 1394,
      "write_ios" : 2318,
      "read_merges" : 8,
      "write_merges" : 0,
      "read_ticks" : 124476,
      "write_ticks" : 76712,
      "in_queue" : 201264,
      "util" : 63.431967
    },
    {
      "name" : "sdd",
      "read_ios" : 1407,
      "write_ios" : 2332,
      "read_merges" : 7,
      "write_merges" : 0,
      "read_ticks" : 132516,
      "write_ticks" : 84004,