{
  "fio version" : "fio-3.1",
  "timestamp" : 1584911984,
  "timestamp_ms" : 1584911984516,
  "time" : "Sun Mar 22 22:19:44 2020",
  "jobs" : [
    {
      "jobname" : "iotest",
      "groupid" : 0,
      "error" : 0,
      "eta" : 0,
      "elapsed" : 61,
      "job options" : {
        "rw" : "randwrite",
        "bs" : "4k",
        "ioengine" : "libaio",
        "iodepth" : "1",
        "direct" : "1",
        "invalidate" : "1",
        "refill_buffers" : "1",
        "runtime" : "60",
        "numjobs" : "1",
        "group_reporting" : "1",
        "write_bw_log" : "/fio/raid5_16/randwrite-iodepth-1-numjobs-1",
        "write_lat_log" : "/fio/raid5_16/randwrite-iodepth-1-numjobs-1",
        "write_iops_log" : "/fio/raid5_16/randwrite-iodepth-1-numjobs-1",
        "log_avg_msec" : "500",
        "filename" : "/dev/md5"
      },
      "read" : {
        "io_bytes" : 0,
        "io_kbytes" : 0,
        "bw" : 0,
        "iops" : 0.000000,
        "runtime" : 0,
        "total_ios" : 0,
        "short_ios" : 0,
        "drop_ios" : 0,
        "slat_ns" : {
          "min" : 0,
          "max" : 0,
          "mean" : 0.000000,
          "stddev" : 0.000000
        },
        "clat_ns" : {
          "min" : 0,
          "max" : 0,
          "mean" : 0.000000,
          "stddev" : 0.000000,
          "percentile" : {
            "1.000000" : 0,
            "5.000000" : 0,
            "10.000000" : 0,
            "20.000000" : 0,
            "30.000000" : 0,
            "40.000000" : 0,
            "50.000000" : 0,
            "60.000000" : 0,
            "70.000000" : 0,
            "80.000000" : 0,
            "90.000000" : 0,
            "95.000000" : 0,
            "99.000000" : 0,
            "99.500000" : 0,
            "99.900000" : 0,
            "99.950000" : 0,
            "99.990000" : 0,
            "0.00" : 0,
            "0.00" : 0,
            "0.00" : 0
          }
        },
        "lat_ns" : {
          "min" : 0,
          "max" : 0,
          "mean" : 0.000000,
          "stddev" : 0.000000
        },
        "bw_min" : 0,
        "bw_max" : 0,
        "bw_agg" : 0.000000,
        "bw_mean" : 0.000000,
        "bw_dev" : 0.000000,
        "bw_samples" : 0,
        "iops_min" : 0,
        "iops_max" : 0,
        "iops_mean" : 0.000000,
        "iops_stddev" : 0.000000,
        "iops_samples" : 0
      },
      "write" : {
        "io_bytes" : 5730304,
        "io_kbytes" : 5596,
        "bw" : 93,
        "iops" : 23.299580,
        "runtime" : 60044,
        "total_ios" : 1399,
        "short_ios" : 0,
        "drop_ios" : 0,
        "slat_ns" : {
          "min" : 17057,
          "max" : 25528223,
          "mean" : 42401.035740,
          "stddev" : 681869.590642
        },
        "clat_ns" : {
          "min" : 10155828,
          "max" : 84054667,
          "mean" : 42857087.233024,
          "stddev" : 7049289.442260,
          "percentile" : {
            "1.000000" : 17956864,
            "5.000000" : 32636928,
            "10.000000" : 34865152,
            "20.000000" : 37486592,
            "30.000000" : 39583744,
            "40.000000" : 41156608,
            "50.000000" : 42729472,
            "60.000000" : 44826624,
            "70.000000" : 46399488,
            "80.000000" : 48496640,
            "90.000000" : 51118080,
            "95.000000" : 53215232,
            "99.000000" : 59506688,
            "99.500000" : 61603840,
            "99.900000" : 69730304,
            "99.950000" : 84410368,
            "99.990000" : 84410368,
            "0.00" : 0,
            "0.00" : 0,
            "0.00" : 0
          }
        },
        "lat_ns" : {
          "min" : 10180343,
          "max" : 84079317,
          "mean" : 42900586.375983,
          "stddev" : 7026537.773027
        },
        "bw_min" : 80,
        "bw_max" : 104,
        "bw_agg" : 100.000000,
        "bw_mean" : 93.191667,
        "bw_dev" : 5.842895,
        "bw_samples" : 120,
        "iops_min" : 20,
        "iops_max" : 26,
        "iops_mean" : 23.291667,
        "iops_stddev" : 1.468984,
        "iops_samples" : 120
      },
      "trim" : {
        "io_bytes" : 0,
        "io_kbytes" : 0,
        "bw" : 0,
        "iops" : 0.000000,
        "runtime" : 0,
        "total_ios" : 0,
        "short_ios" : 0,
        "drop_ios" : 0,
        "slat_ns" : {
          "min" : 0,
          "max" : 0,
          "mean" : 0.000000,
          "stddev" : 0.000000
        },
        "clat_ns" : {
          "min" : 0,
          "max" : 0,
          "mean" : 0.000000,
          "stddev" : 0.000000,
          "percentile" : {
            "1.000000" : 0,
            "5.000000" : 0,
            "10.000000" : 0,
            "20.000000" : 0,
            "30.000000" : 0,
            "40.000000" : 0,
            "50.000000" : 0,
            "60.000000" : 0,
            "70.000000" : 0,
            "80.000000" : 0,
            "90.000000" : 0,
            "95.000000" : 0,
            "99.000000" : 0,
            "99.500000" : 0,
            "99.900000" : 0,
            "99.950000" : 0,
            "99.990000" : 0,
            "0.00" : 0,
            "0.00" : 0,
            "0.00" : 0
          }
        },
        "lat_ns" : {
          "min" : 0,
          "max" : 0,
          "mean" : 0.000000,
          "stddev" : 0.000000
        },
        "bw_min" : 0,
        "bw_max" : 0,
        "bw_agg" : 0.000000,
        "bw_mean" : 0.000000,
        "bw_dev" : 0.000000,
        "bw_samples" : 0,
        "iops_min" : 0,
        "iops_max" : 0,
        "iops_mean" : 0.000000,
        "iops_stddev" : 0.000000,
        "iops_samples" : 0
      },
      "usr_cpu" : 0.068284,
      "sys_cpu" : 0.123245,
      "ctx" : 1402,
      "majf" : 0,
      "minf" : 15,
      "iodepth_level" : {
        "1" : 100.000000,
        "2" : 0.000000,
        "4" : 0.000000,
        "8" : 0.000000,
        "16" : 0.000000,
        "32" : 0.000000,
        ">=64" : 0.000000
      },
      "latency_ns" : {
        "2" : 0.000000,
        "4" : 0.000000,
        "10" : 0.000000,
        "20" : 0.000000,
        "50" : 0.000000,
        "100" : 0.000000,
        "250" : 0.000000,
        "500" : 0.000000,
        "750" : 0.000000,
        "1000" : 0.000000
      },
      "latency_us" : {
        "2" : 0.000000,
        "4" : 0.000000,
        "10" : 0.000000,
        "20" : 0.000000,
        "50" : 0.000000,
        "100" : 0.000000,
        "250" : 0.000000,
        "500" : 0.000000,
        "750" : 0.000000,
        "1000" : 0.000000
      },
      "latency_ms" : {
        "2" : 0.000000,
        "4" : 0.000000,
        "10" : 0.000000,
        "20" : 1.072194,
        "50" : 86.061472,
        "100" : 12.866333,
        "250" : 0.000000,
        "500" : 0.000000,
        "750" : 0.000000,
        "1000" : 0.000000,
        "2000" : 0.000000,
        ">=2000" : 0.000000
      },
      "latency_depth" : 1,
      "latency_target" : 0,
      "latency_percentile" : 100.000000,
      "latency_window" : 0
    }
  ],
  "disk_util" : [
    {
      "name" : "md5",
      "read_ios" : 91,
      "write_ios" : 1399,
      "read_merges" : 0,
      "write_merges" : 0,
      "read_ticks" : 0,
      "write_ticks" : 0,
      "in_queue" : 0,
      "util" : 0.000000,
      "aggr_read_ios" : 359,
      "aggr_write_ios" : 1733,
      "aggr_read_merges" : 2,
      "aggr_write_merge" : 0,
      "aggr_read_ticks" : 5435,
      "aggr_write_ticks" : 13986,
      "aggr_in_queue" : 19423,
      "aggr_util" : 33.719985
    },
    {
      "name" : "sdf",
      "read_ios" : 380,
      "write_ios" : 1756,
      "read_merges" : 3,
      "write_merges" : 0,
      "read_ticks" : 5724,
      "write_ticks" : 14220,
      "in_queue" : 19944,
      "util" : 33.087247
    },
    {
      "name" : "sdd",
      "read_ios" : 340,
      "write_ios" : 1717,
      "read_merges" : 3,
      "write_merges" : 0,
      "read_ticks" : 5036,
      "write_ticks" : 13472,
      "in_queue" : 18508,