{
  "fio version" : "fio-3.1",
  "timestamp" : 1584907315,
  "timestamp_ms" : 1584907315068,
  "time" : "Sun Mar 22 21:01:55 2020",
  "jobs" : [
    {
      "jobname" : "iotest",
      "groupid" : 0,
      "error" : 0,
      "eta" : 0,
      "elapsed" : 61,
      "job options" : {
        "rw" : "randread",
        "bs" : "4k",
        "ioengine" : "libaio",
        "iodepth" : "8",
        "direct" : "1",
        "invalidate" : "1",
        "refill_buffers" : "1",
        "runtime" : "60",
        "numjobs" : "8",
        "group_reporting" : "1",
        "write_bw_log" : "/fio/raid5_16/randread-iodepth-8-numjobs-8",
        "write_lat_log" : "/fio/raid5_16/randread-iodepth-8-numjobs-8",
        "write_iops_log" : "/fio/raid5_16/randread-iodepth-8-numjobs-8",
        "log_avg_msec" : "500",
        "filename" : "/dev/md5"
      },
      "read" : {
        "io_bytes" : 169852928,
        "io_kbytes" : 165872,
        "bw" : 2756,
        "iops" : 689.008889,
        "runtime" : 60185,
        "total_ios" : 41468,
        "short_ios" : 0,
        "drop_ios" : 0,
        "slat_ns" : {
          "min" : 8425,
          "max" : 259919,
          "mean" : 32555.526117,
          "stddev" : 5509.519483
        },
        "clat_ns" : {
          "min" : 3763940,
          "max" : 1301878976,
          "mean" : 92607057.720724,
          "stddev" : 106985225.716416,
          "percentile" : {
            "1.000000" : 8978432,
            "5.000000" : 12910592,
            "10.000000" : 16318464,
            "20.000000" : 22937600,
            "30.000000" : 30539776,
            "40.000000" : 40632320,
            "50.000000" : 54263808,
            "60.000000" : 71827456,
            "70.000000" : 98041856,
            "80.000000" : 139460608,
            "90.000000" : 219152384,
            "95.000000" : 299892736,
            "99.000000" : 522190848,
            "99.500000" : 616562688,
            "99.900000" : 935329792,
            "99.950000" : 1019215872,
            "99.990000" : 1035993088,
            "0.00" : 0,
            "0.00" : 0,
            "0.00" : 0
          }
        },
        "lat_ns" : {
          "min" : 3797341,
          "max" : 1301913267,
          "mean" : 92640694.757090,
          "stddev" : 106985194.566923
        },
        "bw_min" : 136,
        "bw_max" : 544,
        "bw_agg" : 12.565274,
        "bw_mean" : 346.298958,
        "bw_dev" : 61.256118,
        "bw_samples" : 960,
        "iops_min" : 34,
        "iops_max" : 136,
        "iops_mean" : 86.402083,
        "iops_stddev" : 15.294700,
        "iops_samples" : 960
      },
      "write" : {
        "io_bytes" : 0,
        "io_kbytes" : 0,
        "bw" : 0,
        "iops" : 0.000000,
        "runtime" : 0,
        "total_ios" : 0,
        "short_ios" : 0,
        "drop_ios" : 0,
        "slat_ns" : {
          "min" : 0,
          "max" : 0,
          "mean" : 0.000000,
          "stddev" : 0.000000
        },
        "clat_ns" : {
          "min" : 0,
          "max" : 0,
          "mean" : 0.000000,
          "stddev" : 0.000000,
          "percentile" : {
            "1.000000" : 0,
            "5.000000" : 0,
            "10.000000" : 0,
            "20.000000" : 0,
            "30.000000" : 0,
            "40.000000" : 0,
            "50.000000" : 0,
            "60.000000" : 0,
            "70.000000" : 0,
            "80.000000" : 0,
            "90.000000" : 0,
            "95.000000" : 0,
            "99.000000" : 0,
            "99.500000" : 0,
            "99.900000" : 0,
            "99.950000" : 0,
            "99.990000" : 0,
            "0.00" : 0,
            "0.00" : 0,
            "0.00" : 0
          }
        },
        "lat_ns" : {
          "min" : 0,
          "max" : 0,
          "mean" : 0.000000,
          "stddev" : 0.000000
        },
        "bw_min" : 0,
        "bw_max" : 0,
        "bw_agg" : 0.000000,
        "bw_mean" : 0.000000,
        "bw_dev" : 0.000000,
        "bw_samples" : 0,
        "iops_min" : 0,
        "iops_max" : 0,
        "iops_mean" : 0.000000,
        "iops_stddev" : 0.000000,
        "iops_samples" : 0
      },
      "trim" : {
        "io_bytes" : 0,
        "io_kbytes" : 0,
        "bw" : 0,
        "iops" : 0.000000,
        "runtime" : 0,
        "total_ios" : 0,
        "short_ios" : 0,
        "drop_ios" : 0,
        "slat_ns" : {
          "min" : 0,
          "max" : 0,
          "mean" : 0.000000,
          "stddev" : 0.000000
        },
        "clat_ns" : {
          "min" : 0,
          "max" : 0,
          "mean" : 0.000000,
          "stddev" : 0.000000,
          "percentile" : {
            "1.000000" : 0,
            "5.000000" : 0,
            "10.000000" : 0,
            "20.000000" : 0,
            "30.000000" : 0,
            "40.000000" : 0,
            "50.000000" : 0,
            "60.000000" : 0,
            "70.000000" : 0,
            "80.000000" : 0,
            "90.000000" : 0,
            "95.000000" : 0,
            "99.000000" : 0,
            "99.500000" : 0,
            "99.900000" : 0,
            "99.950000" : 0,
            "99.990000" : 0,
            "0.00" : 0,
            "0.00" : 0,
            "0.00" : 0
          }
        },
        "lat_ns" : {
          "min" : 0,
          "max" : 0,
          "mean" : 0.000000,
          "stddev" : 0.000000
        },
        "bw_min" : 0,
        "bw_max" : 0,
        "bw_agg" : 0.000000,
        "bw_mean" : 0.000000,
        "bw_dev" : 0.000000,
        "bw_samples" : 0,
        "iops_min" : 0,
        "iops_max" : 0,
        "iops_mean" : 0.000000,
        "iops_stddev" : 0.000000,
        "iops_samples" : 0
      },
      "usr_cpu" : 0.208115,
      "sys_cpu" : 0.388993,
      "ctx" : 41331,
      "majf" : 0,
      "minf" : 249,
      "iodepth_level" : {
        "1" : 0.100000,
        "2" : 0.100000,
        "4" : 0.100000,
        "8" : 99.864956,
        "16" : 0.000000,
        "32" : 0.000000,
        ">=64" : 0.000000
      },
      "latency_ns" : {
        "2" : 0.000000,
        "4" : 0.000000,
        "10" : 0.000000,
        "20" : 0.000000,
        "50" : 0.000000,
        "100" : 0.000000,
        "250" : 0.000000,
        "500" : 0.000000,
        "750" : 0.000000,
        "1000" : 0.000000
      },
      "latency_us" : {
        "2" : 0.000000,
        "4" : 0.000000,
        "10" : 0.000000,
        "20" : 0.000000,
        "50" : 0.000000,
        "100" : 0.000000,
        "250" : 0.000000,
        "500" : 0.000000,
        "750" : 0.000000,
        "1000" : 0.000000
      },
      "latency_ms" : {
        "2" : 0.000000,
        "4" : 0.010000,
        "10" : 1.765217,
        "20" : 13.844410,
        "50" : 31.752194,
        "100" : 23.123855,
        "250" : 21.927752,
        "500" : 6.441111,
        "750" : 0.897077,
        "1000" : 0.188097,
        "2000" : 0.057876,
        ">=2000" : 0.000000
      },
      "latency_depth" : 8,
      "latency_target" : 0,
      "latency_percentile" : 100.000000,
      "latency_window" : 0
    }
  ],
  "disk_util" : [
    {
      "name" : "md5",
      "read_ios" : 41414,
      "write_ios" : 0,
      "read_merges" : 0,
      "write_merges" : 0,
      "read_ticks" : 0,
      "write_ticks" : 0,
      "in_queue" : 0,
      "util" : 0.000000,
      "aggr_read_ios" : 5183,
      "aggr_write_ios" : 0,
      "aggr_read_merges" : 0,
      "aggr_write_merge" : 0,
      "aggr_read_ticks" : 479594,
      "aggr_write_ticks" : 0,
      "aggr_in_queue" : 479590,
      "aggr_util" : 98.425664
    },
    {
      "name" : "sdf",
      "read_ios" : 5153,
      "write_ios" : 0,
      "read_merges" : 0,
      "write_merges" : 0,
      "read_ticks" : 516500,
      "write_ticks" : 0,
      "in_queue" : 516496,
      "util" : 97.231783
    },
    {
      "name" : "sdd",
      "read_ios" : 5290,
      "write_ios" : 0,
      "read_merges" : 0,
      "write_merges" : 0,
      "read_ticks" : 724608,
      "write_ticks" : 0,
      "in_queue" : 724604,