{
  "fio version" : "fio-3.1",
  "timestamp" : 1584906197,
  "timestamp_ms" : 1584906197859,
  "time" : "Sun Mar 22 20:43:17 2020",
  "jobs" : [
    {
      "jobname" : "iotest",
      "groupid" : 0,
      "error" : 0,
      "eta" : 0,
      "elapsed" : 65,
      "job options" : {
        "rw" : "randread",
        "bs" : "4k",
        "ioengine" : "libaio",
        "iodepth" : "1",
        "direct" : "1",
        "invalidate" : "1",
        "refill_buffers" : "1",
        "runtime" : "60",
        "numjobs" : "64",
        "group_reporting" : "1",
        "write_bw_log" : "/fio/raid5_16/randread-iodepth-1-numjobs-64",
        "write_lat_log" : "/fio/raid5_16/randread-iodepth-1-numjobs-64",
        "write_iops_log" : "/fio/raid5_16/randread-iodepth-1-numjobs-64",
        "log_avg_msec" : "500",
        "filename" : "/dev/md5"
      },
      "read" : {
        "io_bytes" : 162107392,
        "io_kbytes" : 158308,
        "bw" : 2629,
        "iops" : 657.337895,
        "runtime" : 60208,
        "total_ios" : 39577,
        "short_ios" : 0,
        "drop_ios" : 0,
        "slat_ns" : {
          "min" : 8422,
          "max" : 28442394,
          "mean" : 34113.079213,
          "stddev" : 142941.658872
        },
        "clat_ns" : {
          "min" : 4241381,
          "max" : 1039347727,
          "mean" : 96294673.709604,
          "stddev" : 107946372.743000,
          "percentile" : {
            "1.000000" : 9109504,
            "5.000000" : 13303808,
            "10.000000" : 16908288,
            "20.000000" : 23724032,
            "30.000000" : 32112640,
            "40.000000" : 42729472,
            "50.000000" : 57409536,
            "60.000000" : 76021760,
            "70.000000" : 104333312,
            "80.000000" : 145752064,
            "90.000000" : 227540992,
            "95.000000" : 316669952,
            "99.000000" : 522190848,
            "99.500000" : 616562688,
            "99.900000" : 843055104,
            "99.950000" : 943718400,
            "99.990000" : 1027604480,
            "0.00" : 0,
            "0.00" : 0,
            "0.00" : 0
          }
        },
        "lat_ns" : {
          "min" : 4275561,
          "max" : 1039381442,
          "mean" : 96330509.937944,
          "stddev" : 107948047.670215
        },
        "bw_min" : 7,
        "bw_max" : 128,
        "bw_agg" : 1.599346,
        "bw_mean" : 42.046816,
        "bw_dev" : 19.627050,
        "bw_samples" : 7476,
        "iops_min" : 1,
        "iops_max" : 32,
        "iops_mean" : 10.474719,
        "iops_stddev" : 4.892069,
        "iops_samples" : 7476
      },
      "write" : {
        "io_bytes" : 0,
        "io_kbytes" : 0,
        "bw" : 0,
        "iops" : 0.000000,
        "runtime" : 0,
        "total_ios" : 0,
        "short_ios" : 0,
        "drop_ios" : 0,
        "slat_ns" : {
          "min" : 0,
          "max" : 0,
          "mean" : 0.000000,
          "stddev" : 0.000000
        },
        "clat_ns" : {
          "min" : 0,
          "max" : 0,
          "mean" : 0.000000,
          "stddev" : 0.000000,
          "percentile" : {
            "1.000000" : 0,
            "5.000000" : 0,
            "10.000000" : 0,
            "20.000000" : 0,
            "30.000000" : 0,
            "40.000000" : 0,
            "50.000000" : 0,
            "60.000000" : 0,
            "70.000000" : 0,
            "80.000000" : 0,
            "90.000000" : 0,
            "95.000000" : 0,
            "99.000000" : 0,
            "99.500000" : 0,
            "99.900000" : 0,
            "99.950000" : 0,
            "99.990000" : 0,
            "0.00" : 0,
            "0.00" : 0,
            "0.00" : 0
          }
        },
        "lat_ns" : {
          "min" : 0,
          "max" : 0,
          "mean" : 0.000000,
          "stddev" : 0.000000
        },
        "bw_min" : 0,
        "bw_max" : 0,
        "bw_agg" : 0.000000,
        "bw_mean" : 0.000000,
        "bw_dev" : 0.000000,
        "bw_samples" : 0,
        "iops_min" : 0,
        "iops_max" : 0,
        "iops_mean" : 0.000000,
        "iops_stddev" : 0.000000,
        "iops_samples" : 0
      },
      "trim" : {
        "io_bytes" : 0,
        "io_kbytes" : 0,
        "bw" : 0,
        "iops" : 0.000000,
        "runtime" : 0,
        "total_ios" : 0,
        "short_ios" : 0,
        "drop_ios" : 0,
        "slat_ns" : {
          "min" : 0,
          "max" : 0,
          "mean" : 0.000000,
          "stddev" : 0.000000
        },
        "clat_ns" : {
          "min" : 0,
          "max" : 0,
          "mean" : 0.000000,
          "stddev" : 0.000000,
          "percentile" : {
            "1.000000" : 0,
            "5.000000" : 0,
            "10.000000" : 0,
            "20.000000" : 0,
            "30.000000" : 0,
            "40.000000" : 0,
            "50.000000" : 0,
            "60.000000" : 0,
            "70.000000" : 0,
            "80.000000" : 0,
            "90.000000" : 0,
            "95.000000" : 0,
            "99.000000" : 0,
            "99.500000" : 0,
            "99.900000" : 0,
            "99.950000" : 0,
            "99.990000" : 0,
            "0.00" : 0,
            "0.00" : 0,
            "0.00" : 0
          }
        },
        "lat_ns" : {
          "min" : 0,
          "max" : 0,
          "mean" : 0.000000,
          "stddev" : 0.000000
        },
        "bw_min" : 0,
        "bw_max" : 0,
        "bw_agg" : 0.000000,
        "bw_mean" : 0.000000,
        "bw_dev" : 0.000000,
        "bw_samples" : 0,
        "iops_min" : 0,
        "iops_max" : 0,
        "iops_mean" : 0.000000,
        "iops_stddev" : 0.000000,
        "iops_samples" : 0
      },
      "usr_cpu" : 0.055820,
      "sys_cpu" : 0.051838,
      "ctx" : 40200,
      "majf" : 0,
      "minf" : 1263,
      "iodepth_level" : {
        "1" : 100.000000,
        "2" : 0.000000,
        "4" : 0.000000,
        "8" : 0.000000,
        "16" : 0.000000,
        "32" : 0.000000,
        ">=64" : 0.000000
      },
      "latency_ns" : {
        "2" : 0.000000,
        "4" : 0.000000,
        "10" : 0.000000,
        "20" : 0.000000,
        "50" : 0.000000,
        "100" : 0.000000,
        "250" : 0.000000,
        "500" : 0.000000,
        "750" : 0.000000,
        "1000" : 0.000000
      },
      "latency_us" : {
        "2" : 0.000000,
        "4" : 0.000000,
        "10" : 0.000000,
        "20" : 0.000000,
        "50" : 0.000000,
        "100" : 0.000000,
        "250" : 0.000000,
        "500" : 0.000000,
        "750" : 0.000000,
        "1000" : 0.000000
      },
      "latency_ms" : {
        "2" : 0.000000,
        "4" : 0.000000,
        "10" : 1.665109,
        "20" : 13.002501,
        "50" : 30.558152,
        "100" : 23.655153,
        "250" : 22.725320,
        "500" : 7.191045,
        "750" : 1.010688,
        "1000" : 0.161710,
        "2000" : 0.030321,
        ">=2000" : 0.000000
      },
      "latency_depth" : 1,
      "latency_target" : 0,
      "latency_percentile" : 100.000000,
      "latency_window" : 0
    }
  ],
  "disk_util" : [
    {
      "name" : "md5",
      "read_ios" : 39571,
      "write_ios" : 0,
      "read_merges" : 0,
      "write_merges" : 0,
      "read_ticks" : 0,
      "write_ticks" : 0,
      "in_queue" : 0,
      "util" : 0.000000,
      "aggr_read_ios" : 4947,
      "aggr_write_ios" : 0,
      "aggr_read_merges" : 0,
      "aggr_write_merge" : 0,
      "aggr_read_ticks" : 476220,
      "aggr_write_ticks" : 0,
      "aggr_in_queue" : 476213,
      "aggr_util" : 93.092342
    },
    {
      "name" : "sdf",
      "read_ios" : 4878,
      "write_ios" : 0,
      "read_merges" : 0,
      "write_merges" : 0,
      "read_ticks" : 452500,
      "write_ticks" : 0,
      "in_queue" : 452500,
      "util" : 91.708751
    },
    {
      "name" : "sdd",
      "read_ios" : 4895,
      "write_ios" : 0,
      "read_merges" : 0,
      "write_merges" : 0,
      "read_ticks" : 633540,
      "write_ticks" : 0,
      "in_queue" : 633536,