{
  "fio version" : "fio-3.1",
  "timestamp" : 1584908765,
  "timestamp_ms" : 1584908765769,
  "time" : "Sun Mar 22 21:26:05 2020",
  "jobs" : [
    {
      "jobname" : "iotest",
      "groupid" : 0,
      "error" : 0,
      "eta" : 0,
      "elapsed" : 64,
      "job options" : {
        "rw" : "randread",
        "bs" : "4k",
        "ioengine" : "libaio",
        "iodepth" : "64",
        "direct" : "1",
        "invalidate" : "1",
        "refill_buffers" : "1",
        "runtime" : "60",
        "numjobs" : "32",
        "group_reporting" : "1",
        "write_bw_log" : "/fio/raid5_16/randread-iodepth-64-numjobs-32",
        "write_lat_log" : "/fio/raid5_16/randread-iodepth-64-numjobs-32",
        "write_iops_log" : "/fio/raid5_16/randread-iodepth-64-numjobs-32",
        "log_avg_msec" : "500",
        "filename" : "/dev/md5"
      },
      "read" : {
        "io_bytes" : 201740288,
        "io_kbytes" : 197012,
        "bw" : 3121,
        "iops" : 780.369167,
        "runtime" : 63115,
        "total_ios" : 49253,
        "short_ios" : 0,
        "drop_ios" : 0,
        "slat_ns" : {
          "min" : 4100,
          "max" : 3449088192,
          "mean" : 38667235.706637,
          "stddev" : 254447512.075488
        },
        "clat_ns" : {
          "min" : 5431048,
          "max" : 11188969893,
          "mean" : 2470010689.255252,
          "stddev" : 1237914201.557388,
          "percentile" : {
            "1.000000" : 23724032,
            "5.000000" : 337641472,
            "10.000000" : 926941184,
            "20.000000" : 1484783616,
            "30.000000" : 1652555776,
            "40.000000" : 1887436800,
            "50.000000" : 2566914048,
            "60.000000" : 3003121664,
            "70.000000" : 3204448256,
            "80.000000" : 3405774848,
            "90.000000" : 3707764736,
            "95.000000" : 4596957184,
            "99.000000" : 5603590144,
            "99.500000" : 6341787648,
            "99.900000" : 7482638336,
            "99.950000" : 8153726976,
            "99.990000" : 8925478912,
            "0.00" : 0,
            "0.00" : 0,
            "0.00" : 0
          }
        },
        "lat_ns" : {
          "min" : 5468391,
          "max" : 11188977296,
          "mean" : 2508679017.440684,
          "stddev" : 1285348024.466454
        },
        "bw_min" : 5,
        "bw_max" : 3286,
        "bw_agg" : 9.649604,
        "bw_mean" : 301.164155,
        "bw_dev" : 177.482432,
        "bw_samples" : 1261,
        "iops_min" : 1,
        "iops_max" : 821,
        "iops_mean" : 75.085646,
        "iops_stddev" : 44.366017,
        "iops_samples" : 1261
      },
      "write" : {
        "io_bytes" : 0,
        "io_kbytes" : 0,
        "bw" : 0,
        "iops" : 0.000000,
        "runtime" : 0,
        "total_ios" : 0,
        "short_ios" : 0,
        "drop_ios" : 0,
        "slat_ns" : {
          "min" : 0,
          "max" : 0,
          "mean" : 0.000000,
          "stddev" : 0.000000
        },
        "clat_ns" : {
          "min" : 0,
          "max" : 0,
          "mean" : 0.000000,
          "stddev" : 0.000000,
          "percentile" : {
            "1.000000" : 0,
            "5.000000" : 0,
            "10.000000" : 0,
            "20.000000" : 0,
            "30.000000" : 0,
            "40.000000" : 0,
            "50.000000" : 0,
            "60.000000" : 0,
            "70.000000" : 0,
            "80.000000" : 0,
            "90.000000" : 0,
            "95.000000" : 0,
            "99.000000" : 0,
            "99.500000" : 0,
            "99.900000" : 0,
            "99.950000" : 0,
            "99.990000" : 0,
            "0.00" : 0,
            "0.00" : 0,
            "0.00" : 0
          }
        },
        "lat_ns" : {
          "min" : 0,
          "max" : 0,
          "mean" : 0.000000,
          "stddev" : 0.000000
        },
        "bw_min" : 0,
        "bw_max" : 0,
        "bw_agg" : 0.000000,
        "bw_mean" : 0.000000,
        "bw_dev" : 0.000000,
        "bw_samples" : 0,
        "iops_min" : 0,
        "iops_max" : 0,
        "iops_mean" : 0.000000,
        "iops_stddev" : 0.000000,
        "iops_samples" : 0
      },
      "trim" : {
        "io_bytes" : 0,
        "io_kbytes" : 0,
        "bw" : 0,
        "iops" : 0.000000,
        "runtime" : 0,
        "total_ios" : 0,
        "short_ios" : 0,
        "drop_ios" : 0,
        "slat_ns" : {
          "min" : 0,
          "max" : 0,
          "mean" : 0.000000,
          "stddev" : 0.000000
        },
        "clat_ns" : {
          "min" : 0,
          "max" : 0,
          "mean" : 0.000000,
          "stddev" : 0.000000,
          "percentile" : {
            "1.000000" : 0,
            "5.000000" : 0,
            "10.000000" : 0,
            "20.000000" : 0,
            "30.000000" : 0,
            "40.000000" : 0,
            "50.000000" : 0,
            "60.000000" : 0,
            "70.000000" : 0,
            "80.000000" : 0,
            "90.000000" : 0,
            "95.000000" : 0,
            "99.000000" : 0,
            "99.500000" : 0,
            "99.900000" : 0,
            "99.950000" : 0,
            "99.990000" : 0,
            "0.00" : 0,
            "0.00" : 0,
            "0.00" : 0
          }
        },
        "lat_ns" : {
          "min" : 0,
          "max" : 0,
          "mean" : 0.000000,
          "stddev" : 0.000000
        },
        "bw_min" : 0,
        "bw_max" : 0,
        "bw_agg" : 0.000000,
        "bw_mean" : 0.000000,
        "bw_dev" : 0.000000,
        "bw_samples" : 0,
        "iops_min" : 0,
        "iops_max" : 0,
        "iops_mean" : 0.000000,
        "iops_stddev" : 0.000000,
        "iops_samples" : 0
      },
      "usr_cpu" : 0.049653,
      "sys_cpu" : 0.023345,
      "ctx" : 3961,
      "majf" : 0,
      "minf" : 2693,
      "iodepth_level" : {
        "1" : 0.100000,
        "2" : 0.129941,
        "4" : 0.259883,
        "8" : 0.519765,
        "16" : 1.039531,
        "32" : 2.079061,
        ">=64" : 95.906848
      },
      "latency_ns" : {
        "2" : 0.000000,
        "4" : 0.000000,
        "10" : 0.000000,
        "20" : 0.000000,
        "50" : 0.000000,
        "100" : 0.000000,
        "250" : 0.000000,
        "500" : 0.000000,
        "750" : 0.000000,
        "1000" : 0.000000
      },
      "latency_us" : {
        "2" : 0.000000,
        "4" : 0.000000,
        "10" : 0.000000,
        "20" : 0.000000,
        "50" : 0.000000,
        "100" : 0.000000,
        "250" : 0.000000,
        "500" : 0.000000,
        "750" : 0.000000,
        "1000" : 0.000000
      },
      "latency_ms" : {
        "2" : 0.000000,
        "4" : 0.000000,
        "10" : 0.103547,
        "20" : 0.692344,
        "50" : 1.262867,
        "100" : 0.944105,
        "250" : 1.474022,
        "500" : 1.892271,
        "750" : 1.995818,
        "1000" : 2.286155,
        "2000" : 32.083325,
        ">=2000" : 57.265547
      },
      "latency_depth" : 64,
      "latency_target" : 0,
      "latency_percentile" : 100.000000,
      "latency_window" : 0
    }
  ],
  "disk_util" : [
    {
      "name" : "md5",
      "read_ios" : 49253,
      "write_ios" : 0,
      "read_merges" : 0,
      "write_merges" : 0,
      "read_ticks" : 0,
      "write_ticks" : 0,
      "in_queue" : 0,
      "util" : 0.000000,
      "aggr_read_ios" : 6156,
      "aggr_write_ios" : 0,
      "aggr_read_merges" : 0,
      "aggr_write_merge" : 0,
      "aggr_read_ticks" : 2938227,
      "aggr_write_ticks" : 0,
      "aggr_in_queue" : 2938224,
      "aggr_util" : 98.418377
    },
    {
      "name" : "sdf",
      "read_ios" : 6178,
      "write_ios" : 0,
      "read_merges" : 0,
      "write_merges" : 0,
      "read_ticks" : 3660668,
      "write_ticks" : 0,
      "in_queue" : 3660664,
      "util" : 96.147872
    },
    {
      "name" : "sdd",
      "read_ios" : 6052,
      "write_ios" : 0,
      "read_merges" : 0,
      "write_merges" : 0,
      "read_ticks" : 6630836,
      "write_ticks" : 0,