{
  "fio version" : "fio-3.1",
  "timestamp" : 1584907690,
  "timestamp_ms" : 1584907690845,
  "time" : "Sun Mar 22 21:08:10 2020",
  "jobs" : [
    {
      "jobname" : "iotest",
      "groupid" : 0,
      "error" : 0,
      "eta" : 0,
      "elapsed" : 61,
      "job options" : {
        "rw" : "randread",
        "bs" : "4k",
        "ioengine" : "libaio",
        "iodepth" : "16",
        "direct" : "1",
        "invalidate" : "1",
        "refill_buffers" : "1",
        "runtime" : "60",
        "numjobs" : "4",
        "group_reporting" : "1",
        "write_bw_log" : "/fio/raid5_16/randread-iodepth-16-numjobs-4",
        "write_lat_log" : "/fio/raid5_16/randread-iodepth-16-numjobs-4",
        "write_iops_log" : "/fio/raid5_16/randread-iodepth-16-numjobs-4",
        "log_avg_msec" : "500",
        "filename" : "/dev/md5"
      },
      "read" : {
        "io_bytes" : 171294720,
        "io_kbytes" : 167280,
        "bw" : 2781,
        "iops" : 695.354328,
        "runtime" : 60142,
        "total_ios" : 41820,
        "short_ios" : 0,
        "drop_ios" : 0,
        "slat_ns" : {
          "min" : 7338,
          "max" : 289576,
          "mean" : 31820.850359,
          "stddev" : 5854.422187
        },
        "clat_ns" : {
          "min" : 3625981,
          "max" : 1411261072,
          "mean" : 91888884.145098,
          "stddev" : 107288560.269890,
          "percentile" : {
            "1.000000" : 8847360,
            "5.000000" : 12910592,
            "10.000000" : 16318464,
            "20.000000" : 22675456,
            "30.000000" : 30539776,
            "40.000000" : 40632320,
            "50.000000" : 53215232,
            "60.000000" : 70778880,
            "70.000000" : 95944704,
            "80.000000" : 135266304,
            "90.000000" : 214958080,
            "95.000000" : 304087040,
            "99.000000" : 534773760,
            "99.500000" : 633339904,
            "99.900000" : 876609536,
            "99.950000" : 985661440,
            "99.990000" : 1098907648,
            "0.00" : 0,
            "0.00" : 0,
            "0.00" : 0
          }
        },
        "lat_ns" : {
          "min" : 3657960,
          "max" : 1411296017,
          "mean" : 91921723.082544,
          "stddev" : 107288391.203702
        },
        "bw_min" : 416,
        "bw_max" : 945,
        "bw_agg" : 25.152973,
        "bw_mean" : 699.504167,
        "bw_dev" : 92.047210,
        "bw_samples" : 480,
        "iops_min" : 104,
        "iops_max" : 236,
        "iops_mean" : 174.654167,
        "iops_stddev" : 23.027468,
        "iops_samples" : 480
      },
      "write" : {
        "io_bytes" : 0,
        "io_kbytes" : 0,
        "bw" : 0,
        "iops" : 0.000000,
        "runtime" : 0,
        "total_ios" : 0,
        "short_ios" : 0,
        "drop_ios" : 0,
        "slat_ns" : {
          "min" : 0,
          "max" : 0,
          "mean" : 0.000000,
          "stddev" : 0.000000
        },
        "clat_ns" : {
          "min" : 0,
          "max" : 0,
          "mean" : 0.000000,
          "stddev" : 0.000000,
          "percentile" : {
            "1.000000" : 0,
            "5.000000" : 0,
            "10.000000" : 0,
            "20.000000" : 0,
            "30.000000" : 0,
            "40.000000" : 0,
            "50.000000" : 0,
            "60.000000" : 0,
            "70.000000" : 0,
            "80.000000" : 0,
            "90.000000" : 0,
            "95.000000" : 0,
            "99.000000" : 0,
            "99.500000" : 0,
            "99.900000" : 0,
            "99.950000" : 0,
            "99.990000" : 0,
            "0.00" : 0,
            "0.00" : 0,
            "0.00" : 0
          }
        },
        "lat_ns" : {
          "min" : 0,
          "max" : 0,
          "mean" : 0.000000,
          "stddev" : 0.000000
        },
        "bw_min" : 0,
        "bw_max" : 0,
        "bw_agg" : 0.000000,
        "bw_mean" : 0.000000,
        "bw_dev" : 0.000000,
        "bw_samples" : 0,
        "iops_min" : 0,
        "iops_max" : 0,
        "iops_mean" : 0.000000,
        "iops_stddev" : 0.000000,
        "iops_samples" : 0
      },
      "trim" : {
        "io_bytes" : 0,
        "io_kbytes" : 0,
        "bw" : 0,
        "iops" : 0.000000,
        "runtime" : 0,
        "total_ios" : 0,
        "short_ios" : 0,
        "drop_ios" : 0,
        "slat_ns" : {
          "min" : 0,
          "max" : 0,
          "mean" : 0.000000,
          "stddev" : 0.000000
        },
        "clat_ns" : {
          "min" : 0,
          "max" : 0,
          "mean" : 0.000000,
          "stddev" : 0.000000,
          "percentile" : {
            "1.000000" : 0,
            "5.000000" : 0,
            "10.000000" : 0,
            "20.000000" : 0,
            "30.000000" : 0,
            "40.000000" : 0,
            "50.000000" : 0,
            "60.000000" : 0,
            "70.000000" : 0,
            "80.000000" : 0,
            "90.000000" : 0,
            "95.000000" : 0,
            "99.000000" : 0,
            "99.500000" : 0,
            "99.900000" : 0,
            "99.950000" : 0,
            "99.990000" : 0,
            "0.00" : 0,
            "0.00" : 0,
            "0.00" : 0
          }
        },
        "lat_ns" : {
          "min" : 0,
          "max" : 0,
          "mean" : 0.000000,
          "stddev" : 0.000000
        },
        "bw_min" : 0,
        "bw_max" : 0,
        "bw_agg" : 0.000000,
        "bw_mean" : 0.000000,
        "bw_dev" : 0.000000,
        "bw_samples" : 0,
        "iops_min" : 0,
        "iops_max" : 0,
        "iops_mean" : 0.000000,
        "iops_stddev" : 0.000000,
        "iops_samples" : 0
      },
      "usr_cpu" : 0.323098,
      "sys_cpu" : 0.820429,
      "ctx" : 41296,
      "majf" : 0,
      "minf" : 128,
      "iodepth_level" : {
        "1" : 0.100000,
        "2" : 0.100000,
        "4" : 0.100000,
        "8" : 0.100000,
        "16" : 99.856528,
        "32" : 0.000000,
        ">=64" : 0.000000
      },
      "latency_ns" : {
        "2" : 0.000000,
        "4" : 0.000000,
        "10" : 0.000000,
        "20" : 0.000000,
        "50" : 0.000000,
        "100" : 0.000000,
        "250" : 0.000000,
        "500" : 0.000000,
        "750" : 0.000000,
        "1000" : 0.000000
      },
      "latency_us" : {
        "2" : 0.000000,
        "4" : 0.000000,
        "10" : 0.000000,
        "20" : 0.000000,
        "50" : 0.000000,
        "100" : 0.000000,
        "250" : 0.000000,
        "500" : 0.000000,
        "750" : 0.000000,
        "1000" : 0.000000
      },
      "latency_ms" : {
        "2" : 0.000000,
        "4" : 0.010000,
        "10" : 1.836442,
        "20" : 14.160689,
        "50" : 31.872310,
        "100" : 23.211382,
        "250" : 21.348637,
        "500" : 6.288857,
        "750" : 1.059302,
        "1000" : 0.174558,
        "2000" : 0.045433,
        ">=2000" : 0.000000
      },
      "latency_depth" : 16,
      "latency_target" : 0,
      "latency_percentile" : 100.000000,
      "latency_window" : 0
    }
  ],
  "disk_util" : [
    {
      "name" : "md5",
      "read_ios" : 41820,
      "write_ios" : 0,
      "read_merges" : 0,
      "write_merges" : 0,
      "read_ticks" : 0,
      "write_ticks" : 0,
      "in_queue" : 0,
      "util" : 0.000000,
      "aggr_read_ios" : 5227,
      "aggr_write_ios" : 0,
      "aggr_read_merges" : 0,
      "aggr_write_merge" : 0,
      "aggr_read_ticks" : 479891,
      "aggr_write_ticks" : 0,
      "aggr_in_queue" : 479882,
      "aggr_util" : 99.030796
    },
    {
      "name" : "sdf",
      "read_ios" : 5197,
      "write_ios" : 0,
      "read_merges" : 0,
      "write_merges" : 0,
      "read_ticks" : 523640,
      "write_ticks" : 0,
      "in_queue" : 523628,
      "util" : 97.584365
    },
    {
      "name" : "sdd",
      "read_ios" : 5181,
      "write_ios" : 0,
      "read_merges" : 0,
      "write_merges" : 0,
      "read_ticks" : 643500,
      "write_ticks" : 0,
      "in_queue" : 643496,