{
  "fio version" : "fio-3.1",
  "timestamp" : 1584913793,
  "timestamp_ms" : 1584913793561,
  "time" : "Sun Mar 22 22:49:53 2020",
  "jobs" : [
    {
      "jobname" : "iotest",
      "groupid" : 0,
      "error" : 0,
      "eta" : 0,
      "elapsed" : 61,
      "job options" : {
        "rw" : "randwrite",
        "bs" : "4k",
        "ioengine" : "libaio",
        "iodepth" : "16",
        "direct" : "1",
        "invalidate" : "1",
        "refill_buffers" : "1",
        "runtime" : "60",
        "numjobs" : "2",
        "group_reporting" : "1",
        "write_bw_log" : "/fio/raid5_16/randwrite-iodepth-16-numjobs-2",
        "write_lat_log" : "/fio/raid5_16/randwrite-iodepth-16-numjobs-2",
        "write_iops_log" : "/fio/raid5_16/randwrite-iodepth-16-numjobs-2",
        "log_avg_msec" : "500",
        "filename" : "/dev/md5"
      },
      "read" : {
        "io_bytes" : 0,
        "io_kbytes" : 0,
        "bw" : 0,
        "iops" : 0.000000,
        "runtime" : 0,
        "total_ios" : 0,
        "short_ios" : 0,
        "drop_ios" : 0,
        "slat_ns" : {
          "min" : 0,
          "max" : 0,
          "mean" : 0.000000,
          "stddev" : 0.000000
        },
        "clat_ns" : {
          "min" : 0,
          "max" : 0,
          "mean" : 0.000000,
          "stddev" : 0.000000,
          "percentile" : {
            "1.000000" : 0,
            "5.000000" : 0,
            "10.000000" : 0,
            "20.000000" : 0,
            "30.000000" : 0,
            "40.000000" : 0,
            "50.000000" : 0,
            "60.000000" : 0,
            "70.000000" : 0,
            "80.000000" : 0,
            "90.000000" : 0,
            "95.000000" : 0,
            "99.000000" : 0,
            "99.500000" : 0,
            "99.900000" : 0,
            "99.950000" : 0,
            "99.990000" : 0,
            "0.00" : 0,
            "0.00" : 0,
            "0.00" : 0
          }
        },
        "lat_ns" : {
          "min" : 0,
          "max" : 0,
          "mean" : 0.000000,
          "stddev" : 0.000000
        },
        "bw_min" : 0,
        "bw_max" : 0,
        "bw_agg" : 0.000000,
        "bw_mean" : 0.000000,
        "bw_dev" : 0.000000,
        "bw_samples" : 0,
        "iops_min" : 0,
        "iops_max" : 0,
        "iops_mean" : 0.000000,
        "iops_stddev" : 0.000000,
        "iops_samples" : 0
      },
      "write" : {
        "io_bytes" : 16060416,
        "io_kbytes" : 15684,
        "bw" : 261,
        "iops" : 65.297762,
        "runtime" : 60048,
        "total_ios" : 3921,
        "short_ios" : 0,
        "drop_ios" : 0,
        "slat_ns" : {
          "min" : 4482,
          "max" : 19020840,
          "mean" : 21038.061719,
          "stddev" : 415213.728159
        },
        "clat_ns" : {
          "min" : 48802844,
          "max" : 876524652,
          "mean" : 489652634.669472,
          "stddev" : 110452950.409665,
          "percentile" : {
            "1.000000" : 217055232,
            "5.000000" : 283115520,
            "10.000000" : 329252864,
            "20.000000" : 413138944,
            "30.000000" : 450887680,
            "40.000000" : 476053504,
            "50.000000" : 501219328,
            "60.000000" : 522190848,
            "70.000000" : 549453824,
            "80.000000" : 574619648,
            "90.000000" : 608174080,
            "95.000000" : 658505728,
            "99.000000" : 734003200,
            "99.500000" : 775946240,
            "99.900000" : 859832320,
            "99.950000" : 868220928,
            "99.990000" : 876609536,
            "0.00" : 0,
            "0.00" : 0,
            "0.00" : 0
          }
        },
        "lat_ns" : {
          "min" : 66553796,
          "max" : 876532681,
          "mean" : 489674274.313950,
          "stddev" : 110421080.921981
        },
        "bw_min" : 40,
        "bw_max" : 256,
        "bw_agg" : 49.880569,
        "bw_mean" : 130.188285,
        "bw_dev" : 28.919660,
        "bw_samples" : 239,
        "iops_min" : 10,
        "iops_max" : 64,
        "iops_mean" : 32.543933,
        "iops_stddev" : 7.224285,
        "iops_samples" : 239
      },
      "trim" : {
        "io_bytes" : 0,
        "io_kbytes" : 0,
        "bw" : 0,
        "iops" : 0.000000,
        "runtime" : 0,
        "total_ios" : 0,
        "short_ios" : 0,
        "drop_ios" : 0,
        "slat_ns" : {
          "min" : 0,
          "max" : 0,
          "mean" : 0.000000,
          "stddev" : 0.000000
        },
        "clat_ns" : {
          "min" : 0,
          "max" : 0,
          "mean" : 0.000000,
          "stddev" : 0.000000,
          "percentile" : {
            "1.000000" : 0,
            "5.000000" : 0,
            "10.000000" : 0,
            "20.000000" : 0,
            "30.000000" : 0,
            "40.000000" : 0,
            "50.000000" : 0,
            "60.000000" : 0,
            "70.000000" : 0,
            "80.000000" : 0,
            "90.000000" : 0,
            "95.000000" : 0,
            "99.000000" : 0,
            "99.500000" : 0,
            "99.900000" : 0,
            "99.950000" : 0,
            "99.990000" : 0,
            "0.00" : 0,
            "0.00" : 0,
            "0.00" : 0
          }
        },
        "lat_ns" : {
          "min" : 0,
          "max" : 0,
          "mean" : 0.000000,
          "stddev" : 0.000000
        },
        "bw_min" : 0,
        "bw_max" : 0,
        "bw_agg" : 0.000000,
        "bw_mean" : 0.000000,
        "bw_dev" : 0.000000,
        "bw_samples" : 0,
        "iops_min" : 0,
        "iops_max" : 0,
        "iops_mean" : 0.000000,
        "iops_stddev" : 0.000000,
        "iops_samples" : 0
      },
      "usr_cpu" : 0.067448,
      "sys_cpu" : 0.061619,
      "ctx" : 2069,
      "majf" : 0,
      "minf" : 41,
      "iodepth_level" : {
        "1" : 0.100000,
        "2" : 0.102015,
        "4" : 0.204030,
        "8" : 0.408059,
        "16" : 99.234889,
        "32" : 0.000000,
        ">=64" : 0.000000
      },
      "latency_ns" : {
        "2" : 0.000000,
        "4" : 0.000000,
        "10" : 0.000000,
        "20" : 0.000000,
        "50" : 0.000000,
        "100" : 0.000000,
        "250" : 0.000000,
        "500" : 0.000000,
        "750" : 0.000000,
        "1000" : 0.000000
      },
      "latency_us" : {
        "2" : 0.000000,
        "4" : 0.000000,
        "10" : 0.000000,
        "20" : 0.000000,
        "50" : 0.000000,
        "100" : 0.000000,
        "250" : 0.000000,
        "500" : 0.000000,
        "750" : 0.000000,
        "1000" : 0.000000
      },
      "latency_ms" : {
        "2" : 0.000000,
        "4" : 0.000000,
        "10" : 0.000000,
        "20" : 0.000000,
        "50" : 0.025504,
        "100" : 0.076511,
        "250" : 2.371844,
        "500" : 47.870441,
        "750" : 48.916093,
        "1000" : 0.739607,
        "2000" : 0.000000,
        ">=2000" : 0.000000
      },
      "latency_depth" : 16,
      "latency_target" : 0,
      "latency_percentile" : 100.000000,
      "latency_window" : 0
    }
  ],
  "disk_util" : [
    {
      "name" : "md5",
      "read_ios" : 91,
      "write_ios" : 3921,
      "read_merges" : 0,
      "write_merges" : 0,
      "read_ticks" : 0,
      "write_ticks" : 0,
      "in_queue" : 0,
      "util" : 0.000000,
      "aggr_read_ios" : 990,
      "aggr_write_ios" : 1919,
      "aggr_read_merges" : 2,
      "aggr_write_merge" : 0,
      "aggr_read_ticks" : 33982,
      "aggr_write_ticks" : 37262,
      "aggr_in_queue" : 71244,
      "aggr_util" : 66.526190
    },
    {
      "name" : "sdf",
      "read_ios" : 1003,
      "write_ios" : 1934,
      "read_merges" : 3,
      "write_merges" : 0,
      "read_ticks" : 36252,
      "write_ticks" : 35100,
      "in_queue" : 71352,
      "util" : 60.466891
    },
    {
      "name" : "sdd",
      "read_ios" : 946,
      "write_ios" : 1878,
      "read_merges" : 3,
      "write_merges" : 0,
      "read_ticks" : 35644,
      "write_ticks" : 40684,
      "in_queue" : 76328,