{
  "fio version" : "fio-3.1",
  "timestamp" : 1584907440,
  "timestamp_ms" : 1584907440719,
  "time" : "Sun Mar 22 21:04:00 2020",
  "jobs" : [
    {
      "jobname" : "iotest",
      "groupid" : 0,
      "error" : 0,
      "eta" : 0,
      "elapsed" : 63,
      "job options" : {
        "rw" : "randread",
        "bs" : "4k",
        "ioengine" : "libaio",
        "iodepth" : "8",
        "direct" : "1",
        "invalidate" : "1",
        "refill_buffers" : "1",
        "runtime" : "60",
        "numjobs" : "32",
        "group_reporting" : "1",
        "write_bw_log" : "/fio/raid5_16/randread-iodepth-8-numjobs-32",
        "write_lat_log" : "/fio/raid5_16/randread-iodepth-8-numjobs-32",
        "write_iops_log" : "/fio/raid5_16/randread-iodepth-8-numjobs-32",
        "log_avg_msec" : "500",
        "filename" : "/dev/md5"
      },
      "read" : {
        "io_bytes" : 188514304,
        "io_kbytes" : 184096,
        "bw" : 3036,
        "iops" : 759.033561,
        "runtime" : 60635,
        "total_ios" : 46024,
        "short_ios" : 0,
        "drop_ios" : 0,
        "slat_ns" : {
          "min" : 4448,
          "max" : 586263316,
          "mean" : 9331737.677386,
          "stddev" : 57103558.783727
        },
        "clat_ns" : {
          "min" : 3564076,
          "max" : 6206744512,
          "mean" : 324355759.954393,
          "stddev" : 489042272.567755,
          "percentile" : {
            "1.000000" : 9502720,
            "5.000000" : 14745600,
            "10.000000" : 20316160,
            "20.000000" : 33161216,
            "30.000000" : 53215232,
            "40.000000" : 83361792,
            "50.000000" : 130547712,
            "60.000000" : 206569472,
            "70.000000" : 320864256,
            "80.000000" : 480247808,
            "90.000000" : 884998144,
            "95.000000" : 1333788672,
            "99.000000" : 2298478592,
            "99.500000" : 2936012800,
            "99.900000" : 3841982464,
            "99.950000" : 4328521728,
            "99.990000" : 5670699008,
            "0.00" : 0,
            "0.00" : 0,
            "0.00" : 0
          }
        },
        "lat_ns" : {
          "min" : 3580212,
          "max" : 6399916679,
          "mean" : 333688438.231901,
          "stddev" : 514824056.235866
        },
        "bw_min" : 6,
        "bw_max" : 704,
        "bw_agg" : 3.183055,
        "bw_mean" : 96.637536,
        "bw_dev" : 45.992741,
        "bw_samples" : 3799,
        "iops_min" : 1,
        "iops_max" : 176,
        "iops_mean" : 24.067386,
        "iops_stddev" : 11.446475,
        "iops_samples" : 3799
      },
      "write" : {
        "io_bytes" : 0,
        "io_kbytes" : 0,
        "bw" : 0,
        "iops" : 0.000000,
        "runtime" : 0,
        "total_ios" : 0,
        "short_ios" : 0,
        "drop_ios" : 0,
        "slat_ns" : {
          "min" : 0,
          "max" : 0,
          "mean" : 0.000000,
          "stddev" : 0.000000
        },
        "clat_ns" : {
          "min" : 0,
          "max" : 0,
          "mean" : 0.000000,
          "stddev" : 0.000000,
          "percentile" : {
            "1.000000" : 0,
            "5.000000" : 0,
            "10.000000" : 0,
            "20.000000" : 0,
            "30.000000" : 0,
            "40.000000" : 0,
            "50.000000" : 0,
            "60.000000" : 0,
            "70.000000" : 0,
            "80.000000" : 0,
            "90.000000" : 0,
            "95.000000" : 0,
            "99.000000" : 0,
            "99.500000" : 0,
            "99.900000" : 0,
            "99.950000" : 0,
            "99.990000" : 0,
            "0.00" : 0,
            "0.00" : 0,
            "0.00" : 0
          }
        },
        "lat_ns" : {
          "min" : 0,
          "max" : 0,
          "mean" : 0.000000,
          "stddev" : 0.000000
        },
        "bw_min" : 0,
        "bw_max" : 0,
        "bw_agg" : 0.000000,
        "bw_mean" : 0.000000,
        "bw_dev" : 0.000000,
        "bw_samples" : 0,
        "iops_min" : 0,
        "iops_max" : 0,
        "iops_mean" : 0.000000,
        "iops_stddev" : 0.000000,
        "iops_samples" : 0
      },
      "trim" : {
        "io_bytes" : 0,
        "io_kbytes" : 0,
        "bw" : 0,
        "iops" : 0.000000,
        "runtime" : 0,
        "total_ios" : 0,
        "short_ios" : 0,
        "drop_ios" : 0,
        "slat_ns" : {
          "min" : 0,
          "max" : 0,
          "mean" : 0.000000,
          "stddev" : 0.000000
        },
        "clat_ns" : {
          "min" : 0,
          "max" : 0,
          "mean" : 0.000000,
          "stddev" : 0.000000,
          "percentile" : {
            "1.000000" : 0,
            "5.000000" : 0,
            "10.000000" : 0,
            "20.000000" : 0,
            "30.000000" : 0,
            "40.000000" : 0,
            "50.000000" : 0,
            "60.000000" : 0,
            "70.000000" : 0,
            "80.000000" : 0,
            "90.000000" : 0,
            "95.000000" : 0,
            "99.000000" : 0,
            "99.500000" : 0,
            "99.900000" : 0,
            "99.950000" : 0,
            "99.990000" : 0,
            "0.00" : 0,
            "0.00" : 0,
            "0.00" : 0
          }
        },
        "lat_ns" : {
          "min" : 0,
          "max" : 0,
          "mean" : 0.000000,
          "stddev" : 0.000000
        },
        "bw_min" : 0,
        "bw_max" : 0,
        "bw_agg" : 0.000000,
        "bw_mean" : 0.000000,
        "bw_dev" : 0.000000,
        "bw_samples" : 0,
        "iops_min" : 0,
        "iops_max" : 0,
        "iops_mean" : 0.000000,
        "iops_stddev" : 0.000000,
        "iops_samples" : 0
      },
      "usr_cpu" : 0.081569,
      "sys_cpu" : 0.085758,
      "ctx" : 43416,
      "majf" : 0,
      "minf" : 1005,
      "iodepth_level" : {
        "1" : 0.100000,
        "2" : 0.139058,
        "4" : 0.278116,
        "8" : 99.513297,
        "16" : 0.000000,
        "32" : 0.000000,
        ">=64" : 0.000000
      },
      "latency_ns" : {
        "2" : 0.000000,
        "4" : 0.000000,
        "10" : 0.000000,
        "20" : 0.000000,
        "50" : 0.000000,
        "100" : 0.000000,
        "250" : 0.000000,
        "500" : 0.000000,
        "750" : 0.000000,
        "1000" : 0.000000
      },
      "latency_us" : {
        "2" : 0.000000,
        "4" : 0.000000,
        "10" : 0.000000,
        "20" : 0.000000,
        "50" : 0.000000,
        "100" : 0.000000,
        "250" : 0.000000,
        "500" : 0.000000,
        "750" : 0.000000,
        "1000" : 0.000000
      },
      "latency_ms" : {
        "2" : 0.000000,
        "4" : 0.010000,
        "10" : 1.264558,
        "20" : 8.575960,
        "50" : 18.701112,
        "100" : 15.476708,
        "250" : 20.232922,
        "500" : 16.669564,
        "750" : 6.978967,
        "1000" : 3.574222,
        "2000" : 6.905093,
        ">=2000" : 1.616548
      },
      "latency_depth" : 8,
      "latency_target" : 0,
      "latency_percentile" : 100.000000,
      "latency_window" : 0
    }
  ],
  "disk_util" : [
    {
      "name" : "md5",
      "read_ios" : 46024,
      "write_ios" : 0,
      "read_merges" : 0,
      "write_merges" : 0,
      "read_ticks" : 0,
      "write_ticks" : 0,
      "in_queue" : 0,
      "util" : 0.000000,
      "aggr_read_ios" : 5753,
      "aggr_write_ios" : 0,
      "aggr_read_merges" : 0,
      "aggr_write_merge" : 0,
      "aggr_read_ticks" : 1730192,
      "aggr_write_ticks" : 0,
      "aggr_in_queue" : 1730187,
      "aggr_util" : 96.260829
    },
    {
      "name" : "sdf",
      "read_ios" : 5789,
      "write_ios" : 0,
      "read_merges" : 0,
      "write_merges" : 0,
      "read_ticks" : 1100412,
      "write_ticks" : 0,
      "in_queue" : 1100404,
      "util" : 95.801710
    },
    {
      "name" : "sdd",
      "read_ios" : 5670,
      "write_ios" : 0,
      "read_merges" : 0,
      "write_merges" : 0,
      "read_ticks" : 5636048,
      "write_ticks" : 0,
      "in_queue" : 5636048,