{
  "fio version" : "fio-3.1",
  "timestamp" : 1584914611,
  "timestamp_ms" : 1584914611402,
  "time" : "Sun Mar 22 23:03:31 2020",
  "jobs" : [
    {
      "jobname" : "iotest",
      "groupid" : 0,
      "error" : 0,
      "eta" : 0,
      "elapsed" : 61,
      "job options" : {
        "rw" : "randwrite",
        "bs" : "4k",
        "ioengine" : "libaio",
        "iodepth" : "64",
        "direct" : "1",
        "invalidate" : "1",
        "refill_buffers" : "1",
        "runtime" : "60",
        "numjobs" : "1",
        "group_reporting" : "1",
        "write_bw_log" : "/fio/raid5_16/randwrite-iodepth-64-numjobs-1",
        "write_lat_log" : "/fio/raid5_16/randwrite-iodepth-64-numjobs-1",
        "write_iops_log" : "/fio/raid5_16/randwrite-iodepth-64-numjobs-1",
        "log_avg_msec" : "500",
        "filename" : "/dev/md5"
      },
      "read" : {
        "io_bytes" : 0,
        "io_kbytes" : 0,
        "bw" : 0,
        "iops" : 0.000000,
        "runtime" : 0,
        "total_ios" : 0,
        "short_ios" : 0,
        "drop_ios" : 0,
        "slat_ns" : {
          "min" : 0,
          "max" : 0,
          "mean" : 0.000000,
          "stddev" : 0.000000
        },
        "clat_ns" : {
          "min" : 0,
          "max" : 0,
          "mean" : 0.000000,
          "stddev" : 0.000000,
          "percentile" : {
            "1.000000" : 0,
            "5.000000" : 0,
            "10.000000" : 0,
            "20.000000" : 0,
            "30.000000" : 0,
            "40.000000" : 0,
            "50.000000" : 0,
            "60.000000" : 0,
            "70.000000" : 0,
            "80.000000" : 0,
            "90.000000" : 0,
            "95.000000" : 0,
            "99.000000" : 0,
            "99.500000" : 0,
            "99.900000" : 0,
            "99.950000" : 0,
            "99.990000" : 0,
            "0.00" : 0,
            "0.00" : 0,
            "0.00" : 0
          }
        },
        "lat_ns" : {
          "min" : 0,
          "max" : 0,
          "mean" : 0.000000,
          "stddev" : 0.000000
        },
        "bw_min" : 0,
        "bw_max" : 0,
        "bw_agg" : 0.000000,
        "bw_mean" : 0.000000,
        "bw_dev" : 0.000000,
        "bw_samples" : 0,
        "iops_min" : 0,
        "iops_max" : 0,
        "iops_mean" : 0.000000,
        "iops_stddev" : 0.000000,
        "iops_samples" : 0
      },
      "write" : {
        "io_bytes" : 22032384,
        "io_kbytes" : 21516,
        "bw" : 357,
        "iops" : 89.481477,
        "runtime" : 60113,
        "total_ios" : 5379,
        "short_ios" : 0,
        "drop_ios" : 0,
        "slat_ns" : {
          "min" : 4972,
          "max" : 31586965,
          "mean" : 14258.926380,
          "stddev" : 430619.383642
        },
        "clat_ns" : {
          "min" : 62217232,
          "max" : 1294730581,
          "mean" : 714664761.822457,
          "stddev" : 122237235.129071,
          "percentile" : {
            "1.000000" : 362807296,
            "5.000000" : 434110464,
            "10.000000" : 591396864,
            "20.000000" : 658505728,
            "30.000000" : 683671552,
            "40.000000" : 700448768,
            "50.000000" : 725614592,
            "60.000000" : 742391808,
            "70.000000" : 767557632,
            "80.000000" : 792723456,
            "90.000000" : 817889280,
            "95.000000" : 868220928,
            "99.000000" : 1082130432,
            "99.500000" : 1149239296,
            "99.900000" : 1233125376,
            "99.950000" : 1249902592,
            "99.990000" : 1300234240,
            "0.00" : 0,
            "0.00" : 0,
            "0.00" : 0
          }
        },
        "lat_ns" : {
          "min" : 62235645,
          "max" : 1294740524,
          "mean" : 714679451.832498,
          "stddev" : 122206451.760522
        },
        "bw_min" : 40,
        "bw_max" : 576,
        "bw_agg" : 99.285714,
        "bw_mean" : 354.450000,
        "bw_dev" : 130.226877,
        "bw_samples" : 120,
        "iops_min" : 10,
        "iops_max" : 144,
        "iops_mean" : 88.583333,
        "iops_stddev" : 32.519311,
        "iops_samples" : 120
      },
      "trim" : {
        "io_bytes" : 0,
        "io_kbytes" : 0,
        "bw" : 0,
        "iops" : 0.000000,
        "runtime" : 0,
        "total_ios" : 0,
        "short_ios" : 0,
        "drop_ios" : 0,
        "slat_ns" : {
          "min" : 0,
          "max" : 0,
          "mean" : 0.000000,
          "stddev" : 0.000000
        },
        "clat_ns" : {
          "min" : 0,
          "max" : 0,
          "mean" : 0.000000,
          "stddev" : 0.000000,
          "percentile" : {
            "1.000000" : 0,
            "5.000000" : 0,
            "10.000000" : 0,
            "20.000000" : 0,
            "30.000000" : 0,
            "40.000000" : 0,
            "50.000000" : 0,
            "60.000000" : 0,
            "70.000000" : 0,
            "80.000000" : 0,
            "90.000000" : 0,
            "95.000000" : 0,
            "99.000000" : 0,
            "99.500000" : 0,
            "99.900000" : 0,
            "99.950000" : 0,
            "99.990000" : 0,
            "0.00" : 0,
            "0.00" : 0,
            "0.00" : 0
          }
        },
        "lat_ns" : {
          "min" : 0,
          "max" : 0,
          "mean" : 0.000000,
          "stddev" : 0.000000
        },
        "bw_min" : 0,
        "bw_max" : 0,
        "bw_agg" : 0.000000,
        "bw_mean" : 0.000000,
        "bw_dev" : 0.000000,
        "bw_samples" : 0,
        "iops_min" : 0,
        "iops_max" : 0,
        "iops_mean" : 0.000000,
        "iops_stddev" : 0.000000,
        "iops_samples" : 0
      },
      "usr_cpu" : 0.111459,
      "sys_cpu" : 0.058225,
      "ctx" : 649,
      "majf" : 0,
      "minf" : 18,
      "iodepth_level" : {
        "1" : 0.100000,
        "2" : 0.100000,
        "4" : 0.100000,
        "8" : 0.148727,
        "16" : 0.297453,
        "32" : 0.594906,
        ">=64" : 98.828779
      },
      "latency_ns" : {
        "2" : 0.000000,
        "4" : 0.000000,
        "10" : 0.000000,
        "20" : 0.000000,
        "50" : 0.000000,
        "100" : 0.000000,
        "250" : 0.000000,
        "500" : 0.000000,
        "750" : 0.000000,
        "1000" : 0.000000
      },
      "latency_us" : {
        "2" : 0.000000,
        "4" : 0.000000,
        "10" : 0.000000,
        "20" : 0.000000,
        "50" : 0.000000,
        "100" : 0.000000,
        "250" : 0.000000,
        "500" : 0.000000,
        "750" : 0.000000,
        "1000" : 0.000000
      },
      "latency_ms" : {
        "2" : 0.000000,
        "4" : 0.000000,
        "10" : 0.000000,
        "20" : 0.000000,
        "50" : 0.000000,
        "100" : 0.037182,
        "250" : 0.000000,
        "500" : 7.138873,
        "750" : 54.415319,
        "1000" : 36.512363,
        "2000" : 1.896263,
        ">=2000" : 0.000000
      },
      "latency_depth" : 64,
      "latency_target" : 0,
      "latency_percentile" : 100.000000,
      "latency_window" : 0
    }
  ],
  "disk_util" : [
    {
      "name" : "md5",
      "read_ios" : 0,
      "write_ios" : 5379,
      "read_merges" : 0,
      "write_merges" : 0,
      "read_ticks" : 0,
      "write_ticks" : 0,
      "in_queue" : 0,
      "util" : 0.000000,
      "aggr_read_ios" : 1345,
      "aggr_write_ios" : 2124,
      "aggr_read_merges" : 0,
      "aggr_write_merge" : 0,
      "aggr_read_ticks" : 84327,
      "aggr_write_ticks" : 42465,
      "aggr_in_queue" : 126788,
      "aggr_util" : 76.669045
    },
    {
      "name" : "sdf",
      "read_ios" : 1378,
      "write_ios" : 2158,
      "read_merges" : 0,
      "write_merges" : 0,
      "read_ticks" : 89996,
      "write_ticks" : 44464,
      "in_queue" : 134452,
      "util" : 70.722964
    },
    {
      "name" : "sdd",
      "read_ios" : 1342,
      "write_ios" : 2122,
      "read_merges" : 0,
      "write_merges" : 0,
      "read_ticks" : 92008,
      "write_ticks" : 47844,
      "in_queue" : 139844,