{
  "fio version" : "fio-3.1",
  "timestamp" : 1584907753,
  "timestamp_ms" : 1584907753087,
  "time" : "Sun Mar 22 21:09:13 2020",
  "jobs" : [
    {
      "jobname" : "iotest",
      "groupid" : 0,
      "error" : 0,
      "eta" : 0,
      "elapsed" : 62,
      "job options" : {
        "rw" : "randread",
        "bs" : "4k",
        "ioengine" : "libaio",
        "iodepth" : "16",
        "direct" : "1",
        "invalidate" : "1",
        "refill_buffers" : "1",
        "runtime" : "60",
        "numjobs" : "8",
        "group_reporting" : "1",
        "write_bw_log" : "/fio/raid5_16/randread-iodepth-16-numjobs-8",
        "write_lat_log" : "/fio/raid5_16/randread-iodepth-16-numjobs-8",
        "write_iops_log" : "/fio/raid5_16/randread-iodepth-16-numjobs-8",
        "log_avg_msec" : "500",
        "filename" : "/dev/md5"
      },
      "read" : {
        "io_bytes" : 175915008,
        "io_kbytes" : 171792,
        "bw" : 2829,
        "iops" : 707.370502,
        "runtime" : 60715,
        "total_ios" : 42948,
        "short_ios" : 0,
        "drop_ios" : 0,
        "slat_ns" : {
          "min" : 7458,
          "max" : 993076,
          "mean" : 31283.964352,
          "stddev" : 7606.791553
        },
        "clat_ns" : {
          "min" : 3126604,
          "max" : 5508630860,
          "mean" : 180341732.111507,
          "stddev" : 307076117.028247,
          "percentile" : {
            "1.000000" : 9109504,
            "5.000000" : 13565952,
            "10.000000" : 17432576,
            "20.000000" : 25821184,
            "30.000000" : 36962304,
            "40.000000" : 52166656,
            "50.000000" : 74973184,
            "60.000000" : 106430464,
            "70.000000" : 158334976,
            "80.000000" : 244318208,
            "90.000000" : 442499072,
            "95.000000" : 683671552,
            "99.000000" : 1585446912,
            "99.500000" : 2088763392,
            "99.900000" : 3003121664,
            "99.950000" : 3204448256,
            "99.990000" : 3942645760,
            "0.00" : 0,
            "0.00" : 0,
            "0.00" : 0
          }
        },
        "lat_ns" : {
          "min" : 3161614,
          "max" : 5508653919,
          "mean" : 180374045.748091,
          "stddev" : 307074343.330103
        },
        "bw_min" : 7,
        "bw_max" : 809,
        "bw_agg" : 12.578036,
        "bw_mean" : 355.832645,
        "bw_dev" : 101.779741,
        "bw_samples" : 968,
        "iops_min" : 1,
        "iops_max" : 202,
        "iops_mean" : 88.753099,
        "iops_stddev" : 25.469855,
        "iops_samples" : 968
      },
      "write" : {
        "io_bytes" : 0,
        "io_kbytes" : 0,
        "bw" : 0,
        "iops" : 0.000000,
        "runtime" : 0,
        "total_ios" : 0,
        "short_ios" : 0,
        "drop_ios" : 0,
        "slat_ns" : {
          "min" : 0,
          "max" : 0,
          "mean" : 0.000000,
          "stddev" : 0.000000
        },
        "clat_ns" : {
          "min" : 0,
          "max" : 0,
          "mean" : 0.000000,
          "stddev" : 0.000000,
          "percentile" : {
            "1.000000" : 0,
            "5.000000" : 0,
            "10.000000" : 0,
            "20.000000" : 0,
            "30.000000" : 0,
            "40.000000" : 0,
            "50.000000" : 0,
            "60.000000" : 0,
            "70.000000" : 0,
            "80.000000" : 0,
            "90.000000" : 0,
            "95.000000" : 0,
            "99.000000" : 0,
            "99.500000" : 0,
            "99.900000" : 0,
            "99.950000" : 0,
            "99.990000" : 0,
            "0.00" : 0,
            "0.00" : 0,
            "0.00" : 0
          }
        },
        "lat_ns" : {
          "min" : 0,
          "max" : 0,
          "mean" : 0.000000,
          "stddev" : 0.000000
        },
        "bw_min" : 0,
        "bw_max" : 0,
        "bw_agg" : 0.000000,
        "bw_mean" : 0.000000,
        "bw_dev" : 0.000000,
        "bw_samples" : 0,
        "iops_min" : 0,
        "iops_max" : 0,
        "iops_mean" : 0.000000,
        "iops_stddev" : 0.000000,
        "iops_samples" : 0
      },
      "trim" : {
        "io_bytes" : 0,
        "io_kbytes" : 0,
        "bw" : 0,
        "iops" : 0.000000,
        "runtime" : 0,
        "total_ios" : 0,
        "short_ios" : 0,
        "drop_ios" : 0,
        "slat_ns" : {
          "min" : 0,
          "max" : 0,
          "mean" : 0.000000,
          "stddev" : 0.000000
        },
        "clat_ns" : {
          "min" : 0,
          "max" : 0,
          "mean" : 0.000000,
          "stddev" : 0.000000,
          "percentile" : {
            "1.000000" : 0,
            "5.000000" : 0,
            "10.000000" : 0,
            "20.000000" : 0,
            "30.000000" : 0,
            "40.000000" : 0,
            "50.000000" : 0,
            "60.000000" : 0,
            "70.000000" : 0,
            "80.000000" : 0,
            "90.000000" : 0,
            "95.000000" : 0,
            "99.000000" : 0,
            "99.500000" : 0,
            "99.900000" : 0,
            "99.950000" : 0,
            "99.990000" : 0,
            "0.00" : 0,
            "0.00" : 0,
            "0.00" : 0
          }
        },
        "lat_ns" : {
          "min" : 0,
          "max" : 0,
          "mean" : 0.000000,
          "stddev" : 0.000000
        },
        "bw_min" : 0,
        "bw_max" : 0,
        "bw_agg" : 0.000000,
        "bw_mean" : 0.000000,
        "bw_dev" : 0.000000,
        "bw_samples" : 0,
        "iops_min" : 0,
        "iops_max" : 0,
        "iops_mean" : 0.000000,
        "iops_stddev" : 0.000000,
        "iops_samples" : 0
      },
      "usr_cpu" : 0.181111,
      "sys_cpu" : 0.423209,
      "ctx" : 42760,
      "majf" : 0,
      "minf" : 282,
      "iodepth_level" : {
        "1" : 0.100000,
        "2" : 0.100000,
        "4" : 0.100000,
        "8" : 0.149017,
        "16" : 99.720592,
        "32" : 0.000000,
        ">=64" : 0.000000
      },
      "latency_ns" : {
        "2" : 0.000000,
        "4" : 0.000000,
        "10" : 0.000000,
        "20" : 0.000000,
        "50" : 0.000000,
        "100" : 0.000000,
        "250" : 0.000000,
        "500" : 0.000000,
        "750" : 0.000000,
        "1000" : 0.000000
      },
      "latency_us" : {
        "2" : 0.000000,
        "4" : 0.000000,
        "10" : 0.000000,
        "20" : 0.000000,
        "50" : 0.000000,
        "100" : 0.000000,
        "250" : 0.000000,
        "500" : 0.000000,
        "750" : 0.000000,
        "1000" : 0.000000
      },
      "latency_ms" : {
        "2" : 0.000000,
        "4" : 0.010000,
        "10" : 1.492503,
        "20" : 11.795660,
        "50" : 25.412126,
        "100" : 19.511968,
        "250" : 22.233864,
        "500" : 11.006333,
        "750" : 4.354103,
        "1000" : 1.669461,
        "2000" : 1.951197,
        ">=2000" : 0.570457
      },
      "latency_depth" : 16,
      "latency_target" : 0,
      "latency_percentile" : 100.000000,
      "latency_window" : 0
    }
  ],
  "disk_util" : [
    {
      "name" : "md5",
      "read_ios" : 42948,
      "write_ios" : 0,
      "read_merges" : 0,
      "write_merges" : 0,
      "read_ticks" : 0,
      "write_ticks" : 0,
      "in_queue" : 0,
      "util" : 0.000000,
      "aggr_read_ios" : 5368,
      "aggr_write_ios" : 0,
      "aggr_read_merges" : 0,
      "aggr_write_merge" : 0,
      "aggr_read_ticks" : 962059,
      "aggr_write_ticks" : 0,
      "aggr_in_queue" : 962055,
      "aggr_util" : 98.601581
    },
    {
      "name" : "sdf",
      "read_ios" : 5360,
      "write_ios" : 0,
      "read_merges" : 0,
      "write_merges" : 0,
      "read_ticks" : 1885824,
      "write_ticks" : 0,
      "in_queue" : 1885820,
      "util" : 96.843756
    },
    {
      "name" : "sdd",
      "read_ios" : 5496,
      "write_ios" : 0,
      "read_merges" : 0,
      "write_merges" : 0,
      "read_ticks" : 2202284,
      "write_ticks" : 0,
      "in_queue" : 2202280,