{
  "fio version" : "fio-3.1",
  "timestamp" : 1584908512,
  "timestamp_ms" : 1584908512253,
  "time" : "Sun Mar 22 21:21:52 2020",
  "jobs" : [
    {
      "jobname" : "iotest",
      "groupid" : 0,
      "error" : 0,
      "eta" : 0,
      "elapsed" : 61,
      "job options" : {
        "rw" : "randread",
        "bs" : "4k",
        "ioengine" : "libaio",
        "iodepth" : "64",
        "direct" : "1",
        "invalidate" : "1",
        "refill_buffers" : "1",
        "runtime" : "60",
        "numjobs" : "2",
        "group_reporting" : "1",
        "write_bw_log" : "/fio/raid5_16/randread-iodepth-64-numjobs-2",
        "write_lat_log" : "/fio/raid5_16/randread-iodepth-64-numjobs-2",
        "write_iops_log" : "/fio/raid5_16/randread-iodepth-64-numjobs-2",
        "log_avg_msec" : "500",
        "filename" : "/dev/md5"
      },
      "read" : {
        "io_bytes" : 177520640,
        "io_kbytes" : 173360,
        "bw" : 2861,
        "iops" : 715.488493,
        "runtime" : 60574,
        "total_ios" : 43340,
        "short_ios" : 0,
        "drop_ios" : 0,
        "slat_ns" : {
          "min" : 7342,
          "max" : 253184,
          "mean" : 29655.000369,
          "stddev" : 5806.178854
        },
        "clat_ns" : {
          "min" : 3766207,
          "max" : 3568432781,
          "mean" : 178625239.259045,
          "stddev" : 327225761.307283,
          "percentile" : {
            "1.000000" : 9240576,
            "5.000000" : 13697024,
            "10.000000" : 17432576,
            "20.000000" : 25296896,
            "30.000000" : 35389440,
            "40.000000" : 49545216,
            "50.000000" : 67633152,
            "60.000000" : 95944704,
            "70.000000" : 137363456,
            "80.000000" : 214958080,
            "90.000000" : 404750336,
            "95.000000" : 750780416,
            "99.000000" : 1803550720,
            "99.500000" : 2164260864,
            "99.900000" : 2768240640,
            "99.950000" : 2902458368,
            "99.990000" : 3204448256,
            "0.00" : 0,
            "0.00" : 0,
            "0.00" : 0
          }
        },
        "lat_ns" : {
          "min" : 3800785,
          "max" : 3568456612,
          "mean" : 178655954.082856,
          "stddev" : 327224126.350738
        },
        "bw_min" : 8,
        "bw_max" : 2008,
        "bw_agg" : 50.340319,
        "bw_mean" : 1440.236515,
        "bw_dev" : 208.258128,
        "bw_samples" : 241,
        "iops_min" : 2,
        "iops_max" : 502,
        "iops_mean" : 359.792531,
        "iops_stddev" : 52.066609,
        "iops_samples" : 241
      },
      "write" : {
        "io_bytes" : 0,
        "io_kbytes" : 0,
        "bw" : 0,
        "iops" : 0.000000,
        "runtime" : 0,
        "total_ios" : 0,
        "short_ios" : 0,
        "drop_ios" : 0,
        "slat_ns" : {
          "min" : 0,
          "max" : 0,
          "mean" : 0.000000,
          "stddev" : 0.000000
        },
        "clat_ns" : {
          "min" : 0,
          "max" : 0,
          "mean" : 0.000000,
          "stddev" : 0.000000,
          "percentile" : {
            "1.000000" : 0,
            "5.000000" : 0,
            "10.000000" : 0,
            "20.000000" : 0,
            "30.000000" : 0,
            "40.000000" : 0,
            "50.000000" : 0,
            "60.000000" : 0,
            "70.000000" : 0,
            "80.000000" : 0,
            "90.000000" : 0,
            "95.000000" : 0,
            "99.000000" : 0,
            "99.500000" : 0,
            "99.900000" : 0,
            "99.950000" : 0,
            "99.990000" : 0,
            "0.00" : 0,
            "0.00" : 0,
            "0.00" : 0
          }
        },
        "lat_ns" : {
          "min" : 0,
          "max" : 0,
          "mean" : 0.000000,
          "stddev" : 0.000000
        },
        "bw_min" : 0,
        "bw_max" : 0,
        "bw_agg" : 0.000000,
        "bw_mean" : 0.000000,
        "bw_dev" : 0.000000,
        "bw_samples" : 0,
        "iops_min" : 0,
        "iops_max" : 0,
        "iops_mean" : 0.000000,
        "iops_stddev" : 0.000000,
        "iops_samples" : 0
      },
      "trim" : {
        "io_bytes" : 0,
        "io_kbytes" : 0,
        "bw" : 0,
        "iops" : 0.000000,
        "runtime" : 0,
        "total_ios" : 0,
        "short_ios" : 0,
        "drop_ios" : 0,
        "slat_ns" : {
          "min" : 0,
          "max" : 0,
          "mean" : 0.000000,
          "stddev" : 0.000000
        },
        "clat_ns" : {
          "min" : 0,
          "max" : 0,
          "mean" : 0.000000,
          "stddev" : 0.000000,
          "percentile" : {
            "1.000000" : 0,
            "5.000000" : 0,
            "10.000000" : 0,
            "20.000000" : 0,
            "30.000000" : 0,
            "40.000000" : 0,
            "50.000000" : 0,
            "60.000000" : 0,
            "70.000000" : 0,
            "80.000000" : 0,
            "90.000000" : 0,
            "95.000000" : 0,
            "99.000000" : 0,
            "99.500000" : 0,
            "99.900000" : 0,
            "99.950000" : 0,
            "99.990000" : 0,
            "0.00" : 0,
            "0.00" : 0,
            "0.00" : 0
          }
        },
        "lat_ns" : {
          "min" : 0,
          "max" : 0,
          "mean" : 0.000000,
          "stddev" : 0.000000
        },
        "bw_min" : 0,
        "bw_max" : 0,
        "bw_agg" : 0.000000,
        "bw_mean" : 0.000000,
        "bw_dev" : 0.000000,
        "bw_samples" : 0,
        "iops_min" : 0,
        "iops_max" : 0,
        "iops_mean" : 0.000000,
        "iops_stddev" : 0.000000,
        "iops_samples" : 0
      },
      "usr_cpu" : 0.581578,
      "sys_cpu" : 1.636514,
      "ctx" : 42196,
      "majf" : 0,
      "minf" : 169,
      "iodepth_level" : {
        "1" : 0.100000,
        "2" : 0.100000,
        "4" : 0.100000,
        "8" : 0.100000,
        "16" : 0.100000,
        "32" : 0.147670,
        ">=64" : 99.709275
      },
      "latency_ns" : {
        "2" : 0.000000,
        "4" : 0.000000,
        "10" : 0.000000,
        "20" : 0.000000,
        "50" : 0.000000,
        "100" : 0.000000,
        "250" : 0.000000,
        "500" : 0.000000,
        "750" : 0.000000,
        "1000" : 0.000000
      },
      "latency_us" : {
        "2" : 0.000000,
        "4" : 0.000000,
        "10" : 0.000000,
        "20" : 0.000000,
        "50" : 0.000000,
        "100" : 0.000000,
        "250" : 0.000000,
        "500" : 0.000000,
        "750" : 0.000000,
        "1000" : 0.000000
      },
      "latency_ms" : {
        "2" : 0.000000,
        "4" : 0.010000,
        "10" : 1.453623,
        "20" : 11.982003,
        "50" : 26.972773,
        "100" : 20.943701,
        "250" : 21.548223,
        "500" : 9.053992,
        "750" : 2.997231,
        "1000" : 1.529765,
        "2000" : 2.803415,
        ">=2000" : 0.710660
      },
      "latency_depth" : 64,
      "latency_target" : 0,
      "latency_percentile" : 100.000000,
      "latency_window" : 0
    }
  ],
  "disk_util" : [
    {
      "name" : "md5",
      "read_ios" : 43340,
      "write_ios" : 0,
      "read_merges" : 0,
      "write_merges" : 0,
      "read_ticks" : 0,
      "write_ticks" : 0,
      "in_queue" : 0,
      "util" : 0.000000,
      "aggr_read_ios" : 5417,
      "aggr_write_ios" : 0,
      "aggr_read_merges" : 0,
      "aggr_write_merge" : 0,
      "aggr_read_ticks" : 962360,
      "aggr_write_ticks" : 0,
      "aggr_in_queue" : 962354,
      "aggr_util" : 98.673513
    },
    {
      "name" : "sdf",
      "read_ios" : 5367,
      "write_ios" : 0,
      "read_merges" : 0,
      "write_merges" : 0,
      "read_ticks" : 1534408,
      "write_ticks" : 0,
      "in_queue" : 1534396,
      "util" : 97.955155
    },
    {
      "name" : "sdd",
      "read_ios" : 5339,
      "write_ios" : 0,
      "read_merges" : 0,
      "write_merges" : 0,
      "read_ticks" : 949304,
      "write_ticks" : 0,
      "in_queue" : 949304,