{
  "fio version" : "fio-3.1",
  "timestamp" : 1584913104,
  "timestamp_ms" : 1584913104113,
  "time" : "Sun Mar 22 22:38:24 2020",
  "jobs" : [
    {
      "jobname" : "iotest",
      "groupid" : 0,
      "error" : 0,
      "eta" : 0,
      "elapsed" : 62,
      "job options" : {
        "rw" : "randwrite",
        "bs" : "4k",
        "ioengine" : "libaio",
        "iodepth" : "4",
        "direct" : "1",
        "invalidate" : "1",
        "refill_buffers" : "1",
        "runtime" : "60",
        "numjobs" : "16",
        "group_reporting" : "1",
        "write_bw_log" : "/fio/raid5_16/randwrite-iodepth-4-numjobs-16",
        "write_lat_log" : "/fio/raid5_16/randwrite-iodepth-4-numjobs-16",
        "write_iops_log" : "/fio/raid5_16/randwrite-iodepth-4-numjobs-16",
        "log_avg_msec" : "500",
        "filename" : "/dev/md5"
      },
      "read" : {
        "io_bytes" : 0,
        "io_kbytes" : 0,
        "bw" : 0,
        "iops" : 0.000000,
        "runtime" : 0,
        "total_ios" : 0,
        "short_ios" : 0,
        "drop_ios" : 0,
        "slat_ns" : {
          "min" : 0,
          "max" : 0,
          "mean" : 0.000000,
          "stddev" : 0.000000
        },
        "clat_ns" : {
          "min" : 0,
          "max" : 0,
          "mean" : 0.000000,
          "stddev" : 0.000000,
          "percentile" : {
            "1.000000" : 0,
            "5.000000" : 0,
            "10.000000" : 0,
            "20.000000" : 0,
            "30.000000" : 0,
            "40.000000" : 0,
            "50.000000" : 0,
            "60.000000" : 0,
            "70.000000" : 0,
            "80.000000" : 0,
            "90.000000" : 0,
            "95.000000" : 0,
            "99.000000" : 0,
            "99.500000" : 0,
            "99.900000" : 0,
            "99.950000" : 0,
            "99.990000" : 0,
            "0.00" : 0,
            "0.00" : 0,
            "0.00" : 0
          }
        },
        "lat_ns" : {
          "min" : 0,
          "max" : 0,
          "mean" : 0.000000,
          "stddev" : 0.000000
        },
        "bw_min" : 0,
        "bw_max" : 0,
        "bw_agg" : 0.000000,
        "bw_mean" : 0.000000,
        "bw_dev" : 0.000000,
        "bw_samples" : 0,
        "iops_min" : 0,
        "iops_max" : 0,
        "iops_mean" : 0.000000,
        "iops_stddev" : 0.000000,
        "iops_samples" : 0
      },
      "write" : {
        "io_bytes" : 21073920,
        "io_kbytes" : 20580,
        "bw" : 340,
        "iops" : 85.247042,
        "runtime" : 60354,
        "total_ios" : 5145,
        "short_ios" : 0,
        "drop_ios" : 0,
        "slat_ns" : {
          "min" : 3912,
          "max" : 30772412,
          "mean" : 24144.363265,
          "stddev" : 492558.563726
        },
        "clat_ns" : {
          "min" : 210315225,
          "max" : 1325090871,
          "mean" : 747026229.996696,
          "stddev" : 117537023.349834,
          "percentile" : {
            "1.000000" : 375390208,
            "5.000000" : 455081984,
            "10.000000" : 650117120,
            "20.000000" : 692060160,
            "30.000000" : 717225984,
            "40.000000" : 734003200,
            "50.000000" : 750780416,
            "60.000000" : 767557632,
            "70.000000" : 792723456,
            "80.000000" : 826277888,
            "90.000000" : 868220928,
            "95.000000" : 901775360,
            "99.000000" : 1052770304,
            "99.500000" : 1115684864,
            "99.900000" : 1266679808,
            "99.950000" : 1300234240,
            "99.990000" : 1317011456,
            "0.00" : 0,
            "0.00" : 0,
            "0.00" : 0
          }
        },
        "lat_ns" : {
          "min" : 210370391,
          "max" : 1325102410,
          "mean" : 747051203.675024,
          "stddev" : 117510993.861115
        },
        "bw_min" : 7,
        "bw_max" : 56,
        "bw_agg" : 6.550376,
        "bw_mean" : 22.271280,
        "bw_dev" : 8.985580,
        "bw_samples" : 1821,
        "iops_min" : 1,
        "iops_max" : 14,
        "iops_mean" : 5.533773,
        "iops_stddev" : 2.256514,
        "iops_samples" : 1821
      },
      "trim" : {
        "io_bytes" : 0,
        "io_kbytes" : 0,
        "bw" : 0,
        "iops" : 0.000000,
        "runtime" : 0,
        "total_ios" : 0,
        "short_ios" : 0,
        "drop_ios" : 0,
        "slat_ns" : {
          "min" : 0,
          "max" : 0,
          "mean" : 0.000000,
          "stddev" : 0.000000
        },
        "clat_ns" : {
          "min" : 0,
          "max" : 0,
          "mean" : 0.000000,
          "stddev" : 0.000000,
          "percentile" : {
            "1.000000" : 0,
            "5.000000" : 0,
            "10.000000" : 0,
            "20.000000" : 0,
            "30.000000" : 0,
            "40.000000" : 0,
            "50.000000" : 0,
            "60.000000" : 0,
            "70.000000" : 0,
            "80.000000" : 0,
            "90.000000" : 0,
            "95.000000" : 0,
            "99.000000" : 0,
            "99.500000" : 0,
            "99.900000" : 0,
            "99.950000" : 0,
            "99.990000" : 0,
            "0.00" : 0,
            "0.00" : 0,
            "0.00" : 0
          }
        },
        "lat_ns" : {
          "min" : 0,
          "max" : 0,
          "mean" : 0.000000,
          "stddev" : 0.000000
        },
        "bw_min" : 0,
        "bw_max" : 0,
        "bw_agg" : 0.000000,
        "bw_mean" : 0.000000,
        "bw_dev" : 0.000000,
        "bw_samples" : 0,
        "iops_min" : 0,
        "iops_max" : 0,
        "iops_mean" : 0.000000,
        "iops_stddev" : 0.000000,
        "iops_samples" : 0
      },
      "usr_cpu" : 0.046152,
      "sys_cpu" : 0.012757,
      "ctx" : 4780,
      "majf" : 0,
      "minf" : 370,
      "iodepth_level" : {
        "1" : 0.310982,
        "2" : 0.621963,
        "4" : 99.067055,
        "8" : 0.000000,
        "16" : 0.000000,
        "32" : 0.000000,
        ">=64" : 0.000000
      },
      "latency_ns" : {
        "2" : 0.000000,
        "4" : 0.000000,
        "10" : 0.000000,
        "20" : 0.000000,
        "50" : 0.000000,
        "100" : 0.000000,
        "250" : 0.000000,
        "500" : 0.000000,
        "750" : 0.000000,
        "1000" : 0.000000
      },
      "latency_us" : {
        "2" : 0.000000,
        "4" : 0.000000,
        "10" : 0.000000,
        "20" : 0.000000,
        "50" : 0.000000,
        "100" : 0.000000,
        "250" : 0.000000,
        "500" : 0.000000,
        "750" : 0.000000,
        "1000" : 0.000000
      },
      "latency_ms" : {
        "2" : 0.000000,
        "4" : 0.000000,
        "10" : 0.000000,
        "20" : 0.000000,
        "50" : 0.000000,
        "100" : 0.000000,
        "250" : 0.038873,
        "500" : 5.792031,
        "750" : 44.042760,
        "1000" : 48.921283,
        "2000" : 1.205053,
        ">=2000" : 0.000000
      },
      "latency_depth" : 4,
      "latency_target" : 0,
      "latency_percentile" : 100.000000,
      "latency_window" : 0
    }
  ],
  "disk_util" : [
    {
      "name" : "md5",
      "read_ios" : 190,
      "write_ios" : 5145,
      "read_merges" : 0,
      "write_merges" : 0,
      "read_ticks" : 0,
      "write_ticks" : 0,
      "in_queue" : 0,
      "util" : 0.000000,
      "aggr_read_ios" : 1306,
      "aggr_write_ios" : 2269,
      "aggr_read_merges" : 5,
      "aggr_write_merge" : 0,
      "aggr_read_ticks" : 74723,
      "aggr_write_ticks" : 42722,
      "aggr_in_queue" : 117442,
      "aggr_util" : 74.874568
    },
    {
      "name" : "sdf",
      "read_ios" : 1256,
      "write_ios" : 2221,
      "read_merges" : 6,
      "write_merges" : 0,
      "read_ticks" : 75316,
      "write_ticks" : 42728,
      "in_queue" : 118044,
      "util" : 67.074998
    },
    {
      "name" : "sdd",
      "read_ios" : 1271,
      "write_ios" : 2239,
      "read_merges" : 6,
      "write_merges" : 0,
      "read_ticks" : 84588,
      "write_ticks" : 47724,
      "in_queue" : 132316,