{
  "fio version" : "fio-3.1",
  "timestamp" : 1584912107,
  "timestamp_ms" : 1584912107065,
  "time" : "Sun Mar 22 22:21:47 2020",
  "jobs" : [
    {
      "jobname" : "iotest",
      "groupid" : 0,
      "error" : 0,
      "eta" : 0,
      "elapsed" : 61,
      "job options" : {
        "rw" : "randwrite",
        "bs" : "4k",
        "ioengine" : "libaio",
        "iodepth" : "1",
        "direct" : "1",
        "invalidate" : "1",
        "refill_buffers" : "1",
        "runtime" : "60",
        "numjobs" : "4",
        "group_reporting" : "1",
        "write_bw_log" : "/fio/raid5_16/randwrite-iodepth-1-numjobs-4",
        "write_lat_log" : "/fio/raid5_16/randwrite-iodepth-1-numjobs-4",
        "write_iops_log" : "/fio/raid5_16/randwrite-iodepth-1-numjobs-4",
        "log_avg_msec" : "500",
        "filename" : "/dev/md5"
      },
      "read" : {
        "io_bytes" : 0,
        "io_kbytes" : 0,
        "bw" : 0,
        "iops" : 0.000000,
        "runtime" : 0,
        "total_ios" : 0,
        "short_ios" : 0,
        "drop_ios" : 0,
        "slat_ns" : {
          "min" : 0,
          "max" : 0,
          "mean" : 0.000000,
          "stddev" : 0.000000
        },
        "clat_ns" : {
          "min" : 0,
          "max" : 0,
          "mean" : 0.000000,
          "stddev" : 0.000000,
          "percentile" : {
            "1.000000" : 0,
            "5.000000" : 0,
            "10.000000" : 0,
            "20.000000" : 0,
            "30.000000" : 0,
            "40.000000" : 0,
            "50.000000" : 0,
            "60.000000" : 0,
            "70.000000" : 0,
            "80.000000" : 0,
            "90.000000" : 0,
            "95.000000" : 0,
            "99.000000" : 0,
            "99.500000" : 0,
            "99.900000" : 0,
            "99.950000" : 0,
            "99.990000" : 0,
            "0.00" : 0,
            "0.00" : 0,
            "0.00" : 0
          }
        },
        "lat_ns" : {
          "min" : 0,
          "max" : 0,
          "mean" : 0.000000,
          "stddev" : 0.000000
        },
        "bw_min" : 0,
        "bw_max" : 0,
        "bw_agg" : 0.000000,
        "bw_mean" : 0.000000,
        "bw_dev" : 0.000000,
        "bw_samples" : 0,
        "iops_min" : 0,
        "iops_max" : 0,
        "iops_mean" : 0.000000,
        "iops_stddev" : 0.000000,
        "iops_samples" : 0
      },
      "write" : {
        "io_bytes" : 5709824,
        "io_kbytes" : 5576,
        "bw" : 92,
        "iops" : 23.207032,
        "runtime" : 60068,
        "total_ios" : 1394,
        "short_ios" : 0,
        "drop_ios" : 0,
        "slat_ns" : {
          "min" : 8012,
          "max" : 20082119,
          "mean" : 51806.197274,
          "stddev" : 647879.347494
        },
        "clat_ns" : {
          "min" : 53481204,
          "max" : 290784623,
          "mean" : 172067930.276901,
          "stddev" : 43000505.172317,
          "percentile" : {
            "1.000000" : 79167488,
            "5.000000" : 103284736,
            "10.000000" : 115867648,
            "20.000000" : 131596288,
            "30.000000" : 145752064,
            "40.000000" : 160432128,
            "50.000000" : 173015040,
            "60.000000" : 185597952,
            "70.000000" : 198180864,
            "80.000000" : 212860928,
            "90.000000" : 227540992,
            "95.000000" : 240123904,
            "99.000000" : 261095424,
            "99.500000" : 267386880,
            "99.900000" : 283115520,
            "99.950000" : 291504128,
            "99.990000" : 291504128,
            "0.00" : 0,
            "0.00" : 0,
            "0.00" : 0
          }
        },
        "lat_ns" : {
          "min" : 53503739,
          "max" : 290796373,
          "mean" : 172120727.890244,
          "stddev" : 42953927.571357
        },
        "bw_min" : 15,
        "bw_max" : 40,
        "bw_agg" : 25.156250,
        "bw_mean" : 23.143750,
        "bw_dev" : 5.148947,
        "bw_samples" : 480,
        "iops_min" : 3,
        "iops_max" : 10,
        "iops_mean" : 5.768750,
        "iops_stddev" : 1.290184,
        "iops_samples" : 480
      },
      "trim" : {
        "io_bytes" : 0,
        "io_kbytes" : 0,
        "bw" : 0,
        "iops" : 0.000000,
        "runtime" : 0,
        "total_ios" : 0,
        "short_ios" : 0,
        "drop_ios" : 0,
        "slat_ns" : {
          "min" : 0,
          "max" : 0,
          "mean" : 0.000000,
          "stddev" : 0.000000
        },
        "clat_ns" : {
          "min" : 0,
          "max" : 0,
          "mean" : 0.000000,
          "stddev" : 0.000000,
          "percentile" : {
            "1.000000" : 0,
            "5.000000" : 0,
            "10.000000" : 0,
            "20.000000" : 0,
            "30.000000" : 0,
            "40.000000" : 0,
            "50.000000" : 0,
            "60.000000" : 0,
            "70.000000" : 0,
            "80.000000" : 0,
            "90.000000" : 0,
            "95.000000" : 0,
            "99.000000" : 0,
            "99.500000" : 0,
            "99.900000" : 0,
            "99.950000" : 0,
            "99.990000" : 0,
            "0.00" : 0,
            "0.00" : 0,
            "0.00" : 0
          }
        },
        "lat_ns" : {
          "min" : 0,
          "max" : 0,
          "mean" : 0.000000,
          "stddev" : 0.000000
        },
        "bw_min" : 0,
        "bw_max" : 0,
        "bw_agg" : 0.000000,
        "bw_mean" : 0.000000,
        "bw_dev" : 0.000000,
        "bw_samples" : 0,
        "iops_min" : 0,
        "iops_max" : 0,
        "iops_mean" : 0.000000,
        "iops_stddev" : 0.000000,
        "iops_samples" : 0
      },
      "usr_cpu" : 0.050808,
      "sys_cpu" : 0.020407,
      "ctx" : 1425,
      "majf" : 0,
      "minf" : 74,
      "iodepth_level" : {
        "1" : 100.000000,
        "2" : 0.000000,
        "4" : 0.000000,
        "8" : 0.000000,
        "16" : 0.000000,
        "32" : 0.000000,
        ">=64" : 0.000000
      },
      "latency_ns" : {
        "2" : 0.000000,
        "4" : 0.000000,
        "10" : 0.000000,
        "20" : 0.000000,
        "50" : 0.000000,
        "100" : 0.000000,
        "250" : 0.000000,
        "500" : 0.000000,
        "750" : 0.000000,
        "1000" : 0.000000
      },
      "latency_us" : {
        "2" : 0.000000,
        "4" : 0.000000,
        "10" : 0.000000,
        "20" : 0.000000,
        "50" : 0.000000,
        "100" : 0.000000,
        "250" : 0.000000,
        "500" : 0.000000,
        "750" : 0.000000,
        "1000" : 0.000000
      },
      "latency_ms" : {
        "2" : 0.000000,
        "4" : 0.000000,
        "10" : 0.000000,
        "20" : 0.000000,
        "50" : 0.000000,
        "100" : 4.519369,
        "250" : 92.898135,
        "500" : 2.582496,
        "750" : 0.000000,
        "1000" : 0.000000,
        "2000" : 0.000000,
        ">=2000" : 0.000000
      },
      "latency_depth" : 1,
      "latency_target" : 0,
      "latency_percentile" : 100.000000,
      "latency_window" : 0
    }
  ],
  "disk_util" : [
    {
      "name" : "md5",
      "read_ios" : 91,
      "write_ios" : 1392,
      "read_merges" : 0,
      "write_merges" : 0,
      "read_ticks" : 0,
      "write_ticks" : 0,
      "in_queue" : 0,
      "util" : 0.000000,
      "aggr_read_ios" : 358,
      "aggr_write_ios" : 1636,
      "aggr_read_merges" : 2,
      "aggr_write_merge" : 0,
      "aggr_read_ticks" : 5734,
      "aggr_write_ticks" : 25147,
      "aggr_in_queue" : 30881,
      "aggr_util" : 44.851077
    },
    {
      "name" : "sdf",
      "read_ios" : 345,
      "write_ios" : 1625,
      "read_merges" : 3,
      "write_merges" : 0,
      "read_ticks" : 6016,
      "write_ticks" : 21308,
      "in_queue" : 27324,
      "util" : 37.174918
    },
    {
      "name" : "sdd",
      "read_ios" : 356,
      "write_ios" : 1637,
      "read_merges" : 3,
      "write_merges" : 0,
      "read_ticks" : 5796,
      "write_ticks" : 27052,
      "in_queue" : 32860,