{
  "fio version" : "fio-3.1",
  "timestamp" : 1584891857,
  "timestamp_ms" : 1584891857780,
  "time" : "Sun Mar 22 16:44:17 2020",
  "jobs" : [
    {
      "jobname" : "iotest",
      "groupid" : 0,
      "error" : 0,
      "eta" : 0,
      "elapsed" : 61,
      "job options" : {
        "rw" : "randwrite",
        "bs" : "4k",
        "ioengine" : "libaio",
        "iodepth" : "32",
        "direct" : "1",
        "invalidate" : "1",
        "refill_buffers" : "1",
        "runtime" : "60",
        "numjobs" : "8",
        "group_reporting" : "1",
        "write_bw_log" : "/fio/raid5/randwrite-iodepth-32-numjobs-8",
        "write_lat_log" : "/fio/raid5/randwrite-iodepth-32-numjobs-8",
        "write_iops_log" : "/fio/raid5/randwrite-iodepth-32-numjobs-8",
        "log_avg_msec" : "500",
        "filename" : "/dev/md127"
      },
      "read" : {
        "io_bytes" : 0,
        "io_kbytes" : 0,
        "bw" : 0,
        "iops" : 0.000000,
        "runtime" : 0,
        "total_ios" : 0,
        "short_ios" : 0,
        "drop_ios" : 0,
        "slat_ns" : {
          "min" : 0,
          "max" : 0,
          "mean" : 0.000000,
          "stddev" : 0.000000
        },
        "clat_ns" : {
          "min" : 0,
          "max" : 0,
          "mean" : 0.000000,
          "stddev" : 0.000000,
          "percentile" : {
            "1.000000" : 0,
            "5.000000" : 0,
            "10.000000" : 0,
            "20.000000" : 0,
            "30.000000" : 0,
            "40.000000" : 0,
            "50.000000" : 0,
            "60.000000" : 0,
            "70.000000" : 0,
            "80.000000" : 0,
            "90.000000" : 0,
            "95.000000" : 0,
            "99.000000" : 0,
            "99.500000" : 0,
            "99.900000" : 0,
            "99.950000" : 0,
            "99.990000" : 0,
            "0.00" : 0,
            "0.00" : 0,
            "0.00" : 0
          }
        },
        "lat_ns" : {
          "min" : 0,
          "max" : 0,
          "mean" : 0.000000,
          "stddev" : 0.000000
        },
        "bw_min" : 0,
        "bw_max" : 0,
        "bw_agg" : 0.000000,
        "bw_mean" : 0.000000,
        "bw_dev" : 0.000000,
        "bw_samples" : 0,
        "iops_min" : 0,
        "iops_max" : 0,
        "iops_mean" : 0.000000,
        "iops_stddev" : 0.000000,
        "iops_samples" : 0
      },
      "write" : {
        "io_bytes" : 20525056,
        "io_kbytes" : 20044,
        "bw" : 332,
        "iops" : 83.127354,
        "runtime" : 60281,
        "total_ios" : 5011,
        "short_ios" : 0,
        "drop_ios" : 0,
        "slat_ns" : {
          "min" : 3721,
          "max" : 22014384,
          "mean" : 27726.357214,
          "stddev" : 544969.342979
        },
        "clat_ns" : {
          "min" : 209933589,
          "max" : 4352496661,
          "mean" : 3073653007.037518,
          "stddev" : 697650256.294165,
          "percentile" : {
            "1.000000" : 742391808,
            "5.000000" : 2038431744,
            "10.000000" : 2197815296,
            "20.000000" : 2399141888,
            "30.000000" : 2701131776,
            "40.000000" : 3036676096,
            "50.000000" : 3238002688,
            "60.000000" : 3439329280,
            "70.000000" : 3573547008,
            "80.000000" : 3707764736,
            "90.000000" : 3841982464,
            "95.000000" : 3942645760,
            "99.000000" : 4076863488,
            "99.500000" : 4211081216,
            "99.900000" : 4328521728,
            "99.950000" : 4328521728,
            "99.990000" : 4328521728,
            "0.00" : 0,
            "0.00" : 0,
            "0.00" : 0
          }
        },
        "lat_ns" : {
          "min" : 209938444,
          "max" : 4352502475,
          "mean" : 3073681330.222509,
          "stddev" : 697609432.526697
        },
        "bw_min" : 7,
        "bw_max" : 257,
        "bw_agg" : 14.020218,
        "bw_mean" : 46.547124,
        "bw_dev" : 43.829919,
        "bw_samples" : 817,
        "iops_min" : 1,
        "iops_max" : 64,
        "iops_mean" : 11.597307,
        "iops_stddev" : 10.932867,
        "iops_samples" : 817
      },
      "trim" : {
        "io_bytes" : 0,
        "io_kbytes" : 0,
        "bw" : 0,
        "iops" : 0.000000,
        "runtime" : 0,
        "total_ios" : 0,
        "short_ios" : 0,
        "drop_ios" : 0,
        "slat_ns" : {
          "min" : 0,
          "max" : 0,
          "mean" : 0.000000,
          "stddev" : 0.000000
        },
        "clat_ns" : {
          "min" : 0,
          "max" : 0,
          "mean" : 0.000000,
          "stddev" : 0.000000,
          "percentile" : {
            "1.000000" : 0,
            "5.000000" : 0,
            "10.000000" : 0,
            "20.000000" : 0,
            "30.000000" : 0,
            "40.000000" : 0,
            "50.000000" : 0,
            "60.000000" : 0,
            "70.000000" : 0,
            "80.000000" : 0,
            "90.000000" : 0,
            "95.000000" : 0,
            "99.000000" : 0,
            "99.500000" : 0,
            "99.900000" : 0,
            "99.950000" : 0,
            "99.990000" : 0,
            "0.00" : 0,
            "0.00" : 0,
            "0.00" : 0
          }
        },
        "lat_ns" : {
          "min" : 0,
          "max" : 0,
          "mean" : 0.000000,
          "stddev" : 0.000000
        },
        "bw_min" : 0,
        "bw_max" : 0,
        "bw_agg" : 0.000000,
        "bw_mean" : 0.000000,
        "bw_dev" : 0.000000,
        "bw_samples" : 0,
        "iops_min" : 0,
        "iops_max" : 0,
        "iops_mean" : 0.000000,
        "iops_stddev" : 0.000000,
        "iops_samples" : 0
      },
      "usr_cpu" : 0.047725,
      "sys_cpu" : 0.015978,
      "ctx" : 3455,
      "majf" : 0,
      "minf" : 152,
      "iodepth_level" : {
        "1" : 0.159649,
        "2" : 0.319298,
        "4" : 0.638595,
        "8" : 1.277190,
        "16" : 2.554380,
        "32" : 95.050888,
        ">=64" : 0.000000
      },
      "latency_ns" : {
        "2" : 0.000000,
        "4" : 0.000000,
        "10" : 0.000000,
        "20" : 0.000000,
        "50" : 0.000000,
        "100" : 0.000000,
        "250" : 0.000000,
        "500" : 0.000000,
        "750" : 0.000000,
        "1000" : 0.000000
      },
      "latency_us" : {
        "2" : 0.000000,
        "4" : 0.000000,
        "10" : 0.000000,
        "20" : 0.000000,
        "50" : 0.000000,
        "100" : 0.000000,
        "250" : 0.000000,
        "500" : 0.000000,
        "750" : 0.000000,
        "1000" : 0.000000
      },
      "latency_ms" : {
        "2" : 0.000000,
        "4" : 0.000000,
        "10" : 0.000000,
        "20" : 0.000000,
        "50" : 0.000000,
        "100" : 0.000000,
        "250" : 0.059868,
        "500" : 0.199561,
        "750" : 0.818200,
        "1000" : 0.259429,
        "2000" : 3.332668,
        ">=2000" : 95.330273
      },
      "latency_depth" : 32,
      "latency_target" : 0,
      "latency_percentile" : 100.000000,
      "latency_window" : 0
    }
  ],
  "disk_util" : [
    {
      "name" : "md127",
      "read_ios" : 96,
      "write_ios" : 5011,
      "read_merges" : 0,
      "write_merges" : 0,
      "read_ticks" : 0,
      "write_ticks" : 0,
      "in_queue" : 0,
      "util" : 0.000000,
      "aggr_read_ios" : 1267,
      "aggr_write_ios" : 2132,
      "aggr_read_merges" : 0,
      "aggr_write_merge" : 0,
      "aggr_read_ticks" : 157863,
      "aggr_write_ticks" : 115633,
      "aggr_in_queue" : 273494,
      "aggr_util" : 74.918899
    },
    {
      "name" : "sdf",
      "read_ios" : 1297,
      "write_ios" : 2157,
      "read_merges" : 0,
      "write_merges" : 0,
      "read_ticks" : 180364,
      "write_ticks" : 141472,
      "in_queue" : 321836,
      "util" : 69.649415
    },
    {
      "name" : "sdd",
      "read_ios" : 1242,
      "write_ios" : 2115,
      "read_merges" : 0,
      "write_merges" : 0,
      "read_ticks" : 167176,
      "write_ticks" : 133260,