{
  "fio version" : "fio-3.1",
  "timestamp" : 1584888285,
  "timestamp_ms" : 1584888285138,
  "time" : "Sun Mar 22 15:44:45 2020",
  "jobs" : [
    {
      "jobname" : "iotest",
      "groupid" : 0,
      "error" : 0,
      "eta" : 0,
      "elapsed" : 61,
      "job options" : {
        "rw" : "randread",
        "bs" : "4k",
        "ioengine" : "libaio",
        "iodepth" : "16",
        "direct" : "1",
        "invalidate" : "1",
        "refill_buffers" : "1",
        "runtime" : "60",
        "numjobs" : "4",
        "group_reporting" : "1",
        "write_bw_log" : "/fio/raid5/randread-iodepth-16-numjobs-4",
        "write_lat_log" : "/fio/raid5/randread-iodepth-16-numjobs-4",
        "write_iops_log" : "/fio/raid5/randread-iodepth-16-numjobs-4",
        "log_avg_msec" : "500",
        "filename" : "/dev/md127"
      },
      "read" : {
        "io_bytes" : 167915520,
        "io_kbytes" : 163980,
        "bw" : 2723,
        "iops" : 680.900892,
        "runtime" : 60207,
        "total_ios" : 40995,
        "short_ios" : 0,
        "drop_ios" : 0,
        "slat_ns" : {
          "min" : 7245,
          "max" : 241308,
          "mean" : 31831.855885,
          "stddev" : 4839.326867
        },
        "clat_ns" : {
          "min" : 2885026,
          "max" : 1259300639,
          "mean" : 93809826.604976,
          "stddev" : 108782096.069334,
          "percentile" : {
            "1.000000" : 8978432,
            "5.000000" : 13041664,
            "10.000000" : 16449536,
            "20.000000" : 22937600,
            "30.000000" : 30539776,
            "40.000000" : 40108032,
            "50.000000" : 53739520,
            "60.000000" : 72876032,
            "70.000000" : 100139008,
            "80.000000" : 141557760,
            "90.000000" : 221249536,
            "95.000000" : 308281344,
            "99.000000" : 541065216,
            "99.500000" : 641728512,
            "99.900000" : 884998144,
            "99.950000" : 968884224,
            "99.990000" : 1035993088,
            "0.00" : 0,
            "0.00" : 0,
            "0.00" : 0
          }
        },
        "lat_ns" : {
          "min" : 2919213,
          "max" : 1259324117,
          "mean" : 93842679.007489,
          "stddev" : 108781925.347914
        },
        "bw_min" : 395,
        "bw_max" : 993,
        "bw_agg" : 25.162122,
        "bw_mean" : 685.164583,
        "bw_dev" : 86.635439,
        "bw_samples" : 480,
        "iops_min" : 98,
        "iops_max" : 248,
        "iops_mean" : 171.060417,
        "iops_stddev" : 21.607103,
        "iops_samples" : 480
      },
      "write" : {
        "io_bytes" : 0,
        "io_kbytes" : 0,
        "bw" : 0,
        "iops" : 0.000000,
        "runtime" : 0,
        "total_ios" : 0,
        "short_ios" : 0,
        "drop_ios" : 0,
        "slat_ns" : {
          "min" : 0,
          "max" : 0,
          "mean" : 0.000000,
          "stddev" : 0.000000
        },
        "clat_ns" : {
          "min" : 0,
          "max" : 0,
          "mean" : 0.000000,
          "stddev" : 0.000000,
          "percentile" : {
            "1.000000" : 0,
            "5.000000" : 0,
            "10.000000" : 0,
            "20.000000" : 0,
            "30.000000" : 0,
            "40.000000" : 0,
            "50.000000" : 0,
            "60.000000" : 0,
            "70.000000" : 0,
            "80.000000" : 0,
            "90.000000" : 0,
            "95.000000" : 0,
            "99.000000" : 0,
            "99.500000" : 0,
            "99.900000" : 0,
            "99.950000" : 0,
            "99.990000" : 0,
            "0.00" : 0,
            "0.00" : 0,
            "0.00" : 0
          }
        },
        "lat_ns" : {
          "min" : 0,
          "max" : 0,
          "mean" : 0.000000,
          "stddev" : 0.000000
        },
        "bw_min" : 0,
        "bw_max" : 0,
        "bw_agg" : 0.000000,
        "bw_mean" : 0.000000,
        "bw_dev" : 0.000000,
        "bw_samples" : 0,
        "iops_min" : 0,
        "iops_max" : 0,
        "iops_mean" : 0.000000,
        "iops_stddev" : 0.000000,
        "iops_samples" : 0
      },
      "trim" : {
        "io_bytes" : 0,
        "io_kbytes" : 0,
        "bw" : 0,
        "iops" : 0.000000,
        "runtime" : 0,
        "total_ios" : 0,
        "short_ios" : 0,
        "drop_ios" : 0,
        "slat_ns" : {
          "min" : 0,
          "max" : 0,
          "mean" : 0.000000,
          "stddev" : 0.000000
        },
        "clat_ns" : {
          "min" : 0,
          "max" : 0,
          "mean" : 0.000000,
          "stddev" : 0.000000,
          "percentile" : {
            "1.000000" : 0,
            "5.000000" : 0,
            "10.000000" : 0,
            "20.000000" : 0,
            "30.000000" : 0,
            "40.000000" : 0,
            "50.000000" : 0,
            "60.000000" : 0,
            "70.000000" : 0,
            "80.000000" : 0,
            "90.000000" : 0,
            "95.000000" : 0,
            "99.000000" : 0,
            "99.500000" : 0,
            "99.900000" : 0,
            "99.950000" : 0,
            "99.990000" : 0,
            "0.00" : 0,
            "0.00" : 0,
            "0.00" : 0
          }
        },
        "lat_ns" : {
          "min" : 0,
          "max" : 0,
          "mean" : 0.000000,
          "stddev" : 0.000000
        },
        "bw_min" : 0,
        "bw_max" : 0,
        "bw_agg" : 0.000000,
        "bw_mean" : 0.000000,
        "bw_dev" : 0.000000,
        "bw_samples" : 0,
        "iops_min" : 0,
        "iops_max" : 0,
        "iops_mean" : 0.000000,
        "iops_stddev" : 0.000000,
        "iops_samples" : 0
      },
      "usr_cpu" : 0.312823,
      "sys_cpu" : 0.811762,
      "ctx" : 40572,
      "majf" : 0,
      "minf" : 137,
      "iodepth_level" : {
        "1" : 0.100000,
        "2" : 0.100000,
        "4" : 0.100000,
        "8" : 0.100000,
        "16" : 99.853641,
        "32" : 0.000000,
        ">=64" : 0.000000
      },
      "latency_ns" : {
        "2" : 0.000000,
        "4" : 0.000000,
        "10" : 0.000000,
        "20" : 0.000000,
        "50" : 0.000000,
        "100" : 0.000000,
        "250" : 0.000000,
        "500" : 0.000000,
        "750" : 0.000000,
        "1000" : 0.000000
      },
      "latency_us" : {
        "2" : 0.000000,
        "4" : 0.000000,
        "10" : 0.000000,
        "20" : 0.000000,
        "50" : 0.000000,
        "100" : 0.000000,
        "250" : 0.000000,
        "500" : 0.000000,
        "750" : 0.000000,
        "1000" : 0.000000
      },
      "latency_ms" : {
        "2" : 0.000000,
        "4" : 0.012197,
        "10" : 1.636785,
        "20" : 13.909013,
        "50" : 31.974631,
        "100" : 22.522259,
        "250" : 22.095377,
        "500" : 6.588608,
        "750" : 1.019637,
        "1000" : 0.200024,
        "2000" : 0.041468,
        ">=2000" : 0.000000
      },
      "latency_depth" : 16,
      "latency_target" : 0,
      "latency_percentile" : 100.000000,
      "latency_window" : 0
    }
  ],
  "disk_util" : [
    {
      "name" : "md127",
      "read_ios" : 40995,
      "write_ios" : 0,
      "read_merges" : 0,
      "write_merges" : 0,
      "read_ticks" : 0,
      "write_ticks" : 0,
      "in_queue" : 0,
      "util" : 0.000000,
      "aggr_read_ios" : 5124,
      "aggr_write_ios" : 0,
      "aggr_read_merges" : 0,
      "aggr_write_merge" : 0,
      "aggr_read_ticks" : 479939,
      "aggr_write_ticks" : 0,
      "aggr_in_queue" : 479932,
      "aggr_util" : 98.753348
    },
    {
      "name" : "sdf",
      "read_ios" : 5114,
      "write_ios" : 0,
      "read_merges" : 0,
      "write_merges" : 0,
      "read_ticks" : 563920,
      "write_ticks" : 0,
      "in_queue" : 563912,
      "util" : 97.721335
    },
    {
      "name" : "sdd",
      "read_ios" : 5039,
      "write_ios" : 0,
      "read_merges" : 0,
      "write_merges" : 0,
      "read_ticks" : 597680,
      "write_ticks" : 0,
      "in_queue" : 597680,