{
  "fio version" : "fio-3.1",
  "timestamp" : 1584887161,
  "timestamp_ms" : 1584887161267,
  "time" : "Sun Mar 22 15:26:01 2020",
  "jobs" : [
    {
      "jobname" : "iotest",
      "groupid" : 0,
      "error" : 0,
      "eta" : 0,
      "elapsed" : 63,
      "job options" : {
        "rw" : "randread",
        "bs" : "4k",
        "ioengine" : "libaio",
        "iodepth" : "2",
        "direct" : "1",
        "invalidate" : "1",
        "refill_buffers" : "1",
        "runtime" : "60",
        "numjobs" : "32",
        "group_reporting" : "1",
        "write_bw_log" : "/fio/raid5/randread-iodepth-2-numjobs-32",
        "write_lat_log" : "/fio/raid5/randread-iodepth-2-numjobs-32",
        "write_iops_log" : "/fio/raid5/randread-iodepth-2-numjobs-32",
        "log_avg_msec" : "500",
        "filename" : "/dev/md127"
      },
      "read" : {
        "io_bytes" : 165015552,
        "io_kbytes" : 161148,
        "bw" : 2677,
        "iops" : 669.341574,
        "runtime" : 60189,
        "total_ios" : 40287,
        "short_ios" : 0,
        "drop_ios" : 0,
        "slat_ns" : {
          "min" : 7871,
          "max" : 6916584,
          "mean" : 33435.673120,
          "stddev" : 34693.206644
        },
        "clat_ns" : {
          "min" : 2774232,
          "max" : 1041040030,
          "mean" : 94716931.383076,
          "stddev" : 104480555.706475,
          "percentile" : {
            "1.000000" : 9109504,
            "5.000000" : 13434880,
            "10.000000" : 16908288,
            "20.000000" : 23724032,
            "30.000000" : 32112640,
            "40.000000" : 43253760,
            "50.000000" : 56885248,
            "60.000000" : 76021760,
            "70.000000" : 103284736,
            "80.000000" : 145752064,
            "90.000000" : 223346688,
            "95.000000" : 304087040,
            "99.000000" : 505413632,
            "99.500000" : 599785472,
            "99.900000" : 843055104,
            "99.950000" : 943718400,
            "99.990000" : 1027604480,
            "0.00" : 0,
            "0.00" : 0,
            "0.00" : 0
          }
        },
        "lat_ns" : {
          "min" : 2806004,
          "max" : 1041073029,
          "mean" : 94751479.942885,
          "stddev" : 104480392.812918
        },
        "bw_min" : 8,
        "bw_max" : 320,
        "bw_agg" : 3.154769,
        "bw_mean" : 84.453166,
        "bw_dev" : 29.055250,
        "bw_samples" : 3822,
        "iops_min" : 2,
        "iops_max" : 80,
        "iops_mean" : 21.030351,
        "iops_stddev" : 7.216843,
        "iops_samples" : 3822
      },
      "write" : {
        "io_bytes" : 0,
        "io_kbytes" : 0,
        "bw" : 0,
        "iops" : 0.000000,
        "runtime" : 0,
        "total_ios" : 0,
        "short_ios" : 0,
        "drop_ios" : 0,
        "slat_ns" : {
          "min" : 0,
          "max" : 0,
          "mean" : 0.000000,
          "stddev" : 0.000000
        },
        "clat_ns" : {
          "min" : 0,
          "max" : 0,
          "mean" : 0.000000,
          "stddev" : 0.000000,
          "percentile" : {
            "1.000000" : 0,
            "5.000000" : 0,
            "10.000000" : 0,
            "20.000000" : 0,
            "30.000000" : 0,
            "40.000000" : 0,
            "50.000000" : 0,
            "60.000000" : 0,
            "70.000000" : 0,
            "80.000000" : 0,
            "90.000000" : 0,
            "95.000000" : 0,
            "99.000000" : 0,
            "99.500000" : 0,
            "99.900000" : 0,
            "99.950000" : 0,
            "99.990000" : 0,
            "0.00" : 0,
            "0.00" : 0,
            "0.00" : 0
          }
        },
        "lat_ns" : {
          "min" : 0,
          "max" : 0,
          "mean" : 0.000000,
          "stddev" : 0.000000
        },
        "bw_min" : 0,
        "bw_max" : 0,
        "bw_agg" : 0.000000,
        "bw_mean" : 0.000000,
        "bw_dev" : 0.000000,
        "bw_samples" : 0,
        "iops_min" : 0,
        "iops_max" : 0,
        "iops_mean" : 0.000000,
        "iops_stddev" : 0.000000,
        "iops_samples" : 0
      },
      "trim" : {
        "io_bytes" : 0,
        "io_kbytes" : 0,
        "bw" : 0,
        "iops" : 0.000000,
        "runtime" : 0,
        "total_ios" : 0,
        "short_ios" : 0,
        "drop_ios" : 0,
        "slat_ns" : {
          "min" : 0,
          "max" : 0,
          "mean" : 0.000000,
          "stddev" : 0.000000
        },
        "clat_ns" : {
          "min" : 0,
          "max" : 0,
          "mean" : 0.000000,
          "stddev" : 0.000000,
          "percentile" : {
            "1.000000" : 0,
            "5.000000" : 0,
            "10.000000" : 0,
            "20.000000" : 0,
            "30.000000" : 0,
            "40.000000" : 0,
            "50.000000" : 0,
            "60.000000" : 0,
            "70.000000" : 0,
            "80.000000" : 0,
            "90.000000" : 0,
            "95.000000" : 0,
            "99.000000" : 0,
            "99.500000" : 0,
            "99.900000" : 0,
            "99.950000" : 0,
            "99.990000" : 0,
            "0.00" : 0,
            "0.00" : 0,
            "0.00" : 0
          }
        },
        "lat_ns" : {
          "min" : 0,
          "max" : 0,
          "mean" : 0.000000,
          "stddev" : 0.000000
        },
        "bw_min" : 0,
        "bw_max" : 0,
        "bw_agg" : 0.000000,
        "bw_mean" : 0.000000,
        "bw_dev" : 0.000000,
        "bw_samples" : 0,
        "iops_min" : 0,
        "iops_max" : 0,
        "iops_mean" : 0.000000,
        "iops_stddev" : 0.000000,
        "iops_samples" : 0
      },
      "usr_cpu" : 0.082406,
      "sys_cpu" : 0.101395,
      "ctx" : 40778,
      "majf" : 0,
      "minf" : 763,
      "iodepth_level" : {
        "1" : 0.100000,
        "2" : 99.920570,
        "4" : 0.000000,
        "8" : 0.000000,
        "16" : 0.000000,
        "32" : 0.000000,
        ">=64" : 0.000000
      },
      "latency_ns" : {
        "2" : 0.000000,
        "4" : 0.000000,
        "10" : 0.000000,
        "20" : 0.000000,
        "50" : 0.000000,
        "100" : 0.000000,
        "250" : 0.000000,
        "500" : 0.000000,
        "750" : 0.000000,
        "1000" : 0.000000
      },
      "latency_us" : {
        "2" : 0.000000,
        "4" : 0.000000,
        "10" : 0.000000,
        "20" : 0.000000,
        "50" : 0.000000,
        "100" : 0.000000,
        "250" : 0.000000,
        "500" : 0.000000,
        "750" : 0.000000,
        "1000" : 0.000000
      },
      "latency_ms" : {
        "2" : 0.000000,
        "4" : 0.010000,
        "10" : 1.514136,
        "20" : 13.103483,
        "50" : 30.826321,
        "100" : 23.615558,
        "250" : 23.042172,
        "500" : 6.850845,
        "750" : 0.888624,
        "1000" : 0.114181,
        "2000" : 0.037233,
        ">=2000" : 0.000000
      },
      "latency_depth" : 2,
      "latency_target" : 0,
      "latency_percentile" : 100.000000,
      "latency_window" : 0
    }
  ],
  "disk_util" : [
    {
      "name" : "md127",
      "read_ios" : 40287,
      "write_ios" : 0,
      "read_merges" : 0,
      "write_merges" : 0,
      "read_ticks" : 0,
      "write_ticks" : 0,
      "in_queue" : 0,
      "util" : 0.000000,
      "aggr_read_ios" : 5035,
      "aggr_write_ios" : 0,
      "aggr_read_merges" : 0,
      "aggr_write_merge" : 0,
      "aggr_read_ticks" : 477019,
      "aggr_write_ticks" : 0,
      "aggr_in_queue" : 477014,
      "aggr_util" : 96.011346
    },
    {
      "name" : "sdf",
      "read_ios" : 4965,
      "write_ios" : 0,
      "read_merges" : 0,
      "write_merges" : 0,
      "read_ticks" : 461156,
      "write_ticks" : 0,
      "in_queue" : 461140,
      "util" : 95.070184
    },
    {
      "name" : "sdd",
      "read_ios" : 5114,
      "write_ios" : 0,
      "read_merges" : 0,
      "write_merges" : 0,
      "read_ticks" : 694484,
      "write_ticks" : 0,
      "in_queue" : 694484,