{
  "fio version" : "fio-3.1",
  "timestamp" : 1584887098,
  "timestamp_ms" : 1584887098239,
  "time" : "Sun Mar 22 15:24:58 2020",
  "jobs" : [
    {
      "jobname" : "iotest",
      "groupid" : 0,
      "error" : 0,
      "eta" : 0,
      "elapsed" : 62,
      "job options" : {
        "rw" : "randread",
        "bs" : "4k",
        "ioengine" : "libaio",
        "iodepth" : "2",
        "direct" : "1",
        "invalidate" : "1",
        "refill_buffers" : "1",
        "runtime" : "60",
        "numjobs" : "16",
        "group_reporting" : "1",
        "write_bw_log" : "/fio/raid5/randread-iodepth-2-numjobs-16",
        "write_lat_log" : "/fio/raid5/randread-iodepth-2-numjobs-16",
        "write_iops_log" : "/fio/raid5/randread-iodepth-2-numjobs-16",
        "log_avg_msec" : "500",
        "filename" : "/dev/md127"
      },
      "read" : {
        "io_bytes" : 140984320,
        "io_kbytes" : 137680,
        "bw" : 2292,
        "iops" : 573.084031,
        "runtime" : 60061,
        "total_ios" : 34420,
        "short_ios" : 0,
        "drop_ios" : 0,
        "slat_ns" : {
          "min" : 10477,
          "max" : 285484,
          "mean" : 32793.860866,
          "stddev" : 5859.120024
        },
        "clat_ns" : {
          "min" : 3363908,
          "max" : 726725114,
          "mean" : 55579354.130941,
          "stddev" : 59086372.243816,
          "percentile" : {
            "1.000000" : 8028160,
            "5.000000" : 11599872,
            "10.000000" : 14090240,
            "20.000000" : 18219008,
            "30.000000" : 22675456,
            "40.000000" : 28180480,
            "50.000000" : 34865152,
            "60.000000" : 43778048,
            "70.000000" : 57409536,
            "80.000000" : 79167488,
            "90.000000" : 122159104,
            "95.000000" : 170917888,
            "99.000000" : 299892736,
            "99.500000" : 358612992,
            "99.900000" : 509607936,
            "99.950000" : 557842432,
            "99.990000" : 666894336,
            "0.00" : 0,
            "0.00" : 0,
            "0.00" : 0
          }
        },
        "lat_ns" : {
          "min" : 3396133,
          "max" : 726757930,
          "mean" : 55613190.839628,
          "stddev" : 59086299.668361
        },
        "bw_min" : 32,
        "bw_max" : 265,
        "bw_agg" : 6.271167,
        "bw_mean" : 143.735141,
        "bw_dev" : 37.063505,
        "bw_samples" : 1918,
        "iops_min" : 8,
        "iops_max" : 66,
        "iops_mean" : 35.778936,
        "iops_stddev" : 9.217770,
        "iops_samples" : 1918
      },
      "write" : {
        "io_bytes" : 0,
        "io_kbytes" : 0,
        "bw" : 0,
        "iops" : 0.000000,
        "runtime" : 0,
        "total_ios" : 0,
        "short_ios" : 0,
        "drop_ios" : 0,
        "slat_ns" : {
          "min" : 0,
          "max" : 0,
          "mean" : 0.000000,
          "stddev" : 0.000000
        },
        "clat_ns" : {
          "min" : 0,
          "max" : 0,
          "mean" : 0.000000,
          "stddev" : 0.000000,
          "percentile" : {
            "1.000000" : 0,
            "5.000000" : 0,
            "10.000000" : 0,
            "20.000000" : 0,
            "30.000000" : 0,
            "40.000000" : 0,
            "50.000000" : 0,
            "60.000000" : 0,
            "70.000000" : 0,
            "80.000000" : 0,
            "90.000000" : 0,
            "95.000000" : 0,
            "99.000000" : 0,
            "99.500000" : 0,
            "99.900000" : 0,
            "99.950000" : 0,
            "99.990000" : 0,
            "0.00" : 0,
            "0.00" : 0,
            "0.00" : 0
          }
        },
        "lat_ns" : {
          "min" : 0,
          "max" : 0,
          "mean" : 0.000000,
          "stddev" : 0.000000
        },
        "bw_min" : 0,
        "bw_max" : 0,
        "bw_agg" : 0.000000,
        "bw_mean" : 0.000000,
        "bw_dev" : 0.000000,
        "bw_samples" : 0,
        "iops_min" : 0,
        "iops_max" : 0,
        "iops_mean" : 0.000000,
        "iops_stddev" : 0.000000,
        "iops_samples" : 0
      },
      "trim" : {
        "io_bytes" : 0,
        "io_kbytes" : 0,
        "bw" : 0,
        "iops" : 0.000000,
        "runtime" : 0,
        "total_ios" : 0,
        "short_ios" : 0,
        "drop_ios" : 0,
        "slat_ns" : {
          "min" : 0,
          "max" : 0,
          "mean" : 0.000000,
          "stddev" : 0.000000
        },
        "clat_ns" : {
          "min" : 0,
          "max" : 0,
          "mean" : 0.000000,
          "stddev" : 0.000000,
          "percentile" : {
            "1.000000" : 0,
            "5.000000" : 0,
            "10.000000" : 0,
            "20.000000" : 0,
            "30.000000" : 0,
            "40.000000" : 0,
            "50.000000" : 0,
            "60.000000" : 0,
            "70.000000" : 0,
            "80.000000" : 0,
            "90.000000" : 0,
            "95.000000" : 0,
            "99.000000" : 0,
            "99.500000" : 0,
            "99.900000" : 0,
            "99.950000" : 0,
            "99.990000" : 0,
            "0.00" : 0,
            "0.00" : 0,
            "0.00" : 0
          }
        },
        "lat_ns" : {
          "min" : 0,
          "max" : 0,
          "mean" : 0.000000,
          "stddev" : 0.000000
        },
        "bw_min" : 0,
        "bw_max" : 0,
        "bw_agg" : 0.000000,
        "bw_mean" : 0.000000,
        "bw_dev" : 0.000000,
        "bw_samples" : 0,
        "iops_min" : 0,
        "iops_max" : 0,
        "iops_mean" : 0.000000,
        "iops_stddev" : 0.000000,
        "iops_samples" : 0
      },
      "usr_cpu" : 0.106718,
      "sys_cpu" : 0.168042,
      "ctx" : 34548,
      "majf" : 0,
      "minf" : 395,
      "iodepth_level" : {
        "1" : 0.100000,
        "2" : 99.953515,
        "4" : 0.000000,
        "8" : 0.000000,
        "16" : 0.000000,
        "32" : 0.000000,
        ">=64" : 0.000000
      },
      "latency_ns" : {
        "2" : 0.000000,
        "4" : 0.000000,
        "10" : 0.000000,
        "20" : 0.000000,
        "50" : 0.000000,
        "100" : 0.000000,
        "250" : 0.000000,
        "500" : 0.000000,
        "750" : 0.000000,
        "1000" : 0.000000
      },
      "latency_us" : {
        "2" : 0.000000,
        "4" : 0.000000,
        "10" : 0.000000,
        "20" : 0.000000,
        "50" : 0.000000,
        "100" : 0.000000,
        "250" : 0.000000,
        "500" : 0.000000,
        "750" : 0.000000,
        "1000" : 0.000000
      },
      "latency_ms" : {
        "2" : 0.000000,
        "4" : 0.014526,
        "10" : 2.803603,
        "20" : 21.130157,
        "50" : 41.054619,
        "100" : 20.764091,
        "250" : 12.472400,
        "500" : 1.647298,
        "750" : 0.113306,
        "1000" : 0.000000,
        "2000" : 0.000000,
        ">=2000" : 0.000000
      },
      "latency_depth" : 2,
      "latency_target" : 0,
      "latency_percentile" : 100.000000,
      "latency_window" : 0
    }
  ],
  "disk_util" : [
    {
      "name" : "md127",
      "read_ios" : 34410,
      "write_ios" : 0,
      "read_merges" : 0,
      "write_merges" : 0,
      "read_ticks" : 0,
      "write_ticks" : 0,
      "in_queue" : 0,
      "util" : 0.000000,
      "aggr_read_ios" : 4302,
      "aggr_write_ios" : 0,
      "aggr_read_merges" : 0,
      "aggr_write_merge" : 0,
      "aggr_read_ticks" : 239139,
      "aggr_write_ticks" : 0,
      "aggr_in_queue" : 239145,
      "aggr_util" : 94.115721
    },
    {
      "name" : "sdf",
      "read_ios" : 4233,
      "write_ios" : 0,
      "read_merges" : 0,
      "write_merges" : 0,
      "read_ticks" : 235532,
      "write_ticks" : 0,
      "in_queue" : 235528,
      "util" : 90.285621
    },
    {
      "name" : "sdd",
      "read_ios" : 4366,
      "write_ios" : 0,
      "read_merges" : 0,
      "write_merges" : 0,
      "read_ticks" : 336252,
      "write_ticks" : 0,
      "in_queue" : 336248,