{
  "fio version" : "fio-3.1",
  "timestamp" : 1584892235,
  "timestamp_ms" : 1584892235677,
  "time" : "Sun Mar 22 16:50:35 2020",
  "jobs" : [
    {
      "jobname" : "iotest",
      "groupid" : 0,
      "error" : 0,
      "eta" : 0,
      "elapsed" : 61,
      "job options" : {
        "rw" : "randwrite",
        "bs" : "4k",
        "ioengine" : "libaio",
        "iodepth" : "64",
        "direct" : "1",
        "invalidate" : "1",
        "refill_buffers" : "1",
        "runtime" : "60",
        "numjobs" : "4",
        "group_reporting" : "1",
        "write_bw_log" : "/fio/raid5/randwrite-iodepth-64-numjobs-4",
        "write_lat_log" : "/fio/raid5/randwrite-iodepth-64-numjobs-4",
        "write_iops_log" : "/fio/raid5/randwrite-iodepth-64-numjobs-4",
        "log_avg_msec" : "500",
        "filename" : "/dev/md127"
      },
      "read" : {
        "io_bytes" : 0,
        "io_kbytes" : 0,
        "bw" : 0,
        "iops" : 0.000000,
        "runtime" : 0,
        "total_ios" : 0,
        "short_ios" : 0,
        "drop_ios" : 0,
        "slat_ns" : {
          "min" : 0,
          "max" : 0,
          "mean" : 0.000000,
          "stddev" : 0.000000
        },
        "clat_ns" : {
          "min" : 0,
          "max" : 0,
          "mean" : 0.000000,
          "stddev" : 0.000000,
          "percentile" : {
            "1.000000" : 0,
            "5.000000" : 0,
            "10.000000" : 0,
            "20.000000" : 0,
            "30.000000" : 0,
            "40.000000" : 0,
            "50.000000" : 0,
            "60.000000" : 0,
            "70.000000" : 0,
            "80.000000" : 0,
            "90.000000" : 0,
            "95.000000" : 0,
            "99.000000" : 0,
            "99.500000" : 0,
            "99.900000" : 0,
            "99.950000" : 0,
            "99.990000" : 0,
            "0.00" : 0,
            "0.00" : 0,
            "0.00" : 0
          }
        },
        "lat_ns" : {
          "min" : 0,
          "max" : 0,
          "mean" : 0.000000,
          "stddev" : 0.000000
        },
        "bw_min" : 0,
        "bw_max" : 0,
        "bw_agg" : 0.000000,
        "bw_mean" : 0.000000,
        "bw_dev" : 0.000000,
        "bw_samples" : 0,
        "iops_min" : 0,
        "iops_max" : 0,
        "iops_mean" : 0.000000,
        "iops_stddev" : 0.000000,
        "iops_samples" : 0
      },
      "write" : {
        "io_bytes" : 22249472,
        "io_kbytes" : 21728,
        "bw" : 359,
        "iops" : 89.798482,
        "runtime" : 60491,
        "total_ios" : 5432,
        "short_ios" : 0,
        "drop_ios" : 0,
        "slat_ns" : {
          "min" : 4067,
          "max" : 18882849,
          "mean" : 22381.337445,
          "stddev" : 457105.482189
        },
        "clat_ns" : {
          "min" : 122789688,
          "max" : 3866730118,
          "mean" : 2846909537.521726,
          "stddev" : 461889949.066749,
          "percentile" : {
            "1.000000" : 1019215872,
            "5.000000" : 1971322880,
            "10.000000" : 2365587456,
            "20.000000" : 2600468480,
            "30.000000" : 2734686208,
            "40.000000" : 2835349504,
            "50.000000" : 2902458368,
            "60.000000" : 2969567232,
            "70.000000" : 3070230528,
            "80.000000" : 3170893824,
            "90.000000" : 3338665984,
            "95.000000" : 3506438144,
            "99.000000" : 3707764736,
            "99.500000" : 3741319168,
            "99.900000" : 3841982464,
            "99.950000" : 3875536896,
            "99.990000" : 3875536896,
            "0.00" : 0,
            "0.00" : 0,
            "0.00" : 0
          }
        },
        "lat_ns" : {
          "min" : 122794515,
          "max" : 3866736358,
          "mean" : 2846932469.045653,
          "stddev" : 461852046.783904
        },
        "bw_min" : 8,
        "bw_max" : 370,
        "bw_agg" : 25.362850,
        "bw_mean" : 91.052632,
        "bw_dev" : 69.484266,
        "bw_samples" : 456,
        "iops_min" : 2,
        "iops_max" : 92,
        "iops_mean" : 22.701754,
        "iops_stddev" : 17.278039,
        "iops_samples" : 456
      },
      "trim" : {
        "io_bytes" : 0,
        "io_kbytes" : 0,
        "bw" : 0,
        "iops" : 0.000000,
        "runtime" : 0,
        "total_ios" : 0,
        "short_ios" : 0,
        "drop_ios" : 0,
        "slat_ns" : {
          "min" : 0,
          "max" : 0,
          "mean" : 0.000000,
          "stddev" : 0.000000
        },
        "clat_ns" : {
          "min" : 0,
          "max" : 0,
          "mean" : 0.000000,
          "stddev" : 0.000000,
          "percentile" : {
            "1.000000" : 0,
            "5.000000" : 0,
            "10.000000" : 0,
            "20.000000" : 0,
            "30.000000" : 0,
            "40.000000" : 0,
            "50.000000" : 0,
            "60.000000" : 0,
            "70.000000" : 0,
            "80.000000" : 0,
            "90.000000" : 0,
            "95.000000" : 0,
            "99.000000" : 0,
            "99.500000" : 0,
            "99.900000" : 0,
            "99.950000" : 0,
            "99.990000" : 0,
            "0.00" : 0,
            "0.00" : 0,
            "0.00" : 0
          }
        },
        "lat_ns" : {
          "min" : 0,
          "max" : 0,
          "mean" : 0.000000,
          "stddev" : 0.000000
        },
        "bw_min" : 0,
        "bw_max" : 0,
        "bw_agg" : 0.000000,
        "bw_mean" : 0.000000,
        "bw_dev" : 0.000000,
        "bw_samples" : 0,
        "iops_min" : 0,
        "iops_max" : 0,
        "iops_mean" : 0.000000,
        "iops_stddev" : 0.000000,
        "iops_samples" : 0
      },
      "usr_cpu" : 0.064065,
      "sys_cpu" : 0.031413,
      "ctx" : 2290,
      "majf" : 0,
      "minf" : 77,
      "iodepth_level" : {
        "1" : 0.100000,
        "2" : 0.147275,
        "4" : 0.294551,
        "8" : 0.589102,
        "16" : 1.178203,
        "32" : 2.356406,
        ">=64" : 95.360825
      },
      "latency_ns" : {
        "2" : 0.000000,
        "4" : 0.000000,
        "10" : 0.000000,
        "20" : 0.000000,
        "50" : 0.000000,
        "100" : 0.000000,
        "250" : 0.000000,
        "500" : 0.000000,
        "750" : 0.000000,
        "1000" : 0.000000
      },
      "latency_us" : {
        "2" : 0.000000,
        "4" : 0.000000,
        "10" : 0.000000,
        "20" : 0.000000,
        "50" : 0.000000,
        "100" : 0.000000,
        "250" : 0.000000,
        "500" : 0.000000,
        "750" : 0.000000,
        "1000" : 0.000000
      },
      "latency_ms" : {
        "2" : 0.000000,
        "4" : 0.000000,
        "10" : 0.000000,
        "20" : 0.000000,
        "50" : 0.000000,
        "100" : 0.000000,
        "250" : 0.018409,
        "500" : 0.000000,
        "750" : 0.736377,
        "1000" : 0.239323,
        "2000" : 4.731222,
        ">=2000" : 94.274669
      },
      "latency_depth" : 64,
      "latency_target" : 0,
      "latency_percentile" : 100.000000,
      "latency_window" : 0
    }
  ],
  "disk_util" : [
    {
      "name" : "md127",
      "read_ios" : 48,
      "write_ios" : 5432,
      "read_merges" : 0,
      "write_merges" : 0,
      "read_ticks" : 0,
      "write_ticks" : 0,
      "in_queue" : 0,
      "util" : 0.000000,
      "aggr_read_ios" : 1365,
      "aggr_write_ios" : 2067,
      "aggr_read_merges" : 0,
      "aggr_write_merge" : 0,
      "aggr_read_ticks" : 119853,
      "aggr_write_ticks" : 85233,
      "aggr_in_queue" : 205081,
      "aggr_util" : 70.639291
    },
    {
      "name" : "sdf",
      "read_ios" : 1384,
      "write_ios" : 2083,
      "read_merges" : 0,
      "write_merges" : 0,
      "read_ticks" : 146216,
      "write_ticks" : 97732,
      "in_queue" : 243948,
      "util" : 70.639291
    },
    {
      "name" : "sdd",
      "read_ios" : 1348,
      "write_ios" : 2054,
      "read_merges" : 0,
      "write_merges" : 0,
      "read_ticks" : 115116,
      "write_ticks" : 83360,