{
  "fio version" : "fio-3.1",
  "timestamp" : 1584890857,
  "timestamp_ms" : 1584890857996,
  "time" : "Sun Mar 22 16:27:37 2020",
  "jobs" : [
    {
      "jobname" : "iotest",
      "groupid" : 0,
      "error" : 0,
      "eta" : 0,
      "elapsed" : 61,
      "job options" : {
        "rw" : "randwrite",
        "bs" : "4k",
        "ioengine" : "libaio",
        "iodepth" : "8",
        "direct" : "1",
        "invalidate" : "1",
        "refill_buffers" : "1",
        "runtime" : "60",
        "numjobs" : "2",
        "group_reporting" : "1",
        "write_bw_log" : "/fio/raid5/randwrite-iodepth-8-numjobs-2",
        "write_lat_log" : "/fio/raid5/randwrite-iodepth-8-numjobs-2",
        "write_iops_log" : "/fio/raid5/randwrite-iodepth-8-numjobs-2",
        "log_avg_msec" : "500",
        "filename" : "/dev/md127"
      },
      "read" : {
        "io_bytes" : 0,
        "io_kbytes" : 0,
        "bw" : 0,
        "iops" : 0.000000,
        "runtime" : 0,
        "total_ios" : 0,
        "short_ios" : 0,
        "drop_ios" : 0,
        "slat_ns" : {
          "min" : 0,
          "max" : 0,
          "mean" : 0.000000,
          "stddev" : 0.000000
        },
        "clat_ns" : {
          "min" : 0,
          "max" : 0,
          "mean" : 0.000000,
          "stddev" : 0.000000,
          "percentile" : {
            "1.000000" : 0,
            "5.000000" : 0,
            "10.000000" : 0,
            "20.000000" : 0,
            "30.000000" : 0,
            "40.000000" : 0,
            "50.000000" : 0,
            "60.000000" : 0,
            "70.000000" : 0,
            "80.000000" : 0,
            "90.000000" : 0,
            "95.000000" : 0,
            "99.000000" : 0,
            "99.500000" : 0,
            "99.900000" : 0,
            "99.950000" : 0,
            "99.990000" : 0,
            "0.00" : 0,
            "0.00" : 0,
            "0.00" : 0
          }
        },
        "lat_ns" : {
          "min" : 0,
          "max" : 0,
          "mean" : 0.000000,
          "stddev" : 0.000000
        },
        "bw_min" : 0,
        "bw_max" : 0,
        "bw_agg" : 0.000000,
        "bw_mean" : 0.000000,
        "bw_dev" : 0.000000,
        "bw_samples" : 0,
        "iops_min" : 0,
        "iops_max" : 0,
        "iops_mean" : 0.000000,
        "iops_stddev" : 0.000000,
        "iops_samples" : 0
      },
      "write" : {
        "io_bytes" : 11276288,
        "io_kbytes" : 11012,
        "bw" : 183,
        "iops" : 45.776521,
        "runtime" : 60140,
        "total_ios" : 2753,
        "short_ios" : 0,
        "drop_ios" : 0,
        "slat_ns" : {
          "min" : 4941,
          "max" : 17791791,
          "mean" : 23565.056302,
          "stddev" : 441058.815104
        },
        "clat_ns" : {
          "min" : 30154851,
          "max" : 562498315,
          "mean" : 349198330.263712,
          "stddev" : 70433823.396052,
          "percentile" : {
            "1.000000" : 193986560,
            "5.000000" : 233832448,
            "10.000000" : 254803968,
            "20.000000" : 283115520,
            "30.000000" : 312475648,
            "40.000000" : 333447168,
            "50.000000" : 350224384,
            "60.000000" : 371195904,
            "70.000000" : 387973120,
            "80.000000" : 408944640,
            "90.000000" : 434110464,
            "95.000000" : 467664896,
            "99.000000" : 513802240,
            "99.500000" : 526385152,
            "99.900000" : 549453824,
            "99.950000" : 566231040,
            "99.990000" : 566231040,
            "0.00" : 0,
            "0.00" : 0,
            "0.00" : 0
          }
        },
        "lat_ns" : {
          "min" : 44968122,
          "max" : 562521202,
          "mean" : 349222469.192154,
          "stddev" : 70388389.566842
        },
        "bw_min" : 56,
        "bw_max" : 136,
        "bw_agg" : 49.870219,
        "bw_mean" : 91.262500,
        "bw_dev" : 18.542325,
        "bw_samples" : 240,
        "iops_min" : 14,
        "iops_max" : 34,
        "iops_mean" : 22.808333,
        "iops_stddev" : 4.620847,
        "iops_samples" : 240
      },
      "trim" : {
        "io_bytes" : 0,
        "io_kbytes" : 0,
        "bw" : 0,
        "iops" : 0.000000,
        "runtime" : 0,
        "total_ios" : 0,
        "short_ios" : 0,
        "drop_ios" : 0,
        "slat_ns" : {
          "min" : 0,
          "max" : 0,
          "mean" : 0.000000,
          "stddev" : 0.000000
        },
        "clat_ns" : {
          "min" : 0,
          "max" : 0,
          "mean" : 0.000000,
          "stddev" : 0.000000,
          "percentile" : {
            "1.000000" : 0,
            "5.000000" : 0,
            "10.000000" : 0,
            "20.000000" : 0,
            "30.000000" : 0,
            "40.000000" : 0,
            "50.000000" : 0,
            "60.000000" : 0,
            "70.000000" : 0,
            "80.000000" : 0,
            "90.000000" : 0,
            "95.000000" : 0,
            "99.000000" : 0,
            "99.500000" : 0,
            "99.900000" : 0,
            "99.950000" : 0,
            "99.990000" : 0,
            "0.00" : 0,
            "0.00" : 0,
            "0.00" : 0
          }
        },
        "lat_ns" : {
          "min" : 0,
          "max" : 0,
          "mean" : 0.000000,
          "stddev" : 0.000000
        },
        "bw_min" : 0,
        "bw_max" : 0,
        "bw_agg" : 0.000000,
        "bw_mean" : 0.000000,
        "bw_dev" : 0.000000,
        "bw_samples" : 0,
        "iops_min" : 0,
        "iops_max" : 0,
        "iops_mean" : 0.000000,
        "iops_stddev" : 0.000000,
        "iops_samples" : 0
      },
      "usr_cpu" : 0.064861,
      "sys_cpu" : 0.037420,
      "ctx" : 1108,
      "majf" : 0,
      "minf" : 36,
      "iodepth_level" : {
        "1" : 0.100000,
        "2" : 0.145296,
        "4" : 0.290592,
        "8" : 99.491464,
        "16" : 0.000000,
        "32" : 0.000000,
        ">=64" : 0.000000
      },
      "latency_ns" : {
        "2" : 0.000000,
        "4" : 0.000000,
        "10" : 0.000000,
        "20" : 0.000000,
        "50" : 0.000000,
        "100" : 0.000000,
        "250" : 0.000000,
        "500" : 0.000000,
        "750" : 0.000000,
        "1000" : 0.000000
      },
      "latency_us" : {
        "2" : 0.000000,
        "4" : 0.000000,
        "10" : 0.000000,
        "20" : 0.000000,
        "50" : 0.000000,
        "100" : 0.000000,
        "250" : 0.000000,
        "500" : 0.000000,
        "750" : 0.000000,
        "1000" : 0.000000
      },
      "latency_ms" : {
        "2" : 0.000000,
        "4" : 0.000000,
        "10" : 0.000000,
        "20" : 0.000000,
        "50" : 0.036324,
        "100" : 0.000000,
        "250" : 8.463494,
        "500" : 89.865601,
        "750" : 1.634580,
        "1000" : 0.000000,
        "2000" : 0.000000,
        ">=2000" : 0.000000
      },
      "latency_depth" : 8,
      "latency_target" : 0,
      "latency_percentile" : 100.000000,
      "latency_window" : 0
    }
  ],
  "disk_util" : [
    {
      "name" : "md127",
      "read_ios" : 48,
      "write_ios" : 2753,
      "read_merges" : 0,
      "write_merges" : 0,
      "read_ticks" : 0,
      "write_ticks" : 0,
      "in_queue" : 0,
      "util" : 0.000000,
      "aggr_read_ios" : 695,
      "aggr_write_ios" : 1672,
      "aggr_read_merges" : 0,
      "aggr_write_merge" : 0,
      "aggr_read_ticks" : 19109,
      "aggr_write_ticks" : 31357,
      "aggr_in_queue" : 50468,
      "aggr_util" : 54.527964
    },
    {
      "name" : "sdf",
      "read_ios" : 709,
      "write_ios" : 1683,
      "read_merges" : 0,
      "write_merges" : 0,
      "read_ticks" : 22308,
      "write_ticks" : 33348,
      "in_queue" : 55656,
      "util" : 52.799018
    },
    {
      "name" : "sdd",
      "read_ios" : 671,
      "write_ios" : 1652,
      "read_merges" : 0,
      "write_merges" : 0,
      "read_ticks" : 18028,
      "write_ticks" : 29328,
      "in_queue" : 47356,