{
  "fio version" : "fio-3.1",
  "timestamp" : 1584886791,
  "timestamp_ms" : 1584886791049,
  "time" : "Sun Mar 22 15:19:51 2020",
  "jobs" : [
    {
      "jobname" : "iotest",
      "groupid" : 0,
      "error" : 0,
      "eta" : 0,
      "elapsed" : 65,
      "job options" : {
        "rw" : "randread",
        "bs" : "4k",
        "ioengine" : "libaio",
        "iodepth" : "1",
        "direct" : "1",
        "invalidate" : "1",
        "refill_buffers" : "1",
        "runtime" : "60",
        "numjobs" : "64",
        "group_reporting" : "1",
        "write_bw_log" : "/fio/raid5/randread-iodepth-1-numjobs-64",
        "write_lat_log" : "/fio/raid5/randread-iodepth-1-numjobs-64",
        "write_iops_log" : "/fio/raid5/randread-iodepth-1-numjobs-64",
        "log_avg_msec" : "500",
        "filename" : "/dev/md127"
      },
      "read" : {
        "io_bytes" : 163016704,
        "io_kbytes" : 159196,
        "bw" : 2640,
        "iops" : 660.060369,
        "runtime" : 60296,
        "total_ios" : 39799,
        "short_ios" : 0,
        "drop_ios" : 0,
        "slat_ns" : {
          "min" : 9144,
          "max" : 139184062,
          "mean" : 39008.238323,
          "stddev" : 793521.172087
        },
        "clat_ns" : {
          "min" : 8448,
          "max" : 1578132568,
          "mean" : 95779145.048921,
          "stddev" : 112969151.871565,
          "percentile" : {
            "1.000000" : 9109504,
            "5.000000" : 13303808,
            "10.000000" : 16711680,
            "20.000000" : 23199744,
            "30.000000" : 31064064,
            "40.000000" : 41156608,
            "50.000000" : 54788096,
            "60.000000" : 74973184,
            "70.000000" : 101187584,
            "80.000000" : 143654912,
            "90.000000" : 223346688,
            "95.000000" : 312475648,
            "99.000000" : 541065216,
            "99.500000" : 658505728,
            "99.900000" : 1019215872,
            "99.950000" : 1069547520,
            "99.990000" : 1300234240,
            "0.00" : 0,
            "0.00" : 0,
            "0.00" : 0
          }
        },
        "lat_ns" : {
          "min" : 3907136,
          "max" : 1578158992,
          "mean" : 95819316.774617,
          "stddev" : 112967980.652848
        },
        "bw_min" : 7,
        "bw_max" : 162,
        "bw_agg" : 1.615085,
        "bw_mean" : 42.638240,
        "bw_dev" : 20.356967,
        "bw_samples" : 7411,
        "iops_min" : 1,
        "iops_max" : 40,
        "iops_mean" : 10.626906,
        "iops_stddev" : 5.073540,
        "iops_samples" : 7411
      },
      "write" : {
        "io_bytes" : 0,
        "io_kbytes" : 0,
        "bw" : 0,
        "iops" : 0.000000,
        "runtime" : 0,
        "total_ios" : 0,
        "short_ios" : 0,
        "drop_ios" : 0,
        "slat_ns" : {
          "min" : 0,
          "max" : 0,
          "mean" : 0.000000,
          "stddev" : 0.000000
        },
        "clat_ns" : {
          "min" : 0,
          "max" : 0,
          "mean" : 0.000000,
          "stddev" : 0.000000,
          "percentile" : {
            "1.000000" : 0,
            "5.000000" : 0,
            "10.000000" : 0,
            "20.000000" : 0,
            "30.000000" : 0,
            "40.000000" : 0,
            "50.000000" : 0,
            "60.000000" : 0,
            "70.000000" : 0,
            "80.000000" : 0,
            "90.000000" : 0,
            "95.000000" : 0,
            "99.000000" : 0,
            "99.500000" : 0,
            "99.900000" : 0,
            "99.950000" : 0,
            "99.990000" : 0,
            "0.00" : 0,
            "0.00" : 0,
            "0.00" : 0
          }
        },
        "lat_ns" : {
          "min" : 0,
          "max" : 0,
          "mean" : 0.000000,
          "stddev" : 0.000000
        },
        "bw_min" : 0,
        "bw_max" : 0,
        "bw_agg" : 0.000000,
        "bw_mean" : 0.000000,
        "bw_dev" : 0.000000,
        "bw_samples" : 0,
        "iops_min" : 0,
        "iops_max" : 0,
        "iops_mean" : 0.000000,
        "iops_stddev" : 0.000000,
        "iops_samples" : 0
      },
      "trim" : {
        "io_bytes" : 0,
        "io_kbytes" : 0,
        "bw" : 0,
        "iops" : 0.000000,
        "runtime" : 0,
        "total_ios" : 0,
        "short_ios" : 0,
        "drop_ios" : 0,
        "slat_ns" : {
          "min" : 0,
          "max" : 0,
          "mean" : 0.000000,
          "stddev" : 0.000000
        },
        "clat_ns" : {
          "min" : 0,
          "max" : 0,
          "mean" : 0.000000,
          "stddev" : 0.000000,
          "percentile" : {
            "1.000000" : 0,
            "5.000000" : 0,
            "10.000000" : 0,
            "20.000000" : 0,
            "30.000000" : 0,
            "40.000000" : 0,
            "50.000000" : 0,
            "60.000000" : 0,
            "70.000000" : 0,
            "80.000000" : 0,
            "90.000000" : 0,
            "95.000000" : 0,
            "99.000000" : 0,
            "99.500000" : 0,
            "99.900000" : 0,
            "99.950000" : 0,
            "99.990000" : 0,
            "0.00" : 0,
            "0.00" : 0,
            "0.00" : 0
          }
        },
        "lat_ns" : {
          "min" : 0,
          "max" : 0,
          "mean" : 0.000000,
          "stddev" : 0.000000
        },
        "bw_min" : 0,
        "bw_max" : 0,
        "bw_agg" : 0.000000,
        "bw_mean" : 0.000000,
        "bw_dev" : 0.000000,
        "bw_samples" : 0,
        "iops_min" : 0,
        "iops_max" : 0,
        "iops_mean" : 0.000000,
        "iops_stddev" : 0.000000,
        "iops_samples" : 0
      },
      "usr_cpu" : 0.055034,
      "sys_cpu" : 0.052042,
      "ctx" : 40528,
      "majf" : 0,
      "minf" : 1479,
      "iodepth_level" : {
        "1" : 100.000000,
        "2" : 0.000000,
        "4" : 0.000000,
        "8" : 0.000000,
        "16" : 0.000000,
        "32" : 0.000000,
        ">=64" : 0.000000
      },
      "latency_ns" : {
        "2" : 0.000000,
        "4" : 0.000000,
        "10" : 0.000000,
        "20" : 0.000000,
        "50" : 0.000000,
        "100" : 0.000000,
        "250" : 0.000000,
        "500" : 0.000000,
        "750" : 0.000000,
        "1000" : 0.000000
      },
      "latency_us" : {
        "2" : 0.000000,
        "4" : 0.000000,
        "10" : 0.010000,
        "20" : 0.000000,
        "50" : 0.000000,
        "100" : 0.000000,
        "250" : 0.000000,
        "500" : 0.000000,
        "750" : 0.000000,
        "1000" : 0.000000
      },
      "latency_ms" : {
        "2" : 0.000000,
        "4" : 0.010000,
        "10" : 1.590492,
        "20" : 13.678736,
        "50" : 31.362597,
        "100" : 22.952838,
        "250" : 22.244277,
        "500" : 6.851931,
        "750" : 0.977411,
        "1000" : 0.216086,
        "2000" : 0.120606,
        ">=2000" : 0.000000
      },
      "latency_depth" : 1,
      "latency_target" : 0,
      "latency_percentile" : 100.000000,
      "latency_window" : 0
    }
  ],
  "disk_util" : [
    {
      "name" : "md127",
      "read_ios" : 39762,
      "write_ios" : 0,
      "read_merges" : 0,
      "write_merges" : 0,
      "read_ticks" : 0,
      "write_ticks" : 0,
      "in_queue" : 0,
      "util" : 0.000000,
      "aggr_read_ios" : 4974,
      "aggr_write_ios" : 0,
      "aggr_read_merges" : 0,
      "aggr_write_merge" : 0,
      "aggr_read_ticks" : 476320,
      "aggr_write_ticks" : 0,
      "aggr_in_queue" : 476310,
      "aggr_util" : 93.162927
    },
    {
      "name" : "sdf",
      "read_ios" : 4917,
      "write_ios" : 0,
      "read_merges" : 0,
      "write_merges" : 0,
      "read_ticks" : 536708,
      "write_ticks" : 0,
      "in_queue" : 536696,
      "util" : 92.531717
    },
    {
      "name" : "sdd",
      "read_ios" : 5032,
      "write_ios" : 0,
      "read_merges" : 0,
      "write_merges" : 0,
      "read_ticks" : 690796,
      "write_ticks" : 0,
      "in_queue" : 690772,