{
  "fio version" : "fio-3.1",
  "timestamp" : 1584889359,
  "timestamp_ms" : 1584889359037,
  "time" : "Sun Mar 22 16:02:39 2020",
  "jobs" : [
    {
      "jobname" : "iotest",
      "groupid" : 0,
      "error" : 0,
      "eta" : 0,
      "elapsed" : 64,
      "job options" : {
        "rw" : "randread",
        "bs" : "4k",
        "ioengine" : "libaio",
        "iodepth" : "64",
        "direct" : "1",
        "invalidate" : "1",
        "refill_buffers" : "1",
        "runtime" : "60",
        "numjobs" : "32",
        "group_reporting" : "1",
        "write_bw_log" : "/fio/raid5/randread-iodepth-64-numjobs-32",
        "write_lat_log" : "/fio/raid5/randread-iodepth-64-numjobs-32",
        "write_iops_log" : "/fio/raid5/randread-iodepth-64-numjobs-32",
        "log_avg_msec" : "500",
        "filename" : "/dev/md127"
      },
      "read" : {
        "io_bytes" : 190361600,
        "io_kbytes" : 185900,
        "bw" : 3019,
        "iops" : 754.979044,
        "runtime" : 61558,
        "total_ios" : 46475,
        "short_ios" : 0,
        "drop_ios" : 0,
        "slat_ns" : {
          "min" : 4117,
          "max" : 3267584499,
          "mean" : 41097854.412975,
          "stddev" : 263216879.490589
        },
        "clat_ns" : {
          "min" : 471919,
          "max" : 12330941894,
          "mean" : 2615119311.592234,
          "stddev" : 1231425525.943136,
          "percentile" : {
            "1.000000" : 227540992,
            "5.000000" : 717225984,
            "10.000000" : 1149239296,
            "20.000000" : 1518338048,
            "30.000000" : 1736441856,
            "40.000000" : 2231369728,
            "50.000000" : 2701131776,
            "60.000000" : 3003121664,
            "70.000000" : 3170893824,
            "80.000000" : 3506438144,
            "90.000000" : 4177526784,
            "95.000000" : 4731174912,
            "99.000000" : 5872025600,
            "99.500000" : 6476005376,
            "99.900000" : 8355053568,
            "99.950000" : 9059696640,
            "99.990000" : 10267656192,
            "0.00" : 0,
            "0.00" : 0,
            "0.00" : 0
          }
        },
        "lat_ns" : {
          "min" : 5343161,
          "max" : 12900550935,
          "mean" : 2656217560.026487,
          "stddev" : 1284347239.280939
        },
        "bw_min" : 5,
        "bw_max" : 800,
        "bw_agg" : 9.257320,
        "bw_mean" : 279.478499,
        "bw_dev" : 81.592863,
        "bw_samples" : 1279,
        "iops_min" : 1,
        "iops_max" : 200,
        "iops_mean" : 69.694292,
        "iops_stddev" : 20.375571,
        "iops_samples" : 1279
      },
      "write" : {
        "io_bytes" : 0,
        "io_kbytes" : 0,
        "bw" : 0,
        "iops" : 0.000000,
        "runtime" : 0,
        "total_ios" : 0,
        "short_ios" : 0,
        "drop_ios" : 0,
        "slat_ns" : {
          "min" : 0,
          "max" : 0,
          "mean" : 0.000000,
          "stddev" : 0.000000
        },
        "clat_ns" : {
          "min" : 0,
          "max" : 0,
          "mean" : 0.000000,
          "stddev" : 0.000000,
          "percentile" : {
            "1.000000" : 0,
            "5.000000" : 0,
            "10.000000" : 0,
            "20.000000" : 0,
            "30.000000" : 0,
            "40.000000" : 0,
            "50.000000" : 0,
            "60.000000" : 0,
            "70.000000" : 0,
            "80.000000" : 0,
            "90.000000" : 0,
            "95.000000" : 0,
            "99.000000" : 0,
            "99.500000" : 0,
            "99.900000" : 0,
            "99.950000" : 0,
            "99.990000" : 0,
            "0.00" : 0,
            "0.00" : 0,
            "0.00" : 0
          }
        },
        "lat_ns" : {
          "min" : 0,
          "max" : 0,
          "mean" : 0.000000,
          "stddev" : 0.000000
        },
        "bw_min" : 0,
        "bw_max" : 0,
        "bw_agg" : 0.000000,
        "bw_mean" : 0.000000,
        "bw_dev" : 0.000000,
        "bw_samples" : 0,
        "iops_min" : 0,
        "iops_max" : 0,
        "iops_mean" : 0.000000,
        "iops_stddev" : 0.000000,
        "iops_samples" : 0
      },
      "trim" : {
        "io_bytes" : 0,
        "io_kbytes" : 0,
        "bw" : 0,
        "iops" : 0.000000,
        "runtime" : 0,
        "total_ios" : 0,
        "short_ios" : 0,
        "drop_ios" : 0,
        "slat_ns" : {
          "min" : 0,
          "max" : 0,
          "mean" : 0.000000,
          "stddev" : 0.000000
        },
        "clat_ns" : {
          "min" : 0,
          "max" : 0,
          "mean" : 0.000000,
          "stddev" : 0.000000,
          "percentile" : {
            "1.000000" : 0,
            "5.000000" : 0,
            "10.000000" : 0,
            "20.000000" : 0,
            "30.000000" : 0,
            "40.000000" : 0,
            "50.000000" : 0,
            "60.000000" : 0,
            "70.000000" : 0,
            "80.000000" : 0,
            "90.000000" : 0,
            "95.000000" : 0,
            "99.000000" : 0,
            "99.500000" : 0,
            "99.900000" : 0,
            "99.950000" : 0,
            "99.990000" : 0,
            "0.00" : 0,
            "0.00" : 0,
            "0.00" : 0
          }
        },
        "lat_ns" : {
          "min" : 0,
          "max" : 0,
          "mean" : 0.000000,
          "stddev" : 0.000000
        },
        "bw_min" : 0,
        "bw_max" : 0,
        "bw_agg" : 0.000000,
        "bw_mean" : 0.000000,
        "bw_dev" : 0.000000,
        "bw_samples" : 0,
        "iops_min" : 0,
        "iops_max" : 0,
        "iops_mean" : 0.000000,
        "iops_stddev" : 0.000000,
        "iops_samples" : 0
      },
      "usr_cpu" : 0.039722,
      "sys_cpu" : 0.022954,
      "ctx" : 2278,
      "majf" : 0,
      "minf" : 2739,
      "iodepth_level" : {
        "1" : 0.100000,
        "2" : 0.137708,
        "4" : 0.275417,
        "8" : 0.550834,
        "16" : 1.101668,
        "32" : 2.203335,
        ">=64" : 95.662184
      },
      "latency_ns" : {
        "2" : 0.000000,
        "4" : 0.000000,
        "10" : 0.000000,
        "20" : 0.000000,
        "50" : 0.000000,
        "100" : 0.000000,
        "250" : 0.000000,
        "500" : 0.000000,
        "750" : 0.000000,
        "1000" : 0.000000
      },
      "latency_us" : {
        "2" : 0.000000,
        "4" : 0.000000,
        "10" : 0.000000,
        "20" : 0.000000,
        "50" : 0.000000,
        "100" : 0.000000,
        "250" : 0.000000,
        "500" : 0.010000,
        "750" : 0.000000,
        "1000" : 0.000000
      },
      "latency_ms" : {
        "2" : 0.000000,
        "4" : 0.000000,
        "10" : 0.015062,
        "20" : 0.088219,
        "50" : 0.172136,
        "100" : 0.234535,
        "250" : 0.559441,
        "500" : 1.463152,
        "750" : 2.676708,
        "1000" : 2.872512,
        "2000" : 26.868209,
        ">=2000" : 65.047875
      },
      "latency_depth" : 64,
      "latency_target" : 0,
      "latency_percentile" : 100.000000,
      "latency_window" : 0
    }
  ],
  "disk_util" : [
    {
      "name" : "md127",
      "read_ios" : 46475,
      "write_ios" : 0,
      "read_merges" : 0,
      "write_merges" : 0,
      "read_ticks" : 0,
      "write_ticks" : 0,
      "in_queue" : 0,
      "util" : 0.000000,
      "aggr_read_ios" : 5809,
      "aggr_write_ios" : 0,
      "aggr_read_merges" : 0,
      "aggr_write_merge" : 0,
      "aggr_read_ticks" : 2850385,
      "aggr_write_ticks" : 0,
      "aggr_in_queue" : 2850381,
      "aggr_util" : 96.592667
    },
    {
      "name" : "sdf",
      "read_ios" : 5750,
      "write_ios" : 0,
      "read_merges" : 0,
      "write_merges" : 0,
      "read_ticks" : 3651648,
      "write_ticks" : 0,
      "in_queue" : 3651644,
      "util" : 94.161114
    },
    {
      "name" : "sdd",
      "read_ios" : 5910,
      "write_ios" : 0,
      "read_merges" : 0,
      "write_merges" : 0,
      "read_ticks" : 6237784,
      "write_ticks" : 0,