{
  "fio version" : "fio-3.1",
  "timestamp" : 1584890232,
  "timestamp_ms" : 1584890232688,
  "time" : "Sun Mar 22 16:17:12 2020",
  "jobs" : [
    {
      "jobname" : "iotest",
      "groupid" : 0,
      "error" : 0,
      "eta" : 0,
      "elapsed" : 63,
      "job options" : {
        "rw" : "randwrite",
        "bs" : "4k",
        "ioengine" : "libaio",
        "iodepth" : "2",
        "direct" : "1",
        "invalidate" : "1",
        "refill_buffers" : "1",
        "runtime" : "60",
        "numjobs" : "32",
        "group_reporting" : "1",
        "write_bw_log" : "/fio/raid5/randwrite-iodepth-2-numjobs-32",
        "write_lat_log" : "/fio/raid5/randwrite-iodepth-2-numjobs-32",
        "write_iops_log" : "/fio/raid5/randwrite-iodepth-2-numjobs-32",
        "log_avg_msec" : "500",
        "filename" : "/dev/md127"
      },
      "read" : {
        "io_bytes" : 0,
        "io_kbytes" : 0,
        "bw" : 0,
        "iops" : 0.000000,
        "runtime" : 0,
        "total_ios" : 0,
        "short_ios" : 0,
        "drop_ios" : 0,
        "slat_ns" : {
          "min" : 0,
          "max" : 0,
          "mean" : 0.000000,
          "stddev" : 0.000000
        },
        "clat_ns" : {
          "min" : 0,
          "max" : 0,
          "mean" : 0.000000,
          "stddev" : 0.000000,
          "percentile" : {
            "1.000000" : 0,
            "5.000000" : 0,
            "10.000000" : 0,
            "20.000000" : 0,
            "30.000000" : 0,
            "40.000000" : 0,
            "50.000000" : 0,
            "60.000000" : 0,
            "70.000000" : 0,
            "80.000000" : 0,
            "90.000000" : 0,
            "95.000000" : 0,
            "99.000000" : 0,
            "99.500000" : 0,
            "99.900000" : 0,
            "99.950000" : 0,
            "99.990000" : 0,
            "0.00" : 0,
            "0.00" : 0,
            "0.00" : 0
          }
        },
        "lat_ns" : {
          "min" : 0,
          "max" : 0,
          "mean" : 0.000000,
          "stddev" : 0.000000
        },
        "bw_min" : 0,
        "bw_max" : 0,
        "bw_agg" : 0.000000,
        "bw_mean" : 0.000000,
        "bw_dev" : 0.000000,
        "bw_samples" : 0,
        "iops_min" : 0,
        "iops_max" : 0,
        "iops_mean" : 0.000000,
        "iops_stddev" : 0.000000,
        "iops_samples" : 0
      },
      "write" : {
        "io_bytes" : 21041152,
        "io_kbytes" : 20548,
        "bw" : 340,
        "iops" : 85.055302,
        "runtime" : 60396,
        "total_ios" : 5137,
        "short_ios" : 0,
        "drop_ios" : 0,
        "slat_ns" : {
          "min" : 4479,
          "max" : 19140679,
          "mean" : 17447.344948,
          "stddev" : 267047.880085
        },
        "clat_ns" : {
          "min" : 294758032,
          "max" : 1315426125,
          "mean" : 746778447.981701,
          "stddev" : 114136707.383778,
          "percentile" : {
            "1.000000" : 383778816,
            "5.000000" : 459276288,
            "10.000000" : 658505728,
            "20.000000" : 692060160,
            "30.000000" : 717225984,
            "40.000000" : 734003200,
            "50.000000" : 750780416,
            "60.000000" : 767557632,
            "70.000000" : 792723456,
            "80.000000" : 817889280,
            "90.000000" : 851443712,
            "95.000000" : 893386752,
            "99.000000" : 1069547520,
            "99.500000" : 1115684864,
            "99.900000" : 1216348160,
            "99.950000" : 1249902592,
            "99.990000" : 1317011456,
            "0.00" : 0,
            "0.00" : 0,
            "0.00" : 0
          }
        },
        "lat_ns" : {
          "min" : 313902460,
          "max" : 1315435455,
          "mean" : 746796740.977613,
          "stddev" : 114121988.840380
        },
        "bw_min" : 7,
        "bw_max" : 24,
        "bw_agg" : 3.654391,
        "bw_mean" : 12.424931,
        "bw_dev" : 4.176978,
        "bw_samples" : 3257,
        "iops_min" : 1,
        "iops_max" : 6,
        "iops_mean" : 3.079521,
        "iops_stddev" : 1.056803,
        "iops_samples" : 3257
      },
      "trim" : {
        "io_bytes" : 0,
        "io_kbytes" : 0,
        "bw" : 0,
        "iops" : 0.000000,
        "runtime" : 0,
        "total_ios" : 0,
        "short_ios" : 0,
        "drop_ios" : 0,
        "slat_ns" : {
          "min" : 0,
          "max" : 0,
          "mean" : 0.000000,
          "stddev" : 0.000000
        },
        "clat_ns" : {
          "min" : 0,
          "max" : 0,
          "mean" : 0.000000,
          "stddev" : 0.000000,
          "percentile" : {
            "1.000000" : 0,
            "5.000000" : 0,
            "10.000000" : 0,
            "20.000000" : 0,
            "30.000000" : 0,
            "40.000000" : 0,
            "50.000000" : 0,
            "60.000000" : 0,
            "70.000000" : 0,
            "80.000000" : 0,
            "90.000000" : 0,
            "95.000000" : 0,
            "99.000000" : 0,
            "99.500000" : 0,
            "99.900000" : 0,
            "99.950000" : 0,
            "99.990000" : 0,
            "0.00" : 0,
            "0.00" : 0,
            "0.00" : 0
          }
        },
        "lat_ns" : {
          "min" : 0,
          "max" : 0,
          "mean" : 0.000000,
          "stddev" : 0.000000
        },
        "bw_min" : 0,
        "bw_max" : 0,
        "bw_agg" : 0.000000,
        "bw_mean" : 0.000000,
        "bw_dev" : 0.000000,
        "bw_samples" : 0,
        "iops_min" : 0,
        "iops_max" : 0,
        "iops_mean" : 0.000000,
        "iops_stddev" : 0.000000,
        "iops_samples" : 0
      },
      "usr_cpu" : 0.045971,
      "sys_cpu" : 0.005908,
      "ctx" : 5247,
      "majf" : 0,
      "minf" : 688,
      "iodepth_level" : {
        "1" : 0.622932,
        "2" : 99.377068,
        "4" : 0.000000,
        "8" : 0.000000,
        "16" : 0.000000,
        "32" : 0.000000,
        ">=64" : 0.000000
      },
      "latency_ns" : {
        "2" : 0.000000,
        "4" : 0.000000,
        "10" : 0.000000,
        "20" : 0.000000,
        "50" : 0.000000,
        "100" : 0.000000,
        "250" : 0.000000,
        "500" : 0.000000,
        "750" : 0.000000,
        "1000" : 0.000000
      },
      "latency_us" : {
        "2" : 0.000000,
        "4" : 0.000000,
        "10" : 0.000000,
        "20" : 0.000000,
        "50" : 0.000000,
        "100" : 0.000000,
        "250" : 0.000000,
        "500" : 0.000000,
        "750" : 0.000000,
        "1000" : 0.000000
      },
      "latency_ms" : {
        "2" : 0.000000,
        "4" : 0.000000,
        "10" : 0.000000,
        "20" : 0.000000,
        "50" : 0.000000,
        "100" : 0.000000,
        "250" : 0.000000,
        "500" : 5.839984,
        "750" : 42.709753,
        "1000" : 49.873467,
        "2000" : 1.576796,
        ">=2000" : 0.000000
      },
      "latency_depth" : 2,
      "latency_target" : 0,
      "latency_percentile" : 100.000000,
      "latency_window" : 0
    }
  ],
  "disk_util" : [
    {
      "name" : "md127",
      "read_ios" : 97,
      "write_ios" : 5137,
      "read_merges" : 0,
      "write_merges" : 0,
      "read_ticks" : 0,
      "write_ticks" : 0,
      "in_queue" : 0,
      "util" : 0.000000,
      "aggr_read_ios" : 1298,
      "aggr_write_ios" : 2232,
      "aggr_read_merges" : 0,
      "aggr_write_merge" : 0,
      "aggr_read_ticks" : 74153,
      "aggr_write_ticks" : 42432,
      "aggr_in_queue" : 116578,
      "aggr_util" : 74.160584
    },
    {
      "name" : "sdf",
      "read_ios" : 1341,
      "write_ios" : 2269,
      "read_merges" : 0,
      "write_merges" : 0,
      "read_ticks" : 83048,
      "write_ticks" : 44496,
      "in_queue" : 127544,
      "util" : 68.462341
    },
    {
      "name" : "sdd",
      "read_ios" : 1318,
      "write_ios" : 2259,
      "read_merges" : 0,
      "write_merges" : 0,
      "read_ticks" : 85196,
      "write_ticks" : 48704,
      "in_queue" : 133892,