{
  "fio version" : "fio-3.1",
  "timestamp" : 1584890605,
  "timestamp_ms" : 1584890605967,
  "time" : "Sun Mar 22 16:23:25 2020",
  "jobs" : [
    {
      "jobname" : "iotest",
      "groupid" : 0,
      "error" : 0,
      "eta" : 0,
      "elapsed" : 62,
      "job options" : {
        "rw" : "randwrite",
        "bs" : "4k",
        "ioengine" : "libaio",
        "iodepth" : "4",
        "direct" : "1",
        "invalidate" : "1",
        "refill_buffers" : "1",
        "runtime" : "60",
        "numjobs" : "16",
        "group_reporting" : "1",
        "write_bw_log" : "/fio/raid5/randwrite-iodepth-4-numjobs-16",
        "write_lat_log" : "/fio/raid5/randwrite-iodepth-4-numjobs-16",
        "write_iops_log" : "/fio/raid5/randwrite-iodepth-4-numjobs-16",
        "log_avg_msec" : "500",
        "filename" : "/dev/md127"
      },
      "read" : {
        "io_bytes" : 0,
        "io_kbytes" : 0,
        "bw" : 0,
        "iops" : 0.000000,
        "runtime" : 0,
        "total_ios" : 0,
        "short_ios" : 0,
        "drop_ios" : 0,
        "slat_ns" : {
          "min" : 0,
          "max" : 0,
          "mean" : 0.000000,
          "stddev" : 0.000000
        },
        "clat_ns" : {
          "min" : 0,
          "max" : 0,
          "mean" : 0.000000,
          "stddev" : 0.000000,
          "percentile" : {
            "1.000000" : 0,
            "5.000000" : 0,
            "10.000000" : 0,
            "20.000000" : 0,
            "30.000000" : 0,
            "40.000000" : 0,
            "50.000000" : 0,
            "60.000000" : 0,
            "70.000000" : 0,
            "80.000000" : 0,
            "90.000000" : 0,
            "95.000000" : 0,
            "99.000000" : 0,
            "99.500000" : 0,
            "99.900000" : 0,
            "99.950000" : 0,
            "99.990000" : 0,
            "0.00" : 0,
            "0.00" : 0,
            "0.00" : 0
          }
        },
        "lat_ns" : {
          "min" : 0,
          "max" : 0,
          "mean" : 0.000000,
          "stddev" : 0.000000
        },
        "bw_min" : 0,
        "bw_max" : 0,
        "bw_agg" : 0.000000,
        "bw_mean" : 0.000000,
        "bw_dev" : 0.000000,
        "bw_samples" : 0,
        "iops_min" : 0,
        "iops_max" : 0,
        "iops_mean" : 0.000000,
        "iops_stddev" : 0.000000,
        "iops_samples" : 0
      },
      "write" : {
        "io_bytes" : 20983808,
        "io_kbytes" : 20492,
        "bw" : 340,
        "iops" : 85.153419,
        "runtime" : 60162,
        "total_ios" : 5123,
        "short_ios" : 0,
        "drop_ios" : 0,
        "slat_ns" : {
          "min" : 3833,
          "max" : 18545529,
          "mean" : 21253.277767,
          "stddev" : 346541.936911
        },
        "clat_ns" : {
          "min" : 84055704,
          "max" : 1345050205,
          "mean" : 748879712.678314,
          "stddev" : 118216106.462653,
          "percentile" : {
            "1.000000" : 371195904,
            "5.000000" : 455081984,
            "10.000000" : 650117120,
            "20.000000" : 700448768,
            "30.000000" : 725614592,
            "40.000000" : 742391808,
            "50.000000" : 759169024,
            "60.000000" : 784334848,
            "70.000000" : 801112064,
            "80.000000" : 826277888,
            "90.000000" : 859832320,
            "95.000000" : 884998144,
            "99.000000" : 1019215872,
            "99.500000" : 1132462080,
            "99.900000" : 1199570944,
            "99.950000" : 1233125376,
            "99.990000" : 1350565888,
            "0.00" : 0,
            "0.00" : 0,
            "0.00" : 0
          }
        },
        "lat_ns" : {
          "min" : 84063560,
          "max" : 1345061447,
          "mean" : 748901747.280109,
          "stddev" : 118193407.950913
        },
        "bw_min" : 7,
        "bw_max" : 40,
        "bw_agg" : 6.497122,
        "bw_mean" : 22.090213,
        "bw_dev" : 9.010756,
        "bw_samples" : 1829,
        "iops_min" : 1,
        "iops_max" : 10,
        "iops_mean" : 5.494259,
        "iops_stddev" : 2.260544,
        "iops_samples" : 1829
      },
      "trim" : {
        "io_bytes" : 0,
        "io_kbytes" : 0,
        "bw" : 0,
        "iops" : 0.000000,
        "runtime" : 0,
        "total_ios" : 0,
        "short_ios" : 0,
        "drop_ios" : 0,
        "slat_ns" : {
          "min" : 0,
          "max" : 0,
          "mean" : 0.000000,
          "stddev" : 0.000000
        },
        "clat_ns" : {
          "min" : 0,
          "max" : 0,
          "mean" : 0.000000,
          "stddev" : 0.000000,
          "percentile" : {
            "1.000000" : 0,
            "5.000000" : 0,
            "10.000000" : 0,
            "20.000000" : 0,
            "30.000000" : 0,
            "40.000000" : 0,
            "50.000000" : 0,
            "60.000000" : 0,
            "70.000000" : 0,
            "80.000000" : 0,
            "90.000000" : 0,
            "95.000000" : 0,
            "99.000000" : 0,
            "99.500000" : 0,
            "99.900000" : 0,
            "99.950000" : 0,
            "99.990000" : 0,
            "0.00" : 0,
            "0.00" : 0,
            "0.00" : 0
          }
        },
        "lat_ns" : {
          "min" : 0,
          "max" : 0,
          "mean" : 0.000000,
          "stddev" : 0.000000
        },
        "bw_min" : 0,
        "bw_max" : 0,
        "bw_agg" : 0.000000,
        "bw_mean" : 0.000000,
        "bw_dev" : 0.000000,
        "bw_samples" : 0,
        "iops_min" : 0,
        "iops_max" : 0,
        "iops_mean" : 0.000000,
        "iops_stddev" : 0.000000,
        "iops_samples" : 0
      },
      "usr_cpu" : 0.046066,
      "sys_cpu" : 0.012686,
      "ctx" : 4844,
      "majf" : 0,
      "minf" : 369,
      "iodepth_level" : {
        "1" : 0.312317,
        "2" : 0.624634,
        "4" : 99.063049,
        "8" : 0.000000,
        "16" : 0.000000,
        "32" : 0.000000,
        ">=64" : 0.000000
      },
      "latency_ns" : {
        "2" : 0.000000,
        "4" : 0.000000,
        "10" : 0.000000,
        "20" : 0.000000,
        "50" : 0.000000,
        "100" : 0.000000,
        "250" : 0.000000,
        "500" : 0.000000,
        "750" : 0.000000,
        "1000" : 0.000000
      },
      "latency_us" : {
        "2" : 0.000000,
        "4" : 0.000000,
        "10" : 0.000000,
        "20" : 0.000000,
        "50" : 0.000000,
        "100" : 0.000000,
        "250" : 0.000000,
        "500" : 0.000000,
        "750" : 0.000000,
        "1000" : 0.000000
      },
      "latency_ms" : {
        "2" : 0.000000,
        "4" : 0.000000,
        "10" : 0.000000,
        "20" : 0.000000,
        "50" : 0.000000,
        "100" : 0.117119,
        "250" : 0.058559,
        "500" : 6.031622,
        "750" : 37.224283,
        "1000" : 55.475307,
        "2000" : 1.093110,
        ">=2000" : 0.000000
      },
      "latency_depth" : 4,
      "latency_target" : 0,
      "latency_percentile" : 100.000000,
      "latency_window" : 0
    }
  ],
  "disk_util" : [
    {
      "name" : "md127",
      "read_ios" : 96,
      "write_ios" : 5115,
      "read_merges" : 0,
      "write_merges" : 0,
      "read_ticks" : 0,
      "write_ticks" : 0,
      "in_queue" : 0,
      "util" : 0.000000,
      "aggr_read_ios" : 1294,
      "aggr_write_ios" : 2281,
      "aggr_read_merges" : 0,
      "aggr_write_merge" : 0,
      "aggr_read_ticks" : 72567,
      "aggr_write_ticks" : 42192,
      "aggr_in_queue" : 114755,
      "aggr_util" : 73.793329
    },
    {
      "name" : "sdf",
      "read_ios" : 1340,
      "write_ios" : 2321,
      "read_merges" : 0,
      "write_merges" : 0,
      "read_ticks" : 81524,
      "write_ticks" : 44436,
      "in_queue" : 125956,
      "util" : 70.576694
    },
    {
      "name" : "sdd",
      "read_ios" : 1292,
      "write_ios" : 2287,
      "read_merges" : 0,
      "write_merges" : 0,
      "read_ticks" : 79744,
      "write_ticks" : 46788,
      "in_queue" : 126532,