{
  "fio version" : "fio-3.1",
  "timestamp" : 1584891419,
  "timestamp_ms" : 1584891419222,
  "time" : "Sun Mar 22 16:36:59 2020",
  "jobs" : [
    {
      "jobname" : "iotest",
      "groupid" : 0,
      "error" : 0,
      "eta" : 0,
      "elapsed" : 61,
      "job options" : {
        "rw" : "randwrite",
        "bs" : "4k",
        "ioengine" : "libaio",
        "iodepth" : "16",
        "direct" : "1",
        "invalidate" : "1",
        "refill_buffers" : "1",
        "runtime" : "60",
        "numjobs" : "8",
        "group_reporting" : "1",
        "write_bw_log" : "/fio/raid5/randwrite-iodepth-16-numjobs-8",
        "write_lat_log" : "/fio/raid5/randwrite-iodepth-16-numjobs-8",
        "write_iops_log" : "/fio/raid5/randwrite-iodepth-16-numjobs-8",
        "log_avg_msec" : "500",
        "filename" : "/dev/md127"
      },
      "read" : {
        "io_bytes" : 0,
        "io_kbytes" : 0,
        "bw" : 0,
        "iops" : 0.000000,
        "runtime" : 0,
        "total_ios" : 0,
        "short_ios" : 0,
        "drop_ios" : 0,
        "slat_ns" : {
          "min" : 0,
          "max" : 0,
          "mean" : 0.000000,
          "stddev" : 0.000000
        },
        "clat_ns" : {
          "min" : 0,
          "max" : 0,
          "mean" : 0.000000,
          "stddev" : 0.000000,
          "percentile" : {
            "1.000000" : 0,
            "5.000000" : 0,
            "10.000000" : 0,
            "20.000000" : 0,
            "30.000000" : 0,
            "40.000000" : 0,
            "50.000000" : 0,
            "60.000000" : 0,
            "70.000000" : 0,
            "80.000000" : 0,
            "90.000000" : 0,
            "95.000000" : 0,
            "99.000000" : 0,
            "99.500000" : 0,
            "99.900000" : 0,
            "99.950000" : 0,
            "99.990000" : 0,
            "0.00" : 0,
            "0.00" : 0,
            "0.00" : 0
          }
        },
        "lat_ns" : {
          "min" : 0,
          "max" : 0,
          "mean" : 0.000000,
          "stddev" : 0.000000
        },
        "bw_min" : 0,
        "bw_max" : 0,
        "bw_agg" : 0.000000,
        "bw_mean" : 0.000000,
        "bw_dev" : 0.000000,
        "bw_samples" : 0,
        "iops_min" : 0,
        "iops_max" : 0,
        "iops_mean" : 0.000000,
        "iops_stddev" : 0.000000,
        "iops_samples" : 0
      },
      "write" : {
        "io_bytes" : 23101440,
        "io_kbytes" : 22560,
        "bw" : 374,
        "iops" : 93.633270,
        "runtime" : 60235,
        "total_ios" : 5640,
        "short_ios" : 0,
        "drop_ios" : 0,
        "slat_ns" : {
          "min" : 3717,
          "max" : 18462822,
          "mean" : 27510.727837,
          "stddev" : 429424.610679
        },
        "clat_ns" : {
          "min" : 103092055,
          "max" : 1928392614,
          "mean" : 1363343465.362056,
          "stddev" : 265536252.520014,
          "percentile" : {
            "1.000000" : 666894336,
            "5.000000" : 809500672,
            "10.000000" : 884998144,
            "20.000000" : 1199570944,
            "30.000000" : 1317011456,
            "40.000000" : 1384120320,
            "50.000000" : 1434451968,
            "60.000000" : 1484783616,
            "70.000000" : 1518338048,
            "80.000000" : 1551892480,
            "90.000000" : 1619001344,
            "95.000000" : 1702887424,
            "99.000000" : 1769996288,
            "99.500000" : 1803550720,
            "99.900000" : 1837105152,
            "99.950000" : 1870659584,
            "99.990000" : 1920991232,
            "0.00" : 0,
            "0.00" : 0,
            "0.00" : 0
          }
        },
        "lat_ns" : {
          "min" : 121557583,
          "max" : 1928418225,
          "mean" : 1363371676.758156,
          "stddev" : 265496928.592470
        },
        "bw_min" : 8,
        "bw_max" : 130,
        "bw_agg" : 14.368568,
        "bw_mean" : 53.738443,
        "bw_dev" : 28.877851,
        "bw_samples" : 822,
        "iops_min" : 2,
        "iops_max" : 32,
        "iops_mean" : 13.402676,
        "iops_stddev" : 7.193660,
        "iops_samples" : 822
      },
      "trim" : {
        "io_bytes" : 0,
        "io_kbytes" : 0,
        "bw" : 0,
        "iops" : 0.000000,
        "runtime" : 0,
        "total_ios" : 0,
        "short_ios" : 0,
        "drop_ios" : 0,
        "slat_ns" : {
          "min" : 0,
          "max" : 0,
          "mean" : 0.000000,
          "stddev" : 0.000000
        },
        "clat_ns" : {
          "min" : 0,
          "max" : 0,
          "mean" : 0.000000,
          "stddev" : 0.000000,
          "percentile" : {
            "1.000000" : 0,
            "5.000000" : 0,
            "10.000000" : 0,
            "20.000000" : 0,
            "30.000000" : 0,
            "40.000000" : 0,
            "50.000000" : 0,
            "60.000000" : 0,
            "70.000000" : 0,
            "80.000000" : 0,
            "90.000000" : 0,
            "95.000000" : 0,
            "99.000000" : 0,
            "99.500000" : 0,
            "99.900000" : 0,
            "99.950000" : 0,
            "99.990000" : 0,
            "0.00" : 0,
            "0.00" : 0,
            "0.00" : 0
          }
        },
        "lat_ns" : {
          "min" : 0,
          "max" : 0,
          "mean" : 0.000000,
          "stddev" : 0.000000
        },
        "bw_min" : 0,
        "bw_max" : 0,
        "bw_agg" : 0.000000,
        "bw_mean" : 0.000000,
        "bw_dev" : 0.000000,
        "bw_samples" : 0,
        "iops_min" : 0,
        "iops_max" : 0,
        "iops_mean" : 0.000000,
        "iops_stddev" : 0.000000,
        "iops_samples" : 0
      },
      "usr_cpu" : 0.059188,
      "sys_cpu" : 0.020768,
      "ctx" : 4644,
      "majf" : 0,
      "minf" : 162,
      "iodepth_level" : {
        "1" : 0.141844,
        "2" : 0.283688,
        "4" : 0.567376,
        "8" : 1.134752,
        "16" : 97.872340,
        "32" : 0.000000,
        ">=64" : 0.000000
      },
      "latency_ns" : {
        "2" : 0.000000,
        "4" : 0.000000,
        "10" : 0.000000,
        "20" : 0.000000,
        "50" : 0.000000,
        "100" : 0.000000,
        "250" : 0.000000,
        "500" : 0.000000,
        "750" : 0.000000,
        "1000" : 0.000000
      },
      "latency_us" : {
        "2" : 0.000000,
        "4" : 0.000000,
        "10" : 0.000000,
        "20" : 0.000000,
        "50" : 0.000000,
        "100" : 0.000000,
        "250" : 0.000000,
        "500" : 0.000000,
        "750" : 0.000000,
        "1000" : 0.000000
      },
      "latency_ms" : {
        "2" : 0.000000,
        "4" : 0.000000,
        "10" : 0.000000,
        "20" : 0.000000,
        "50" : 0.000000,
        "100" : 0.000000,
        "250" : 0.053191,
        "500" : 0.159574,
        "750" : 2.925532,
        "1000" : 10.638298,
        "2000" : 86.223404,
        ">=2000" : 0.000000
      },
      "latency_depth" : 16,
      "latency_target" : 0,
      "latency_percentile" : 100.000000,
      "latency_window" : 0
    }
  ],
  "disk_util" : [
    {
      "name" : "md127",
      "read_ios" : 49,
      "write_ios" : 5640,
      "read_merges" : 0,
      "write_merges" : 0,
      "read_ticks" : 0,
      "write_ticks" : 0,
      "in_queue" : 0,
      "util" : 0.000000,
      "aggr_read_ios" : 1417,
      "aggr_write_ios" : 2373,
      "aggr_read_merges" : 0,
      "aggr_write_merge" : 0,
      "aggr_read_ticks" : 134464,
      "aggr_write_ticks" : 87179,
      "aggr_in_queue" : 221640,
      "aggr_util" : 75.969783
    },
    {
      "name" : "sdf",
      "read_ios" : 1446,
      "write_ios" : 2399,
      "read_merges" : 0,
      "write_merges" : 0,
      "read_ticks" : 154588,
      "write_ticks" : 102752,
      "in_queue" : 257332,
      "util" : 70.822910
    },
    {
      "name" : "sdd",
      "read_ios" : 1401,
      "write_ios" : 2361,
      "read_merges" : 0,
      "write_merges" : 0,
      "read_ticks" : 144732,
      "write_ticks" : 102680,