{
  "fio version" : "fio-3.1",
  "timestamp" : 1584889861,
  "timestamp_ms" : 1584889861707,
  "time" : "Sun Mar 22 16:11:01 2020",
  "jobs" : [
    {
      "jobname" : "iotest",
      "groupid" : 0,
      "error" : 0,
      "eta" : 0,
      "elapsed" : 65,
      "job options" : {
        "rw" : "randwrite",
        "bs" : "4k",
        "ioengine" : "libaio",
        "iodepth" : "1",
        "direct" : "1",
        "invalidate" : "1",
        "refill_buffers" : "1",
        "runtime" : "60",
        "numjobs" : "64",
        "group_reporting" : "1",
        "write_bw_log" : "/fio/raid5/randwrite-iodepth-1-numjobs-64",
        "write_lat_log" : "/fio/raid5/randwrite-iodepth-1-numjobs-64",
        "write_iops_log" : "/fio/raid5/randwrite-iodepth-1-numjobs-64",
        "log_avg_msec" : "500",
        "filename" : "/dev/md127"
      },
      "read" : {
        "io_bytes" : 0,
        "io_kbytes" : 0,
        "bw" : 0,
        "iops" : 0.000000,
        "runtime" : 0,
        "total_ios" : 0,
        "short_ios" : 0,
        "drop_ios" : 0,
        "slat_ns" : {
          "min" : 0,
          "max" : 0,
          "mean" : 0.000000,
          "stddev" : 0.000000
        },
        "clat_ns" : {
          "min" : 0,
          "max" : 0,
          "mean" : 0.000000,
          "stddev" : 0.000000,
          "percentile" : {
            "1.000000" : 0,
            "5.000000" : 0,
            "10.000000" : 0,
            "20.000000" : 0,
            "30.000000" : 0,
            "40.000000" : 0,
            "50.000000" : 0,
            "60.000000" : 0,
            "70.000000" : 0,
            "80.000000" : 0,
            "90.000000" : 0,
            "95.000000" : 0,
            "99.000000" : 0,
            "99.500000" : 0,
            "99.900000" : 0,
            "99.950000" : 0,
            "99.990000" : 0,
            "0.00" : 0,
            "0.00" : 0,
            "0.00" : 0
          }
        },
        "lat_ns" : {
          "min" : 0,
          "max" : 0,
          "mean" : 0.000000,
          "stddev" : 0.000000
        },
        "bw_min" : 0,
        "bw_max" : 0,
        "bw_agg" : 0.000000,
        "bw_mean" : 0.000000,
        "bw_dev" : 0.000000,
        "bw_samples" : 0,
        "iops_min" : 0,
        "iops_max" : 0,
        "iops_mean" : 0.000000,
        "iops_stddev" : 0.000000,
        "iops_samples" : 0
      },
      "write" : {
        "io_bytes" : 21286912,
        "io_kbytes" : 20788,
        "bw" : 342,
        "iops" : 85.607920,
        "runtime" : 60707,
        "total_ios" : 5197,
        "short_ios" : 0,
        "drop_ios" : 0,
        "slat_ns" : {
          "min" : 7415,
          "max" : 108562588,
          "mean" : 86509.109871,
          "stddev" : 2611646.476209
        },
        "clat_ns" : {
          "min" : 21809983,
          "max" : 1230096264,
          "mean" : 736044130.165095,
          "stddev" : 114103617.600394,
          "percentile" : {
            "1.000000" : 367001600,
            "5.000000" : 463470592,
            "10.000000" : 650117120,
            "20.000000" : 683671552,
            "30.000000" : 708837376,
            "40.000000" : 725614592,
            "50.000000" : 742391808,
            "60.000000" : 759169024,
            "70.000000" : 784334848,
            "80.000000" : 801112064,
            "90.000000" : 834666496,
            "95.000000" : 884998144,
            "99.000000" : 1061158912,
            "99.500000" : 1115684864,
            "99.900000" : 1166016512,
            "99.950000" : 1199570944,
            "99.990000" : 1233125376,
            "0.00" : 0,
            "0.00" : 0,
            "0.00" : 0
          }
        },
        "lat_ns" : {
          "min" : 21924764,
          "max" : 1230107962,
          "mean" : 736132069.340773,
          "stddev" : 114007932.098810
        },
        "bw_min" : 7,
        "bw_max" : 16,
        "bw_agg" : 2.347348,
        "bw_mean" : 8.027931,
        "bw_dev" : 0.807942,
        "bw_samples" : 5084,
        "iops_min" : 1,
        "iops_max" : 4,
        "iops_mean" : 1.970102,
        "iops_stddev" : 0.289312,
        "iops_samples" : 5084
      },
      "trim" : {
        "io_bytes" : 0,
        "io_kbytes" : 0,
        "bw" : 0,
        "iops" : 0.000000,
        "runtime" : 0,
        "total_ios" : 0,
        "short_ios" : 0,
        "drop_ios" : 0,
        "slat_ns" : {
          "min" : 0,
          "max" : 0,
          "mean" : 0.000000,
          "stddev" : 0.000000
        },
        "clat_ns" : {
          "min" : 0,
          "max" : 0,
          "mean" : 0.000000,
          "stddev" : 0.000000,
          "percentile" : {
            "1.000000" : 0,
            "5.000000" : 0,
            "10.000000" : 0,
            "20.000000" : 0,
            "30.000000" : 0,
            "40.000000" : 0,
            "50.000000" : 0,
            "60.000000" : 0,
            "70.000000" : 0,
            "80.000000" : 0,
            "90.000000" : 0,
            "95.000000" : 0,
            "99.000000" : 0,
            "99.500000" : 0,
            "99.900000" : 0,
            "99.950000" : 0,
            "99.990000" : 0,
            "0.00" : 0,
            "0.00" : 0,
            "0.00" : 0
          }
        },
        "lat_ns" : {
          "min" : 0,
          "max" : 0,
          "mean" : 0.000000,
          "stddev" : 0.000000
        },
        "bw_min" : 0,
        "bw_max" : 0,
        "bw_agg" : 0.000000,
        "bw_mean" : 0.000000,
        "bw_dev" : 0.000000,
        "bw_samples" : 0,
        "iops_min" : 0,
        "iops_max" : 0,
        "iops_mean" : 0.000000,
        "iops_stddev" : 0.000000,
        "iops_samples" : 0
      },
      "usr_cpu" : 0.041084,
      "sys_cpu" : 0.004038,
      "ctx" : 5801,
      "majf" : 0,
      "minf" : 1319,
      "iodepth_level" : {
        "1" : 100.000000,
        "2" : 0.000000,
        "4" : 0.000000,
        "8" : 0.000000,
        "16" : 0.000000,
        "32" : 0.000000,
        ">=64" : 0.000000
      },
      "latency_ns" : {
        "2" : 0.000000,
        "4" : 0.000000,
        "10" : 0.000000,
        "20" : 0.000000,
        "50" : 0.000000,
        "100" : 0.000000,
        "250" : 0.000000,
        "500" : 0.000000,
        "750" : 0.000000,
        "1000" : 0.000000
      },
      "latency_us" : {
        "2" : 0.000000,
        "4" : 0.000000,
        "10" : 0.000000,
        "20" : 0.000000,
        "50" : 0.000000,
        "100" : 0.000000,
        "250" : 0.000000,
        "500" : 0.000000,
        "750" : 0.000000,
        "1000" : 0.000000
      },
      "latency_ms" : {
        "2" : 0.000000,
        "4" : 0.000000,
        "10" : 0.000000,
        "20" : 0.000000,
        "50" : 0.019242,
        "100" : 0.000000,
        "250" : 0.019242,
        "500" : 5.580142,
        "750" : 50.702328,
        "1000" : 41.581682,
        "2000" : 2.097364,
        ">=2000" : 0.000000
      },
      "latency_depth" : 1,
      "latency_target" : 0,
      "latency_percentile" : 100.000000,
      "latency_window" : 0
    }
  ],
  "disk_util" : [
    {
      "name" : "md127",
      "read_ios" : 147,
      "write_ios" : 5197,
      "read_merges" : 0,
      "write_merges" : 0,
      "read_ticks" : 0,
      "write_ticks" : 0,
      "in_queue" : 0,
      "util" : 0.000000,
      "aggr_read_ios" : 1331,
      "aggr_write_ios" : 2251,
      "aggr_read_merges" : 0,
      "aggr_write_merge" : 0,
      "aggr_read_ticks" : 72550,
      "aggr_write_ticks" : 42685,
      "aggr_in_queue" : 115231,
      "aggr_util" : 70.772147
    },
    {
      "name" : "sdf",
      "read_ios" : 1300,
      "write_ios" : 2202,
      "read_merges" : 0,
      "write_merges" : 0,
      "read_ticks" : 71052,
      "write_ticks" : 41956,
      "in_queue" : 113004,
      "util" : 63.298889
    },
    {
      "name" : "sdd",
      "read_ios" : 1299,
      "write_ios" : 2236,
      "read_merges" : 0,
      "write_merges" : 0,
      "read_ticks" : 78700,
      "write_ticks" : 47064,
      "in_queue" : 125760,