{
  "fio version" : "fio-3.1",
  "timestamp" : 1584891734,
  "timestamp_ms" : 1584891734385,
  "time" : "Sun Mar 22 16:42:14 2020",
  "jobs" : [
    {
      "jobname" : "iotest",
      "groupid" : 0,
      "error" : 0,
      "eta" : 0,
      "elapsed" : 61,
      "job options" : {
        "rw" : "randwrite",
        "bs" : "4k",
        "ioengine" : "libaio",
        "iodepth" : "32",
        "direct" : "1",
        "invalidate" : "1",
        "refill_buffers" : "1",
        "runtime" : "60",
        "numjobs" : "2",
        "group_reporting" : "1",
        "write_bw_log" : "/fio/raid5/randwrite-iodepth-32-numjobs-2",
        "write_lat_log" : "/fio/raid5/randwrite-iodepth-32-numjobs-2",
        "write_iops_log" : "/fio/raid5/randwrite-iodepth-32-numjobs-2",
        "log_avg_msec" : "500",
        "filename" : "/dev/md127"
      },
      "read" : {
        "io_bytes" : 0,
        "io_kbytes" : 0,
        "bw" : 0,
        "iops" : 0.000000,
        "runtime" : 0,
        "total_ios" : 0,
        "short_ios" : 0,
        "drop_ios" : 0,
        "slat_ns" : {
          "min" : 0,
          "max" : 0,
          "mean" : 0.000000,
          "stddev" : 0.000000
        },
        "clat_ns" : {
          "min" : 0,
          "max" : 0,
          "mean" : 0.000000,
          "stddev" : 0.000000,
          "percentile" : {
            "1.000000" : 0,
            "5.000000" : 0,
            "10.000000" : 0,
            "20.000000" : 0,
            "30.000000" : 0,
            "40.000000" : 0,
            "50.000000" : 0,
            "60.000000" : 0,
            "70.000000" : 0,
            "80.000000" : 0,
            "90.000000" : 0,
            "95.000000" : 0,
            "99.000000" : 0,
            "99.500000" : 0,
            "99.900000" : 0,
            "99.950000" : 0,
            "99.990000" : 0,
            "0.00" : 0,
            "0.00" : 0,
            "0.00" : 0
          }
        },
        "lat_ns" : {
          "min" : 0,
          "max" : 0,
          "mean" : 0.000000,
          "stddev" : 0.000000
        },
        "bw_min" : 0,
        "bw_max" : 0,
        "bw_agg" : 0.000000,
        "bw_mean" : 0.000000,
        "bw_dev" : 0.000000,
        "bw_samples" : 0,
        "iops_min" : 0,
        "iops_max" : 0,
        "iops_mean" : 0.000000,
        "iops_stddev" : 0.000000,
        "iops_samples" : 0
      },
      "write" : {
        "io_bytes" : 21250048,
        "io_kbytes" : 20752,
        "bw" : 344,
        "iops" : 86.017940,
        "runtime" : 60313,
        "total_ios" : 5188,
        "short_ios" : 0,
        "drop_ios" : 0,
        "slat_ns" : {
          "min" : 5087,
          "max" : 17128640,
          "mean" : 17177.820162,
          "stddev" : 322699.450890
        },
        "clat_ns" : {
          "min" : 28500591,
          "max" : 1335492251,
          "mean" : 743207374.914417,
          "stddev" : 117918177.994335,
          "percentile" : {
            "1.000000" : 354418688,
            "5.000000" : 446693376,
            "10.000000" : 650117120,
            "20.000000" : 692060160,
            "30.000000" : 717225984,
            "40.000000" : 734003200,
            "50.000000" : 759169024,
            "60.000000" : 775946240,
            "70.000000" : 801112064,
            "80.000000" : 817889280,
            "90.000000" : 851443712,
            "95.000000" : 876609536,
            "99.000000" : 977272832,
            "99.500000" : 1098907648,
            "99.900000" : 1233125376,
            "99.950000" : 1317011456,
            "99.990000" : 1333788672,
            "0.00" : 0,
            "0.00" : 0,
            "0.00" : 0
          }
        },
        "lat_ns" : {
          "min" : 28506576,
          "max" : 1335501737,
          "mean" : 743225079.520625,
          "stddev" : 117904811.145456
        },
        "bw_min" : 8,
        "bw_max" : 280,
        "bw_agg" : 49.660853,
        "bw_mean" : 170.833333,
        "bw_dev" : 62.851666,
        "bw_samples" : 240,
        "iops_min" : 2,
        "iops_max" : 70,
        "iops_mean" : 42.700000,
        "iops_stddev" : 15.700438,
        "iops_samples" : 240
      },
      "trim" : {
        "io_bytes" : 0,
        "io_kbytes" : 0,
        "bw" : 0,
        "iops" : 0.000000,
        "runtime" : 0,
        "total_ios" : 0,
        "short_ios" : 0,
        "drop_ios" : 0,
        "slat_ns" : {
          "min" : 0,
          "max" : 0,
          "mean" : 0.000000,
          "stddev" : 0.000000
        },
        "clat_ns" : {
          "min" : 0,
          "max" : 0,
          "mean" : 0.000000,
          "stddev" : 0.000000,
          "percentile" : {
            "1.000000" : 0,
            "5.000000" : 0,
            "10.000000" : 0,
            "20.000000" : 0,
            "30.000000" : 0,
            "40.000000" : 0,
            "50.000000" : 0,
            "60.000000" : 0,
            "70.000000" : 0,
            "80.000000" : 0,
            "90.000000" : 0,
            "95.000000" : 0,
            "99.000000" : 0,
            "99.500000" : 0,
            "99.900000" : 0,
            "99.950000" : 0,
            "99.990000" : 0,
            "0.00" : 0,
            "0.00" : 0,
            "0.00" : 0
          }
        },
        "lat_ns" : {
          "min" : 0,
          "max" : 0,
          "mean" : 0.000000,
          "stddev" : 0.000000
        },
        "bw_min" : 0,
        "bw_max" : 0,
        "bw_agg" : 0.000000,
        "bw_mean" : 0.000000,
        "bw_dev" : 0.000000,
        "bw_samples" : 0,
        "iops_min" : 0,
        "iops_max" : 0,
        "iops_mean" : 0.000000,
        "iops_stddev" : 0.000000,
        "iops_samples" : 0
      },
      "usr_cpu" : 0.068832,
      "sys_cpu" : 0.078784,
      "ctx" : 2369,
      "majf" : 0,
      "minf" : 43,
      "iodepth_level" : {
        "1" : 0.100000,
        "2" : 0.100000,
        "4" : 0.154202,
        "8" : 0.308404,
        "16" : 0.616808,
        "32" : 98.804934,
        ">=64" : 0.000000
      },
      "latency_ns" : {
        "2" : 0.000000,
        "4" : 0.000000,
        "10" : 0.000000,
        "20" : 0.000000,
        "50" : 0.000000,
        "100" : 0.000000,
        "250" : 0.000000,
        "500" : 0.000000,
        "750" : 0.000000,
        "1000" : 0.000000
      },
      "latency_us" : {
        "2" : 0.000000,
        "4" : 0.000000,
        "10" : 0.000000,
        "20" : 0.000000,
        "50" : 0.000000,
        "100" : 0.000000,
        "250" : 0.000000,
        "500" : 0.000000,
        "750" : 0.000000,
        "1000" : 0.000000
      },
      "latency_ms" : {
        "2" : 0.000000,
        "4" : 0.000000,
        "10" : 0.000000,
        "20" : 0.000000,
        "50" : 0.019275,
        "100" : 0.000000,
        "250" : 0.000000,
        "500" : 6.611411,
        "750" : 39.764842,
        "1000" : 52.852737,
        "2000" : 0.751735,
        ">=2000" : 0.000000
      },
      "latency_depth" : 32,
      "latency_target" : 0,
      "latency_percentile" : 100.000000,
      "latency_window" : 0
    }
  ],
  "disk_util" : [
    {
      "name" : "md127",
      "read_ios" : 48,
      "write_ios" : 5188,
      "read_merges" : 0,
      "write_merges" : 0,
      "read_ticks" : 0,
      "write_ticks" : 0,
      "in_queue" : 0,
      "util" : 0.000000,
      "aggr_read_ios" : 1304,
      "aggr_write_ios" : 2205,
      "aggr_read_merges" : 0,
      "aggr_write_merge" : 0,
      "aggr_read_ticks" : 78350,
      "aggr_write_ticks" : 42574,
      "aggr_in_queue" : 120921,
      "aggr_util" : 75.621693
    },
    {
      "name" : "sdf",
      "read_ios" : 1315,
      "write_ios" : 2213,
      "read_merges" : 0,
      "write_merges" : 0,
      "read_ticks" : 84780,
      "write_ticks" : 43940,
      "in_queue" : 128712,
      "util" : 69.957500
    },
    {
      "name" : "sdd",
      "read_ios" : 1318,
      "write_ios" : 2223,
      "read_merges" : 0,
      "write_merges" : 0,
      "read_ticks" : 88432,
      "write_ticks" : 48020,
      "in_queue" : 136448,