{
  "fio version" : "fio-3.1",
  "timestamp" : 1584890669,
  "timestamp_ms" : 1584890669526,
  "time" : "Sun Mar 22 16:24:29 2020",
  "jobs" : [
    {
      "jobname" : "iotest",
      "groupid" : 0,
      "error" : 0,
      "eta" : 0,
      "elapsed" : 63,
      "job options" : {
        "rw" : "randwrite",
        "bs" : "4k",
        "ioengine" : "libaio",
        "iodepth" : "4",
        "direct" : "1",
        "invalidate" : "1",
        "refill_buffers" : "1",
        "runtime" : "60",
        "numjobs" : "32",
        "group_reporting" : "1",
        "write_bw_log" : "/fio/raid5/randwrite-iodepth-4-numjobs-32",
        "write_lat_log" : "/fio/raid5/randwrite-iodepth-4-numjobs-32",
        "write_iops_log" : "/fio/raid5/randwrite-iodepth-4-numjobs-32",
        "log_avg_msec" : "500",
        "filename" : "/dev/md127"
      },
      "read" : {
        "io_bytes" : 0,
        "io_kbytes" : 0,
        "bw" : 0,
        "iops" : 0.000000,
        "runtime" : 0,
        "total_ios" : 0,
        "short_ios" : 0,
        "drop_ios" : 0,
        "slat_ns" : {
          "min" : 0,
          "max" : 0,
          "mean" : 0.000000,
          "stddev" : 0.000000
        },
        "clat_ns" : {
          "min" : 0,
          "max" : 0,
          "mean" : 0.000000,
          "stddev" : 0.000000,
          "percentile" : {
            "1.000000" : 0,
            "5.000000" : 0,
            "10.000000" : 0,
            "20.000000" : 0,
            "30.000000" : 0,
            "40.000000" : 0,
            "50.000000" : 0,
            "60.000000" : 0,
            "70.000000" : 0,
            "80.000000" : 0,
            "90.000000" : 0,
            "95.000000" : 0,
            "99.000000" : 0,
            "99.500000" : 0,
            "99.900000" : 0,
            "99.950000" : 0,
            "99.990000" : 0,
            "0.00" : 0,
            "0.00" : 0,
            "0.00" : 0
          }
        },
        "lat_ns" : {
          "min" : 0,
          "max" : 0,
          "mean" : 0.000000,
          "stddev" : 0.000000
        },
        "bw_min" : 0,
        "bw_max" : 0,
        "bw_agg" : 0.000000,
        "bw_mean" : 0.000000,
        "bw_dev" : 0.000000,
        "bw_samples" : 0,
        "iops_min" : 0,
        "iops_max" : 0,
        "iops_mean" : 0.000000,
        "iops_stddev" : 0.000000,
        "iops_samples" : 0
      },
      "write" : {
        "io_bytes" : 19550208,
        "io_kbytes" : 19092,
        "bw" : 315,
        "iops" : 78.850856,
        "runtime" : 60532,
        "total_ios" : 4773,
        "short_ios" : 0,
        "drop_ios" : 0,
        "slat_ns" : {
          "min" : 3755,
          "max" : 41499882,
          "mean" : 23520.340247,
          "stddev" : 612314.258542
        },
        "clat_ns" : {
          "min" : 205890904,
          "max" : 2505221552,
          "mean" : 1609184173.552273,
          "stddev" : 384206944.397920,
          "percentile" : {
            "1.000000" : 692060160,
            "5.000000" : 893386752,
            "10.000000" : 1082130432,
            "20.000000" : 1350565888,
            "30.000000" : 1434451968,
            "40.000000" : 1518338048,
            "50.000000" : 1585446912,
            "60.000000" : 1669332992,
            "70.000000" : 1820327936,
            "80.000000" : 1971322880,
            "90.000000" : 2122317824,
            "95.000000" : 2231369728,
            "99.000000" : 2365587456,
            "99.500000" : 2399141888,
            "99.900000" : 2499805184,
            "99.950000" : 2499805184,
            "99.990000" : 2499805184,
            "0.00" : 0,
            "0.00" : 0,
            "0.00" : 0
          }
        },
        "lat_ns" : {
          "min" : 205900126,
          "max" : 2505230374,
          "mean" : 1609208581.750262,
          "stddev" : 384173316.282397
        },
        "bw_min" : 7,
        "bw_max" : 40,
        "bw_agg" : 4.736523,
        "bw_mean" : 14.920048,
        "bw_dev" : 7.646561,
        "bw_samples" : 2489,
        "iops_min" : 1,
        "iops_max" : 10,
        "iops_mean" : 3.708317,
        "iops_stddev" : 1.918374,
        "iops_samples" : 2489
      },
      "trim" : {
        "io_bytes" : 0,
        "io_kbytes" : 0,
        "bw" : 0,
        "iops" : 0.000000,
        "runtime" : 0,
        "total_ios" : 0,
        "short_ios" : 0,
        "drop_ios" : 0,
        "slat_ns" : {
          "min" : 0,
          "max" : 0,
          "mean" : 0.000000,
          "stddev" : 0.000000
        },
        "clat_ns" : {
          "min" : 0,
          "max" : 0,
          "mean" : 0.000000,
          "stddev" : 0.000000,
          "percentile" : {
            "1.000000" : 0,
            "5.000000" : 0,
            "10.000000" : 0,
            "20.000000" : 0,
            "30.000000" : 0,
            "40.000000" : 0,
            "50.000000" : 0,
            "60.000000" : 0,
            "70.000000" : 0,
            "80.000000" : 0,
            "90.000000" : 0,
            "95.000000" : 0,
            "99.000000" : 0,
            "99.500000" : 0,
            "99.900000" : 0,
            "99.950000" : 0,
            "99.990000" : 0,
            "0.00" : 0,
            "0.00" : 0,
            "0.00" : 0
          }
        },
        "lat_ns" : {
          "min" : 0,
          "max" : 0,
          "mean" : 0.000000,
          "stddev" : 0.000000
        },
        "bw_min" : 0,
        "bw_max" : 0,
        "bw_agg" : 0.000000,
        "bw_mean" : 0.000000,
        "bw_dev" : 0.000000,
        "bw_samples" : 0,
        "iops_min" : 0,
        "iops_max" : 0,
        "iops_mean" : 0.000000,
        "iops_stddev" : 0.000000,
        "iops_samples" : 0
      },
      "usr_cpu" : 0.048009,
      "sys_cpu" : 0.005168,
      "ctx" : 4757,
      "majf" : 0,
      "minf" : 817,
      "iodepth_level" : {
        "1" : 0.670438,
        "2" : 1.340876,
        "4" : 97.988686,
        "8" : 0.000000,
        "16" : 0.000000,
        "32" : 0.000000,
        ">=64" : 0.000000
      },
      "latency_ns" : {
        "2" : 0.000000,
        "4" : 0.000000,
        "10" : 0.000000,
        "20" : 0.000000,
        "50" : 0.000000,
        "100" : 0.000000,
        "250" : 0.000000,
        "500" : 0.000000,
        "750" : 0.000000,
        "1000" : 0.000000
      },
      "latency_us" : {
        "2" : 0.000000,
        "4" : 0.000000,
        "10" : 0.000000,
        "20" : 0.000000,
        "50" : 0.000000,
        "100" : 0.000000,
        "250" : 0.000000,
        "500" : 0.000000,
        "750" : 0.000000,
        "1000" : 0.000000
      },
      "latency_ms" : {
        "2" : 0.000000,
        "4" : 0.000000,
        "10" : 0.000000,
        "20" : 0.000000,
        "50" : 0.000000,
        "100" : 0.000000,
        "250" : 0.083805,
        "500" : 0.167609,
        "750" : 1.445632,
        "1000" : 6.243453,
        "2000" : 73.957679,
        ">=2000" : 18.101823
      },
      "latency_depth" : 4,
      "latency_target" : 0,
      "latency_percentile" : 100.000000,
      "latency_window" : 0
    }
  ],
  "disk_util" : [
    {
      "name" : "md127",
      "read_ios" : 102,
      "write_ios" : 4773,
      "read_merges" : 0,
      "write_merges" : 0,
      "read_ticks" : 0,
      "write_ticks" : 0,
      "in_queue" : 0,
      "util" : 0.000000,
      "aggr_read_ios" : 1208,
      "aggr_write_ios" : 2098,
      "aggr_read_merges" : 0,
      "aggr_write_merge" : 0,
      "aggr_read_ticks" : 96140,
      "aggr_write_ticks" : 73129,
      "aggr_in_queue" : 169267,
      "aggr_util" : 71.276426
    },
    {
      "name" : "sdf",
      "read_ios" : 1237,
      "write_ios" : 2121,
      "read_merges" : 0,
      "write_merges" : 0,
      "read_ticks" : 107620,
      "write_ticks" : 89516,
      "in_queue" : 197128,
      "util" : 65.077157
    },
    {
      "name" : "sdd",
      "read_ios" : 1215,
      "write_ios" : 2113,
      "read_merges" : 0,
      "write_merges" : 0,
      "read_ticks" : 100836,
      "write_ticks" : 75720,