{
  "fio version" : "fio-3.1",
  "timestamp" : 1584892298,
  "timestamp_ms" : 1584892298056,
  "time" : "Sun Mar 22 16:51:38 2020",
  "jobs" : [
    {
      "jobname" : "iotest",
      "groupid" : 0,
      "error" : 0,
      "eta" : 0,
      "elapsed" : 62,
      "job options" : {
        "rw" : "randwrite",
        "bs" : "4k",
        "ioengine" : "libaio",
        "iodepth" : "64",
        "direct" : "1",
        "invalidate" : "1",
        "refill_buffers" : "1",
        "runtime" : "60",
        "numjobs" : "8",
        "group_reporting" : "1",
        "write_bw_log" : "/fio/raid5/randwrite-iodepth-64-numjobs-8",
        "write_lat_log" : "/fio/raid5/randwrite-iodepth-64-numjobs-8",
        "write_iops_log" : "/fio/raid5/randwrite-iodepth-64-numjobs-8",
        "log_avg_msec" : "500",
        "filename" : "/dev/md127"
      },
      "read" : {
        "io_bytes" : 0,
        "io_kbytes" : 0,
        "bw" : 0,
        "iops" : 0.000000,
        "runtime" : 0,
        "total_ios" : 0,
        "short_ios" : 0,
        "drop_ios" : 0,
        "slat_ns" : {
          "min" : 0,
          "max" : 0,
          "mean" : 0.000000,
          "stddev" : 0.000000
        },
        "clat_ns" : {
          "min" : 0,
          "max" : 0,
          "mean" : 0.000000,
          "stddev" : 0.000000,
          "percentile" : {
            "1.000000" : 0,
            "5.000000" : 0,
            "10.000000" : 0,
            "20.000000" : 0,
            "30.000000" : 0,
            "40.000000" : 0,
            "50.000000" : 0,
            "60.000000" : 0,
            "70.000000" : 0,
            "80.000000" : 0,
            "90.000000" : 0,
            "95.000000" : 0,
            "99.000000" : 0,
            "99.500000" : 0,
            "99.900000" : 0,
            "99.950000" : 0,
            "99.990000" : 0,
            "0.00" : 0,
            "0.00" : 0,
            "0.00" : 0
          }
        },
        "lat_ns" : {
          "min" : 0,
          "max" : 0,
          "mean" : 0.000000,
          "stddev" : 0.000000
        },
        "bw_min" : 0,
        "bw_max" : 0,
        "bw_agg" : 0.000000,
        "bw_mean" : 0.000000,
        "bw_dev" : 0.000000,
        "bw_samples" : 0,
        "iops_min" : 0,
        "iops_max" : 0,
        "iops_mean" : 0.000000,
        "iops_stddev" : 0.000000,
        "iops_samples" : 0
      },
      "write" : {
        "io_bytes" : 35459072,
        "io_kbytes" : 34628,
        "bw" : 568,
        "iops" : 142.195430,
        "runtime" : 60881,
        "total_ios" : 8657,
        "short_ios" : 0,
        "drop_ios" : 0,
        "slat_ns" : {
          "min" : 3880,
          "max" : 3038946400,
          "mean" : 37648534.496477,
          "stddev" : 216316872.176691
        },
        "clat_ns" : {
          "min" : 328221831,
          "max" : 7085199639,
          "mean" : 3526019397.760425,
          "stddev" : 949173339.171775,
          "percentile" : {
            "1.000000" : 1451229184,
            "5.000000" : 1937768448,
            "10.000000" : 2533359616,
            "20.000000" : 2936012800,
            "30.000000" : 3103784960,
            "40.000000" : 3238002688,
            "50.000000" : 3372220416,
            "60.000000" : 3539992576,
            "70.000000" : 3841982464,
            "80.000000" : 4328521728,
            "90.000000" : 4798283776,
            "95.000000" : 5200936960,
            "99.000000" : 6274678784,
            "99.500000" : 6476005376,
            "99.900000" : 6945767424,
            "99.950000" : 6945767424,
            "99.990000" : 7079985152,
            "0.00" : 0,
            "0.00" : 0,
            "0.00" : 0
          }
        },
        "lat_ns" : {
          "min" : 328228151,
          "max" : 8128109112,
          "mean" : 3563668463.895460,
          "stddev" : 972400087.985220
        },
        "bw_min" : 7,
        "bw_max" : 511,
        "bw_agg" : 22.501857,
        "bw_mean" : 127.810547,
        "bw_dev" : 109.946639,
        "bw_samples" : 512,
        "iops_min" : 1,
        "iops_max" : 127,
        "iops_mean" : 31.845703,
        "iops_stddev" : 27.401444,
        "iops_samples" : 512
      },
      "trim" : {
        "io_bytes" : 0,
        "io_kbytes" : 0,
        "bw" : 0,
        "iops" : 0.000000,
        "runtime" : 0,
        "total_ios" : 0,
        "short_ios" : 0,
        "drop_ios" : 0,
        "slat_ns" : {
          "min" : 0,
          "max" : 0,
          "mean" : 0.000000,
          "stddev" : 0.000000
        },
        "clat_ns" : {
          "min" : 0,
          "max" : 0,
          "mean" : 0.000000,
          "stddev" : 0.000000,
          "percentile" : {
            "1.000000" : 0,
            "5.000000" : 0,
            "10.000000" : 0,
            "20.000000" : 0,
            "30.000000" : 0,
            "40.000000" : 0,
            "50.000000" : 0,
            "60.000000" : 0,
            "70.000000" : 0,
            "80.000000" : 0,
            "90.000000" : 0,
            "95.000000" : 0,
            "99.000000" : 0,
            "99.500000" : 0,
            "99.900000" : 0,
            "99.950000" : 0,
            "99.990000" : 0,
            "0.00" : 0,
            "0.00" : 0,
            "0.00" : 0
          }
        },
        "lat_ns" : {
          "min" : 0,
          "max" : 0,
          "mean" : 0.000000,
          "stddev" : 0.000000
        },
        "bw_min" : 0,
        "bw_max" : 0,
        "bw_agg" : 0.000000,
        "bw_mean" : 0.000000,
        "bw_dev" : 0.000000,
        "bw_samples" : 0,
        "iops_min" : 0,
        "iops_max" : 0,
        "iops_mean" : 0.000000,
        "iops_stddev" : 0.000000,
        "iops_samples" : 0
      },
      "usr_cpu" : 0.047282,
      "sys_cpu" : 0.028369,
      "ctx" : 12909,
      "majf" : 0,
      "minf" : 153,
      "iodepth_level" : {
        "1" : 0.100000,
        "2" : 0.184822,
        "4" : 0.369643,
        "8" : 0.739286,
        "16" : 1.478572,
        "32" : 2.957145,
        ">=64" : 94.178122
      },
      "latency_ns" : {
        "2" : 0.000000,
        "4" : 0.000000,
        "10" : 0.000000,
        "20" : 0.000000,
        "50" : 0.000000,
        "100" : 0.000000,
        "250" : 0.000000,
        "500" : 0.000000,
        "750" : 0.000000,
        "1000" : 0.000000
      },
      "latency_us" : {
        "2" : 0.000000,
        "4" : 0.000000,
        "10" : 0.000000,
        "20" : 0.000000,
        "50" : 0.000000,
        "100" : 0.000000,
        "250" : 0.000000,
        "500" : 0.000000,
        "750" : 0.000000,
        "1000" : 0.000000
      },
      "latency_ms" : {
        "2" : 0.000000,
        "4" : 0.000000,
        "10" : 0.000000,
        "20" : 0.000000,
        "50" : 0.000000,
        "100" : 0.000000,
        "250" : 0.000000,
        "500" : 0.127065,
        "750" : 0.646875,
        "1000" : 0.000000,
        "2000" : 5.810327,
        ">=2000" : 93.415733
      },
      "latency_depth" : 64,
      "latency_target" : 0,
      "latency_percentile" : 100.000000,
      "latency_window" : 0
    }
  ],
  "disk_util" : [
    {
      "name" : "md127",
      "read_ios" : 48,
      "write_ios" : 8657,
      "read_merges" : 0,
      "write_merges" : 0,
      "read_ticks" : 0,
      "write_ticks" : 0,
      "in_queue" : 0,
      "util" : 0.000000,
      "aggr_read_ios" : 2172,
      "aggr_write_ios" : 2426,
      "aggr_read_merges" : 0,
      "aggr_write_merge" : 0,
      "aggr_read_ticks" : 776350,
      "aggr_write_ticks" : 627966,
      "aggr_in_queue" : 1404310,
      "aggr_util" : 88.906985
    },
    {
      "name" : "sdf",
      "read_ios" : 2184,
      "write_ios" : 2436,
      "read_merges" : 0,
      "write_merges" : 0,
      "read_ticks" : 864400,
      "write_ticks" : 709496,
      "in_queue" : 1573888,
      "util" : 80.981076
    },
    {
      "name" : "sdd",
      "read_ios" : 2216,
      "write_ios" : 2475,
      "read_merges" : 0,
      "write_merges" : 0,
      "read_ticks" : 935792,
      "write_ticks" : 741820,