{
  "fio version" : "fio-3.1",
  "timestamp" : 1584889231,
  "timestamp_ms" : 1584889231306,
  "time" : "Sun Mar 22 16:00:31 2020",
  "jobs" : [
    {
      "jobname" : "iotest",
      "groupid" : 0,
      "error" : 0,
      "eta" : 0,
      "elapsed" : 62,
      "job options" : {
        "rw" : "randread",
        "bs" : "4k",
        "ioengine" : "libaio",
        "iodepth" : "64",
        "direct" : "1",
        "invalidate" : "1",
        "refill_buffers" : "1",
        "runtime" : "60",
        "numjobs" : "8",
        "group_reporting" : "1",
        "write_bw_log" : "/fio/raid5/randread-iodepth-64-numjobs-8",
        "write_lat_log" : "/fio/raid5/randread-iodepth-64-numjobs-8",
        "write_iops_log" : "/fio/raid5/randread-iodepth-64-numjobs-8",
        "log_avg_msec" : "500",
        "filename" : "/dev/md127"
      },
      "read" : {
        "io_bytes" : 175960064,
        "io_kbytes" : 171836,
        "bw" : 2799,
        "iops" : 699.863152,
        "runtime" : 61382,
        "total_ios" : 42959,
        "short_ios" : 0,
        "drop_ios" : 0,
        "slat_ns" : {
          "min" : 4067,
          "max" : 686508330,
          "mean" : 10222973.264205,
          "stddev" : 66198814.585125
        },
        "clat_ns" : {
          "min" : 2978415,
          "max" : 7679690326,
          "mean" : 717282199.176354,
          "stddev" : 727446947.641205,
          "percentile" : {
            "1.000000" : 12648448,
            "5.000000" : 34865152,
            "10.000000" : 238026752,
            "20.000000" : 358612992,
            "30.000000" : 404750336,
            "40.000000" : 442499072,
            "50.000000" : 484442112,
            "60.000000" : 541065216,
            "70.000000" : 700448768,
            "80.000000" : 926941184,
            "90.000000" : 1400897536,
            "95.000000" : 2164260864,
            "99.000000" : 4009754624,
            "99.500000" : 4529848320,
            "99.900000" : 5603590144,
            "99.950000" : 6207569920,
            "99.990000" : 7147094016,
            "0.00" : 0,
            "0.00" : 0,
            "0.00" : 0
          }
        },
        "lat_ns" : {
          "min" : 2986023,
          "max" : 7679695471,
          "mean" : 727505597.652202,
          "stddev" : 745420637.175161
        },
        "bw_min" : 7,
        "bw_max" : 955,
        "bw_agg" : 12.867729,
        "bw_mean" : 360.167722,
        "bw_dev" : 132.367462,
        "bw_samples" : 948,
        "iops_min" : 1,
        "iops_max" : 238,
        "iops_mean" : 89.768987,
        "iops_stddev" : 33.108385,
        "iops_samples" : 948
      },
      "write" : {
        "io_bytes" : 0,
        "io_kbytes" : 0,
        "bw" : 0,
        "iops" : 0.000000,
        "runtime" : 0,
        "total_ios" : 0,
        "short_ios" : 0,
        "drop_ios" : 0,
        "slat_ns" : {
          "min" : 0,
          "max" : 0,
          "mean" : 0.000000,
          "stddev" : 0.000000
        },
        "clat_ns" : {
          "min" : 0,
          "max" : 0,
          "mean" : 0.000000,
          "stddev" : 0.000000,
          "percentile" : {
            "1.000000" : 0,
            "5.000000" : 0,
            "10.000000" : 0,
            "20.000000" : 0,
            "30.000000" : 0,
            "40.000000" : 0,
            "50.000000" : 0,
            "60.000000" : 0,
            "70.000000" : 0,
            "80.000000" : 0,
            "90.000000" : 0,
            "95.000000" : 0,
            "99.000000" : 0,
            "99.500000" : 0,
            "99.900000" : 0,
            "99.950000" : 0,
            "99.990000" : 0,
            "0.00" : 0,
            "0.00" : 0,
            "0.00" : 0
          }
        },
        "lat_ns" : {
          "min" : 0,
          "max" : 0,
          "mean" : 0.000000,
          "stddev" : 0.000000
        },
        "bw_min" : 0,
        "bw_max" : 0,
        "bw_agg" : 0.000000,
        "bw_mean" : 0.000000,
        "bw_dev" : 0.000000,
        "bw_samples" : 0,
        "iops_min" : 0,
        "iops_max" : 0,
        "iops_mean" : 0.000000,
        "iops_stddev" : 0.000000,
        "iops_samples" : 0
      },
      "trim" : {
        "io_bytes" : 0,
        "io_kbytes" : 0,
        "bw" : 0,
        "iops" : 0.000000,
        "runtime" : 0,
        "total_ios" : 0,
        "short_ios" : 0,
        "drop_ios" : 0,
        "slat_ns" : {
          "min" : 0,
          "max" : 0,
          "mean" : 0.000000,
          "stddev" : 0.000000
        },
        "clat_ns" : {
          "min" : 0,
          "max" : 0,
          "mean" : 0.000000,
          "stddev" : 0.000000,
          "percentile" : {
            "1.000000" : 0,
            "5.000000" : 0,
            "10.000000" : 0,
            "20.000000" : 0,
            "30.000000" : 0,
            "40.000000" : 0,
            "50.000000" : 0,
            "60.000000" : 0,
            "70.000000" : 0,
            "80.000000" : 0,
            "90.000000" : 0,
            "95.000000" : 0,
            "99.000000" : 0,
            "99.500000" : 0,
            "99.900000" : 0,
            "99.950000" : 0,
            "99.990000" : 0,
            "0.00" : 0,
            "0.00" : 0,
            "0.00" : 0
          }
        },
        "lat_ns" : {
          "min" : 0,
          "max" : 0,
          "mean" : 0.000000,
          "stddev" : 0.000000
        },
        "bw_min" : 0,
        "bw_max" : 0,
        "bw_agg" : 0.000000,
        "bw_mean" : 0.000000,
        "bw_dev" : 0.000000,
        "bw_samples" : 0,
        "iops_min" : 0,
        "iops_max" : 0,
        "iops_mean" : 0.000000,
        "iops_stddev" : 0.000000,
        "iops_samples" : 0
      },
      "usr_cpu" : 0.087670,
      "sys_cpu" : 0.104427,
      "ctx" : 7395,
      "majf" : 0,
      "minf" : 693,
      "iodepth_level" : {
        "1" : 0.100000,
        "2" : 0.100000,
        "4" : 0.100000,
        "8" : 0.148979,
        "16" : 0.297959,
        "32" : 0.595917,
        ">=64" : 98.826788
      },
      "latency_ns" : {
        "2" : 0.000000,
        "4" : 0.000000,
        "10" : 0.000000,
        "20" : 0.000000,
        "50" : 0.000000,
        "100" : 0.000000,
        "250" : 0.000000,
        "500" : 0.000000,
        "750" : 0.000000,
        "1000" : 0.000000
      },
      "latency_us" : {
        "2" : 0.000000,
        "4" : 0.000000,
        "10" : 0.000000,
        "20" : 0.000000,
        "50" : 0.000000,
        "100" : 0.000000,
        "250" : 0.000000,
        "500" : 0.000000,
        "750" : 0.000000,
        "1000" : 0.000000
      },
      "latency_ms" : {
        "2" : 0.000000,
        "4" : 0.010000,
        "10" : 0.458577,
        "20" : 2.302195,
        "50" : 3.268233,
        "100" : 1.487465,
        "250" : 2.800345,
        "500" : 42.703508,
        "750" : 18.501362,
        "1000" : 11.811262,
        "2000" : 11.082660,
        ">=2000" : 5.582067
      },
      "latency_depth" : 64,
      "latency_target" : 0,
      "latency_percentile" : 100.000000,
      "latency_window" : 0
    }
  ],
  "disk_util" : [
    {
      "name" : "md127",
      "read_ios" : 42959,
      "write_ios" : 0,
      "read_merges" : 0,
      "write_merges" : 0,
      "read_ticks" : 0,
      "write_ticks" : 0,
      "in_queue" : 0,
      "util" : 0.000000,
      "aggr_read_ios" : 5369,
      "aggr_write_ios" : 0,
      "aggr_read_merges" : 0,
      "aggr_write_merge" : 0,
      "aggr_read_ticks" : 2042631,
      "aggr_write_ticks" : 0,
      "aggr_in_queue" : 2042647,
      "aggr_util" : 98.197514
    },
    {
      "name" : "sdf",
      "read_ios" : 5395,
      "write_ios" : 0,
      "read_merges" : 0,
      "write_merges" : 0,
      "read_ticks" : 3399108,
      "write_ticks" : 0,
      "in_queue" : 3399104,
      "util" : 95.609157
    },
    {
      "name" : "sdd",
      "read_ios" : 5347,
      "write_ios" : 0,
      "read_merges" : 0,
      "write_merges" : 0,
      "read_ticks" : 6996052,
      "write_ticks" : 0,
      "in_queue" : 6996052,