{
  "fio version" : "fio-3.1",
  "timestamp" : 1584890543,
  "timestamp_ms" : 1584890543855,
  "time" : "Sun Mar 22 16:22:23 2020",
  "jobs" : [
    {
      "jobname" : "iotest",
      "groupid" : 0,
      "error" : 0,
      "eta" : 0,
      "elapsed" : 61,
      "job options" : {
        "rw" : "randwrite",
        "bs" : "4k",
        "ioengine" : "libaio",
        "iodepth" : "4",
        "direct" : "1",
        "invalidate" : "1",
        "refill_buffers" : "1",
        "runtime" : "60",
        "numjobs" : "8",
        "group_reporting" : "1",
        "write_bw_log" : "/fio/raid5/randwrite-iodepth-4-numjobs-8",
        "write_lat_log" : "/fio/raid5/randwrite-iodepth-4-numjobs-8",
        "write_iops_log" : "/fio/raid5/randwrite-iodepth-4-numjobs-8",
        "log_avg_msec" : "500",
        "filename" : "/dev/md127"
      },
      "read" : {
        "io_bytes" : 0,
        "io_kbytes" : 0,
        "bw" : 0,
        "iops" : 0.000000,
        "runtime" : 0,
        "total_ios" : 0,
        "short_ios" : 0,
        "drop_ios" : 0,
        "slat_ns" : {
          "min" : 0,
          "max" : 0,
          "mean" : 0.000000,
          "stddev" : 0.000000
        },
        "clat_ns" : {
          "min" : 0,
          "max" : 0,
          "mean" : 0.000000,
          "stddev" : 0.000000,
          "percentile" : {
            "1.000000" : 0,
            "5.000000" : 0,
            "10.000000" : 0,
            "20.000000" : 0,
            "30.000000" : 0,
            "40.000000" : 0,
            "50.000000" : 0,
            "60.000000" : 0,
            "70.000000" : 0,
            "80.000000" : 0,
            "90.000000" : 0,
            "95.000000" : 0,
            "99.000000" : 0,
            "99.500000" : 0,
            "99.900000" : 0,
            "99.950000" : 0,
            "99.990000" : 0,
            "0.00" : 0,
            "0.00" : 0,
            "0.00" : 0
          }
        },
        "lat_ns" : {
          "min" : 0,
          "max" : 0,
          "mean" : 0.000000,
          "stddev" : 0.000000
        },
        "bw_min" : 0,
        "bw_max" : 0,
        "bw_agg" : 0.000000,
        "bw_mean" : 0.000000,
        "bw_dev" : 0.000000,
        "bw_samples" : 0,
        "iops_min" : 0,
        "iops_max" : 0,
        "iops_mean" : 0.000000,
        "iops_stddev" : 0.000000,
        "iops_samples" : 0
      },
      "write" : {
        "io_bytes" : 16470016,
        "io_kbytes" : 16084,
        "bw" : 267,
        "iops" : 66.806227,
        "runtime" : 60189,
        "total_ios" : 4021,
        "short_ios" : 0,
        "drop_ios" : 0,
        "slat_ns" : {
          "min" : 3926,
          "max" : 17746903,
          "mean" : 23536.941557,
          "stddev" : 345007.952096
        },
        "clat_ns" : {
          "min" : 90235249,
          "max" : 907371491,
          "mean" : 477910676.727928,
          "stddev" : 100263466.004521,
          "percentile" : {
            "1.000000" : 225443840,
            "5.000000" : 278921216,
            "10.000000" : 320864256,
            "20.000000" : 417333248,
            "30.000000" : 450887680,
            "40.000000" : 471859200,
            "50.000000" : 492830720,
            "60.000000" : 509607936,
            "70.000000" : 526385152,
            "80.000000" : 549453824,
            "90.000000" : 583008256,
            "95.000000" : 616562688,
            "99.000000" : 708837376,
            "99.500000" : 742391808,
            "99.900000" : 792723456,
            "99.950000" : 809500672,
            "99.990000" : 910163968,
            "0.00" : 0,
            "0.00" : 0,
            "0.00" : 0
          }
        },
        "lat_ns" : {
          "min" : 90282623,
          "max" : 907380436,
          "mean" : 477934951.178562,
          "stddev" : 100249122.894785
        },
        "bw_min" : 8,
        "bw_max" : 64,
        "bw_agg" : 12.523261,
        "bw_mean" : 33.437107,
        "bw_dev" : 7.579362,
        "bw_samples" : 954,
        "iops_min" : 2,
        "iops_max" : 16,
        "iops_mean" : 8.349057,
        "iops_stddev" : 1.896804,
        "iops_samples" : 954
      },
      "trim" : {
        "io_bytes" : 0,
        "io_kbytes" : 0,
        "bw" : 0,
        "iops" : 0.000000,
        "runtime" : 0,
        "total_ios" : 0,
        "short_ios" : 0,
        "drop_ios" : 0,
        "slat_ns" : {
          "min" : 0,
          "max" : 0,
          "mean" : 0.000000,
          "stddev" : 0.000000
        },
        "clat_ns" : {
          "min" : 0,
          "max" : 0,
          "mean" : 0.000000,
          "stddev" : 0.000000,
          "percentile" : {
            "1.000000" : 0,
            "5.000000" : 0,
            "10.000000" : 0,
            "20.000000" : 0,
            "30.000000" : 0,
            "40.000000" : 0,
            "50.000000" : 0,
            "60.000000" : 0,
            "70.000000" : 0,
            "80.000000" : 0,
            "90.000000" : 0,
            "95.000000" : 0,
            "99.000000" : 0,
            "99.500000" : 0,
            "99.900000" : 0,
            "99.950000" : 0,
            "99.990000" : 0,
            "0.00" : 0,
            "0.00" : 0,
            "0.00" : 0
          }
        },
        "lat_ns" : {
          "min" : 0,
          "max" : 0,
          "mean" : 0.000000,
          "stddev" : 0.000000
        },
        "bw_min" : 0,
        "bw_max" : 0,
        "bw_agg" : 0.000000,
        "bw_mean" : 0.000000,
        "bw_dev" : 0.000000,
        "bw_samples" : 0,
        "iops_min" : 0,
        "iops_max" : 0,
        "iops_mean" : 0.000000,
        "iops_stddev" : 0.000000,
        "iops_samples" : 0
      },
      "usr_cpu" : 0.059837,
      "sys_cpu" : 0.013713,
      "ctx" : 3574,
      "majf" : 0,
      "minf" : 168,
      "iodepth_level" : {
        "1" : 0.198955,
        "2" : 0.397911,
        "4" : 99.403134,
        "8" : 0.000000,
        "16" : 0.000000,
        "32" : 0.000000,
        ">=64" : 0.000000
      },
      "latency_ns" : {
        "2" : 0.000000,
        "4" : 0.000000,
        "10" : 0.000000,
        "20" : 0.000000,
        "50" : 0.000000,
        "100" : 0.000000,
        "250" : 0.000000,
        "500" : 0.000000,
        "750" : 0.000000,
        "1000" : 0.000000
      },
      "latency_us" : {
        "2" : 0.000000,
        "4" : 0.000000,
        "10" : 0.000000,
        "20" : 0.000000,
        "50" : 0.000000,
        "100" : 0.000000,
        "250" : 0.000000,
        "500" : 0.000000,
        "750" : 0.000000,
        "1000" : 0.000000
      },
      "latency_ms" : {
        "2" : 0.000000,
        "4" : 0.000000,
        "10" : 0.000000,
        "20" : 0.000000,
        "50" : 0.000000,
        "100" : 0.124347,
        "250" : 2.412335,
        "500" : 52.723203,
        "750" : 44.292465,
        "1000" : 0.447650,
        "2000" : 0.000000,
        ">=2000" : 0.000000
      },
      "latency_depth" : 4,
      "latency_target" : 0,
      "latency_percentile" : 100.000000,
      "latency_window" : 0
    }
  ],
  "disk_util" : [
    {
      "name" : "md127",
      "read_ios" : 99,
      "write_ios" : 4021,
      "read_merges" : 0,
      "write_merges" : 0,
      "read_ticks" : 0,
      "write_ticks" : 0,
      "in_queue" : 0,
      "util" : 0.000000,
      "aggr_read_ios" : 1018,
      "aggr_write_ios" : 2016,
      "aggr_read_merges" : 0,
      "aggr_write_merge" : 0,
      "aggr_read_ticks" : 33990,
      "aggr_write_ticks" : 37928,
      "aggr_in_queue" : 71923,
      "aggr_util" : 65.506168
    },
    {
      "name" : "sdf",
      "read_ios" : 1069,
      "write_ios" : 2060,
      "read_merges" : 0,
      "write_merges" : 0,
      "read_ticks" : 38296,
      "write_ticks" : 37136,
      "in_queue" : 75432,
      "util" : 62.969306
    },
    {
      "name" : "sdd",
      "read_ios" : 982,
      "write_ios" : 1987,
      "read_merges" : 0,
      "write_merges" : 0,
      "read_ticks" : 34832,
      "write_ticks" : 40308,
      "in_queue" : 75140,