{
  "fio version" : "fio-3.1",
  "timestamp" : 1584890735,
  "timestamp_ms" : 1584890735473,
  "time" : "Sun Mar 22 16:25:35 2020",
  "jobs" : [
    {
      "jobname" : "iotest",
      "groupid" : 0,
      "error" : 0,
      "eta" : 0,
      "elapsed" : 65,
      "job options" : {
        "rw" : "randwrite",
        "bs" : "4k",
        "ioengine" : "libaio",
        "iodepth" : "4",
        "direct" : "1",
        "invalidate" : "1",
        "refill_buffers" : "1",
        "runtime" : "60",
        "numjobs" : "64",
        "group_reporting" : "1",
        "write_bw_log" : "/fio/raid5/randwrite-iodepth-4-numjobs-64",
        "write_lat_log" : "/fio/raid5/randwrite-iodepth-4-numjobs-64",
        "write_iops_log" : "/fio/raid5/randwrite-iodepth-4-numjobs-64",
        "log_avg_msec" : "500",
        "filename" : "/dev/md127"
      },
      "read" : {
        "io_bytes" : 0,
        "io_kbytes" : 0,
        "bw" : 0,
        "iops" : 0.000000,
        "runtime" : 0,
        "total_ios" : 0,
        "short_ios" : 0,
        "drop_ios" : 0,
        "slat_ns" : {
          "min" : 0,
          "max" : 0,
          "mean" : 0.000000,
          "stddev" : 0.000000
        },
        "clat_ns" : {
          "min" : 0,
          "max" : 0,
          "mean" : 0.000000,
          "stddev" : 0.000000,
          "percentile" : {
            "1.000000" : 0,
            "5.000000" : 0,
            "10.000000" : 0,
            "20.000000" : 0,
            "30.000000" : 0,
            "40.000000" : 0,
            "50.000000" : 0,
            "60.000000" : 0,
            "70.000000" : 0,
            "80.000000" : 0,
            "90.000000" : 0,
            "95.000000" : 0,
            "99.000000" : 0,
            "99.500000" : 0,
            "99.900000" : 0,
            "99.950000" : 0,
            "99.990000" : 0,
            "0.00" : 0,
            "0.00" : 0,
            "0.00" : 0
          }
        },
        "lat_ns" : {
          "min" : 0,
          "max" : 0,
          "mean" : 0.000000,
          "stddev" : 0.000000
        },
        "bw_min" : 0,
        "bw_max" : 0,
        "bw_agg" : 0.000000,
        "bw_mean" : 0.000000,
        "bw_dev" : 0.000000,
        "bw_samples" : 0,
        "iops_min" : 0,
        "iops_max" : 0,
        "iops_mean" : 0.000000,
        "iops_stddev" : 0.000000,
        "iops_samples" : 0
      },
      "write" : {
        "io_bytes" : 29945856,
        "io_kbytes" : 29244,
        "bw" : 475,
        "iops" : 118.810433,
        "runtime" : 61535,
        "total_ios" : 7311,
        "short_ios" : 0,
        "drop_ios" : 0,
        "slat_ns" : {
          "min" : 3952,
          "max" : 2891604062,
          "mean" : 135387755.638764,
          "stddev" : 328994505.567345
        },
        "clat_ns" : {
          "min" : 40441028,
          "max" : 5320027076,
          "mean" : 1970959817.681029,
          "stddev" : 497182463.722727,
          "percentile" : {
            "1.000000" : 658505728,
            "5.000000" : 1044381696,
            "10.000000" : 1350565888,
            "20.000000" : 1702887424,
            "30.000000" : 1820327936,
            "40.000000" : 1887436800,
            "50.000000" : 1971322880,
            "60.000000" : 2071986176,
            "70.000000" : 2164260864,
            "80.000000" : 2264924160,
            "90.000000" : 2466250752,
            "95.000000" : 2768240640,
            "99.000000" : 3472883712,
            "99.500000" : 3640655872,
            "99.900000" : 4110417920,
            "99.950000" : 4596957184,
            "99.990000" : 5335154688,
            "0.00" : 0,
            "0.00" : 0,
            "0.00" : 0
          }
        },
        "lat_ns" : {
          "min" : 98782847,
          "max" : 5491132339,
          "mean" : 2106349447.944194,
          "stddev" : 585858472.273941
        },
        "bw_min" : 6,
        "bw_max" : 48,
        "bw_agg" : 3.086920,
        "bw_mean" : 14.662869,
        "bw_dev" : 7.683068,
        "bw_samples" : 3862,
        "iops_min" : 1,
        "iops_max" : 12,
        "iops_mean" : 3.641378,
        "iops_stddev" : 1.934723,
        "iops_samples" : 3862
      },
      "trim" : {
        "io_bytes" : 0,
        "io_kbytes" : 0,
        "bw" : 0,
        "iops" : 0.000000,
        "runtime" : 0,
        "total_ios" : 0,
        "short_ios" : 0,
        "drop_ios" : 0,
        "slat_ns" : {
          "min" : 0,
          "max" : 0,
          "mean" : 0.000000,
          "stddev" : 0.000000
        },
        "clat_ns" : {
          "min" : 0,
          "max" : 0,
          "mean" : 0.000000,
          "stddev" : 0.000000,
          "percentile" : {
            "1.000000" : 0,
            "5.000000" : 0,
            "10.000000" : 0,
            "20.000000" : 0,
            "30.000000" : 0,
            "40.000000" : 0,
            "50.000000" : 0,
            "60.000000" : 0,
            "70.000000" : 0,
            "80.000000" : 0,
            "90.000000" : 0,
            "95.000000" : 0,
            "99.000000" : 0,
            "99.500000" : 0,
            "99.900000" : 0,
            "99.950000" : 0,
            "99.990000" : 0,
            "0.00" : 0,
            "0.00" : 0,
            "0.00" : 0
          }
        },
        "lat_ns" : {
          "min" : 0,
          "max" : 0,
          "mean" : 0.000000,
          "stddev" : 0.000000
        },
        "bw_min" : 0,
        "bw_max" : 0,
        "bw_agg" : 0.000000,
        "bw_mean" : 0.000000,
        "bw_dev" : 0.000000,
        "bw_samples" : 0,
        "iops_min" : 0,
        "iops_max" : 0,
        "iops_mean" : 0.000000,
        "iops_stddev" : 0.000000,
        "iops_samples" : 0
      },
      "usr_cpu" : 0.038139,
      "sys_cpu" : 0.006965,
      "ctx" : 37446,
      "majf" : 0,
      "minf" : 1375,
      "iodepth_level" : {
        "1" : 0.875393,
        "2" : 1.750786,
        "4" : 97.373820,
        "8" : 0.000000,
        "16" : 0.000000,
        "32" : 0.000000,
        ">=64" : 0.000000
      },
      "latency_ns" : {
        "2" : 0.000000,
        "4" : 0.000000,
        "10" : 0.000000,
        "20" : 0.000000,
        "50" : 0.000000,
        "100" : 0.000000,
        "250" : 0.000000,
        "500" : 0.000000,
        "750" : 0.000000,
        "1000" : 0.000000
      },
      "latency_us" : {
        "2" : 0.000000,
        "4" : 0.000000,
        "10" : 0.000000,
        "20" : 0.000000,
        "50" : 0.000000,
        "100" : 0.000000,
        "250" : 0.000000,
        "500" : 0.000000,
        "750" : 0.000000,
        "1000" : 0.000000
      },
      "latency_ms" : {
        "2" : 0.000000,
        "4" : 0.000000,
        "10" : 0.000000,
        "20" : 0.000000,
        "50" : 0.013678,
        "100" : 0.013678,
        "250" : 0.136780,
        "500" : 0.287238,
        "750" : 0.957461,
        "1000" : 2.530434,
        "2000" : 48.392833,
        ">=2000" : 47.667898
      },
      "latency_depth" : 4,
      "latency_target" : 0,
      "latency_percentile" : 100.000000,
      "latency_window" : 0
    }
  ],
  "disk_util" : [
    {
      "name" : "md127",
      "read_ios" : 147,
      "write_ios" : 7311,
      "read_merges" : 0,
      "write_merges" : 0,
      "read_ticks" : 0,
      "write_ticks" : 0,
      "in_queue" : 0,
      "util" : 0.000000,
      "aggr_read_ios" : 1852,
      "aggr_write_ios" : 2321,
      "aggr_read_merges" : 0,
      "aggr_write_merge" : 0,
      "aggr_read_ticks" : 338912,
      "aggr_write_ticks" : 282332,
      "aggr_in_queue" : 621237,
      "aggr_util" : 80.573317
    },
    {
      "name" : "sdf",
      "read_ios" : 1836,
      "write_ios" : 2290,
      "read_merges" : 0,
      "write_merges" : 0,
      "read_ticks" : 358660,
      "write_ticks" : 291968,
      "in_queue" : 650624,
      "util" : 72.530697
    },
    {
      "name" : "sdd",
      "read_ios" : 1854,
      "write_ios" : 2336,
      "read_merges" : 0,
      "write_merges" : 0,
      "read_ticks" : 399284,
      "write_ticks" : 352180,