{
  "fio version" : "fio-3.1",
  "timestamp" : 1584994045,
  "timestamp_ms" : 1584994045111,
  "time" : "Mon Mar 23 21:07:25 2020",
  "jobs" : [
    {
      "jobname" : "iotest",
      "groupid" : 0,
      "error" : 0,
      "eta" : 0,
      "elapsed" : 61,
      "job options" : {
        "rw" : "randwrite",
        "bs" : "4k",
        "ioengine" : "libaio",
        "iodepth" : "8",
        "direct" : "1",
        "invalidate" : "1",
        "refill_buffers" : "1",
        "runtime" : "60",
        "numjobs" : "2",
        "group_reporting" : "1",
        "write_bw_log" : "/fio/RAID10_64K_500GB//randwrite-iodepth-8-numjobs-2",
        "write_lat_log" : "/fio/RAID10_64K_500GB//randwrite-iodepth-8-numjobs-2",
        "write_iops_log" : "/fio/RAID10_64K_500GB//randwrite-iodepth-8-numjobs-2",
        "log_avg_msec" : "500",
        "filename" : "/dev/md10p1"
      },
      "read" : {
        "io_bytes" : 0,
        "io_kbytes" : 0,
        "bw" : 0,
        "iops" : 0.000000,
        "runtime" : 0,
        "total_ios" : 0,
        "short_ios" : 0,
        "drop_ios" : 0,
        "slat_ns" : {
          "min" : 0,
          "max" : 0,
          "mean" : 0.000000,
          "stddev" : 0.000000
        },
        "clat_ns" : {
          "min" : 0,
          "max" : 0,
          "mean" : 0.000000,
          "stddev" : 0.000000,
          "percentile" : {
            "1.000000" : 0,
            "5.000000" : 0,
            "10.000000" : 0,
            "20.000000" : 0,
            "30.000000" : 0,
            "40.000000" : 0,
            "50.000000" : 0,
            "60.000000" : 0,
            "70.000000" : 0,
            "80.000000" : 0,
            "90.000000" : 0,
            "95.000000" : 0,
            "99.000000" : 0,
            "99.500000" : 0,
            "99.900000" : 0,
            "99.950000" : 0,
            "99.990000" : 0,
            "0.00" : 0,
            "0.00" : 0,
            "0.00" : 0
          }
        },
        "lat_ns" : {
          "min" : 0,
          "max" : 0,
          "mean" : 0.000000,
          "stddev" : 0.000000
        },
        "bw_min" : 0,
        "bw_max" : 0,
        "bw_agg" : 0.000000,
        "bw_mean" : 0.000000,
        "bw_dev" : 0.000000,
        "bw_samples" : 0,
        "iops_min" : 0,
        "iops_max" : 0,
        "iops_mean" : 0.000000,
        "iops_stddev" : 0.000000,
        "iops_samples" : 0
      },
      "write" : {
        "io_bytes" : 13168640,
        "io_kbytes" : 12860,
        "bw" : 214,
        "iops" : 53.561909,
        "runtime" : 60024,
        "total_ios" : 3215,
        "short_ios" : 0,
        "drop_ios" : 0,
        "slat_ns" : {
          "min" : 14882,
          "max" : 134938079,
          "mean" : 37324010.484292,
          "stddev" : 14207026.757404
        },
        "clat_ns" : {
          "min" : 219936,
          "max" : 500185560,
          "mean" : 260571040.550855,
          "stddev" : 57597464.526487,
          "percentile" : {
            "1.000000" : 154140672,
            "5.000000" : 187695104,
            "10.000000" : 204472320,
            "20.000000" : 223346688,
            "30.000000" : 235929600,
            "40.000000" : 248512512,
            "50.000000" : 256901120,
            "60.000000" : 261095424,
            "70.000000" : 270532608,
            "80.000000" : 278921216,
            "90.000000" : 316669952,
            "95.000000" : 400556032,
            "99.000000" : 450887680,
            "99.500000" : 463470592,
            "99.900000" : 492830720,
            "99.950000" : 501219328,
            "99.990000" : 501219328,
            "0.00" : 0,
            "0.00" : 0,
            "0.00" : 0
          }
        },
        "lat_ns" : {
          "min" : 35244722,
          "max" : 566332919,
          "mean" : 297896680.500778,
          "stddev" : 64480609.387691
        },
        "bw_min" : 16,
        "bw_max" : 152,
        "bw_agg" : 49.828660,
        "bw_mean" : 106.633333,
        "bw_dev" : 20.536704,
        "bw_samples" : 240,
        "iops_min" : 4,
        "iops_max" : 38,
        "iops_mean" : 26.658333,
        "iops_stddev" : 5.134176,
        "iops_samples" : 240
      },
      "trim" : {
        "io_bytes" : 0,
        "io_kbytes" : 0,
        "bw" : 0,
        "iops" : 0.000000,
        "runtime" : 0,
        "total_ios" : 0,
        "short_ios" : 0,
        "drop_ios" : 0,
        "slat_ns" : {
          "min" : 0,
          "max" : 0,
          "mean" : 0.000000,
          "stddev" : 0.000000
        },
        "clat_ns" : {
          "min" : 0,
          "max" : 0,
          "mean" : 0.000000,
          "stddev" : 0.000000,
          "percentile" : {
            "1.000000" : 0,
            "5.000000" : 0,
            "10.000000" : 0,
            "20.000000" : 0,
            "30.000000" : 0,
            "40.000000" : 0,
            "50.000000" : 0,
            "60.000000" : 0,
            "70.000000" : 0,
            "80.000000" : 0,
            "90.000000" : 0,
            "95.000000" : 0,
            "99.000000" : 0,
            "99.500000" : 0,
            "99.900000" : 0,
            "99.950000" : 0,
            "99.990000" : 0,
            "0.00" : 0,
            "0.00" : 0,
            "0.00" : 0
          }
        },
        "lat_ns" : {
          "min" : 0,
          "max" : 0,
          "mean" : 0.000000,
          "stddev" : 0.000000
        },
        "bw_min" : 0,
        "bw_max" : 0,
        "bw_agg" : 0.000000,
        "bw_mean" : 0.000000,
        "bw_dev" : 0.000000,
        "bw_samples" : 0,
        "iops_min" : 0,
        "iops_max" : 0,
        "iops_mean" : 0.000000,
        "iops_stddev" : 0.000000,
        "iops_samples" : 0
      },
      "usr_cpu" : 0.045816,
      "sys_cpu" : 0.214086,
      "ctx" : 6054,
      "majf" : 0,
      "minf" : 42,
      "iodepth_level" : {
        "1" : 0.100000,
        "2" : 0.124417,
        "4" : 0.248834,
        "8" : 99.564541,
        "16" : 0.000000,
        "32" : 0.000000,
        ">=64" : 0.000000
      },
      "latency_ns" : {
        "2" : 0.000000,
        "4" : 0.000000,
        "10" : 0.000000,
        "20" : 0.000000,
        "50" : 0.000000,
        "100" : 0.000000,
        "250" : 0.000000,
        "500" : 0.000000,
        "750" : 0.000000,
        "1000" : 0.000000
      },
      "latency_us" : {
        "2" : 0.000000,
        "4" : 0.000000,
        "10" : 0.000000,
        "20" : 0.000000,
        "50" : 0.000000,
        "100" : 0.000000,
        "250" : 0.031104,
        "500" : 0.031104,
        "750" : 0.000000,
        "1000" : 0.000000
      },
      "latency_ms" : {
        "2" : 0.000000,
        "4" : 0.000000,
        "10" : 0.000000,
        "20" : 0.000000,
        "50" : 0.062208,
        "100" : 0.062208,
        "250" : 44.634526,
        "500" : 55.147745,
        "750" : 0.031104,
        "1000" : 0.000000,
        "2000" : 0.000000,
        ">=2000" : 0.000000
      },
      "latency_depth" : 8,
      "latency_target" : 0,
      "latency_percentile" : 100.000000,
      "latency_window" : 0
    }
  ],
  "disk_util" : [
    {
      "name" : "md10",
      "read_ios" : 30,
      "write_ios" : 3207,
      "read_merges" : 0,
      "write_merges" : 0,
      "read_ticks" : 0,
      "write_ticks" : 0,
      "in_queue" : 0,
      "util" : 0.000000,
      "aggr_read_ios" : 11,
      "aggr_write_ios" : 3823,
      "aggr_read_merges" : 0,
      "aggr_write_merge" : 0,
      "aggr_read_ticks" : 2,
      "aggr_write_ticks" : 30695,
      "aggr_in_queue" : 30696,
      "aggr_util" : 54.792332
    },
    {
      "name" : "sdf",
      "read_ios" : 0,
      "write_ios" : 3800,
      "read_merges" : 0,
      "write_merges" : 0,
      "read_ticks" : 0,
      "write_ticks" : 31172,
      "in_queue" : 31172,
      "util" : 51.458524
    },
    {
      "name" : "sdd",
      "read_ios" : 0,
      "write_ios" : 3845,
      "read_merges" : 0,
      "write_merges" : 0,
      "read_ticks" : 0,
      "write_ticks" : 30088,
      "in_queue" : 30088,