{
  "fio version" : "fio-3.1",
  "timestamp" : 1584990348,
  "timestamp_ms" : 1584990348342,
  "time" : "Mon Mar 23 20:05:48 2020",
  "jobs" : [
    {
      "jobname" : "iotest",
      "groupid" : 0,
      "error" : 0,
      "eta" : 0,
      "elapsed" : 61,
      "job options" : {
        "rw" : "randread",
        "bs" : "4k",
        "ioengine" : "libaio",
        "iodepth" : "2",
        "direct" : "1",
        "invalidate" : "1",
        "refill_buffers" : "1",
        "runtime" : "60",
        "numjobs" : "16",
        "group_reporting" : "1",
        "write_bw_log" : "/fio/RAID10_64K_500GB//randread-iodepth-2-numjobs-16",
        "write_lat_log" : "/fio/RAID10_64K_500GB//randread-iodepth-2-numjobs-16",
        "write_iops_log" : "/fio/RAID10_64K_500GB//randread-iodepth-2-numjobs-16",
        "log_avg_msec" : "500",
        "filename" : "/dev/md10p1"
      },
      "read" : {
        "io_bytes" : 208777216,
        "io_kbytes" : 203884,
        "bw" : 3393,
        "iops" : 848.258417,
        "runtime" : 60089,
        "total_ios" : 50971,
        "short_ios" : 0,
        "drop_ios" : 0,
        "slat_ns" : {
          "min" : 7725,
          "max" : 4026263,
          "mean" : 33986.184732,
          "stddev" : 18468.416813
        },
        "clat_ns" : {
          "min" : 176028,
          "max" : 821415639,
          "mean" : 37645175.858939,
          "stddev" : 46666030.467954,
          "percentile" : {
            "1.000000" : 5472256,
            "5.000000" : 7569408,
            "10.000000" : 9109504,
            "20.000000" : 11599872,
            "30.000000" : 14090240,
            "40.000000" : 17170432,
            "50.000000" : 21364736,
            "60.000000" : 27394048,
            "70.000000" : 36438016,
            "80.000000" : 51642368,
            "90.000000" : 83361792,
            "95.000000" : 122159104,
            "99.000000" : 238026752,
            "99.500000" : 295698432,
            "99.900000" : 442499072,
            "99.950000" : 513802240,
            "99.990000" : 616562688,
            "0.00" : 0,
            "0.00" : 0,
            "0.00" : 0
          }
        },
        "lat_ns" : {
          "min" : 206173,
          "max" : 821450828,
          "mean" : 37680222.044280,
          "stddev" : 46666015.529244
        },
        "bw_min" : 48,
        "bw_max" : 398,
        "bw_agg" : 6.285597,
        "bw_mean" : 213.270312,
        "bw_dev" : 51.041016,
        "bw_samples" : 1920,
        "iops_min" : 12,
        "iops_max" : 99,
        "iops_mean" : 53.102083,
        "iops_stddev" : 12.740648,
        "iops_samples" : 1920
      },
      "write" : {
        "io_bytes" : 0,
        "io_kbytes" : 0,
        "bw" : 0,
        "iops" : 0.000000,
        "runtime" : 0,
        "total_ios" : 0,
        "short_ios" : 0,
        "drop_ios" : 0,
        "slat_ns" : {
          "min" : 0,
          "max" : 0,
          "mean" : 0.000000,
          "stddev" : 0.000000
        },
        "clat_ns" : {
          "min" : 0,
          "max" : 0,
          "mean" : 0.000000,
          "stddev" : 0.000000,
          "percentile" : {
            "1.000000" : 0,
            "5.000000" : 0,
            "10.000000" : 0,
            "20.000000" : 0,
            "30.000000" : 0,
            "40.000000" : 0,
            "50.000000" : 0,
            "60.000000" : 0,
            "70.000000" : 0,
            "80.000000" : 0,
            "90.000000" : 0,
            "95.000000" : 0,
            "99.000000" : 0,
            "99.500000" : 0,
            "99.900000" : 0,
            "99.950000" : 0,
            "99.990000" : 0,
            "0.00" : 0,
            "0.00" : 0,
            "0.00" : 0
          }
        },
        "lat_ns" : {
          "min" : 0,
          "max" : 0,
          "mean" : 0.000000,
          "stddev" : 0.000000
        },
        "bw_min" : 0,
        "bw_max" : 0,
        "bw_agg" : 0.000000,
        "bw_mean" : 0.000000,
        "bw_dev" : 0.000000,
        "bw_samples" : 0,
        "iops_min" : 0,
        "iops_max" : 0,
        "iops_mean" : 0.000000,
        "iops_stddev" : 0.000000,
        "iops_samples" : 0
      },
      "trim" : {
        "io_bytes" : 0,
        "io_kbytes" : 0,
        "bw" : 0,
        "iops" : 0.000000,
        "runtime" : 0,
        "total_ios" : 0,
        "short_ios" : 0,
        "drop_ios" : 0,
        "slat_ns" : {
          "min" : 0,
          "max" : 0,
          "mean" : 0.000000,
          "stddev" : 0.000000
        },
        "clat_ns" : {
          "min" : 0,
          "max" : 0,
          "mean" : 0.000000,
          "stddev" : 0.000000,
          "percentile" : {
            "1.000000" : 0,
            "5.000000" : 0,
            "10.000000" : 0,
            "20.000000" : 0,
            "30.000000" : 0,
            "40.000000" : 0,
            "50.000000" : 0,
            "60.000000" : 0,
            "70.000000" : 0,
            "80.000000" : 0,
            "90.000000" : 0,
            "95.000000" : 0,
            "99.000000" : 0,
            "99.500000" : 0,
            "99.900000" : 0,
            "99.950000" : 0,
            "99.990000" : 0,
            "0.00" : 0,
            "0.00" : 0,
            "0.00" : 0
          }
        },
        "lat_ns" : {
          "min" : 0,
          "max" : 0,
          "mean" : 0.000000,
          "stddev" : 0.000000
        },
        "bw_min" : 0,
        "bw_max" : 0,
        "bw_agg" : 0.000000,
        "bw_mean" : 0.000000,
        "bw_dev" : 0.000000,
        "bw_samples" : 0,
        "iops_min" : 0,
        "iops_max" : 0,
        "iops_mean" : 0.000000,
        "iops_stddev" : 0.000000,
        "iops_samples" : 0
      },
      "usr_cpu" : 0.091910,
      "sys_cpu" : 0.263344,
      "ctx" : 50999,
      "majf" : 0,
      "minf" : 389,
      "iodepth_level" : {
        "1" : 0.100000,
        "2" : 99.968610,
        "4" : 0.000000,
        "8" : 0.000000,
        "16" : 0.000000,
        "32" : 0.000000,
        ">=64" : 0.000000
      },
      "latency_ns" : {
        "2" : 0.000000,
        "4" : 0.000000,
        "10" : 0.000000,
        "20" : 0.000000,
        "50" : 0.000000,
        "100" : 0.000000,
        "250" : 0.000000,
        "500" : 0.000000,
        "750" : 0.000000,
        "1000" : 0.000000
      },
      "latency_us" : {
        "2" : 0.000000,
        "4" : 0.000000,
        "10" : 0.000000,
        "20" : 0.000000,
        "50" : 0.000000,
        "100" : 0.000000,
        "250" : 0.010000,
        "500" : 0.010000,
        "750" : 0.010000,
        "1000" : 0.000000
      },
      "latency_ms" : {
        "2" : 0.010000,
        "4" : 0.137333,
        "10" : 13.056444,
        "20" : 33.707402,
        "50" : 32.167311,
        "100" : 13.678366,
        "250" : 6.382060,
        "500" : 0.802417,
        "750" : 0.054933,
        "1000" : 0.010000,
        "2000" : 0.000000,
        ">=2000" : 0.000000
      },
      "latency_depth" : 2,
      "latency_target" : 0,
      "latency_percentile" : 100.000000,
      "latency_window" : 0
    }
  ],
  "disk_util" : [
    {
      "name" : "md10",
      "read_ios" : 50971,
      "write_ios" : 0,
      "read_merges" : 0,
      "write_merges" : 0,
      "read_ticks" : 0,
      "write_ticks" : 0,
      "in_queue" : 0,
      "util" : 0.000000,
      "aggr_read_ios" : 6371,
      "aggr_write_ios" : 0,
      "aggr_read_merges" : 0,
      "aggr_write_merge" : 0,
      "aggr_read_ticks" : 239840,
      "aggr_write_ticks" : 0,
      "aggr_in_queue" : 239833,
      "aggr_util" : 97.712766
    },
    {
      "name" : "sdf",
      "read_ios" : 6140,
      "write_ios" : 0,
      "read_merges" : 0,
      "write_merges" : 0,
      "read_ticks" : 221888,
      "write_ticks" : 0,
      "in_queue" : 221880,
      "util" : 93.462542
    },
    {
      "name" : "sdd",
      "read_ios" : 6513,
      "write_ios" : 0,
      "read_merges" : 0,
      "write_merges" : 0,
      "read_ticks" : 341172,
      "write_ticks" : 0,
      "in_queue" : 341152,