{
  "fio version" : "fio-3.1",
  "timestamp" : 1584995640,
  "timestamp_ms" : 1584995640905,
  "time" : "Mon Mar 23 21:34:00 2020",
  "jobs" : [
    {
      "jobname" : "iotest",
      "groupid" : 0,
      "error" : 0,
      "eta" : 0,
      "elapsed" : 62,
      "job options" : {
        "rw" : "randwrite",
        "bs" : "4k",
        "ioengine" : "libaio",
        "iodepth" : "64",
        "direct" : "1",
        "invalidate" : "1",
        "refill_buffers" : "1",
        "runtime" : "60",
        "numjobs" : "64",
        "group_reporting" : "1",
        "write_bw_log" : "/fio/RAID10_64K_500GB//randwrite-iodepth-64-numjobs-64",
        "write_lat_log" : "/fio/RAID10_64K_500GB//randwrite-iodepth-64-numjobs-64",
        "write_iops_log" : "/fio/RAID10_64K_500GB//randwrite-iodepth-64-numjobs-64",
        "log_avg_msec" : "500",
        "filename" : "/dev/md10p1"
      },
      "read" : {
        "io_bytes" : 0,
        "io_kbytes" : 0,
        "bw" : 0,
        "iops" : 0.000000,
        "runtime" : 0,
        "total_ios" : 0,
        "short_ios" : 0,
        "drop_ios" : 0,
        "slat_ns" : {
          "min" : 0,
          "max" : 0,
          "mean" : 0.000000,
          "stddev" : 0.000000
        },
        "clat_ns" : {
          "min" : 0,
          "max" : 0,
          "mean" : 0.000000,
          "stddev" : 0.000000,
          "percentile" : {
            "1.000000" : 0,
            "5.000000" : 0,
            "10.000000" : 0,
            "20.000000" : 0,
            "30.000000" : 0,
            "40.000000" : 0,
            "50.000000" : 0,
            "60.000000" : 0,
            "70.000000" : 0,
            "80.000000" : 0,
            "90.000000" : 0,
            "95.000000" : 0,
            "99.000000" : 0,
            "99.500000" : 0,
            "99.900000" : 0,
            "99.950000" : 0,
            "99.990000" : 0,
            "0.00" : 0,
            "0.00" : 0,
            "0.00" : 0
          }
        },
        "lat_ns" : {
          "min" : 0,
          "max" : 0,
          "mean" : 0.000000,
          "stddev" : 0.000000
        },
        "bw_min" : 0,
        "bw_max" : 0,
        "bw_agg" : 0.000000,
        "bw_mean" : 0.000000,
        "bw_dev" : 0.000000,
        "bw_samples" : 0,
        "iops_min" : 0,
        "iops_max" : 0,
        "iops_mean" : 0.000000,
        "iops_stddev" : 0.000000,
        "iops_samples" : 0
      },
      "write" : {
        "io_bytes" : 13688832,
        "io_kbytes" : 13368,
        "bw" : 220,
        "iops" : 55.040432,
        "runtime" : 60719,
        "total_ios" : 3342,
        "short_ios" : 0,
        "drop_ios" : 0,
        "slat_ns" : {
          "min" : 14376,
          "max" : 14044627416,
          "mean" : 1155108468.989826,
          "stddev" : 1560952132.397934
        },
        "clat_ns" : {
          "min" : 146052,
          "max" : 60604646794,
          "mean" : 29186507389.594555,
          "stddev" : 17254747852.929661,
          "percentile" : {
            "1.000000" : 337920,
            "5.000000" : 2105540608,
            "10.000000" : 5200936960,
            "20.000000" : 11072962560,
            "30.000000" : 17112760320,
            "40.000000" : 17112760320,
            "50.000000" : 17112760320,
            "60.000000" : 17112760320,
            "70.000000" : 17112760320,
            "80.000000" : 17112760320,
            "90.000000" : 17112760320,
            "95.000000" : 17112760320,
            "99.000000" : 17112760320,
            "99.500000" : 17112760320,
            "99.900000" : 17112760320,
            "99.950000" : 17112760320,
            "99.990000" : 17112760320,
            "0.00" : 0,
            "0.00" : 0,
            "0.00" : 0
          }
        },
        "lat_ns" : {
          "min" : 112602957,
          "max" : 60716984390,
          "mean" : 30341619884.665470,
          "stddev" : 17271002816.324783
        },
        "bw_min" : 7,
        "bw_max" : 40,
        "bw_agg" : 5.813636,
        "bw_mean" : 12.790000,
        "bw_dev" : 6.540156,
        "bw_samples" : 100,
        "iops_min" : 1,
        "iops_max" : 10,
        "iops_mean" : 3.190000,
        "iops_stddev" : 1.643444,
        "iops_samples" : 100
      },
      "trim" : {
        "io_bytes" : 0,
        "io_kbytes" : 0,
        "bw" : 0,
        "iops" : 0.000000,
        "runtime" : 0,
        "total_ios" : 0,
        "short_ios" : 0,
        "drop_ios" : 0,
        "slat_ns" : {
          "min" : 0,
          "max" : 0,
          "mean" : 0.000000,
          "stddev" : 0.000000
        },
        "clat_ns" : {
          "min" : 0,
          "max" : 0,
          "mean" : 0.000000,
          "stddev" : 0.000000,
          "percentile" : {
            "1.000000" : 0,
            "5.000000" : 0,
            "10.000000" : 0,
            "20.000000" : 0,
            "30.000000" : 0,
            "40.000000" : 0,
            "50.000000" : 0,
            "60.000000" : 0,
            "70.000000" : 0,
            "80.000000" : 0,
            "90.000000" : 0,
            "95.000000" : 0,
            "99.000000" : 0,
            "99.500000" : 0,
            "99.900000" : 0,
            "99.950000" : 0,
            "99.990000" : 0,
            "0.00" : 0,
            "0.00" : 0,
            "0.00" : 0
          }
        },
        "lat_ns" : {
          "min" : 0,
          "max" : 0,
          "mean" : 0.000000,
          "stddev" : 0.000000
        },
        "bw_min" : 0,
        "bw_max" : 0,
        "bw_agg" : 0.000000,
        "bw_mean" : 0.000000,
        "bw_dev" : 0.000000,
        "bw_samples" : 0,
        "iops_min" : 0,
        "iops_max" : 0,
        "iops_mean" : 0.000000,
        "iops_stddev" : 0.000000,
        "iops_samples" : 0
      },
      "usr_cpu" : 0.004921,
      "sys_cpu" : 0.026701,
      "ctx" : 187128,
      "majf" : 0,
      "minf" : 1506,
      "iodepth_level" : {
        "1" : 1.915021,
        "2" : 3.830042,
        "4" : 7.660084,
        "8" : 15.320168,
        "16" : 30.221424,
        "32" : 35.757032,
        ">=64" : 5.296230
      },
      "latency_ns" : {
        "2" : 0.000000,
        "4" : 0.000000,
        "10" : 0.000000,
        "20" : 0.000000,
        "50" : 0.000000,
        "100" : 0.000000,
        "250" : 0.000000,
        "500" : 0.000000,
        "750" : 0.000000,
        "1000" : 0.000000
      },
      "latency_us" : {
        "2" : 0.000000,
        "4" : 0.000000,
        "10" : 0.000000,
        "20" : 0.000000,
        "50" : 0.000000,
        "100" : 0.000000,
        "250" : 0.748055,
        "500" : 0.598444,
        "750" : 0.209455,
        "1000" : 0.089767
      },
      "latency_ms" : {
        "2" : 0.179533,
        "4" : 0.000000,
        "10" : 0.089767,
        "20" : 0.000000,
        "50" : 0.000000,
        "100" : 0.000000,
        "250" : 0.059844,
        "500" : 0.329144,
        "750" : 0.269300,
        "1000" : 0.359066,
        "2000" : 1.795332,
        ">=2000" : 95.272292
      },
      "latency_depth" : 64,
      "latency_target" : 0,
      "latency_percentile" : 100.000000,
      "latency_window" : 0
    }
  ],
  "disk_util" : [
    {
      "name" : "md10",
      "read_ios" : 90,
      "write_ios" : 3342,
      "read_merges" : 0,
      "write_merges" : 0,
      "read_ticks" : 0,
      "write_ticks" : 0,
      "in_queue" : 0,
      "util" : 0.000000,
      "aggr_read_ios" : 19,
      "aggr_write_ios" : 3761,
      "aggr_read_merges" : 0,
      "aggr_write_merge" : 0,
      "aggr_read_ticks" : 22,
      "aggr_write_ticks" : 29991,
      "aggr_in_queue" : 30012,
      "aggr_util" : 52.166773
    },
    {
      "name" : "sdf",
      "read_ios" : 2,
      "write_ios" : 3737,
      "read_merges" : 0,
      "write_merges" : 0,
      "read_ticks" : 4,
      "write_ticks" : 30800,
      "in_queue" : 30804,
      "util" : 50.100997
    },
    {
      "name" : "sdd",
      "read_ios" : 2,
      "write_ios" : 3756,
      "read_merges" : 0,
      "write_merges" : 0,
      "read_ticks" : 0,