{
  "fio version" : "fio-3.1",
  "timestamp" : 1584990654,
  "timestamp_ms" : 1584990654833,
  "time" : "Mon Mar 23 20:10:54 2020",
  "jobs" : [
    {
      "jobname" : "iotest",
      "groupid" : 0,
      "error" : 0,
      "eta" : 0,
      "elapsed" : 61,
      "job options" : {
        "rw" : "randread",
        "bs" : "4k",
        "ioengine" : "libaio",
        "iodepth" : "4",
        "direct" : "1",
        "invalidate" : "1",
        "refill_buffers" : "1",
        "runtime" : "60",
        "numjobs" : "4",
        "group_reporting" : "1",
        "write_bw_log" : "/fio/RAID10_64K_500GB//randread-iodepth-4-numjobs-4",
        "write_lat_log" : "/fio/RAID10_64K_500GB//randread-iodepth-4-numjobs-4",
        "write_iops_log" : "/fio/RAID10_64K_500GB//randread-iodepth-4-numjobs-4",
        "log_avg_msec" : "500",
        "filename" : "/dev/md10p1"
      },
      "read" : {
        "io_bytes" : 171212800,
        "io_kbytes" : 167200,
        "bw" : 2784,
        "iops" : 696.144558,
        "runtime" : 60045,
        "total_ios" : 41800,
        "short_ios" : 0,
        "drop_ios" : 0,
        "slat_ns" : {
          "min" : 8764,
          "max" : 752133,
          "mean" : 32804.953684,
          "stddev" : 6459.144558
        },
        "clat_ns" : {
          "min" : 165304,
          "max" : 361926122,
          "mean" : 22933522.090933,
          "stddev" : 22223346.184886,
          "percentile" : {
            "1.000000" : 4882432,
            "5.000000" : 6651904,
            "10.000000" : 7831552,
            "20.000000" : 9764864,
            "30.000000" : 11468800,
            "40.000000" : 13172736,
            "50.000000" : 15400960,
            "60.000000" : 18743296,
            "70.000000" : 23199744,
            "80.000000" : 30539776,
            "90.000000" : 45875200,
            "95.000000" : 64749568,
            "99.000000" : 115867648,
            "99.500000" : 139460608,
            "99.900000" : 212860928,
            "99.950000" : 238026752,
            "99.990000" : 295698432,
            "0.00" : 0,
            "0.00" : 0,
            "0.00" : 0
          }
        },
        "lat_ns" : {
          "min" : 196904,
          "max" : 361962290,
          "mean" : 22967385.225215,
          "stddev" : 22223478.770561
        },
        "bw_min" : 489,
        "bw_max" : 891,
        "bw_agg" : 25.133950,
        "bw_mean" : 699.729167,
        "bw_dev" : 76.403374,
        "bw_samples" : 480,
        "iops_min" : 122,
        "iops_max" : 222,
        "iops_mean" : 174.612500,
        "iops_stddev" : 19.155987,
        "iops_samples" : 480
      },
      "write" : {
        "io_bytes" : 0,
        "io_kbytes" : 0,
        "bw" : 0,
        "iops" : 0.000000,
        "runtime" : 0,
        "total_ios" : 0,
        "short_ios" : 0,
        "drop_ios" : 0,
        "slat_ns" : {
          "min" : 0,
          "max" : 0,
          "mean" : 0.000000,
          "stddev" : 0.000000
        },
        "clat_ns" : {
          "min" : 0,
          "max" : 0,
          "mean" : 0.000000,
          "stddev" : 0.000000,
          "percentile" : {
            "1.000000" : 0,
            "5.000000" : 0,
            "10.000000" : 0,
            "20.000000" : 0,
            "30.000000" : 0,
            "40.000000" : 0,
            "50.000000" : 0,
            "60.000000" : 0,
            "70.000000" : 0,
            "80.000000" : 0,
            "90.000000" : 0,
            "95.000000" : 0,
            "99.000000" : 0,
            "99.500000" : 0,
            "99.900000" : 0,
            "99.950000" : 0,
            "99.990000" : 0,
            "0.00" : 0,
            "0.00" : 0,
            "0.00" : 0
          }
        },
        "lat_ns" : {
          "min" : 0,
          "max" : 0,
          "mean" : 0.000000,
          "stddev" : 0.000000
        },
        "bw_min" : 0,
        "bw_max" : 0,
        "bw_agg" : 0.000000,
        "bw_mean" : 0.000000,
        "bw_dev" : 0.000000,
        "bw_samples" : 0,
        "iops_min" : 0,
        "iops_max" : 0,
        "iops_mean" : 0.000000,
        "iops_stddev" : 0.000000,
        "iops_samples" : 0
      },
      "trim" : {
        "io_bytes" : 0,
        "io_kbytes" : 0,
        "bw" : 0,
        "iops" : 0.000000,
        "runtime" : 0,
        "total_ios" : 0,
        "short_ios" : 0,
        "drop_ios" : 0,
        "slat_ns" : {
          "min" : 0,
          "max" : 0,
          "mean" : 0.000000,
          "stddev" : 0.000000
        },
        "clat_ns" : {
          "min" : 0,
          "max" : 0,
          "mean" : 0.000000,
          "stddev" : 0.000000,
          "percentile" : {
            "1.000000" : 0,
            "5.000000" : 0,
            "10.000000" : 0,
            "20.000000" : 0,
            "30.000000" : 0,
            "40.000000" : 0,
            "50.000000" : 0,
            "60.000000" : 0,
            "70.000000" : 0,
            "80.000000" : 0,
            "90.000000" : 0,
            "95.000000" : 0,
            "99.000000" : 0,
            "99.500000" : 0,
            "99.900000" : 0,
            "99.950000" : 0,
            "99.990000" : 0,
            "0.00" : 0,
            "0.00" : 0,
            "0.00" : 0
          }
        },
        "lat_ns" : {
          "min" : 0,
          "max" : 0,
          "mean" : 0.000000,
          "stddev" : 0.000000
        },
        "bw_min" : 0,
        "bw_max" : 0,
        "bw_agg" : 0.000000,
        "bw_mean" : 0.000000,
        "bw_dev" : 0.000000,
        "bw_samples" : 0,
        "iops_min" : 0,
        "iops_max" : 0,
        "iops_mean" : 0.000000,
        "iops_stddev" : 0.000000,
        "iops_samples" : 0
      },
      "usr_cpu" : 0.264457,
      "sys_cpu" : 0.842929,
      "ctx" : 41515,
      "majf" : 0,
      "minf" : 95,
      "iodepth_level" : {
        "1" : 0.100000,
        "2" : 0.100000,
        "4" : 99.971292,
        "8" : 0.000000,
        "16" : 0.000000,
        "32" : 0.000000,
        ">=64" : 0.000000
      },
      "latency_ns" : {
        "2" : 0.000000,
        "4" : 0.000000,
        "10" : 0.000000,
        "20" : 0.000000,
        "50" : 0.000000,
        "100" : 0.000000,
        "250" : 0.000000,
        "500" : 0.000000,
        "750" : 0.000000,
        "1000" : 0.000000
      },
      "latency_us" : {
        "2" : 0.000000,
        "4" : 0.000000,
        "10" : 0.000000,
        "20" : 0.000000,
        "50" : 0.000000,
        "100" : 0.000000,
        "250" : 0.010000,
        "500" : 0.000000,
        "750" : 0.000000,
        "1000" : 0.000000
      },
      "latency_ms" : {
        "2" : 0.010000,
        "4" : 0.251196,
        "10" : 21.014354,
        "20" : 41.976077,
        "50" : 28.165072,
        "100" : 7.016746,
        "250" : 1.523923,
        "500" : 0.040670,
        "750" : 0.000000,
        "1000" : 0.000000,
        "2000" : 0.000000,
        ">=2000" : 0.000000
      },
      "latency_depth" : 4,
      "latency_target" : 0,
      "latency_percentile" : 100.000000,
      "latency_window" : 0
    }
  ],
  "disk_util" : [
    {
      "name" : "md10",
      "read_ios" : 41697,
      "write_ios" : 0,
      "read_merges" : 0,
      "write_merges" : 0,
      "read_ticks" : 0,
      "write_ticks" : 0,
      "in_queue" : 0,
      "util" : 0.000000,
      "aggr_read_ios" : 5225,
      "aggr_write_ios" : 0,
      "aggr_read_merges" : 0,
      "aggr_write_merge" : 0,
      "aggr_read_ticks" : 119746,
      "aggr_write_ticks" : 0,
      "aggr_in_queue" : 119741,
      "aggr_util" : 91.539012
    },
    {
      "name" : "sdf",
      "read_ios" : 4879,
      "write_ios" : 0,
      "read_merges" : 0,
      "write_merges" : 0,
      "read_ticks" : 100892,
      "write_ticks" : 0,
      "in_queue" : 100888,
      "util" : 78.163289
    },
    {
      "name" : "sdd",
      "read_ios" : 5245,
      "write_ios" : 0,
      "read_merges" : 0,
      "write_merges" : 0,
      "read_ticks" : 174496,
      "write_ticks" : 0,
      "in_queue" : 174492,