{
  "fio version" : "fio-3.1",
  "timestamp" : 1584990901,
  "timestamp_ms" : 1584990901323,
  "time" : "Mon Mar 23 20:15:01 2020",
  "jobs" : [
    {
      "jobname" : "iotest",
      "groupid" : 0,
      "error" : 0,
      "eta" : 0,
      "elapsed" : 62,
      "job options" : {
        "rw" : "randread",
        "bs" : "4k",
        "ioengine" : "libaio",
        "iodepth" : "4",
        "direct" : "1",
        "invalidate" : "1",
        "refill_buffers" : "1",
        "runtime" : "60",
        "numjobs" : "64",
        "group_reporting" : "1",
        "write_bw_log" : "/fio/RAID10_64K_500GB//randread-iodepth-4-numjobs-64",
        "write_lat_log" : "/fio/RAID10_64K_500GB//randread-iodepth-4-numjobs-64",
        "write_iops_log" : "/fio/RAID10_64K_500GB//randread-iodepth-4-numjobs-64",
        "log_avg_msec" : "500",
        "filename" : "/dev/md10p1"
      },
      "read" : {
        "io_bytes" : 273158144,
        "io_kbytes" : 266756,
        "bw" : 4367,
        "iops" : 1091.812511,
        "runtime" : 61081,
        "total_ios" : 66689,
        "short_ios" : 0,
        "drop_ios" : 0,
        "slat_ns" : {
          "min" : 4728,
          "max" : 528325507,
          "mean" : 13608657.657575,
          "stddev" : 57701622.971025
        },
        "clat_ns" : {
          "min" : 767713,
          "max" : 4304037501,
          "mean" : 218445223.809174,
          "stddev" : 433917274.904266,
          "percentile" : {
            "1.000000" : 6324224,
            "5.000000" : 9109504,
            "10.000000" : 11599872,
            "20.000000" : 16711680,
            "30.000000" : 24772608,
            "40.000000" : 36962304,
            "50.000000" : 55312384,
            "60.000000" : 85458944,
            "70.000000" : 145752064,
            "80.000000" : 274726912,
            "90.000000" : 557842432,
            "95.000000" : 1082130432,
            "99.000000" : 2365587456,
            "99.500000" : 2734686208,
            "99.900000" : 3305111552,
            "99.950000" : 3472883712,
            "99.990000" : 3909091328,
            "0.00" : 0,
            "0.00" : 0,
            "0.00" : 0
          }
        },
        "lat_ns" : {
          "min" : 790395,
          "max" : 4304045084,
          "mean" : 232054706.741592,
          "stddev" : 459287041.816854
        },
        "bw_min" : 5,
        "bw_max" : 376,
        "bw_agg" : 1.757384,
        "bw_mean" : 76.744965,
        "bw_dev" : 44.773052,
        "bw_samples" : 6952,
        "iops_min" : 1,
        "iops_max" : 94,
        "iops_mean" : 19.104574,
        "iops_stddev" : 11.125958,
        "iops_samples" : 6952
      },
      "write" : {
        "io_bytes" : 0,
        "io_kbytes" : 0,
        "bw" : 0,
        "iops" : 0.000000,
        "runtime" : 0,
        "total_ios" : 0,
        "short_ios" : 0,
        "drop_ios" : 0,
        "slat_ns" : {
          "min" : 0,
          "max" : 0,
          "mean" : 0.000000,
          "stddev" : 0.000000
        },
        "clat_ns" : {
          "min" : 0,
          "max" : 0,
          "mean" : 0.000000,
          "stddev" : 0.000000,
          "percentile" : {
            "1.000000" : 0,
            "5.000000" : 0,
            "10.000000" : 0,
            "20.000000" : 0,
            "30.000000" : 0,
            "40.000000" : 0,
            "50.000000" : 0,
            "60.000000" : 0,
            "70.000000" : 0,
            "80.000000" : 0,
            "90.000000" : 0,
            "95.000000" : 0,
            "99.000000" : 0,
            "99.500000" : 0,
            "99.900000" : 0,
            "99.950000" : 0,
            "99.990000" : 0,
            "0.00" : 0,
            "0.00" : 0,
            "0.00" : 0
          }
        },
        "lat_ns" : {
          "min" : 0,
          "max" : 0,
          "mean" : 0.000000,
          "stddev" : 0.000000
        },
        "bw_min" : 0,
        "bw_max" : 0,
        "bw_agg" : 0.000000,
        "bw_mean" : 0.000000,
        "bw_dev" : 0.000000,
        "bw_samples" : 0,
        "iops_min" : 0,
        "iops_max" : 0,
        "iops_mean" : 0.000000,
        "iops_stddev" : 0.000000,
        "iops_samples" : 0
      },
      "trim" : {
        "io_bytes" : 0,
        "io_kbytes" : 0,
        "bw" : 0,
        "iops" : 0.000000,
        "runtime" : 0,
        "total_ios" : 0,
        "short_ios" : 0,
        "drop_ios" : 0,
        "slat_ns" : {
          "min" : 0,
          "max" : 0,
          "mean" : 0.000000,
          "stddev" : 0.000000
        },
        "clat_ns" : {
          "min" : 0,
          "max" : 0,
          "mean" : 0.000000,
          "stddev" : 0.000000,
          "percentile" : {
            "1.000000" : 0,
            "5.000000" : 0,
            "10.000000" : 0,
            "20.000000" : 0,
            "30.000000" : 0,
            "40.000000" : 0,
            "50.000000" : 0,
            "60.000000" : 0,
            "70.000000" : 0,
            "80.000000" : 0,
            "90.000000" : 0,
            "95.000000" : 0,
            "99.000000" : 0,
            "99.500000" : 0,
            "99.900000" : 0,
            "99.950000" : 0,
            "99.990000" : 0,
            "0.00" : 0,
            "0.00" : 0,
            "0.00" : 0
          }
        },
        "lat_ns" : {
          "min" : 0,
          "max" : 0,
          "mean" : 0.000000,
          "stddev" : 0.000000
        },
        "bw_min" : 0,
        "bw_max" : 0,
        "bw_agg" : 0.000000,
        "bw_mean" : 0.000000,
        "bw_dev" : 0.000000,
        "bw_samples" : 0,
        "iops_min" : 0,
        "iops_max" : 0,
        "iops_mean" : 0.000000,
        "iops_stddev" : 0.000000,
        "iops_samples" : 0
      },
      "usr_cpu" : 0.023074,
      "sys_cpu" : 0.057659,
      "ctx" : 65033,
      "majf" : 0,
      "minf" : 1793,
      "iodepth_level" : {
        "1" : 0.100000,
        "2" : 0.191936,
        "4" : 99.712096,
        "8" : 0.000000,
        "16" : 0.000000,
        "32" : 0.000000,
        ">=64" : 0.000000
      },
      "latency_ns" : {
        "2" : 0.000000,
        "4" : 0.000000,
        "10" : 0.000000,
        "20" : 0.000000,
        "50" : 0.000000,
        "100" : 0.000000,
        "250" : 0.000000,
        "500" : 0.000000,
        "750" : 0.000000,
        "1000" : 0.000000
      },
      "latency_us" : {
        "2" : 0.000000,
        "4" : 0.000000,
        "10" : 0.000000,
        "20" : 0.000000,
        "50" : 0.000000,
        "100" : 0.000000,
        "250" : 0.000000,
        "500" : 0.000000,
        "750" : 0.000000,
        "1000" : 0.010000
      },
      "latency_ms" : {
        "2" : 0.010000,
        "4" : 0.049483,
        "10" : 6.639776,
        "20" : 17.719564,
        "50" : 23.194230,
        "100" : 15.467318,
        "250" : 15.345859,
        "500" : 10.550466,
        "750" : 3.357375,
        "1000" : 2.073805,
        "2000" : 3.936181,
        ">=2000" : 1.661443
      },
      "latency_depth" : 4,
      "latency_target" : 0,
      "latency_percentile" : 100.000000,
      "latency_window" : 0
    }
  ],
  "disk_util" : [
    {
      "name" : "md10",
      "read_ios" : 66689,
      "write_ios" : 0,
      "read_merges" : 0,
      "write_merges" : 0,
      "read_ticks" : 0,
      "write_ticks" : 0,
      "in_queue" : 0,
      "util" : 0.000000,
      "aggr_read_ios" : 8336,
      "aggr_write_ios" : 0,
      "aggr_read_merges" : 0,
      "aggr_write_merge" : 0,
      "aggr_read_ticks" : 1683972,
      "aggr_write_ticks" : 0,
      "aggr_in_queue" : 1683979,
      "aggr_util" : 99.590451
    },
    {
      "name" : "sdf",
      "read_ios" : 8304,
      "write_ios" : 0,
      "read_merges" : 0,
      "write_merges" : 0,
      "read_ticks" : 2820324,
      "write_ticks" : 0,
      "in_queue" : 2820316,
      "util" : 97.805192
    },
    {
      "name" : "sdd",
      "read_ios" : 8294,
      "write_ios" : 0,
      "read_merges" : 0,
      "write_merges" : 0,
      "read_ticks" : 6305108,
      "write_ticks" : 0,