{
  "fio version" : "fio-3.1",
  "timestamp" : 1584993001,
  "timestamp_ms" : 1584993001907,
  "time" : "Mon Mar 23 20:50:01 2020",
  "jobs" : [
    {
      "jobname" : "iotest",
      "groupid" : 0,
      "error" : 0,
      "eta" : 0,
      "elapsed" : 61,
      "job options" : {
        "rw" : "randwrite",
        "bs" : "4k",
        "ioengine" : "libaio",
        "iodepth" : "1",
        "direct" : "1",
        "invalidate" : "1",
        "refill_buffers" : "1",
        "runtime" : "60",
        "numjobs" : "32",
        "group_reporting" : "1",
        "write_bw_log" : "/fio/RAID10_64K_500GB//randwrite-iodepth-1-numjobs-32",
        "write_lat_log" : "/fio/RAID10_64K_500GB//randwrite-iodepth-1-numjobs-32",
        "write_iops_log" : "/fio/RAID10_64K_500GB//randwrite-iodepth-1-numjobs-32",
        "log_avg_msec" : "500",
        "filename" : "/dev/md10p1"
      },
      "read" : {
        "io_bytes" : 0,
        "io_kbytes" : 0,
        "bw" : 0,
        "iops" : 0.000000,
        "runtime" : 0,
        "total_ios" : 0,
        "short_ios" : 0,
        "drop_ios" : 0,
        "slat_ns" : {
          "min" : 0,
          "max" : 0,
          "mean" : 0.000000,
          "stddev" : 0.000000
        },
        "clat_ns" : {
          "min" : 0,
          "max" : 0,
          "mean" : 0.000000,
          "stddev" : 0.000000,
          "percentile" : {
            "1.000000" : 0,
            "5.000000" : 0,
            "10.000000" : 0,
            "20.000000" : 0,
            "30.000000" : 0,
            "40.000000" : 0,
            "50.000000" : 0,
            "60.000000" : 0,
            "70.000000" : 0,
            "80.000000" : 0,
            "90.000000" : 0,
            "95.000000" : 0,
            "99.000000" : 0,
            "99.500000" : 0,
            "99.900000" : 0,
            "99.950000" : 0,
            "99.990000" : 0,
            "0.00" : 0,
            "0.00" : 0,
            "0.00" : 0
          }
        },
        "lat_ns" : {
          "min" : 0,
          "max" : 0,
          "mean" : 0.000000,
          "stddev" : 0.000000
        },
        "bw_min" : 0,
        "bw_max" : 0,
        "bw_agg" : 0.000000,
        "bw_mean" : 0.000000,
        "bw_dev" : 0.000000,
        "bw_samples" : 0,
        "iops_min" : 0,
        "iops_max" : 0,
        "iops_mean" : 0.000000,
        "iops_stddev" : 0.000000,
        "iops_samples" : 0
      },
      "write" : {
        "io_bytes" : 13787136,
        "io_kbytes" : 13464,
        "bw" : 222,
        "iops" : 55.665807,
        "runtime" : 60468,
        "total_ios" : 3366,
        "short_ios" : 0,
        "drop_ios" : 0,
        "slat_ns" : {
          "min" : 20450,
          "max" : 3314677255,
          "mean" : 571355936.325015,
          "stddev" : 431040534.590182
        },
        "clat_ns" : {
          "min" : 135213,
          "max" : 52963611,
          "mean" : 1069349.341652,
          "stddev" : 3976549.650579,
          "percentile" : {
            "1.000000" : 150528,
            "5.000000" : 162816,
            "10.000000" : 175104,
            "20.000000" : 189440,
            "30.000000" : 201728,
            "40.000000" : 211968,
            "50.000000" : 222208,
            "60.000000" : 232448,
            "70.000000" : 259072,
            "80.000000" : 296960,
            "90.000000" : 411648,
            "95.000000" : 6586368,
            "99.000000" : 22413312,
            "99.500000" : 25559040,
            "99.900000" : 40632320,
            "99.950000" : 46399488,
            "99.990000" : 53215232,
            "0.00" : 0,
            "0.00" : 0,
            "0.00" : 0
          }
        },
        "lat_ns" : {
          "min" : 221311,
          "max" : 3314875617,
          "mean" : 572428408.115270,
          "stddev" : 429970616.630598
        },
        "bw_min" : 7,
        "bw_max" : 40,
        "bw_agg" : 4.784597,
        "bw_mean" : 10.621805,
        "bw_dev" : 4.938246,
        "bw_samples" : 2504,
        "iops_min" : 1,
        "iops_max" : 10,
        "iops_mean" : 2.632987,
        "iops_stddev" : 1.245000,
        "iops_samples" : 2504
      },
      "trim" : {
        "io_bytes" : 0,
        "io_kbytes" : 0,
        "bw" : 0,
        "iops" : 0.000000,
        "runtime" : 0,
        "total_ios" : 0,
        "short_ios" : 0,
        "drop_ios" : 0,
        "slat_ns" : {
          "min" : 0,
          "max" : 0,
          "mean" : 0.000000,
          "stddev" : 0.000000
        },
        "clat_ns" : {
          "min" : 0,
          "max" : 0,
          "mean" : 0.000000,
          "stddev" : 0.000000,
          "percentile" : {
            "1.000000" : 0,
            "5.000000" : 0,
            "10.000000" : 0,
            "20.000000" : 0,
            "30.000000" : 0,
            "40.000000" : 0,
            "50.000000" : 0,
            "60.000000" : 0,
            "70.000000" : 0,
            "80.000000" : 0,
            "90.000000" : 0,
            "95.000000" : 0,
            "99.000000" : 0,
            "99.500000" : 0,
            "99.900000" : 0,
            "99.950000" : 0,
            "99.990000" : 0,
            "0.00" : 0,
            "0.00" : 0,
            "0.00" : 0
          }
        },
        "lat_ns" : {
          "min" : 0,
          "max" : 0,
          "mean" : 0.000000,
          "stddev" : 0.000000
        },
        "bw_min" : 0,
        "bw_max" : 0,
        "bw_agg" : 0.000000,
        "bw_mean" : 0.000000,
        "bw_dev" : 0.000000,
        "bw_samples" : 0,
        "iops_min" : 0,
        "iops_max" : 0,
        "iops_mean" : 0.000000,
        "iops_stddev" : 0.000000,
        "iops_samples" : 0
      },
      "usr_cpu" : 0.005966,
      "sys_cpu" : 0.040412,
      "ctx" : 102530,
      "majf" : 0,
      "minf" : 754,
      "iodepth_level" : {
        "1" : 100.000000,
        "2" : 0.000000,
        "4" : 0.000000,
        "8" : 0.000000,
        "16" : 0.000000,
        "32" : 0.000000,
        ">=64" : 0.000000
      },
      "latency_ns" : {
        "2" : 0.000000,
        "4" : 0.000000,
        "10" : 0.000000,
        "20" : 0.000000,
        "50" : 0.000000,
        "100" : 0.000000,
        "250" : 0.000000,
        "500" : 0.000000,
        "750" : 0.000000,
        "1000" : 0.000000
      },
      "latency_us" : {
        "2" : 0.000000,
        "4" : 0.000000,
        "10" : 0.000000,
        "20" : 0.000000,
        "50" : 0.000000,
        "100" : 0.000000,
        "250" : 67.439097,
        "500" : 25.638740,
        "750" : 1.069519,
        "1000" : 0.089127
      },
      "latency_ms" : {
        "2" : 0.118835,
        "4" : 0.059418,
        "10" : 1.633987,
        "20" : 2.644088,
        "50" : 1.277481,
        "100" : 0.029709,
        "250" : 0.000000,
        "500" : 0.000000,
        "750" : 0.000000,
        "1000" : 0.000000,
        "2000" : 0.000000,
        ">=2000" : 0.000000
      },
      "latency_depth" : 1,
      "latency_target" : 0,
      "latency_percentile" : 100.000000,
      "latency_window" : 0
    }
  ],
  "disk_util" : [
    {
      "name" : "md10",
      "read_ios" : 90,
      "write_ios" : 3366,
      "read_merges" : 0,
      "write_merges" : 0,
      "read_ticks" : 0,
      "write_ticks" : 0,
      "in_queue" : 0,
      "util" : 0.000000,
      "aggr_read_ios" : 18,
      "aggr_write_ios" : 3937,
      "aggr_read_merges" : 0,
      "aggr_write_merge" : 0,
      "aggr_read_ticks" : 24,
      "aggr_write_ticks" : 32953,
      "aggr_in_queue" : 32974,
      "aggr_util" : 57.120248
    },
    {
      "name" : "sdf",
      "read_ios" : 2,
      "write_ios" : 3950,
      "read_merges" : 0,
      "write_merges" : 0,
      "read_ticks" : 4,
      "write_ticks" : 36016,
      "in_queue" : 36016,
      "util" : 57.120248
    },
    {
      "name" : "sdd",
      "read_ios" : 2,
      "write_ios" : 3941,
      "read_merges" : 0,
      "write_merges" : 0,
      "read_ticks" : 0,
      "write_ticks" : 33092,
      "in_queue" : 33092,