{
  "fio version" : "fio-3.1",
  "timestamp" : 1584992074,
  "timestamp_ms" : 1584992074223,
  "time" : "Mon Mar 23 20:34:34 2020",
  "jobs" : [
    {
      "jobname" : "iotest",
      "groupid" : 0,
      "error" : 0,
      "eta" : 0,
      "elapsed" : 62,
      "job options" : {
        "rw" : "randread",
        "bs" : "4k",
        "ioengine" : "libaio",
        "iodepth" : "32",
        "direct" : "1",
        "invalidate" : "1",
        "refill_buffers" : "1",
        "runtime" : "60",
        "numjobs" : "16",
        "group_reporting" : "1",
        "write_bw_log" : "/fio/RAID10_64K_500GB//randread-iodepth-32-numjobs-16",
        "write_lat_log" : "/fio/RAID10_64K_500GB//randread-iodepth-32-numjobs-16",
        "write_iops_log" : "/fio/RAID10_64K_500GB//randread-iodepth-32-numjobs-16",
        "log_avg_msec" : "500",
        "filename" : "/dev/md10p1"
      },
      "read" : {
        "io_bytes" : 242659328,
        "io_kbytes" : 236972,
        "bw" : 3876,
        "iops" : 969.099653,
        "runtime" : 61132,
        "total_ios" : 59243,
        "short_ios" : 0,
        "drop_ios" : 0,
        "slat_ns" : {
          "min" : 4421,
          "max" : 899280893,
          "mean" : 14450369.824351,
          "stddev" : 87592880.284177
        },
        "clat_ns" : {
          "min" : 245967,
          "max" : 6000361401,
          "mean" : 511435665.677802,
          "stddev" : 555156798.421991,
          "percentile" : {
            "1.000000" : 6127616,
            "5.000000" : 9371648,
            "10.000000" : 12648448,
            "20.000000" : 21889024,
            "30.000000" : 63700992,
            "40.000000" : 421527552,
            "50.000000" : 509607936,
            "60.000000" : 557842432,
            "70.000000" : 616562688,
            "80.000000" : 683671552,
            "90.000000" : 1027604480,
            "95.000000" : 1501560832,
            "99.000000" : 2868903936,
            "99.500000" : 3372220416,
            "99.900000" : 4328521728,
            "99.950000" : 4664066048,
            "99.990000" : 5200936960,
            "0.00" : 0,
            "0.00" : 0,
            "0.00" : 0
          }
        },
        "lat_ns" : {
          "min" : 254051,
          "max" : 6000366805,
          "mean" : 525886510.906183,
          "stddev" : 579563119.103388
        },
        "bw_min" : 7,
        "bw_max" : 694,
        "bw_agg" : 6.992470,
        "bw_mean" : 271.028129,
        "bw_dev" : 94.714352,
        "bw_samples" : 1742,
        "iops_min" : 1,
        "iops_max" : 173,
        "iops_mean" : 67.554535,
        "iops_stddev" : 23.673156,
        "iops_samples" : 1742
      },
      "write" : {
        "io_bytes" : 0,
        "io_kbytes" : 0,
        "bw" : 0,
        "iops" : 0.000000,
        "runtime" : 0,
        "total_ios" : 0,
        "short_ios" : 0,
        "drop_ios" : 0,
        "slat_ns" : {
          "min" : 0,
          "max" : 0,
          "mean" : 0.000000,
          "stddev" : 0.000000
        },
        "clat_ns" : {
          "min" : 0,
          "max" : 0,
          "mean" : 0.000000,
          "stddev" : 0.000000,
          "percentile" : {
            "1.000000" : 0,
            "5.000000" : 0,
            "10.000000" : 0,
            "20.000000" : 0,
            "30.000000" : 0,
            "40.000000" : 0,
            "50.000000" : 0,
            "60.000000" : 0,
            "70.000000" : 0,
            "80.000000" : 0,
            "90.000000" : 0,
            "95.000000" : 0,
            "99.000000" : 0,
            "99.500000" : 0,
            "99.900000" : 0,
            "99.950000" : 0,
            "99.990000" : 0,
            "0.00" : 0,
            "0.00" : 0,
            "0.00" : 0
          }
        },
        "lat_ns" : {
          "min" : 0,
          "max" : 0,
          "mean" : 0.000000,
          "stddev" : 0.000000
        },
        "bw_min" : 0,
        "bw_max" : 0,
        "bw_agg" : 0.000000,
        "bw_mean" : 0.000000,
        "bw_dev" : 0.000000,
        "bw_samples" : 0,
        "iops_min" : 0,
        "iops_max" : 0,
        "iops_mean" : 0.000000,
        "iops_stddev" : 0.000000,
        "iops_samples" : 0
      },
      "trim" : {
        "io_bytes" : 0,
        "io_kbytes" : 0,
        "bw" : 0,
        "iops" : 0.000000,
        "runtime" : 0,
        "total_ios" : 0,
        "short_ios" : 0,
        "drop_ios" : 0,
        "slat_ns" : {
          "min" : 0,
          "max" : 0,
          "mean" : 0.000000,
          "stddev" : 0.000000
        },
        "clat_ns" : {
          "min" : 0,
          "max" : 0,
          "mean" : 0.000000,
          "stddev" : 0.000000,
          "percentile" : {
            "1.000000" : 0,
            "5.000000" : 0,
            "10.000000" : 0,
            "20.000000" : 0,
            "30.000000" : 0,
            "40.000000" : 0,
            "50.000000" : 0,
            "60.000000" : 0,
            "70.000000" : 0,
            "80.000000" : 0,
            "90.000000" : 0,
            "95.000000" : 0,
            "99.000000" : 0,
            "99.500000" : 0,
            "99.900000" : 0,
            "99.950000" : 0,
            "99.990000" : 0,
            "0.00" : 0,
            "0.00" : 0,
            "0.00" : 0
          }
        },
        "lat_ns" : {
          "min" : 0,
          "max" : 0,
          "mean" : 0.000000,
          "stddev" : 0.000000
        },
        "bw_min" : 0,
        "bw_max" : 0,
        "bw_agg" : 0.000000,
        "bw_mean" : 0.000000,
        "bw_dev" : 0.000000,
        "bw_samples" : 0,
        "iops_min" : 0,
        "iops_max" : 0,
        "iops_mean" : 0.000000,
        "iops_stddev" : 0.000000,
        "iops_samples" : 0
      },
      "usr_cpu" : 0.035828,
      "sys_cpu" : 0.098143,
      "ctx" : 23520,
      "majf" : 0,
      "minf" : 871,
      "iodepth_level" : {
        "1" : 0.100000,
        "2" : 0.100000,
        "4" : 0.108030,
        "8" : 0.216059,
        "16" : 0.432119,
        "32" : 99.162770,
        ">=64" : 0.000000
      },
      "latency_ns" : {
        "2" : 0.000000,
        "4" : 0.000000,
        "10" : 0.000000,
        "20" : 0.000000,
        "50" : 0.000000,
        "100" : 0.000000,
        "250" : 0.000000,
        "500" : 0.000000,
        "750" : 0.000000,
        "1000" : 0.000000
      },
      "latency_us" : {
        "2" : 0.000000,
        "4" : 0.000000,
        "10" : 0.000000,
        "20" : 0.000000,
        "50" : 0.000000,
        "100" : 0.000000,
        "250" : 0.010000,
        "500" : 0.010000,
        "750" : 0.000000,
        "1000" : 0.000000
      },
      "latency_ms" : {
        "2" : 0.010000,
        "4" : 0.059079,
        "10" : 5.821785,
        "20" : 12.578701,
        "50" : 10.386037,
        "100" : 2.621407,
        "250" : 2.812147,
        "500" : 14.038789,
        "750" : 36.250696,
        "1000" : 5.198926,
        "2000" : 7.396654,
        ">=2000" : 2.827338
      },
      "latency_depth" : 32,
      "latency_target" : 0,
      "latency_percentile" : 100.000000,
      "latency_window" : 0
    }
  ],
  "disk_util" : [
    {
      "name" : "md10",
      "read_ios" : 59243,
      "write_ios" : 0,
      "read_merges" : 0,
      "write_merges" : 0,
      "read_ticks" : 0,
      "write_ticks" : 0,
      "in_queue" : 0,
      "util" : 0.000000,
      "aggr_read_ios" : 7405,
      "aggr_write_ios" : 0,
      "aggr_read_merges" : 0,
      "aggr_write_merge" : 0,
      "aggr_read_ticks" : 1856514,
      "aggr_write_ticks" : 0,
      "aggr_in_queue" : 1856511,
      "aggr_util" : 99.475362
    },
    {
      "name" : "sdf",
      "read_ios" : 7230,
      "write_ios" : 0,
      "read_merges" : 0,
      "write_merges" : 0,
      "read_ticks" : 2022660,
      "write_ticks" : 0,
      "in_queue" : 2022660,
      "util" : 91.264548
    },
    {
      "name" : "sdd",
      "read_ios" : 7338,
      "write_ios" : 0,
      "read_merges" : 0,
      "write_merges" : 0,
      "read_ticks" : 6966260,
      "write_ticks" : 0,