{
  "fio version" : "fio-3.1",
  "timestamp" : 1584992136,
  "timestamp_ms" : 1584992136744,
  "time" : "Mon Mar 23 20:35:36 2020",
  "jobs" : [
    {
      "jobname" : "iotest",
      "groupid" : 0,
      "error" : 0,
      "eta" : 0,
      "elapsed" : 62,
      "job options" : {
        "rw" : "randread",
        "bs" : "4k",
        "ioengine" : "libaio",
        "iodepth" : "32",
        "direct" : "1",
        "invalidate" : "1",
        "refill_buffers" : "1",
        "runtime" : "60",
        "numjobs" : "32",
        "group_reporting" : "1",
        "write_bw_log" : "/fio/RAID10_64K_500GB//randread-iodepth-32-numjobs-32",
        "write_lat_log" : "/fio/RAID10_64K_500GB//randread-iodepth-32-numjobs-32",
        "write_iops_log" : "/fio/RAID10_64K_500GB//randread-iodepth-32-numjobs-32",
        "log_avg_msec" : "500",
        "filename" : "/dev/md10p1"
      },
      "read" : {
        "io_bytes" : 262643712,
        "io_kbytes" : 256488,
        "bw" : 4180,
        "iops" : 1045.149302,
        "runtime" : 61352,
        "total_ios" : 64122,
        "short_ios" : 0,
        "drop_ios" : 0,
        "slat_ns" : {
          "min" : 4334,
          "max" : 2332417159,
          "mean" : 28621574.382942,
          "stddev" : 178951436.788288
        },
        "clat_ns" : {
          "min" : 336900,
          "max" : 5649162602,
          "mean" : 945186105.622859,
          "stddev" : 665484889.873090,
          "percentile" : {
            "1.000000" : 6520832,
            "5.000000" : 10813440,
            "10.000000" : 16187392,
            "20.000000" : 54788096,
            "30.000000" : 725614592,
            "40.000000" : 943718400,
            "50.000000" : 1052770304,
            "60.000000" : 1132462080,
            "70.000000" : 1233125376,
            "80.000000" : 1350565888,
            "90.000000" : 1535115264,
            "95.000000" : 2105540608,
            "99.000000" : 2902458368,
            "99.500000" : 3338665984,
            "99.900000" : 4177526784,
            "99.950000" : 4395630592,
            "99.990000" : 5200936960,
            "0.00" : 0,
            "0.00" : 0,
            "0.00" : 0
          }
        },
        "lat_ns" : {
          "min" : 348934,
          "max" : 5803380092,
          "mean" : 973808089.583700,
          "stddev" : 706411556.379342
        },
        "bw_min" : 8,
        "bw_max" : 728,
        "bw_agg" : 6.284757,
        "bw_mean" : 262.702842,
        "bw_dev" : 99.498339,
        "bw_samples" : 1935,
        "iops_min" : 2,
        "iops_max" : 182,
        "iops_mean" : 65.440827,
        "iops_stddev" : 24.825898,
        "iops_samples" : 1935
      },
      "write" : {
        "io_bytes" : 0,
        "io_kbytes" : 0,
        "bw" : 0,
        "iops" : 0.000000,
        "runtime" : 0,
        "total_ios" : 0,
        "short_ios" : 0,
        "drop_ios" : 0,
        "slat_ns" : {
          "min" : 0,
          "max" : 0,
          "mean" : 0.000000,
          "stddev" : 0.000000
        },
        "clat_ns" : {
          "min" : 0,
          "max" : 0,
          "mean" : 0.000000,
          "stddev" : 0.000000,
          "percentile" : {
            "1.000000" : 0,
            "5.000000" : 0,
            "10.000000" : 0,
            "20.000000" : 0,
            "30.000000" : 0,
            "40.000000" : 0,
            "50.000000" : 0,
            "60.000000" : 0,
            "70.000000" : 0,
            "80.000000" : 0,
            "90.000000" : 0,
            "95.000000" : 0,
            "99.000000" : 0,
            "99.500000" : 0,
            "99.900000" : 0,
            "99.950000" : 0,
            "99.990000" : 0,
            "0.00" : 0,
            "0.00" : 0,
            "0.00" : 0
          }
        },
        "lat_ns" : {
          "min" : 0,
          "max" : 0,
          "mean" : 0.000000,
          "stddev" : 0.000000
        },
        "bw_min" : 0,
        "bw_max" : 0,
        "bw_agg" : 0.000000,
        "bw_mean" : 0.000000,
        "bw_dev" : 0.000000,
        "bw_samples" : 0,
        "iops_min" : 0,
        "iops_max" : 0,
        "iops_mean" : 0.000000,
        "iops_stddev" : 0.000000,
        "iops_samples" : 0
      },
      "trim" : {
        "io_bytes" : 0,
        "io_kbytes" : 0,
        "bw" : 0,
        "iops" : 0.000000,
        "runtime" : 0,
        "total_ios" : 0,
        "short_ios" : 0,
        "drop_ios" : 0,
        "slat_ns" : {
          "min" : 0,
          "max" : 0,
          "mean" : 0.000000,
          "stddev" : 0.000000
        },
        "clat_ns" : {
          "min" : 0,
          "max" : 0,
          "mean" : 0.000000,
          "stddev" : 0.000000,
          "percentile" : {
            "1.000000" : 0,
            "5.000000" : 0,
            "10.000000" : 0,
            "20.000000" : 0,
            "30.000000" : 0,
            "40.000000" : 0,
            "50.000000" : 0,
            "60.000000" : 0,
            "70.000000" : 0,
            "80.000000" : 0,
            "90.000000" : 0,
            "95.000000" : 0,
            "99.000000" : 0,
            "99.500000" : 0,
            "99.900000" : 0,
            "99.950000" : 0,
            "99.990000" : 0,
            "0.00" : 0,
            "0.00" : 0,
            "0.00" : 0
          }
        },
        "lat_ns" : {
          "min" : 0,
          "max" : 0,
          "mean" : 0.000000,
          "stddev" : 0.000000
        },
        "bw_min" : 0,
        "bw_max" : 0,
        "bw_agg" : 0.000000,
        "bw_mean" : 0.000000,
        "bw_dev" : 0.000000,
        "bw_samples" : 0,
        "iops_min" : 0,
        "iops_max" : 0,
        "iops_mean" : 0.000000,
        "iops_stddev" : 0.000000,
        "iops_samples" : 0
      },
      "usr_cpu" : 0.016784,
      "sys_cpu" : 0.037047,
      "ctx" : 17526,
      "majf" : 0,
      "minf" : 1766,
      "iodepth_level" : {
        "1" : 0.100000,
        "2" : 0.100000,
        "4" : 0.199619,
        "8" : 0.399239,
        "16" : 0.798478,
        "32" : 98.452949,
        ">=64" : 0.000000
      },
      "latency_ns" : {
        "2" : 0.000000,
        "4" : 0.000000,
        "10" : 0.000000,
        "20" : 0.000000,
        "50" : 0.000000,
        "100" : 0.000000,
        "250" : 0.000000,
        "500" : 0.000000,
        "750" : 0.000000,
        "1000" : 0.000000
      },
      "latency_us" : {
        "2" : 0.000000,
        "4" : 0.000000,
        "10" : 0.000000,
        "20" : 0.000000,
        "50" : 0.000000,
        "100" : 0.000000,
        "250" : 0.000000,
        "500" : 0.010000,
        "750" : 0.010000,
        "1000" : 0.000000
      },
      "latency_ms" : {
        "2" : 0.010000,
        "4" : 0.060822,
        "10" : 4.106235,
        "20" : 8.270172,
        "50" : 7.183182,
        "100" : 2.144350,
        "250" : 1.957207,
        "500" : 2.440660,
        "750" : 4.650510,
        "1000" : 13.363588,
        "2000" : 50.163750,
        ">=2000" : 5.654845
      },
      "latency_depth" : 32,
      "latency_target" : 0,
      "latency_percentile" : 100.000000,
      "latency_window" : 0
    }
  ],
  "disk_util" : [
    {
      "name" : "md10",
      "read_ios" : 64122,
      "write_ios" : 0,
      "read_merges" : 0,
      "write_merges" : 0,
      "read_ticks" : 0,
      "write_ticks" : 0,
      "in_queue" : 0,
      "util" : 0.000000,
      "aggr_read_ios" : 8015,
      "aggr_write_ios" : 0,
      "aggr_read_merges" : 0,
      "aggr_write_merge" : 0,
      "aggr_read_ticks" : 2493593,
      "aggr_write_ticks" : 0,
      "aggr_in_queue" : 2493590,
      "aggr_util" : 98.875674
    },
    {
      "name" : "sdf",
      "read_ios" : 7991,
      "write_ios" : 0,
      "read_merges" : 0,
      "write_merges" : 0,
      "read_ticks" : 3238104,
      "write_ticks" : 0,
      "in_queue" : 3238104,
      "util" : 93.772441
    },
    {
      "name" : "sdd",
      "read_ios" : 8036,
      "write_ios" : 0,
      "read_merges" : 0,
      "write_merges" : 0,
      "read_ticks" : 4334580,