{
  "fio version" : "fio-3.1",
  "timestamp" : 1584991270,
  "timestamp_ms" : 1584991270330,
  "time" : "Mon Mar 23 20:21:10 2020",
  "jobs" : [
    {
      "jobname" : "iotest",
      "groupid" : 0,
      "error" : 0,
      "eta" : 0,
      "elapsed" : 62,
      "job options" : {
        "rw" : "randread",
        "bs" : "4k",
        "ioengine" : "libaio",
        "iodepth" : "8",
        "direct" : "1",
        "invalidate" : "1",
        "refill_buffers" : "1",
        "runtime" : "60",
        "numjobs" : "32",
        "group_reporting" : "1",
        "write_bw_log" : "/fio/RAID10_64K_500GB//randread-iodepth-8-numjobs-32",
        "write_lat_log" : "/fio/RAID10_64K_500GB//randread-iodepth-8-numjobs-32",
        "write_iops_log" : "/fio/RAID10_64K_500GB//randread-iodepth-8-numjobs-32",
        "log_avg_msec" : "500",
        "filename" : "/dev/md10p1"
      },
      "read" : {
        "io_bytes" : 280621056,
        "io_kbytes" : 274044,
        "bw" : 4483,
        "iops" : 1120.999411,
        "runtime" : 61116,
        "total_ios" : 68511,
        "short_ios" : 0,
        "drop_ios" : 0,
        "slat_ns" : {
          "min" : 4703,
          "max" : 431540098,
          "mean" : 11311075.161449,
          "stddev" : 47370437.637466
        },
        "clat_ns" : {
          "min" : 162102,
          "max" : 4003675863,
          "mean" : 215535745.263272,
          "stddev" : 360293394.943566,
          "percentile" : {
            "1.000000" : 6258688,
            "5.000000" : 9109504,
            "10.000000" : 11730944,
            "20.000000" : 17432576,
            "30.000000" : 26869760,
            "40.000000" : 41680896,
            "50.000000" : 67633152,
            "60.000000" : 120061952,
            "70.000000" : 200278016,
            "80.000000" : 291504128,
            "90.000000" : 599785472,
            "95.000000" : 1010827264,
            "99.000000" : 1753219072,
            "99.500000" : 2122317824,
            "99.900000" : 2768240640,
            "99.950000" : 3103784960,
            "99.990000" : 3640655872,
            "0.00" : 0,
            "0.00" : 0,
            "0.00" : 0
          }
        },
        "lat_ns" : {
          "min" : 184725,
          "max" : 4352555206,
          "mean" : 226847515.197428,
          "stddev" : 385462216.925917
        },
        "bw_min" : 7,
        "bw_max" : 480,
        "bw_agg" : 3.173556,
        "bw_mean" : 142.270536,
        "bw_dev" : 61.896814,
        "bw_samples" : 3859,
        "iops_min" : 1,
        "iops_max" : 120,
        "iops_mean" : 35.372895,
        "iops_stddev" : 15.401390,
        "iops_samples" : 3859
      },
      "write" : {
        "io_bytes" : 0,
        "io_kbytes" : 0,
        "bw" : 0,
        "iops" : 0.000000,
        "runtime" : 0,
        "total_ios" : 0,
        "short_ios" : 0,
        "drop_ios" : 0,
        "slat_ns" : {
          "min" : 0,
          "max" : 0,
          "mean" : 0.000000,
          "stddev" : 0.000000
        },
        "clat_ns" : {
          "min" : 0,
          "max" : 0,
          "mean" : 0.000000,
          "stddev" : 0.000000,
          "percentile" : {
            "1.000000" : 0,
            "5.000000" : 0,
            "10.000000" : 0,
            "20.000000" : 0,
            "30.000000" : 0,
            "40.000000" : 0,
            "50.000000" : 0,
            "60.000000" : 0,
            "70.000000" : 0,
            "80.000000" : 0,
            "90.000000" : 0,
            "95.000000" : 0,
            "99.000000" : 0,
            "99.500000" : 0,
            "99.900000" : 0,
            "99.950000" : 0,
            "99.990000" : 0,
            "0.00" : 0,
            "0.00" : 0,
            "0.00" : 0
          }
        },
        "lat_ns" : {
          "min" : 0,
          "max" : 0,
          "mean" : 0.000000,
          "stddev" : 0.000000
        },
        "bw_min" : 0,
        "bw_max" : 0,
        "bw_agg" : 0.000000,
        "bw_mean" : 0.000000,
        "bw_dev" : 0.000000,
        "bw_samples" : 0,
        "iops_min" : 0,
        "iops_max" : 0,
        "iops_mean" : 0.000000,
        "iops_stddev" : 0.000000,
        "iops_samples" : 0
      },
      "trim" : {
        "io_bytes" : 0,
        "io_kbytes" : 0,
        "bw" : 0,
        "iops" : 0.000000,
        "runtime" : 0,
        "total_ios" : 0,
        "short_ios" : 0,
        "drop_ios" : 0,
        "slat_ns" : {
          "min" : 0,
          "max" : 0,
          "mean" : 0.000000,
          "stddev" : 0.000000
        },
        "clat_ns" : {
          "min" : 0,
          "max" : 0,
          "mean" : 0.000000,
          "stddev" : 0.000000,
          "percentile" : {
            "1.000000" : 0,
            "5.000000" : 0,
            "10.000000" : 0,
            "20.000000" : 0,
            "30.000000" : 0,
            "40.000000" : 0,
            "50.000000" : 0,
            "60.000000" : 0,
            "70.000000" : 0,
            "80.000000" : 0,
            "90.000000" : 0,
            "95.000000" : 0,
            "99.000000" : 0,
            "99.500000" : 0,
            "99.900000" : 0,
            "99.950000" : 0,
            "99.990000" : 0,
            "0.00" : 0,
            "0.00" : 0,
            "0.00" : 0
          }
        },
        "lat_ns" : {
          "min" : 0,
          "max" : 0,
          "mean" : 0.000000,
          "stddev" : 0.000000
        },
        "bw_min" : 0,
        "bw_max" : 0,
        "bw_agg" : 0.000000,
        "bw_mean" : 0.000000,
        "bw_dev" : 0.000000,
        "bw_samples" : 0,
        "iops_min" : 0,
        "iops_max" : 0,
        "iops_mean" : 0.000000,
        "iops_stddev" : 0.000000,
        "iops_samples" : 0
      },
      "usr_cpu" : 0.036535,
      "sys_cpu" : 0.094704,
      "ctx" : 58913,
      "majf" : 0,
      "minf" : 1002,
      "iodepth_level" : {
        "1" : 0.100000,
        "2" : 0.100000,
        "4" : 0.186831,
        "8" : 99.673045,
        "16" : 0.000000,
        "32" : 0.000000,
        ">=64" : 0.000000
      },
      "latency_ns" : {
        "2" : 0.000000,
        "4" : 0.000000,
        "10" : 0.000000,
        "20" : 0.000000,
        "50" : 0.000000,
        "100" : 0.000000,
        "250" : 0.000000,
        "500" : 0.000000,
        "750" : 0.000000,
        "1000" : 0.000000
      },
      "latency_us" : {
        "2" : 0.000000,
        "4" : 0.000000,
        "10" : 0.000000,
        "20" : 0.000000,
        "50" : 0.000000,
        "100" : 0.000000,
        "250" : 0.010000,
        "500" : 0.010000,
        "750" : 0.000000,
        "1000" : 0.010000
      },
      "latency_ms" : {
        "2" : 0.010000,
        "4" : 0.054006,
        "10" : 6.614996,
        "20" : 16.540410,
        "50" : 20.545606,
        "100" : 13.260644,
        "250" : 19.046576,
        "500" : 12.160091,
        "750" : 3.867992,
        "1000" : 2.739706,
        "2000" : 4.524821,
        ">=2000" : 0.639313
      },
      "latency_depth" : 8,
      "latency_target" : 0,
      "latency_percentile" : 100.000000,
      "latency_window" : 0
    }
  ],
  "disk_util" : [
    {
      "name" : "md10",
      "read_ios" : 68511,
      "write_ios" : 0,
      "read_merges" : 0,
      "write_merges" : 0,
      "read_ticks" : 0,
      "write_ticks" : 0,
      "in_queue" : 0,
      "util" : 0.000000,
      "aggr_read_ios" : 8563,
      "aggr_write_ios" : 0,
      "aggr_read_merges" : 0,
      "aggr_write_merge" : 0,
      "aggr_read_ticks" : 1607275,
      "aggr_write_ticks" : 0,
      "aggr_in_queue" : 1607267,
      "aggr_util" : 99.520782
    },
    {
      "name" : "sdf",
      "read_ios" : 8313,
      "write_ios" : 0,
      "read_merges" : 0,
      "write_merges" : 0,
      "read_ticks" : 5459120,
      "write_ticks" : 0,
      "in_queue" : 5459116,
      "util" : 96.935715
    },
    {
      "name" : "sdd",
      "read_ios" : 8521,
      "write_ios" : 0,
      "read_merges" : 0,
      "write_merges" : 0,
      "read_ticks" : 813644,
      "write_ticks" : 0,