{
  "fio version" : "fio-3.1",
  "timestamp" : 1584993186,
  "timestamp_ms" : 1584993186160,
  "time" : "Mon Mar 23 20:53:06 2020",
  "jobs" : [
    {
      "jobname" : "iotest",
      "groupid" : 0,
      "error" : 0,
      "eta" : 0,
      "elapsed" : 61,
      "job options" : {
        "rw" : "randwrite",
        "bs" : "4k",
        "ioengine" : "libaio",
        "iodepth" : "2",
        "direct" : "1",
        "invalidate" : "1",
        "refill_buffers" : "1",
        "runtime" : "60",
        "numjobs" : "2",
        "group_reporting" : "1",
        "write_bw_log" : "/fio/RAID10_64K_500GB//randwrite-iodepth-2-numjobs-2",
        "write_lat_log" : "/fio/RAID10_64K_500GB//randwrite-iodepth-2-numjobs-2",
        "write_iops_log" : "/fio/RAID10_64K_500GB//randwrite-iodepth-2-numjobs-2",
        "log_avg_msec" : "500",
        "filename" : "/dev/md10p1"
      },
      "read" : {
        "io_bytes" : 0,
        "io_kbytes" : 0,
        "bw" : 0,
        "iops" : 0.000000,
        "runtime" : 0,
        "total_ios" : 0,
        "short_ios" : 0,
        "drop_ios" : 0,
        "slat_ns" : {
          "min" : 0,
          "max" : 0,
          "mean" : 0.000000,
          "stddev" : 0.000000
        },
        "clat_ns" : {
          "min" : 0,
          "max" : 0,
          "mean" : 0.000000,
          "stddev" : 0.000000,
          "percentile" : {
            "1.000000" : 0,
            "5.000000" : 0,
            "10.000000" : 0,
            "20.000000" : 0,
            "30.000000" : 0,
            "40.000000" : 0,
            "50.000000" : 0,
            "60.000000" : 0,
            "70.000000" : 0,
            "80.000000" : 0,
            "90.000000" : 0,
            "95.000000" : 0,
            "99.000000" : 0,
            "99.500000" : 0,
            "99.900000" : 0,
            "99.950000" : 0,
            "99.990000" : 0,
            "0.00" : 0,
            "0.00" : 0,
            "0.00" : 0
          }
        },
        "lat_ns" : {
          "min" : 0,
          "max" : 0,
          "mean" : 0.000000,
          "stddev" : 0.000000
        },
        "bw_min" : 0,
        "bw_max" : 0,
        "bw_agg" : 0.000000,
        "bw_mean" : 0.000000,
        "bw_dev" : 0.000000,
        "bw_samples" : 0,
        "iops_min" : 0,
        "iops_max" : 0,
        "iops_mean" : 0.000000,
        "iops_stddev" : 0.000000,
        "iops_samples" : 0
      },
      "write" : {
        "io_bytes" : 12828672,
        "io_kbytes" : 12528,
        "bw" : 208,
        "iops" : 52.188692,
        "runtime" : 60013,
        "total_ios" : 3132,
        "short_ios" : 0,
        "drop_ios" : 0,
        "slat_ns" : {
          "min" : 22808,
          "max" : 83455032,
          "mean" : 38288359.119093,
          "stddev" : 15311745.281085
        },
        "clat_ns" : {
          "min" : 181947,
          "max" : 85406563,
          "mean" : 38320840.083333,
          "stddev" : 15325955.289877,
          "percentile" : {
            "1.000000" : 214016,
            "5.000000" : 276480,
            "10.000000" : 24772608,
            "20.000000" : 29753344,
            "30.000000" : 33161216,
            "40.000000" : 33816576,
            "50.000000" : 36438016,
            "60.000000" : 38535168,
            "70.000000" : 41680896,
            "80.000000" : 48496640,
            "90.000000" : 60555264,
            "95.000000" : 66322432,
            "99.000000" : 74973184,
            "99.500000" : 77070336,
            "99.900000" : 83361792,
            "99.950000" : 83361792,
            "99.990000" : 85458944,
            "0.00" : 0,
            "0.00" : 0,
            "0.00" : 0
          }
        },
        "lat_ns" : {
          "min" : 214071,
          "max" : 157510840,
          "mean" : 76610860.319923,
          "stddev" : 24819739.796478
        },
        "bw_min" : 56,
        "bw_max" : 144,
        "bw_agg" : 50.128205,
        "bw_mean" : 104.266667,
        "bw_dev" : 20.279112,
        "bw_samples" : 240,
        "iops_min" : 14,
        "iops_max" : 36,
        "iops_mean" : 26.066667,
        "iops_stddev" : 5.069778,
        "iops_samples" : 240
      },
      "trim" : {
        "io_bytes" : 0,
        "io_kbytes" : 0,
        "bw" : 0,
        "iops" : 0.000000,
        "runtime" : 0,
        "total_ios" : 0,
        "short_ios" : 0,
        "drop_ios" : 0,
        "slat_ns" : {
          "min" : 0,
          "max" : 0,
          "mean" : 0.000000,
          "stddev" : 0.000000
        },
        "clat_ns" : {
          "min" : 0,
          "max" : 0,
          "mean" : 0.000000,
          "stddev" : 0.000000,
          "percentile" : {
            "1.000000" : 0,
            "5.000000" : 0,
            "10.000000" : 0,
            "20.000000" : 0,
            "30.000000" : 0,
            "40.000000" : 0,
            "50.000000" : 0,
            "60.000000" : 0,
            "70.000000" : 0,
            "80.000000" : 0,
            "90.000000" : 0,
            "95.000000" : 0,
            "99.000000" : 0,
            "99.500000" : 0,
            "99.900000" : 0,
            "99.950000" : 0,
            "99.990000" : 0,
            "0.00" : 0,
            "0.00" : 0,
            "0.00" : 0
          }
        },
        "lat_ns" : {
          "min" : 0,
          "max" : 0,
          "mean" : 0.000000,
          "stddev" : 0.000000
        },
        "bw_min" : 0,
        "bw_max" : 0,
        "bw_agg" : 0.000000,
        "bw_mean" : 0.000000,
        "bw_dev" : 0.000000,
        "bw_samples" : 0,
        "iops_min" : 0,
        "iops_max" : 0,
        "iops_mean" : 0.000000,
        "iops_stddev" : 0.000000,
        "iops_samples" : 0
      },
      "usr_cpu" : 0.036660,
      "sys_cpu" : 0.221626,
      "ctx" : 6115,
      "majf" : 0,
      "minf" : 42,
      "iodepth_level" : {
        "1" : 0.100000,
        "2" : 99.936143,
        "4" : 0.000000,
        "8" : 0.000000,
        "16" : 0.000000,
        "32" : 0.000000,
        ">=64" : 0.000000
      },
      "latency_ns" : {
        "2" : 0.000000,
        "4" : 0.000000,
        "10" : 0.000000,
        "20" : 0.000000,
        "50" : 0.000000,
        "100" : 0.000000,
        "250" : 0.000000,
        "500" : 0.000000,
        "750" : 0.000000,
        "1000" : 0.000000
      },
      "latency_us" : {
        "2" : 0.000000,
        "4" : 0.000000,
        "10" : 0.000000,
        "20" : 0.000000,
        "50" : 0.000000,
        "100" : 0.000000,
        "250" : 4.469987,
        "500" : 1.085568,
        "750" : 0.000000,
        "1000" : 0.000000
      },
      "latency_ms" : {
        "2" : 0.000000,
        "4" : 0.031928,
        "10" : 0.031928,
        "20" : 0.223499,
        "50" : 75.702427,
        "100" : 18.454662,
        "250" : 0.000000,
        "500" : 0.000000,
        "750" : 0.000000,
        "1000" : 0.000000,
        "2000" : 0.000000,
        ">=2000" : 0.000000
      },
      "latency_depth" : 2,
      "latency_target" : 0,
      "latency_percentile" : 100.000000,
      "latency_window" : 0
    }
  ],
  "disk_util" : [
    {
      "name" : "md10",
      "read_ios" : 30,
      "write_ios" : 3124,
      "read_merges" : 0,
      "write_merges" : 0,
      "read_ticks" : 0,
      "write_ticks" : 0,
      "in_queue" : 0,
      "util" : 0.000000,
      "aggr_read_ios" : 12,
      "aggr_write_ios" : 3743,
      "aggr_read_merges" : 0,
      "aggr_write_merge" : 0,
      "aggr_read_ticks" : 5,
      "aggr_write_ticks" : 29278,
      "aggr_in_queue" : 29284,
      "aggr_util" : 52.316911
    },
    {
      "name" : "sdf",
      "read_ios" : 0,
      "write_ios" : 3717,
      "read_merges" : 0,
      "write_merges" : 0,
      "read_ticks" : 0,
      "write_ticks" : 30404,
      "in_queue" : 30404,
      "util" : 50.039947
    },
    {
      "name" : "sdd",
      "read_ios" : 0,
      "write_ios" : 3765,
      "read_merges" : 0,
      "write_merges" : 0,
      "read_ticks" : 0,
      "write_ticks" : 28620,
      "in_queue" : 28620,