{
  "fio version" : "fio-3.1",
  "timestamp" : 1584994843,
  "timestamp_ms" : 1584994843098,
  "time" : "Mon Mar 23 21:20:43 2020",
  "jobs" : [
    {
      "jobname" : "iotest",
      "groupid" : 0,
      "error" : 0,
      "eta" : 0,
      "elapsed" : 61,
      "job options" : {
        "rw" : "randwrite",
        "bs" : "4k",
        "ioengine" : "libaio",
        "iodepth" : "32",
        "direct" : "1",
        "invalidate" : "1",
        "refill_buffers" : "1",
        "runtime" : "60",
        "numjobs" : "1",
        "group_reporting" : "1",
        "write_bw_log" : "/fio/RAID10_64K_500GB//randwrite-iodepth-32-numjobs-1",
        "write_lat_log" : "/fio/RAID10_64K_500GB//randwrite-iodepth-32-numjobs-1",
        "write_iops_log" : "/fio/RAID10_64K_500GB//randwrite-iodepth-32-numjobs-1",
        "log_avg_msec" : "500",
        "filename" : "/dev/md10p1"
      },
      "read" : {
        "io_bytes" : 0,
        "io_kbytes" : 0,
        "bw" : 0,
        "iops" : 0.000000,
        "runtime" : 0,
        "total_ios" : 0,
        "short_ios" : 0,
        "drop_ios" : 0,
        "slat_ns" : {
          "min" : 0,
          "max" : 0,
          "mean" : 0.000000,
          "stddev" : 0.000000
        },
        "clat_ns" : {
          "min" : 0,
          "max" : 0,
          "mean" : 0.000000,
          "stddev" : 0.000000,
          "percentile" : {
            "1.000000" : 0,
            "5.000000" : 0,
            "10.000000" : 0,
            "20.000000" : 0,
            "30.000000" : 0,
            "40.000000" : 0,
            "50.000000" : 0,
            "60.000000" : 0,
            "70.000000" : 0,
            "80.000000" : 0,
            "90.000000" : 0,
            "95.000000" : 0,
            "99.000000" : 0,
            "99.500000" : 0,
            "99.900000" : 0,
            "99.950000" : 0,
            "99.990000" : 0,
            "0.00" : 0,
            "0.00" : 0,
            "0.00" : 0
          }
        },
        "lat_ns" : {
          "min" : 0,
          "max" : 0,
          "mean" : 0.000000,
          "stddev" : 0.000000
        },
        "bw_min" : 0,
        "bw_max" : 0,
        "bw_agg" : 0.000000,
        "bw_mean" : 0.000000,
        "bw_dev" : 0.000000,
        "bw_samples" : 0,
        "iops_min" : 0,
        "iops_max" : 0,
        "iops_mean" : 0.000000,
        "iops_stddev" : 0.000000,
        "iops_samples" : 0
      },
      "write" : {
        "io_bytes" : 10481664,
        "io_kbytes" : 10236,
        "bw" : 170,
        "iops" : 42.635078,
        "runtime" : 60021,
        "total_ios" : 2559,
        "short_ios" : 0,
        "drop_ios" : 0,
        "slat_ns" : {
          "min" : 13676,
          "max" : 59126676,
          "mean" : 23440473.680344,
          "stddev" : 6969702.895012
        },
        "clat_ns" : {
          "min" : 212281,
          "max" : 829132711,
          "mean" : 723065944.864010,
          "stddev" : 57303843.570536,
          "percentile" : {
            "1.000000" : 566231040,
            "5.000000" : 666894336,
            "10.000000" : 683671552,
            "20.000000" : 700448768,
            "30.000000" : 708837376,
            "40.000000" : 717225984,
            "50.000000" : 725614592,
            "60.000000" : 734003200,
            "70.000000" : 742391808,
            "80.000000" : 750780416,
            "90.000000" : 767557632,
            "95.000000" : 784334848,
            "99.000000" : 801112064,
            "99.500000" : 809500672,
            "99.900000" : 817889280,
            "99.950000" : 826277888,
            "99.990000" : 826277888,
            "0.00" : 0,
            "0.00" : 0,
            "0.00" : 0
          }
        },
        "lat_ns" : {
          "min" : 27203814,
          "max" : 845763421,
          "mean" : 746508066.752246,
          "stddev" : 57642676.202454
        },
        "bw_min" : 128,
        "bw_max" : 200,
        "bw_agg" : 99.930796,
        "bw_mean" : 169.882353,
        "bw_dev" : 10.859017,
        "bw_samples" : 119,
        "iops_min" : 32,
        "iops_max" : 50,
        "iops_mean" : 42.470588,
        "iops_stddev" : 2.714754,
        "iops_samples" : 119
      },
      "trim" : {
        "io_bytes" : 0,
        "io_kbytes" : 0,
        "bw" : 0,
        "iops" : 0.000000,
        "runtime" : 0,
        "total_ios" : 0,
        "short_ios" : 0,
        "drop_ios" : 0,
        "slat_ns" : {
          "min" : 0,
          "max" : 0,
          "mean" : 0.000000,
          "stddev" : 0.000000
        },
        "clat_ns" : {
          "min" : 0,
          "max" : 0,
          "mean" : 0.000000,
          "stddev" : 0.000000,
          "percentile" : {
            "1.000000" : 0,
            "5.000000" : 0,
            "10.000000" : 0,
            "20.000000" : 0,
            "30.000000" : 0,
            "40.000000" : 0,
            "50.000000" : 0,
            "60.000000" : 0,
            "70.000000" : 0,
            "80.000000" : 0,
            "90.000000" : 0,
            "95.000000" : 0,
            "99.000000" : 0,
            "99.500000" : 0,
            "99.900000" : 0,
            "99.950000" : 0,
            "99.990000" : 0,
            "0.00" : 0,
            "0.00" : 0,
            "0.00" : 0
          }
        },
        "lat_ns" : {
          "min" : 0,
          "max" : 0,
          "mean" : 0.000000,
          "stddev" : 0.000000
        },
        "bw_min" : 0,
        "bw_max" : 0,
        "bw_agg" : 0.000000,
        "bw_mean" : 0.000000,
        "bw_dev" : 0.000000,
        "bw_samples" : 0,
        "iops_min" : 0,
        "iops_max" : 0,
        "iops_mean" : 0.000000,
        "iops_stddev" : 0.000000,
        "iops_samples" : 0
      },
      "usr_cpu" : 0.026658,
      "sys_cpu" : 0.303232,
      "ctx" : 2424,
      "majf" : 0,
      "minf" : 22,
      "iodepth_level" : {
        "1" : 0.100000,
        "2" : 0.100000,
        "4" : 0.156311,
        "8" : 0.312622,
        "16" : 0.625244,
        "32" : 98.788589,
        ">=64" : 0.000000
      },
      "latency_ns" : {
        "2" : 0.000000,
        "4" : 0.000000,
        "10" : 0.000000,
        "20" : 0.000000,
        "50" : 0.000000,
        "100" : 0.000000,
        "250" : 0.000000,
        "500" : 0.000000,
        "750" : 0.000000,
        "1000" : 0.000000
      },
      "latency_us" : {
        "2" : 0.000000,
        "4" : 0.000000,
        "10" : 0.000000,
        "20" : 0.000000,
        "50" : 0.000000,
        "100" : 0.000000,
        "250" : 0.039078,
        "500" : 0.000000,
        "750" : 0.000000,
        "1000" : 0.000000
      },
      "latency_ms" : {
        "2" : 0.000000,
        "4" : 0.000000,
        "10" : 0.000000,
        "20" : 0.000000,
        "50" : 0.039078,
        "100" : 0.117233,
        "250" : 0.273544,
        "500" : 0.390778,
        "750" : 76.279797,
        "1000" : 22.860492,
        "2000" : 0.000000,
        ">=2000" : 0.000000
      },
      "latency_depth" : 32,
      "latency_target" : 0,
      "latency_percentile" : 100.000000,
      "latency_window" : 0
    }
  ],
  "disk_util" : [
    {
      "name" : "md10",
      "read_ios" : 30,
      "write_ios" : 2553,
      "read_merges" : 0,
      "write_merges" : 0,
      "read_ticks" : 0,
      "write_ticks" : 0,
      "in_queue" : 0,
      "util" : 0.000000,
      "aggr_read_ios" : 8,
      "aggr_write_ios" : 3059,
      "aggr_read_merges" : 0,
      "aggr_write_merge" : 0,
      "aggr_read_ticks" : 5,
      "aggr_write_ticks" : 24633,
      "aggr_in_queue" : 24636,
      "aggr_util" : 42.876851
    },
    {
      "name" : "sdf",
      "read_ios" : 0,
      "write_ios" : 3060,
      "read_merges" : 0,
      "write_merges" : 0,
      "read_ticks" : 0,
      "write_ticks" : 23536,
      "in_queue" : 23536,
      "util" : 38.955817
    },
    {
      "name" : "sdd",
      "read_ios" : 0,
      "write_ios" : 3110,
      "read_merges" : 0,
      "write_merges" : 0,
      "read_ticks" : 0,
      "write_ticks" : 25560,
      "in_queue" : 25560,