{
  "fio version" : "fio-3.1",
  "timestamp" : 1584992384,
  "timestamp_ms" : 1584992384559,
  "time" : "Mon Mar 23 20:39:44 2020",
  "jobs" : [
    {
      "jobname" : "iotest",
      "groupid" : 0,
      "error" : 0,
      "eta" : 0,
      "elapsed" : 62,
      "job options" : {
        "rw" : "randread",
        "bs" : "4k",
        "ioengine" : "libaio",
        "iodepth" : "64",
        "direct" : "1",
        "invalidate" : "1",
        "refill_buffers" : "1",
        "runtime" : "60",
        "numjobs" : "4",
        "group_reporting" : "1",
        "write_bw_log" : "/fio/RAID10_64K_500GB//randread-iodepth-64-numjobs-4",
        "write_lat_log" : "/fio/RAID10_64K_500GB//randread-iodepth-64-numjobs-4",
        "write_iops_log" : "/fio/RAID10_64K_500GB//randread-iodepth-64-numjobs-4",
        "log_avg_msec" : "500",
        "filename" : "/dev/md10p1"
      },
      "read" : {
        "io_bytes" : 234254336,
        "io_kbytes" : 228764,
        "bw" : 3746,
        "iops" : 936.559404,
        "runtime" : 61065,
        "total_ios" : 57191,
        "short_ios" : 0,
        "drop_ios" : 0,
        "slat_ns" : {
          "min" : 4766,
          "max" : 262152817,
          "mean" : 1648406.832106,
          "stddev" : 13185821.898757
        },
        "clat_ns" : {
          "min" : 128615,
          "max" : 5380142892,
          "mean" : 271504045.176706,
          "stddev" : 541530850.595275,
          "percentile" : {
            "1.000000" : 6062080,
            "5.000000" : 8978432,
            "10.000000" : 11599872,
            "20.000000" : 17432576,
            "30.000000" : 28966912,
            "40.000000" : 52166656,
            "50.000000" : 87556096,
            "60.000000" : 128450560,
            "70.000000" : 177209344,
            "80.000000" : 299892736,
            "90.000000" : 692060160,
            "95.000000" : 1384120320,
            "99.000000" : 2868903936,
            "99.500000" : 3305111552,
            "99.900000" : 4211081216,
            "99.950000" : 4529848320,
            "99.990000" : 5066719232,
            "0.00" : 0,
            "0.00" : 0,
            "0.00" : 0
          }
        },
        "lat_ns" : {
          "min" : 167141,
          "max" : 5450772321,
          "mean" : 273153288.953210,
          "stddev" : 544349980.276744
        },
        "bw_min" : 8,
        "bw_max" : 1560,
        "bw_agg" : 25.247316,
        "bw_mean" : 945.764463,
        "bw_dev" : 232.170545,
        "bw_samples" : 484,
        "iops_min" : 2,
        "iops_max" : 390,
        "iops_mean" : 236.196281,
        "iops_stddev" : 58.024525,
        "iops_samples" : 484
      },
      "write" : {
        "io_bytes" : 0,
        "io_kbytes" : 0,
        "bw" : 0,
        "iops" : 0.000000,
        "runtime" : 0,
        "total_ios" : 0,
        "short_ios" : 0,
        "drop_ios" : 0,
        "slat_ns" : {
          "min" : 0,
          "max" : 0,
          "mean" : 0.000000,
          "stddev" : 0.000000
        },
        "clat_ns" : {
          "min" : 0,
          "max" : 0,
          "mean" : 0.000000,
          "stddev" : 0.000000,
          "percentile" : {
            "1.000000" : 0,
            "5.000000" : 0,
            "10.000000" : 0,
            "20.000000" : 0,
            "30.000000" : 0,
            "40.000000" : 0,
            "50.000000" : 0,
            "60.000000" : 0,
            "70.000000" : 0,
            "80.000000" : 0,
            "90.000000" : 0,
            "95.000000" : 0,
            "99.000000" : 0,
            "99.500000" : 0,
            "99.900000" : 0,
            "99.950000" : 0,
            "99.990000" : 0,
            "0.00" : 0,
            "0.00" : 0,
            "0.00" : 0
          }
        },
        "lat_ns" : {
          "min" : 0,
          "max" : 0,
          "mean" : 0.000000,
          "stddev" : 0.000000
        },
        "bw_min" : 0,
        "bw_max" : 0,
        "bw_agg" : 0.000000,
        "bw_mean" : 0.000000,
        "bw_dev" : 0.000000,
        "bw_samples" : 0,
        "iops_min" : 0,
        "iops_max" : 0,
        "iops_mean" : 0.000000,
        "iops_stddev" : 0.000000,
        "iops_samples" : 0
      },
      "trim" : {
        "io_bytes" : 0,
        "io_kbytes" : 0,
        "bw" : 0,
        "iops" : 0.000000,
        "runtime" : 0,
        "total_ios" : 0,
        "short_ios" : 0,
        "drop_ios" : 0,
        "slat_ns" : {
          "min" : 0,
          "max" : 0,
          "mean" : 0.000000,
          "stddev" : 0.000000
        },
        "clat_ns" : {
          "min" : 0,
          "max" : 0,
          "mean" : 0.000000,
          "stddev" : 0.000000,
          "percentile" : {
            "1.000000" : 0,
            "5.000000" : 0,
            "10.000000" : 0,
            "20.000000" : 0,
            "30.000000" : 0,
            "40.000000" : 0,
            "50.000000" : 0,
            "60.000000" : 0,
            "70.000000" : 0,
            "80.000000" : 0,
            "90.000000" : 0,
            "95.000000" : 0,
            "99.000000" : 0,
            "99.500000" : 0,
            "99.900000" : 0,
            "99.950000" : 0,
            "99.990000" : 0,
            "0.00" : 0,
            "0.00" : 0,
            "0.00" : 0
          }
        },
        "lat_ns" : {
          "min" : 0,
          "max" : 0,
          "mean" : 0.000000,
          "stddev" : 0.000000
        },
        "bw_min" : 0,
        "bw_max" : 0,
        "bw_agg" : 0.000000,
        "bw_mean" : 0.000000,
        "bw_dev" : 0.000000,
        "bw_samples" : 0,
        "iops_min" : 0,
        "iops_max" : 0,
        "iops_mean" : 0.000000,
        "iops_stddev" : 0.000000,
        "iops_samples" : 0
      },
      "usr_cpu" : 0.336652,
      "sys_cpu" : 0.771597,
      "ctx" : 39982,
      "majf" : 0,
      "minf" : 334,
      "iodepth_level" : {
        "1" : 0.100000,
        "2" : 0.100000,
        "4" : 0.100000,
        "8" : 0.100000,
        "16" : 0.111906,
        "32" : 0.223811,
        ">=64" : 99.559371
      },
      "latency_ns" : {
        "2" : 0.000000,
        "4" : 0.000000,
        "10" : 0.000000,
        "20" : 0.000000,
        "50" : 0.000000,
        "100" : 0.000000,
        "250" : 0.000000,
        "500" : 0.000000,
        "750" : 0.000000,
        "1000" : 0.000000
      },
      "latency_us" : {
        "2" : 0.000000,
        "4" : 0.000000,
        "10" : 0.000000,
        "20" : 0.000000,
        "50" : 0.000000,
        "100" : 0.000000,
        "250" : 0.010000,
        "500" : 0.000000,
        "750" : 0.000000,
        "1000" : 0.000000
      },
      "latency_ms" : {
        "2" : 0.010000,
        "4" : 0.075187,
        "10" : 6.782536,
        "20" : 16.035740,
        "50" : 16.387194,
        "100" : 13.811614,
        "250" : 24.288787,
        "500" : 9.697330,
        "750" : 3.533773,
        "1000" : 2.117466,
        "2000" : 4.479726,
        ">=2000" : 2.785403
      },
      "latency_depth" : 64,
      "latency_target" : 0,
      "latency_percentile" : 100.000000,
      "latency_window" : 0
    }
  ],
  "disk_util" : [
    {
      "name" : "md10",
      "read_ios" : 57191,
      "write_ios" : 0,
      "read_merges" : 0,
      "write_merges" : 0,
      "read_ticks" : 0,
      "write_ticks" : 0,
      "in_queue" : 0,
      "util" : 0.000000,
      "aggr_read_ios" : 7148,
      "aggr_write_ios" : 0,
      "aggr_read_merges" : 0,
      "aggr_write_merge" : 0,
      "aggr_read_ticks" : 1773062,
      "aggr_write_ticks" : 0,
      "aggr_in_queue" : 1773056,
      "aggr_util" : 99.073575
    },
    {
      "name" : "sdf",
      "read_ios" : 6952,
      "write_ios" : 0,
      "read_merges" : 0,
      "write_merges" : 0,
      "read_ticks" : 1981428,
      "write_ticks" : 0,
      "in_queue" : 1981424,
      "util" : 94.041531
    },
    {
      "name" : "sdd",
      "read_ios" : 7393,
      "write_ios" : 0,
      "read_merges" : 0,
      "write_merges" : 0,
      "read_ticks" : 4576732,
      "write_ticks" : 0,