{
  "fio version" : "fio-3.1",
  "timestamp" : 1584994535,
  "timestamp_ms" : 1584994535868,
  "time" : "Mon Mar 23 21:15:35 2020",
  "jobs" : [
    {
      "jobname" : "iotest",
      "groupid" : 0,
      "error" : 0,
      "eta" : 0,
      "elapsed" : 61,
      "job options" : {
        "rw" : "randwrite",
        "bs" : "4k",
        "ioengine" : "libaio",
        "iodepth" : "16",
        "direct" : "1",
        "invalidate" : "1",
        "refill_buffers" : "1",
        "runtime" : "60",
        "numjobs" : "4",
        "group_reporting" : "1",
        "write_bw_log" : "/fio/RAID10_64K_500GB//randwrite-iodepth-16-numjobs-4",
        "write_lat_log" : "/fio/RAID10_64K_500GB//randwrite-iodepth-16-numjobs-4",
        "write_iops_log" : "/fio/RAID10_64K_500GB//randwrite-iodepth-16-numjobs-4",
        "log_avg_msec" : "500",
        "filename" : "/dev/md10p1"
      },
      "read" : {
        "io_bytes" : 0,
        "io_kbytes" : 0,
        "bw" : 0,
        "iops" : 0.000000,
        "runtime" : 0,
        "total_ios" : 0,
        "short_ios" : 0,
        "drop_ios" : 0,
        "slat_ns" : {
          "min" : 0,
          "max" : 0,
          "mean" : 0.000000,
          "stddev" : 0.000000
        },
        "clat_ns" : {
          "min" : 0,
          "max" : 0,
          "mean" : 0.000000,
          "stddev" : 0.000000,
          "percentile" : {
            "1.000000" : 0,
            "5.000000" : 0,
            "10.000000" : 0,
            "20.000000" : 0,
            "30.000000" : 0,
            "40.000000" : 0,
            "50.000000" : 0,
            "60.000000" : 0,
            "70.000000" : 0,
            "80.000000" : 0,
            "90.000000" : 0,
            "95.000000" : 0,
            "99.000000" : 0,
            "99.500000" : 0,
            "99.900000" : 0,
            "99.950000" : 0,
            "99.990000" : 0,
            "0.00" : 0,
            "0.00" : 0,
            "0.00" : 0
          }
        },
        "lat_ns" : {
          "min" : 0,
          "max" : 0,
          "mean" : 0.000000,
          "stddev" : 0.000000
        },
        "bw_min" : 0,
        "bw_max" : 0,
        "bw_agg" : 0.000000,
        "bw_mean" : 0.000000,
        "bw_dev" : 0.000000,
        "bw_samples" : 0,
        "iops_min" : 0,
        "iops_max" : 0,
        "iops_mean" : 0.000000,
        "iops_stddev" : 0.000000,
        "iops_samples" : 0
      },
      "write" : {
        "io_bytes" : 12505088,
        "io_kbytes" : 12212,
        "bw" : 203,
        "iops" : 50.837580,
        "runtime" : 60054,
        "total_ios" : 3053,
        "short_ios" : 0,
        "drop_ios" : 0,
        "slat_ns" : {
          "min" : 15187,
          "max" : 4845644130,
          "mean" : 78646293.486407,
          "stddev" : 135969797.467826
        },
        "clat_ns" : {
          "min" : 156529,
          "max" : 12991798047,
          "mean" : 1160677023.104815,
          "stddev" : 867838354.945347,
          "percentile" : {
            "1.000000" : 463470592,
            "5.000000" : 658505728,
            "10.000000" : 734003200,
            "20.000000" : 826277888,
            "30.000000" : 884998144,
            "40.000000" : 935329792,
            "50.000000" : 985661440,
            "60.000000" : 1035993088,
            "70.000000" : 1115684864,
            "80.000000" : 1249902592,
            "90.000000" : 1669332992,
            "95.000000" : 2231369728,
            "99.000000" : 5133828096,
            "99.500000" : 6878658560,
            "99.900000" : 12952010752,
            "99.950000" : 12952010752,
            "99.990000" : 12952010752,
            "0.00" : 0,
            "0.00" : 0,
            "0.00" : 0
          }
        },
        "lat_ns" : {
          "min" : 27598292,
          "max" : 13114503011,
          "mean" : 1239325096.767441,
          "stddev" : 908460274.343355
        },
        "bw_min" : 8,
        "bw_max" : 120,
        "bw_agg" : 26.633233,
        "bw_mean" : 54.065463,
        "bw_dev" : 21.267373,
        "bw_samples" : 443,
        "iops_min" : 2,
        "iops_max" : 30,
        "iops_mean" : 13.494357,
        "iops_stddev" : 5.292942,
        "iops_samples" : 443
      },
      "trim" : {
        "io_bytes" : 0,
        "io_kbytes" : 0,
        "bw" : 0,
        "iops" : 0.000000,
        "runtime" : 0,
        "total_ios" : 0,
        "short_ios" : 0,
        "drop_ios" : 0,
        "slat_ns" : {
          "min" : 0,
          "max" : 0,
          "mean" : 0.000000,
          "stddev" : 0.000000
        },
        "clat_ns" : {
          "min" : 0,
          "max" : 0,
          "mean" : 0.000000,
          "stddev" : 0.000000,
          "percentile" : {
            "1.000000" : 0,
            "5.000000" : 0,
            "10.000000" : 0,
            "20.000000" : 0,
            "30.000000" : 0,
            "40.000000" : 0,
            "50.000000" : 0,
            "60.000000" : 0,
            "70.000000" : 0,
            "80.000000" : 0,
            "90.000000" : 0,
            "95.000000" : 0,
            "99.000000" : 0,
            "99.500000" : 0,
            "99.900000" : 0,
            "99.950000" : 0,
            "99.990000" : 0,
            "0.00" : 0,
            "0.00" : 0,
            "0.00" : 0
          }
        },
        "lat_ns" : {
          "min" : 0,
          "max" : 0,
          "mean" : 0.000000,
          "stddev" : 0.000000
        },
        "bw_min" : 0,
        "bw_max" : 0,
        "bw_agg" : 0.000000,
        "bw_mean" : 0.000000,
        "bw_dev" : 0.000000,
        "bw_samples" : 0,
        "iops_min" : 0,
        "iops_max" : 0,
        "iops_mean" : 0.000000,
        "iops_stddev" : 0.000000,
        "iops_samples" : 0
      },
      "usr_cpu" : 0.018322,
      "sys_cpu" : 0.119506,
      "ctx" : 11437,
      "majf" : 0,
      "minf" : 94,
      "iodepth_level" : {
        "1" : 0.131019,
        "2" : 0.262037,
        "4" : 0.524075,
        "8" : 1.048149,
        "16" : 98.034720,
        "32" : 0.000000,
        ">=64" : 0.000000
      },
      "latency_ns" : {
        "2" : 0.000000,
        "4" : 0.000000,
        "10" : 0.000000,
        "20" : 0.000000,
        "50" : 0.000000,
        "100" : 0.000000,
        "250" : 0.000000,
        "500" : 0.000000,
        "750" : 0.000000,
        "1000" : 0.000000
      },
      "latency_us" : {
        "2" : 0.000000,
        "4" : 0.000000,
        "10" : 0.000000,
        "20" : 0.000000,
        "50" : 0.000000,
        "100" : 0.000000,
        "250" : 0.098264,
        "500" : 0.032755,
        "750" : 0.000000,
        "1000" : 0.000000
      },
      "latency_ms" : {
        "2" : 0.000000,
        "4" : 0.000000,
        "10" : 0.000000,
        "20" : 0.000000,
        "50" : 0.032755,
        "100" : 0.065509,
        "250" : 0.294792,
        "500" : 0.786112,
        "750" : 9.531608,
        "1000" : 41.532918,
        "2000" : 40.877825,
        ">=2000" : 6.747462
      },
      "latency_depth" : 16,
      "latency_target" : 0,
      "latency_percentile" : 100.000000,
      "latency_window" : 0
    }
  ],
  "disk_util" : [
    {
      "name" : "md10",
      "read_ios" : 30,
      "write_ios" : 3045,
      "read_merges" : 0,
      "write_merges" : 0,
      "read_ticks" : 0,
      "write_ticks" : 0,
      "in_queue" : 0,
      "util" : 0.000000,
      "aggr_read_ios" : 12,
      "aggr_write_ios" : 3621,
      "aggr_read_merges" : 0,
      "aggr_write_merge" : 0,
      "aggr_read_ticks" : 3,
      "aggr_write_ticks" : 28655,
      "aggr_in_queue" : 28656,
      "aggr_util" : 50.555519
    },
    {
      "name" : "sdf",
      "read_ios" : 0,
      "write_ios" : 3639,
      "read_merges" : 0,
      "write_merges" : 0,
      "read_ticks" : 0,
      "write_ticks" : 30628,
      "in_queue" : 30628,
      "util" : 50.555519
    },
    {
      "name" : "sdd",
      "read_ios" : 1,
      "write_ios" : 3632,
      "read_merges" : 0,
      "write_merges" : 0,
      "read_ticks" : 8,
      "write_ticks" : 28216,