{
  "fio version" : "fio-3.1",
  "timestamp" : 1584990164,
  "timestamp_ms" : 1584990164963,
  "time" : "Mon Mar 23 20:02:44 2020",
  "jobs" : [
    {
      "jobname" : "iotest",
      "groupid" : 0,
      "error" : 0,
      "eta" : 0,
      "elapsed" : 61,
      "job options" : {
        "rw" : "randread",
        "bs" : "4k",
        "ioengine" : "libaio",
        "iodepth" : "2",
        "direct" : "1",
        "invalidate" : "1",
        "refill_buffers" : "1",
        "runtime" : "60",
        "numjobs" : "2",
        "group_reporting" : "1",
        "write_bw_log" : "/fio/RAID10_64K_500GB//randread-iodepth-2-numjobs-2",
        "write_lat_log" : "/fio/RAID10_64K_500GB//randread-iodepth-2-numjobs-2",
        "write_iops_log" : "/fio/RAID10_64K_500GB//randread-iodepth-2-numjobs-2",
        "log_avg_msec" : "500",
        "filename" : "/dev/md10p1"
      },
      "read" : {
        "io_bytes" : 89526272,
        "io_kbytes" : 87428,
        "bw" : 1456,
        "iops" : 364.216560,
        "runtime" : 60011,
        "total_ios" : 21857,
        "short_ios" : 0,
        "drop_ios" : 0,
        "slat_ns" : {
          "min" : 11059,
          "max" : 238870,
          "mean" : 31745.236995,
          "stddev" : 4210.946359
        },
        "clat_ns" : {
          "min" : 158092,
          "max" : 60089072,
          "mean" : 10941143.732534,
          "stddev" : 4368136.637195,
          "percentile" : {
            "1.000000" : 4227072,
            "5.000000" : 5537792,
            "10.000000" : 6389760,
            "20.000000" : 7503872,
            "30.000000" : 8454144,
            "40.000000" : 9502720,
            "50.000000" : 10420224,
            "60.000000" : 11337728,
            "70.000000" : 12255232,
            "80.000000" : 13434880,
            "90.000000" : 15400960,
            "95.000000" : 19005440,
            "99.000000" : 26607616,
            "99.500000" : 29753344,
            "99.900000" : 38010880,
            "99.950000" : 44302336,
            "99.990000" : 53739520,
            "0.00" : 0,
            "0.00" : 0,
            "0.00" : 0
          }
        },
        "lat_ns" : {
          "min" : 193619,
          "max" : 60118961,
          "mean" : 10973941.983118,
          "stddev" : 4368231.118006
        },
        "bw_min" : 656,
        "bw_max" : 816,
        "bw_agg" : 50.309924,
        "bw_mean" : 732.512500,
        "bw_dev" : 30.179239,
        "bw_samples" : 240,
        "iops_min" : 164,
        "iops_max" : 204,
        "iops_mean" : 182.954167,
        "iops_stddev" : 7.514142,
        "iops_samples" : 240
      },
      "write" : {
        "io_bytes" : 0,
        "io_kbytes" : 0,
        "bw" : 0,
        "iops" : 0.000000,
        "runtime" : 0,
        "total_ios" : 0,
        "short_ios" : 0,
        "drop_ios" : 0,
        "slat_ns" : {
          "min" : 0,
          "max" : 0,
          "mean" : 0.000000,
          "stddev" : 0.000000
        },
        "clat_ns" : {
          "min" : 0,
          "max" : 0,
          "mean" : 0.000000,
          "stddev" : 0.000000,
          "percentile" : {
            "1.000000" : 0,
            "5.000000" : 0,
            "10.000000" : 0,
            "20.000000" : 0,
            "30.000000" : 0,
            "40.000000" : 0,
            "50.000000" : 0,
            "60.000000" : 0,
            "70.000000" : 0,
            "80.000000" : 0,
            "90.000000" : 0,
            "95.000000" : 0,
            "99.000000" : 0,
            "99.500000" : 0,
            "99.900000" : 0,
            "99.950000" : 0,
            "99.990000" : 0,
            "0.00" : 0,
            "0.00" : 0,
            "0.00" : 0
          }
        },
        "lat_ns" : {
          "min" : 0,
          "max" : 0,
          "mean" : 0.000000,
          "stddev" : 0.000000
        },
        "bw_min" : 0,
        "bw_max" : 0,
        "bw_agg" : 0.000000,
        "bw_mean" : 0.000000,
        "bw_dev" : 0.000000,
        "bw_samples" : 0,
        "iops_min" : 0,
        "iops_max" : 0,
        "iops_mean" : 0.000000,
        "iops_stddev" : 0.000000,
        "iops_samples" : 0
      },
      "trim" : {
        "io_bytes" : 0,
        "io_kbytes" : 0,
        "bw" : 0,
        "iops" : 0.000000,
        "runtime" : 0,
        "total_ios" : 0,
        "short_ios" : 0,
        "drop_ios" : 0,
        "slat_ns" : {
          "min" : 0,
          "max" : 0,
          "mean" : 0.000000,
          "stddev" : 0.000000
        },
        "clat_ns" : {
          "min" : 0,
          "max" : 0,
          "mean" : 0.000000,
          "stddev" : 0.000000,
          "percentile" : {
            "1.000000" : 0,
            "5.000000" : 0,
            "10.000000" : 0,
            "20.000000" : 0,
            "30.000000" : 0,
            "40.000000" : 0,
            "50.000000" : 0,
            "60.000000" : 0,
            "70.000000" : 0,
            "80.000000" : 0,
            "90.000000" : 0,
            "95.000000" : 0,
            "99.000000" : 0,
            "99.500000" : 0,
            "99.900000" : 0,
            "99.950000" : 0,
            "99.990000" : 0,
            "0.00" : 0,
            "0.00" : 0,
            "0.00" : 0
          }
        },
        "lat_ns" : {
          "min" : 0,
          "max" : 0,
          "mean" : 0.000000,
          "stddev" : 0.000000
        },
        "bw_min" : 0,
        "bw_max" : 0,
        "bw_agg" : 0.000000,
        "bw_mean" : 0.000000,
        "bw_dev" : 0.000000,
        "bw_samples" : 0,
        "iops_min" : 0,
        "iops_max" : 0,
        "iops_mean" : 0.000000,
        "iops_stddev" : 0.000000,
        "iops_samples" : 0
      },
      "usr_cpu" : 0.260796,
      "sys_cpu" : 0.780723,
      "ctx" : 21830,
      "majf" : 0,
      "minf" : 45,
      "iodepth_level" : {
        "1" : 0.100000,
        "2" : 99.990850,
        "4" : 0.000000,
        "8" : 0.000000,
        "16" : 0.000000,
        "32" : 0.000000,
        ">=64" : 0.000000
      },
      "latency_ns" : {
        "2" : 0.000000,
        "4" : 0.000000,
        "10" : 0.000000,
        "20" : 0.000000,
        "50" : 0.000000,
        "100" : 0.000000,
        "250" : 0.000000,
        "500" : 0.000000,
        "750" : 0.000000,
        "1000" : 0.000000
      },
      "latency_us" : {
        "2" : 0.000000,
        "4" : 0.000000,
        "10" : 0.000000,
        "20" : 0.000000,
        "50" : 0.000000,
        "100" : 0.000000,
        "250" : 0.018301,
        "500" : 0.000000,
        "750" : 0.000000,
        "1000" : 0.010000
      },
      "latency_ms" : {
        "2" : 0.010000,
        "4" : 0.663403,
        "10" : 44.946699,
        "20" : 50.217322,
        "50" : 4.122249,
        "100" : 0.022876,
        "250" : 0.000000,
        "500" : 0.000000,
        "750" : 0.000000,
        "1000" : 0.000000,
        "2000" : 0.000000,
        ">=2000" : 0.000000
      },
      "latency_depth" : 2,
      "latency_target" : 0,
      "latency_percentile" : 100.000000,
      "latency_window" : 0
    }
  ],
  "disk_util" : [
    {
      "name" : "md10",
      "read_ios" : 21799,
      "write_ios" : 0,
      "read_merges" : 0,
      "write_merges" : 0,
      "read_ticks" : 0,
      "write_ticks" : 0,
      "in_queue" : 0,
      "util" : 0.000000,
      "aggr_read_ios" : 2732,
      "aggr_write_ios" : 0,
      "aggr_read_merges" : 0,
      "aggr_write_merge" : 0,
      "aggr_read_ticks" : 29837,
      "aggr_write_ticks" : 0,
      "aggr_in_queue" : 29833,
      "aggr_util" : 58.870538
    },
    {
      "name" : "sdf",
      "read_ios" : 1985,
      "write_ios" : 0,
      "read_merges" : 0,
      "write_merges" : 0,
      "read_ticks" : 22240,
      "write_ticks" : 0,
      "in_queue" : 22236,
      "util" : 32.899337
    },
    {
      "name" : "sdd",
      "read_ios" : 2057,
      "write_ios" : 0,
      "read_merges" : 0,
      "write_merges" : 0,
      "read_ticks" : 24348,
      "write_ticks" : 0,
      "in_queue" : 24344,