{
  "fio version" : "fio-3.1",
  "timestamp" : 1584991023,
  "timestamp_ms" : 1584991023573,
  "time" : "Mon Mar 23 20:17:03 2020",
  "jobs" : [
    {
      "jobname" : "iotest",
      "groupid" : 0,
      "error" : 0,
      "eta" : 0,
      "elapsed" : 61,
      "job options" : {
        "rw" : "randread",
        "bs" : "4k",
        "ioengine" : "libaio",
        "iodepth" : "8",
        "direct" : "1",
        "invalidate" : "1",
        "refill_buffers" : "1",
        "runtime" : "60",
        "numjobs" : "2",
        "group_reporting" : "1",
        "write_bw_log" : "/fio/RAID10_64K_500GB//randread-iodepth-8-numjobs-2",
        "write_lat_log" : "/fio/RAID10_64K_500GB//randread-iodepth-8-numjobs-2",
        "write_iops_log" : "/fio/RAID10_64K_500GB//randread-iodepth-8-numjobs-2",
        "log_avg_msec" : "500",
        "filename" : "/dev/md10p1"
      },
      "read" : {
        "io_bytes" : 172761088,
        "io_kbytes" : 168712,
        "bw" : 2810,
        "iops" : 702.533438,
        "runtime" : 60037,
        "total_ios" : 42178,
        "short_ios" : 0,
        "drop_ios" : 0,
        "slat_ns" : {
          "min" : 8942,
          "max" : 275007,
          "mean" : 31749.900707,
          "stddev" : 5946.125772
        },
        "clat_ns" : {
          "min" : 177947,
          "max" : 338255887,
          "mean" : 22731720.827208,
          "stddev" : 21456233.557651,
          "percentile" : {
            "1.000000" : 4816896,
            "5.000000" : 6651904,
            "10.000000" : 7831552,
            "20.000000" : 9764864,
            "30.000000" : 11468800,
            "40.000000" : 13172736,
            "50.000000" : 15269888,
            "60.000000" : 18481152,
            "70.000000" : 23199744,
            "80.000000" : 30539776,
            "90.000000" : 46399488,
            "95.000000" : 63176704,
            "99.000000" : 112721920,
            "99.500000" : 135266304,
            "99.900000" : 189792256,
            "99.950000" : 208666624,
            "99.990000" : 261095424,
            "0.00" : 0,
            "0.00" : 0,
            "0.00" : 0
          }
        },
        "lat_ns" : {
          "min" : 210252,
          "max" : 338287073,
          "mean" : 22764508.929869,
          "stddev" : 21456314.588448
        },
        "bw_min" : 1072,
        "bw_max" : 1704,
        "bw_agg" : 50.194247,
        "bw_mean" : 1410.458333,
        "bw_dev" : 111.072022,
        "bw_samples" : 240,
        "iops_min" : 268,
        "iops_max" : 426,
        "iops_mean" : 352.333333,
        "iops_stddev" : 27.794624,
        "iops_samples" : 240
      },
      "write" : {
        "io_bytes" : 0,
        "io_kbytes" : 0,
        "bw" : 0,
        "iops" : 0.000000,
        "runtime" : 0,
        "total_ios" : 0,
        "short_ios" : 0,
        "drop_ios" : 0,
        "slat_ns" : {
          "min" : 0,
          "max" : 0,
          "mean" : 0.000000,
          "stddev" : 0.000000
        },
        "clat_ns" : {
          "min" : 0,
          "max" : 0,
          "mean" : 0.000000,
          "stddev" : 0.000000,
          "percentile" : {
            "1.000000" : 0,
            "5.000000" : 0,
            "10.000000" : 0,
            "20.000000" : 0,
            "30.000000" : 0,
            "40.000000" : 0,
            "50.000000" : 0,
            "60.000000" : 0,
            "70.000000" : 0,
            "80.000000" : 0,
            "90.000000" : 0,
            "95.000000" : 0,
            "99.000000" : 0,
            "99.500000" : 0,
            "99.900000" : 0,
            "99.950000" : 0,
            "99.990000" : 0,
            "0.00" : 0,
            "0.00" : 0,
            "0.00" : 0
          }
        },
        "lat_ns" : {
          "min" : 0,
          "max" : 0,
          "mean" : 0.000000,
          "stddev" : 0.000000
        },
        "bw_min" : 0,
        "bw_max" : 0,
        "bw_agg" : 0.000000,
        "bw_mean" : 0.000000,
        "bw_dev" : 0.000000,
        "bw_samples" : 0,
        "iops_min" : 0,
        "iops_max" : 0,
        "iops_mean" : 0.000000,
        "iops_stddev" : 0.000000,
        "iops_samples" : 0
      },
      "trim" : {
        "io_bytes" : 0,
        "io_kbytes" : 0,
        "bw" : 0,
        "iops" : 0.000000,
        "runtime" : 0,
        "total_ios" : 0,
        "short_ios" : 0,
        "drop_ios" : 0,
        "slat_ns" : {
          "min" : 0,
          "max" : 0,
          "mean" : 0.000000,
          "stddev" : 0.000000
        },
        "clat_ns" : {
          "min" : 0,
          "max" : 0,
          "mean" : 0.000000,
          "stddev" : 0.000000,
          "percentile" : {
            "1.000000" : 0,
            "5.000000" : 0,
            "10.000000" : 0,
            "20.000000" : 0,
            "30.000000" : 0,
            "40.000000" : 0,
            "50.000000" : 0,
            "60.000000" : 0,
            "70.000000" : 0,
            "80.000000" : 0,
            "90.000000" : 0,
            "95.000000" : 0,
            "99.000000" : 0,
            "99.500000" : 0,
            "99.900000" : 0,
            "99.950000" : 0,
            "99.990000" : 0,
            "0.00" : 0,
            "0.00" : 0,
            "0.00" : 0
          }
        },
        "lat_ns" : {
          "min" : 0,
          "max" : 0,
          "mean" : 0.000000,
          "stddev" : 0.000000
        },
        "bw_min" : 0,
        "bw_max" : 0,
        "bw_agg" : 0.000000,
        "bw_mean" : 0.000000,
        "bw_dev" : 0.000000,
        "bw_samples" : 0,
        "iops_min" : 0,
        "iops_max" : 0,
        "iops_mean" : 0.000000,
        "iops_stddev" : 0.000000,
        "iops_samples" : 0
      },
      "usr_cpu" : 0.542188,
      "sys_cpu" : 1.637392,
      "ctx" : 41290,
      "majf" : 0,
      "minf" : 53,
      "iodepth_level" : {
        "1" : 0.100000,
        "2" : 0.100000,
        "4" : 0.100000,
        "8" : 99.966807,
        "16" : 0.000000,
        "32" : 0.000000,
        ">=64" : 0.000000
      },
      "latency_ns" : {
        "2" : 0.000000,
        "4" : 0.000000,
        "10" : 0.000000,
        "20" : 0.000000,
        "50" : 0.000000,
        "100" : 0.000000,
        "250" : 0.000000,
        "500" : 0.000000,
        "750" : 0.000000,
        "1000" : 0.000000
      },
      "latency_us" : {
        "2" : 0.000000,
        "4" : 0.000000,
        "10" : 0.000000,
        "20" : 0.000000,
        "50" : 0.000000,
        "100" : 0.000000,
        "250" : 0.010000,
        "500" : 0.000000,
        "750" : 0.010000,
        "1000" : 0.000000
      },
      "latency_ms" : {
        "2" : 0.010000,
        "4" : 0.298734,
        "10" : 20.856845,
        "20" : 42.507943,
        "50" : 27.836787,
        "100" : 7.062924,
        "250" : 1.403575,
        "500" : 0.021338,
        "750" : 0.000000,
        "1000" : 0.000000,
        "2000" : 0.000000,
        ">=2000" : 0.000000
      },
      "latency_depth" : 8,
      "latency_target" : 0,
      "latency_percentile" : 100.000000,
      "latency_window" : 0
    }
  ],
  "disk_util" : [
    {
      "name" : "md10",
      "read_ios" : 42072,
      "write_ios" : 0,
      "read_merges" : 0,
      "write_merges" : 0,
      "read_ticks" : 0,
      "write_ticks" : 0,
      "in_queue" : 0,
      "util" : 0.000000,
      "aggr_read_ios" : 5272,
      "aggr_write_ios" : 0,
      "aggr_read_merges" : 0,
      "aggr_write_merge" : 0,
      "aggr_read_ticks" : 119741,
      "aggr_write_ticks" : 0,
      "aggr_in_queue" : 119735,
      "aggr_util" : 91.789418
    },
    {
      "name" : "sdf",
      "read_ios" : 5100,
      "write_ios" : 0,
      "read_merges" : 0,
      "write_merges" : 0,
      "read_ticks" : 106032,
      "write_ticks" : 0,
      "in_queue" : 106028,
      "util" : 80.270320
    },
    {
      "name" : "sdd",
      "read_ios" : 5209,
      "write_ios" : 0,
      "read_merges" : 0,
      "write_merges" : 0,
      "read_ticks" : 165556,
      "write_ticks" : 0,
      "in_queue" : 165552,