{
  "fio version" : "fio-3.1",
  "timestamp" : 1584989858,
  "timestamp_ms" : 1584989858752,
  "time" : "Mon Mar 23 19:57:38 2020",
  "jobs" : [
    {
      "jobname" : "iotest",
      "groupid" : 0,
      "error" : 0,
      "eta" : 0,
      "elapsed" : 61,
      "job options" : {
        "rw" : "randread",
        "bs" : "4k",
        "ioengine" : "libaio",
        "iodepth" : "1",
        "direct" : "1",
        "invalidate" : "1",
        "refill_buffers" : "1",
        "runtime" : "60",
        "numjobs" : "8",
        "group_reporting" : "1",
        "write_bw_log" : "/fio/RAID10_64K_500GB//randread-iodepth-1-numjobs-8",
        "write_lat_log" : "/fio/RAID10_64K_500GB//randread-iodepth-1-numjobs-8",
        "write_iops_log" : "/fio/RAID10_64K_500GB//randread-iodepth-1-numjobs-8",
        "log_avg_msec" : "500",
        "filename" : "/dev/md10p1"
      },
      "read" : {
        "io_bytes" : 131784704,
        "io_kbytes" : 128696,
        "bw" : 2144,
        "iops" : 536.018926,
        "runtime" : 60024,
        "total_ios" : 32174,
        "short_ios" : 0,
        "drop_ios" : 0,
        "slat_ns" : {
          "min" : 13001,
          "max" : 287312,
          "mean" : 33172.956269,
          "stddev" : 5305.415745
        },
        "clat_ns" : {
          "min" : 155412,
          "max" : 457159034,
          "mean" : 14879125.481196,
          "stddev" : 14573184.045554,
          "percentile" : {
            "1.000000" : 4489216,
            "5.000000" : 5931008,
            "10.000000" : 6914048,
            "20.000000" : 8355840,
            "30.000000" : 9633792,
            "40.000000" : 10813440,
            "50.000000" : 11993088,
            "60.000000" : 13303808,
            "70.000000" : 15138816,
            "80.000000" : 18743296,
            "90.000000" : 25296896,
            "95.000000" : 32636928,
            "99.000000" : 52166656,
            "99.500000" : 63176704,
            "99.900000" : 147849216,
            "99.950000" : 379584512,
            "99.990000" : 434110464,
            "0.00" : 0,
            "0.00" : 0,
            "0.00" : 0
          }
        },
        "lat_ns" : {
          "min" : 183900,
          "max" : 457194390,
          "mean" : 14913335.813794,
          "stddev" : 14573424.164335
        },
        "bw_min" : 32,
        "bw_max" : 381,
        "bw_agg" : 12.589980,
        "bw_mean" : 269.929167,
        "bw_dev" : 44.218073,
        "bw_samples" : 960,
        "iops_min" : 8,
        "iops_max" : 95,
        "iops_mean" : 67.186458,
        "iops_stddev" : 11.044966,
        "iops_samples" : 960
      },
      "write" : {
        "io_bytes" : 0,
        "io_kbytes" : 0,
        "bw" : 0,
        "iops" : 0.000000,
        "runtime" : 0,
        "total_ios" : 0,
        "short_ios" : 0,
        "drop_ios" : 0,
        "slat_ns" : {
          "min" : 0,
          "max" : 0,
          "mean" : 0.000000,
          "stddev" : 0.000000
        },
        "clat_ns" : {
          "min" : 0,
          "max" : 0,
          "mean" : 0.000000,
          "stddev" : 0.000000,
          "percentile" : {
            "1.000000" : 0,
            "5.000000" : 0,
            "10.000000" : 0,
            "20.000000" : 0,
            "30.000000" : 0,
            "40.000000" : 0,
            "50.000000" : 0,
            "60.000000" : 0,
            "70.000000" : 0,
            "80.000000" : 0,
            "90.000000" : 0,
            "95.000000" : 0,
            "99.000000" : 0,
            "99.500000" : 0,
            "99.900000" : 0,
            "99.950000" : 0,
            "99.990000" : 0,
            "0.00" : 0,
            "0.00" : 0,
            "0.00" : 0
          }
        },
        "lat_ns" : {
          "min" : 0,
          "max" : 0,
          "mean" : 0.000000,
          "stddev" : 0.000000
        },
        "bw_min" : 0,
        "bw_max" : 0,
        "bw_agg" : 0.000000,
        "bw_mean" : 0.000000,
        "bw_dev" : 0.000000,
        "bw_samples" : 0,
        "iops_min" : 0,
        "iops_max" : 0,
        "iops_mean" : 0.000000,
        "iops_stddev" : 0.000000,
        "iops_samples" : 0
      },
      "trim" : {
        "io_bytes" : 0,
        "io_kbytes" : 0,
        "bw" : 0,
        "iops" : 0.000000,
        "runtime" : 0,
        "total_ios" : 0,
        "short_ios" : 0,
        "drop_ios" : 0,
        "slat_ns" : {
          "min" : 0,
          "max" : 0,
          "mean" : 0.000000,
          "stddev" : 0.000000
        },
        "clat_ns" : {
          "min" : 0,
          "max" : 0,
          "mean" : 0.000000,
          "stddev" : 0.000000,
          "percentile" : {
            "1.000000" : 0,
            "5.000000" : 0,
            "10.000000" : 0,
            "20.000000" : 0,
            "30.000000" : 0,
            "40.000000" : 0,
            "50.000000" : 0,
            "60.000000" : 0,
            "70.000000" : 0,
            "80.000000" : 0,
            "90.000000" : 0,
            "95.000000" : 0,
            "99.000000" : 0,
            "99.500000" : 0,
            "99.900000" : 0,
            "99.950000" : 0,
            "99.990000" : 0,
            "0.00" : 0,
            "0.00" : 0,
            "0.00" : 0
          }
        },
        "lat_ns" : {
          "min" : 0,
          "max" : 0,
          "mean" : 0.000000,
          "stddev" : 0.000000
        },
        "bw_min" : 0,
        "bw_max" : 0,
        "bw_agg" : 0.000000,
        "bw_mean" : 0.000000,
        "bw_dev" : 0.000000,
        "bw_samples" : 0,
        "iops_min" : 0,
        "iops_max" : 0,
        "iops_mean" : 0.000000,
        "iops_stddev" : 0.000000,
        "iops_samples" : 0
      },
      "usr_cpu" : 0.106859,
      "sys_cpu" : 0.307453,
      "ctx" : 32408,
      "majf" : 0,
      "minf" : 188,
      "iodepth_level" : {
        "1" : 100.000000,
        "2" : 0.000000,
        "4" : 0.000000,
        "8" : 0.000000,
        "16" : 0.000000,
        "32" : 0.000000,
        ">=64" : 0.000000
      },
      "latency_ns" : {
        "2" : 0.000000,
        "4" : 0.000000,
        "10" : 0.000000,
        "20" : 0.000000,
        "50" : 0.000000,
        "100" : 0.000000,
        "250" : 0.000000,
        "500" : 0.000000,
        "750" : 0.000000,
        "1000" : 0.000000
      },
      "latency_us" : {
        "2" : 0.000000,
        "4" : 0.000000,
        "10" : 0.000000,
        "20" : 0.000000,
        "50" : 0.000000,
        "100" : 0.000000,
        "250" : 0.012432,
        "500" : 0.010000,
        "750" : 0.000000,
        "1000" : 0.000000
      },
      "latency_ms" : {
        "2" : 0.010000,
        "4" : 0.484864,
        "10" : 32.659912,
        "20" : 49.282029,
        "50" : 16.382794,
        "100" : 1.041213,
        "250" : 0.034189,
        "500" : 0.090135,
        "750" : 0.000000,
        "1000" : 0.000000,
        "2000" : 0.000000,
        ">=2000" : 0.000000
      },
      "latency_depth" : 1,
      "latency_target" : 0,
      "latency_percentile" : 100.000000,
      "latency_window" : 0
    }
  ],
  "disk_util" : [
    {
      "name" : "md10",
      "read_ios" : 32083,
      "write_ios" : 0,
      "read_merges" : 0,
      "write_merges" : 0,
      "read_ticks" : 0,
      "write_ticks" : 0,
      "in_queue" : 0,
      "util" : 0.000000,
      "aggr_read_ios" : 4021,
      "aggr_write_ios" : 0,
      "aggr_read_merges" : 0,
      "aggr_write_merge" : 0,
      "aggr_read_ticks" : 59779,
      "aggr_write_ticks" : 0,
      "aggr_in_queue" : 59769,
      "aggr_util" : 77.561682
    },
    {
      "name" : "sdf",
      "read_ios" : 3677,
      "write_ios" : 0,
      "read_merges" : 0,
      "write_merges" : 0,
      "read_ticks" : 52524,
      "write_ticks" : 0,
      "in_queue" : 52512,
      "util" : 60.732706
    },
    {
      "name" : "sdd",
      "read_ios" : 3830,
      "write_ios" : 0,
      "read_merges" : 0,
      "write_merges" : 0,
      "read_ticks" : 62960,
      "write_ticks" : 0,
      "in_queue" : 62944,