{
  "fio version" : "fio-3.1",
  "timestamp" : 1584989981,
  "timestamp_ms" : 1584989981221,
  "time" : "Mon Mar 23 19:59:41 2020",
  "jobs" : [
    {
      "jobname" : "iotest",
      "groupid" : 0,
      "error" : 0,
      "eta" : 0,
      "elapsed" : 61,
      "job options" : {
        "rw" : "randread",
        "bs" : "4k",
        "ioengine" : "libaio",
        "iodepth" : "1",
        "direct" : "1",
        "invalidate" : "1",
        "refill_buffers" : "1",
        "runtime" : "60",
        "numjobs" : "32",
        "group_reporting" : "1",
        "write_bw_log" : "/fio/RAID10_64K_500GB//randread-iodepth-1-numjobs-32",
        "write_lat_log" : "/fio/RAID10_64K_500GB//randread-iodepth-1-numjobs-32",
        "write_iops_log" : "/fio/RAID10_64K_500GB//randread-iodepth-1-numjobs-32",
        "log_avg_msec" : "500",
        "filename" : "/dev/md10p1"
      },
      "read" : {
        "io_bytes" : 203960320,
        "io_kbytes" : 199180,
        "bw" : 3316,
        "iops" : 829.032365,
        "runtime" : 60064,
        "total_ios" : 49795,
        "short_ios" : 0,
        "drop_ios" : 0,
        "slat_ns" : {
          "min" : 10405,
          "max" : 3727294,
          "mean" : 34323.642715,
          "stddev" : 17645.834829
        },
        "clat_ns" : {
          "min" : 158497,
          "max" : 949047951,
          "mean" : 38516866.848700,
          "stddev" : 46319070.818045,
          "percentile" : {
            "1.000000" : 5406720,
            "5.000000" : 7503872,
            "10.000000" : 9109504,
            "20.000000" : 11730944,
            "30.000000" : 14221312,
            "40.000000" : 17432576,
            "50.000000" : 21889024,
            "60.000000" : 28442624,
            "70.000000" : 38010880,
            "80.000000" : 53739520,
            "90.000000" : 86507520,
            "95.000000" : 126353408,
            "99.000000" : 238026752,
            "99.500000" : 283115520,
            "99.900000" : 417333248,
            "99.950000" : 463470592,
            "99.990000" : 599785472,
            "0.00" : 0,
            "0.00" : 0,
            "0.00" : 0
          }
        },
        "lat_ns" : {
          "min" : 196355,
          "max" : 949083673,
          "mean" : 38552272.067196,
          "stddev" : 46319053.404736
        },
        "bw_min" : 8,
        "bw_max" : 232,
        "bw_agg" : 3.142992,
        "bw_mean" : 104.221613,
        "bw_dev" : 33.845721,
        "bw_samples" : 3831,
        "iops_min" : 2,
        "iops_max" : 58,
        "iops_mean" : 25.924563,
        "iops_stddev" : 8.402896,
        "iops_samples" : 3831
      },
      "write" : {
        "io_bytes" : 0,
        "io_kbytes" : 0,
        "bw" : 0,
        "iops" : 0.000000,
        "runtime" : 0,
        "total_ios" : 0,
        "short_ios" : 0,
        "drop_ios" : 0,
        "slat_ns" : {
          "min" : 0,
          "max" : 0,
          "mean" : 0.000000,
          "stddev" : 0.000000
        },
        "clat_ns" : {
          "min" : 0,
          "max" : 0,
          "mean" : 0.000000,
          "stddev" : 0.000000,
          "percentile" : {
            "1.000000" : 0,
            "5.000000" : 0,
            "10.000000" : 0,
            "20.000000" : 0,
            "30.000000" : 0,
            "40.000000" : 0,
            "50.000000" : 0,
            "60.000000" : 0,
            "70.000000" : 0,
            "80.000000" : 0,
            "90.000000" : 0,
            "95.000000" : 0,
            "99.000000" : 0,
            "99.500000" : 0,
            "99.900000" : 0,
            "99.950000" : 0,
            "99.990000" : 0,
            "0.00" : 0,
            "0.00" : 0,
            "0.00" : 0
          }
        },
        "lat_ns" : {
          "min" : 0,
          "max" : 0,
          "mean" : 0.000000,
          "stddev" : 0.000000
        },
        "bw_min" : 0,
        "bw_max" : 0,
        "bw_agg" : 0.000000,
        "bw_mean" : 0.000000,
        "bw_dev" : 0.000000,
        "bw_samples" : 0,
        "iops_min" : 0,
        "iops_max" : 0,
        "iops_mean" : 0.000000,
        "iops_stddev" : 0.000000,
        "iops_samples" : 0
      },
      "trim" : {
        "io_bytes" : 0,
        "io_kbytes" : 0,
        "bw" : 0,
        "iops" : 0.000000,
        "runtime" : 0,
        "total_ios" : 0,
        "short_ios" : 0,
        "drop_ios" : 0,
        "slat_ns" : {
          "min" : 0,
          "max" : 0,
          "mean" : 0.000000,
          "stddev" : 0.000000
        },
        "clat_ns" : {
          "min" : 0,
          "max" : 0,
          "mean" : 0.000000,
          "stddev" : 0.000000,
          "percentile" : {
            "1.000000" : 0,
            "5.000000" : 0,
            "10.000000" : 0,
            "20.000000" : 0,
            "30.000000" : 0,
            "40.000000" : 0,
            "50.000000" : 0,
            "60.000000" : 0,
            "70.000000" : 0,
            "80.000000" : 0,
            "90.000000" : 0,
            "95.000000" : 0,
            "99.000000" : 0,
            "99.500000" : 0,
            "99.900000" : 0,
            "99.950000" : 0,
            "99.990000" : 0,
            "0.00" : 0,
            "0.00" : 0,
            "0.00" : 0
          }
        },
        "lat_ns" : {
          "min" : 0,
          "max" : 0,
          "mean" : 0.000000,
          "stddev" : 0.000000
        },
        "bw_min" : 0,
        "bw_max" : 0,
        "bw_agg" : 0.000000,
        "bw_mean" : 0.000000,
        "bw_dev" : 0.000000,
        "bw_samples" : 0,
        "iops_min" : 0,
        "iops_max" : 0,
        "iops_mean" : 0.000000,
        "iops_stddev" : 0.000000,
        "iops_samples" : 0
      },
      "usr_cpu" : 0.047537,
      "sys_cpu" : 0.130740,
      "ctx" : 49940,
      "majf" : 0,
      "minf" : 759,
      "iodepth_level" : {
        "1" : 100.000000,
        "2" : 0.000000,
        "4" : 0.000000,
        "8" : 0.000000,
        "16" : 0.000000,
        "32" : 0.000000,
        ">=64" : 0.000000
      },
      "latency_ns" : {
        "2" : 0.000000,
        "4" : 0.000000,
        "10" : 0.000000,
        "20" : 0.000000,
        "50" : 0.000000,
        "100" : 0.000000,
        "250" : 0.000000,
        "500" : 0.000000,
        "750" : 0.000000,
        "1000" : 0.000000
      },
      "latency_us" : {
        "2" : 0.000000,
        "4" : 0.000000,
        "10" : 0.000000,
        "20" : 0.000000,
        "50" : 0.000000,
        "100" : 0.000000,
        "250" : 0.010000,
        "500" : 0.000000,
        "750" : 0.000000,
        "1000" : 0.000000
      },
      "latency_ms" : {
        "2" : 0.010000,
        "4" : 0.144593,
        "10" : 12.947083,
        "20" : 32.840647,
        "50" : 32.304448,
        "100" : 13.892961,
        "250" : 7.032835,
        "500" : 0.795261,
        "750" : 0.034140,
        "1000" : 0.010000,
        "2000" : 0.000000,
        ">=2000" : 0.000000
      },
      "latency_depth" : 1,
      "latency_target" : 0,
      "latency_percentile" : 100.000000,
      "latency_window" : 0
    }
  ],
  "disk_util" : [
    {
      "name" : "md10",
      "read_ios" : 49769,
      "write_ios" : 0,
      "read_merges" : 0,
      "write_merges" : 0,
      "read_ticks" : 0,
      "write_ticks" : 0,
      "in_queue" : 0,
      "util" : 0.000000,
      "aggr_read_ios" : 6224,
      "aggr_write_ios" : 0,
      "aggr_read_merges" : 0,
      "aggr_write_merge" : 0,
      "aggr_read_ticks" : 239670,
      "aggr_write_ticks" : 0,
      "aggr_in_queue" : 239665,
      "aggr_util" : 98.068025
    },
    {
      "name" : "sdf",
      "read_ios" : 6076,
      "write_ios" : 0,
      "read_merges" : 0,
      "write_merges" : 0,
      "read_ticks" : 213372,
      "write_ticks" : 0,
      "in_queue" : 213368,
      "util" : 93.305252
    },
    {
      "name" : "sdd",
      "read_ios" : 6361,
      "write_ios" : 0,
      "read_merges" : 0,
      "write_merges" : 0,
      "read_ticks" : 367380,
      "write_ticks" : 0,
      "in_queue" : 367380,