{
  "fio version" : "fio-3.1",
  "timestamp" : 1584994474,
  "timestamp_ms" : 1584994474744,
  "time" : "Mon Mar 23 21:14:34 2020",
  "jobs" : [
    {
      "jobname" : "iotest",
      "groupid" : 0,
      "error" : 0,
      "eta" : 0,
      "elapsed" : 61,
      "job options" : {
        "rw" : "randwrite",
        "bs" : "4k",
        "ioengine" : "libaio",
        "iodepth" : "16",
        "direct" : "1",
        "invalidate" : "1",
        "refill_buffers" : "1",
        "runtime" : "60",
        "numjobs" : "2",
        "group_reporting" : "1",
        "write_bw_log" : "/fio/RAID10_64K_500GB//randwrite-iodepth-16-numjobs-2",
        "write_lat_log" : "/fio/RAID10_64K_500GB//randwrite-iodepth-16-numjobs-2",
        "write_iops_log" : "/fio/RAID10_64K_500GB//randwrite-iodepth-16-numjobs-2",
        "log_avg_msec" : "500",
        "filename" : "/dev/md10p1"
      },
      "read" : {
        "io_bytes" : 0,
        "io_kbytes" : 0,
        "bw" : 0,
        "iops" : 0.000000,
        "runtime" : 0,
        "total_ios" : 0,
        "short_ios" : 0,
        "drop_ios" : 0,
        "slat_ns" : {
          "min" : 0,
          "max" : 0,
          "mean" : 0.000000,
          "stddev" : 0.000000
        },
        "clat_ns" : {
          "min" : 0,
          "max" : 0,
          "mean" : 0.000000,
          "stddev" : 0.000000,
          "percentile" : {
            "1.000000" : 0,
            "5.000000" : 0,
            "10.000000" : 0,
            "20.000000" : 0,
            "30.000000" : 0,
            "40.000000" : 0,
            "50.000000" : 0,
            "60.000000" : 0,
            "70.000000" : 0,
            "80.000000" : 0,
            "90.000000" : 0,
            "95.000000" : 0,
            "99.000000" : 0,
            "99.500000" : 0,
            "99.900000" : 0,
            "99.950000" : 0,
            "99.990000" : 0,
            "0.00" : 0,
            "0.00" : 0,
            "0.00" : 0
          }
        },
        "lat_ns" : {
          "min" : 0,
          "max" : 0,
          "mean" : 0.000000,
          "stddev" : 0.000000
        },
        "bw_min" : 0,
        "bw_max" : 0,
        "bw_agg" : 0.000000,
        "bw_mean" : 0.000000,
        "bw_dev" : 0.000000,
        "bw_samples" : 0,
        "iops_min" : 0,
        "iops_max" : 0,
        "iops_mean" : 0.000000,
        "iops_stddev" : 0.000000,
        "iops_samples" : 0
      },
      "write" : {
        "io_bytes" : 13058048,
        "io_kbytes" : 12752,
        "bw" : 212,
        "iops" : 53.083788,
        "runtime" : 60056,
        "total_ios" : 3188,
        "short_ios" : 0,
        "drop_ios" : 0,
        "slat_ns" : {
          "min" : 14981,
          "max" : 86022866,
          "mean" : 37648529.620452,
          "stddev" : 15290015.617036
        },
        "clat_ns" : {
          "min" : 222685,
          "max" : 1019713027,
          "mean" : 561852159.183502,
          "stddev" : 140503718.147843,
          "percentile" : {
            "1.000000" : 362807296,
            "5.000000" : 413138944,
            "10.000000" : 429916160,
            "20.000000" : 455081984,
            "30.000000" : 484442112,
            "40.000000" : 513802240,
            "50.000000" : 534773760,
            "60.000000" : 557842432,
            "70.000000" : 574619648,
            "80.000000" : 599785472,
            "90.000000" : 817889280,
            "95.000000" : 893386752,
            "99.000000" : 952107008,
            "99.500000" : 968884224,
            "99.900000" : 1010827264,
            "99.950000" : 1010827264,
            "99.990000" : 1019215872,
            "0.00" : 0,
            "0.00" : 0,
            "0.00" : 0
          }
        },
        "lat_ns" : {
          "min" : 26940140,
          "max" : 1077741787,
          "mean" : 599502335.185070,
          "stddev" : 148694285.187083
        },
        "bw_min" : 8,
        "bw_max" : 160,
        "bw_agg" : 49.830268,
        "bw_mean" : 105.640167,
        "bw_dev" : 25.036197,
        "bw_samples" : 239,
        "iops_min" : 2,
        "iops_max" : 40,
        "iops_mean" : 26.410042,
        "iops_stddev" : 6.259049,
        "iops_samples" : 239
      },
      "trim" : {
        "io_bytes" : 0,
        "io_kbytes" : 0,
        "bw" : 0,
        "iops" : 0.000000,
        "runtime" : 0,
        "total_ios" : 0,
        "short_ios" : 0,
        "drop_ios" : 0,
        "slat_ns" : {
          "min" : 0,
          "max" : 0,
          "mean" : 0.000000,
          "stddev" : 0.000000
        },
        "clat_ns" : {
          "min" : 0,
          "max" : 0,
          "mean" : 0.000000,
          "stddev" : 0.000000,
          "percentile" : {
            "1.000000" : 0,
            "5.000000" : 0,
            "10.000000" : 0,
            "20.000000" : 0,
            "30.000000" : 0,
            "40.000000" : 0,
            "50.000000" : 0,
            "60.000000" : 0,
            "70.000000" : 0,
            "80.000000" : 0,
            "90.000000" : 0,
            "95.000000" : 0,
            "99.000000" : 0,
            "99.500000" : 0,
            "99.900000" : 0,
            "99.950000" : 0,
            "99.990000" : 0,
            "0.00" : 0,
            "0.00" : 0,
            "0.00" : 0
          }
        },
        "lat_ns" : {
          "min" : 0,
          "max" : 0,
          "mean" : 0.000000,
          "stddev" : 0.000000
        },
        "bw_min" : 0,
        "bw_max" : 0,
        "bw_agg" : 0.000000,
        "bw_mean" : 0.000000,
        "bw_dev" : 0.000000,
        "bw_samples" : 0,
        "iops_min" : 0,
        "iops_max" : 0,
        "iops_mean" : 0.000000,
        "iops_stddev" : 0.000000,
        "iops_samples" : 0
      },
      "usr_cpu" : 0.034145,
      "sys_cpu" : 0.219863,
      "ctx" : 5974,
      "majf" : 0,
      "minf" : 44,
      "iodepth_level" : {
        "1" : 0.100000,
        "2" : 0.125471,
        "4" : 0.250941,
        "8" : 0.501882,
        "16" : 99.058971,
        "32" : 0.000000,
        ">=64" : 0.000000
      },
      "latency_ns" : {
        "2" : 0.000000,
        "4" : 0.000000,
        "10" : 0.000000,
        "20" : 0.000000,
        "50" : 0.000000,
        "100" : 0.000000,
        "250" : 0.000000,
        "500" : 0.000000,
        "750" : 0.000000,
        "1000" : 0.000000
      },
      "latency_us" : {
        "2" : 0.000000,
        "4" : 0.000000,
        "10" : 0.000000,
        "20" : 0.000000,
        "50" : 0.000000,
        "100" : 0.000000,
        "250" : 0.031368,
        "500" : 0.000000,
        "750" : 0.000000,
        "1000" : 0.000000
      },
      "latency_ms" : {
        "2" : 0.000000,
        "4" : 0.000000,
        "10" : 0.031368,
        "20" : 0.000000,
        "50" : 0.031368,
        "100" : 0.094103,
        "250" : 0.250941,
        "500" : 35.445420,
        "750" : 51.129235,
        "1000" : 12.829360,
        "2000" : 0.156838,
        ">=2000" : 0.000000
      },
      "latency_depth" : 16,
      "latency_target" : 0,
      "latency_percentile" : 100.000000,
      "latency_window" : 0
    }
  ],
  "disk_util" : [
    {
      "name" : "md10",
      "read_ios" : 30,
      "write_ios" : 3180,
      "read_merges" : 0,
      "write_merges" : 0,
      "read_ticks" : 0,
      "write_ticks" : 0,
      "in_queue" : 0,
      "util" : 0.000000,
      "aggr_read_ios" : 12,
      "aggr_write_ios" : 3779,
      "aggr_read_merges" : 0,
      "aggr_write_merge" : 0,
      "aggr_read_ticks" : 3,
      "aggr_write_ticks" : 29671,
      "aggr_in_queue" : 29673,
      "aggr_util" : 50.509992
    },
    {
      "name" : "sdf",
      "read_ios" : 2,
      "write_ios" : 3752,
      "read_merges" : 0,
      "write_merges" : 0,
      "read_ticks" : 0,
      "write_ticks" : 29348,
      "in_queue" : 29348,
      "util" : 48.326927
    },
    {
      "name" : "sdd",
      "read_ios" : 0,
      "write_ios" : 3799,
      "read_merges" : 0,
      "write_merges" : 0,
      "read_ticks" : 0,
      "write_ticks" : 30052,