{
  "fio version" : "fio-3.1",
  "timestamp" : 1584991765,
  "timestamp_ms" : 1584991765716,
  "time" : "Mon Mar 23 20:29:25 2020",
  "jobs" : [
    {
      "jobname" : "iotest",
      "groupid" : 0,
      "error" : 0,
      "eta" : 0,
      "elapsed" : 62,
      "job options" : {
        "rw" : "randread",
        "bs" : "4k",
        "ioengine" : "libaio",
        "iodepth" : "16",
        "direct" : "1",
        "invalidate" : "1",
        "refill_buffers" : "1",
        "runtime" : "60",
        "numjobs" : "64",
        "group_reporting" : "1",
        "write_bw_log" : "/fio/RAID10_64K_500GB//randread-iodepth-16-numjobs-64",
        "write_lat_log" : "/fio/RAID10_64K_500GB//randread-iodepth-16-numjobs-64",
        "write_iops_log" : "/fio/RAID10_64K_500GB//randread-iodepth-16-numjobs-64",
        "log_avg_msec" : "500",
        "filename" : "/dev/md10p1"
      },
      "read" : {
        "io_bytes" : 279519232,
        "io_kbytes" : 272968,
        "bw" : 4456,
        "iops" : 1114.082346,
        "runtime" : 61254,
        "total_ios" : 68242,
        "short_ios" : 0,
        "drop_ios" : 0,
        "slat_ns" : {
          "min" : 4379,
          "max" : 2040993991,
          "mean" : 49687520.617787,
          "stddev" : 233111100.599793
        },
        "clat_ns" : {
          "min" : 2403035,
          "max" : 5996972320,
          "mean" : 862221346.089271,
          "stddev" : 716451783.012128,
          "percentile" : {
            "1.000000" : 6914048,
            "5.000000" : 11075584,
            "10.000000" : 16187392,
            "20.000000" : 35913728,
            "30.000000" : 147849216,
            "40.000000" : 616562688,
            "50.000000" : 935329792,
            "60.000000" : 1132462080,
            "70.000000" : 1283457024,
            "80.000000" : 1451229184,
            "90.000000" : 1719664640,
            "95.000000" : 2004877312,
            "99.000000" : 2801795072,
            "99.500000" : 3070230528,
            "99.900000" : 3841982464,
            "99.950000" : 4076863488,
            "99.990000" : 4664066048,
            "0.00" : 0,
            "0.00" : 0,
            "0.00" : 0
          }
        },
        "lat_ns" : {
          "min" : 2415427,
          "max" : 5996977401,
          "mean" : 911909500.935377,
          "stddev" : 787864865.623448
        },
        "bw_min" : 7,
        "bw_max" : 471,
        "bw_agg" : 2.814763,
        "bw_mean" : 125.425823,
        "bw_dev" : 65.290612,
        "bw_samples" : 4314,
        "iops_min" : 1,
        "iops_max" : 117,
        "iops_mean" : 31.193092,
        "iops_stddev" : 16.239485,
        "iops_samples" : 4314
      },
      "write" : {
        "io_bytes" : 0,
        "io_kbytes" : 0,
        "bw" : 0,
        "iops" : 0.000000,
        "runtime" : 0,
        "total_ios" : 0,
        "short_ios" : 0,
        "drop_ios" : 0,
        "slat_ns" : {
          "min" : 0,
          "max" : 0,
          "mean" : 0.000000,
          "stddev" : 0.000000
        },
        "clat_ns" : {
          "min" : 0,
          "max" : 0,
          "mean" : 0.000000,
          "stddev" : 0.000000,
          "percentile" : {
            "1.000000" : 0,
            "5.000000" : 0,
            "10.000000" : 0,
            "20.000000" : 0,
            "30.000000" : 0,
            "40.000000" : 0,
            "50.000000" : 0,
            "60.000000" : 0,
            "70.000000" : 0,
            "80.000000" : 0,
            "90.000000" : 0,
            "95.000000" : 0,
            "99.000000" : 0,
            "99.500000" : 0,
            "99.900000" : 0,
            "99.950000" : 0,
            "99.990000" : 0,
            "0.00" : 0,
            "0.00" : 0,
            "0.00" : 0
          }
        },
        "lat_ns" : {
          "min" : 0,
          "max" : 0,
          "mean" : 0.000000,
          "stddev" : 0.000000
        },
        "bw_min" : 0,
        "bw_max" : 0,
        "bw_agg" : 0.000000,
        "bw_mean" : 0.000000,
        "bw_dev" : 0.000000,
        "bw_samples" : 0,
        "iops_min" : 0,
        "iops_max" : 0,
        "iops_mean" : 0.000000,
        "iops_stddev" : 0.000000,
        "iops_samples" : 0
      },
      "trim" : {
        "io_bytes" : 0,
        "io_kbytes" : 0,
        "bw" : 0,
        "iops" : 0.000000,
        "runtime" : 0,
        "total_ios" : 0,
        "short_ios" : 0,
        "drop_ios" : 0,
        "slat_ns" : {
          "min" : 0,
          "max" : 0,
          "mean" : 0.000000,
          "stddev" : 0.000000
        },
        "clat_ns" : {
          "min" : 0,
          "max" : 0,
          "mean" : 0.000000,
          "stddev" : 0.000000,
          "percentile" : {
            "1.000000" : 0,
            "5.000000" : 0,
            "10.000000" : 0,
            "20.000000" : 0,
            "30.000000" : 0,
            "40.000000" : 0,
            "50.000000" : 0,
            "60.000000" : 0,
            "70.000000" : 0,
            "80.000000" : 0,
            "90.000000" : 0,
            "95.000000" : 0,
            "99.000000" : 0,
            "99.500000" : 0,
            "99.900000" : 0,
            "99.950000" : 0,
            "99.990000" : 0,
            "0.00" : 0,
            "0.00" : 0,
            "0.00" : 0
          }
        },
        "lat_ns" : {
          "min" : 0,
          "max" : 0,
          "mean" : 0.000000,
          "stddev" : 0.000000
        },
        "bw_min" : 0,
        "bw_max" : 0,
        "bw_agg" : 0.000000,
        "bw_mean" : 0.000000,
        "bw_dev" : 0.000000,
        "bw_samples" : 0,
        "iops_min" : 0,
        "iops_max" : 0,
        "iops_mean" : 0.000000,
        "iops_stddev" : 0.000000,
        "iops_samples" : 0
      },
      "usr_cpu" : 0.013102,
      "sys_cpu" : 0.022205,
      "ctx" : 30067,
      "majf" : 0,
      "minf" : 2416,
      "iodepth_level" : {
        "1" : 0.100000,
        "2" : 0.187568,
        "4" : 0.375136,
        "8" : 0.750271,
        "16" : 98.593242,
        "32" : 0.000000,
        ">=64" : 0.000000
      },
      "latency_ns" : {
        "2" : 0.000000,
        "4" : 0.000000,
        "10" : 0.000000,
        "20" : 0.000000,
        "50" : 0.000000,
        "100" : 0.000000,
        "250" : 0.000000,
        "500" : 0.000000,
        "750" : 0.000000,
        "1000" : 0.000000
      },
      "latency_us" : {
        "2" : 0.000000,
        "4" : 0.000000,
        "10" : 0.000000,
        "20" : 0.000000,
        "50" : 0.000000,
        "100" : 0.000000,
        "250" : 0.000000,
        "500" : 0.000000,
        "750" : 0.000000,
        "1000" : 0.000000
      },
      "latency_ms" : {
        "2" : 0.000000,
        "4" : 0.038100,
        "10" : 3.751355,
        "20" : 9.085314,
        "50" : 10.250286,
        "100" : 4.774186,
        "250" : 4.448873,
        "500" : 4.243721,
        "750" : 7.722517,
        "1000" : 8.910935,
        "2000" : 41.785118,
        ">=2000" : 4.989596
      },
      "latency_depth" : 16,
      "latency_target" : 0,
      "latency_percentile" : 100.000000,
      "latency_window" : 0
    }
  ],
  "disk_util" : [
    {
      "name" : "md10",
      "read_ios" : 68242,
      "write_ios" : 0,
      "read_merges" : 0,
      "write_merges" : 0,
      "read_ticks" : 0,
      "write_ticks" : 0,
      "in_queue" : 0,
      "util" : 0.000000,
      "aggr_read_ios" : 8530,
      "aggr_write_ios" : 0,
      "aggr_read_merges" : 0,
      "aggr_write_merge" : 0,
      "aggr_read_ticks" : 3321349,
      "aggr_write_ticks" : 0,
      "aggr_in_queue" : 3321348,
      "aggr_util" : 99.343516
    },
    {
      "name" : "sdf",
      "read_ios" : 8280,
      "write_ios" : 0,
      "read_merges" : 0,
      "write_merges" : 0,
      "read_ticks" : 3550532,
      "write_ticks" : 0,
      "in_queue" : 3550532,
      "util" : 96.466115
    },
    {
      "name" : "sdd",
      "read_ios" : 8594,
      "write_ios" : 0,
      "read_merges" : 0,
      "write_merges" : 0,
      "read_ticks" : 5976132,