{
  "fio version" : "fio-3.1",
  "timestamp" : 1584994719,
  "timestamp_ms" : 1584994719964,
  "time" : "Mon Mar 23 21:18:39 2020",
  "jobs" : [
    {
      "jobname" : "iotest",
      "groupid" : 0,
      "error" : 0,
      "eta" : 0,
      "elapsed" : 61,
      "job options" : {
        "rw" : "randwrite",
        "bs" : "4k",
        "ioengine" : "libaio",
        "iodepth" : "16",
        "direct" : "1",
        "invalidate" : "1",
        "refill_buffers" : "1",
        "runtime" : "60",
        "numjobs" : "32",
        "group_reporting" : "1",
        "write_bw_log" : "/fio/RAID10_64K_500GB//randwrite-iodepth-16-numjobs-32",
        "write_lat_log" : "/fio/RAID10_64K_500GB//randwrite-iodepth-16-numjobs-32",
        "write_iops_log" : "/fio/RAID10_64K_500GB//randwrite-iodepth-16-numjobs-32",
        "log_avg_msec" : "500",
        "filename" : "/dev/md10p1"
      },
      "read" : {
        "io_bytes" : 0,
        "io_kbytes" : 0,
        "bw" : 0,
        "iops" : 0.000000,
        "runtime" : 0,
        "total_ios" : 0,
        "short_ios" : 0,
        "drop_ios" : 0,
        "slat_ns" : {
          "min" : 0,
          "max" : 0,
          "mean" : 0.000000,
          "stddev" : 0.000000
        },
        "clat_ns" : {
          "min" : 0,
          "max" : 0,
          "mean" : 0.000000,
          "stddev" : 0.000000,
          "percentile" : {
            "1.000000" : 0,
            "5.000000" : 0,
            "10.000000" : 0,
            "20.000000" : 0,
            "30.000000" : 0,
            "40.000000" : 0,
            "50.000000" : 0,
            "60.000000" : 0,
            "70.000000" : 0,
            "80.000000" : 0,
            "90.000000" : 0,
            "95.000000" : 0,
            "99.000000" : 0,
            "99.500000" : 0,
            "99.900000" : 0,
            "99.950000" : 0,
            "99.990000" : 0,
            "0.00" : 0,
            "0.00" : 0,
            "0.00" : 0
          }
        },
        "lat_ns" : {
          "min" : 0,
          "max" : 0,
          "mean" : 0.000000,
          "stddev" : 0.000000
        },
        "bw_min" : 0,
        "bw_max" : 0,
        "bw_agg" : 0.000000,
        "bw_mean" : 0.000000,
        "bw_dev" : 0.000000,
        "bw_samples" : 0,
        "iops_min" : 0,
        "iops_max" : 0,
        "iops_mean" : 0.000000,
        "iops_stddev" : 0.000000,
        "iops_samples" : 0
      },
      "write" : {
        "io_bytes" : 13348864,
        "io_kbytes" : 13036,
        "bw" : 215,
        "iops" : 53.871330,
        "runtime" : 60496,
        "total_ios" : 3259,
        "short_ios" : 0,
        "drop_ios" : 0,
        "slat_ns" : {
          "min" : 15096,
          "max" : 5962704423,
          "mean" : 591575154.575637,
          "stddev" : 726362020.538475
        },
        "clat_ns" : {
          "min" : 181400,
          "max" : 22798168349,
          "mean" : 8116189554.440012,
          "stddev" : 3625950165.755200,
          "percentile" : {
            "1.000000" : 37486592,
            "5.000000" : 2105540608,
            "10.000000" : 3640655872,
            "20.000000" : 5133828096,
            "30.000000" : 6274678784,
            "40.000000" : 7214202880,
            "50.000000" : 8019509248,
            "60.000000" : 8791261184,
            "70.000000" : 9865003008,
            "80.000000" : 11072962560,
            "90.000000" : 12549357568,
            "95.000000" : 14294188032,
            "99.000000" : 17112760320,
            "99.500000" : 17112760320,
            "99.900000" : 17112760320,
            "99.950000" : 17112760320,
            "99.990000" : 17112760320,
            "0.00" : 0,
            "0.00" : 0,
            "0.00" : 0
          }
        },
        "lat_ns" : {
          "min" : 37710306,
          "max" : 22944478416,
          "mean" : 8707768114.495857,
          "stddev" : 3730020107.826825
        },
        "bw_min" : 7,
        "bw_max" : 64,
        "bw_agg" : 6.442037,
        "bw_mean" : 13.850379,
        "bw_dev" : 8.634559,
        "bw_samples" : 1584,
        "iops_min" : 1,
        "iops_max" : 16,
        "iops_mean" : 3.441288,
        "iops_stddev" : 2.169469,
        "iops_samples" : 1584
      },
      "trim" : {
        "io_bytes" : 0,
        "io_kbytes" : 0,
        "bw" : 0,
        "iops" : 0.000000,
        "runtime" : 0,
        "total_ios" : 0,
        "short_ios" : 0,
        "drop_ios" : 0,
        "slat_ns" : {
          "min" : 0,
          "max" : 0,
          "mean" : 0.000000,
          "stddev" : 0.000000
        },
        "clat_ns" : {
          "min" : 0,
          "max" : 0,
          "mean" : 0.000000,
          "stddev" : 0.000000,
          "percentile" : {
            "1.000000" : 0,
            "5.000000" : 0,
            "10.000000" : 0,
            "20.000000" : 0,
            "30.000000" : 0,
            "40.000000" : 0,
            "50.000000" : 0,
            "60.000000" : 0,
            "70.000000" : 0,
            "80.000000" : 0,
            "90.000000" : 0,
            "95.000000" : 0,
            "99.000000" : 0,
            "99.500000" : 0,
            "99.900000" : 0,
            "99.950000" : 0,
            "99.990000" : 0,
            "0.00" : 0,
            "0.00" : 0,
            "0.00" : 0
          }
        },
        "lat_ns" : {
          "min" : 0,
          "max" : 0,
          "mean" : 0.000000,
          "stddev" : 0.000000
        },
        "bw_min" : 0,
        "bw_max" : 0,
        "bw_agg" : 0.000000,
        "bw_mean" : 0.000000,
        "bw_dev" : 0.000000,
        "bw_samples" : 0,
        "iops_min" : 0,
        "iops_max" : 0,
        "iops_mean" : 0.000000,
        "iops_stddev" : 0.000000,
        "iops_samples" : 0
      },
      "usr_cpu" : 0.006431,
      "sys_cpu" : 0.029301,
      "ctx" : 92927,
      "majf" : 0,
      "minf" : 712,
      "iodepth_level" : {
        "1" : 0.981896,
        "2" : 1.963793,
        "4" : 3.927585,
        "8" : 7.855170,
        "16" : 85.271556,
        "32" : 0.000000,
        ">=64" : 0.000000
      },
      "latency_ns" : {
        "2" : 0.000000,
        "4" : 0.000000,
        "10" : 0.000000,
        "20" : 0.000000,
        "50" : 0.000000,
        "100" : 0.000000,
        "250" : 0.000000,
        "500" : 0.000000,
        "750" : 0.000000,
        "1000" : 0.000000
      },
      "latency_us" : {
        "2" : 0.000000,
        "4" : 0.000000,
        "10" : 0.000000,
        "20" : 0.000000,
        "50" : 0.000000,
        "100" : 0.000000,
        "250" : 0.521632,
        "500" : 0.398895,
        "750" : 0.030684,
        "1000" : 0.000000
      },
      "latency_ms" : {
        "2" : 0.000000,
        "4" : 0.000000,
        "10" : 0.000000,
        "20" : 0.030684,
        "50" : 0.030684,
        "100" : 0.030684,
        "250" : 0.092053,
        "500" : 0.429580,
        "750" : 0.306843,
        "1000" : 0.337527,
        "2000" : 2.362688,
        ">=2000" : 95.428045
      },
      "latency_depth" : 16,
      "latency_target" : 0,
      "latency_percentile" : 100.000000,
      "latency_window" : 0
    }
  ],
  "disk_util" : [
    {
      "name" : "md10",
      "read_ios" : 90,
      "write_ios" : 3259,
      "read_merges" : 0,
      "write_merges" : 0,
      "read_ticks" : 0,
      "write_ticks" : 0,
      "in_queue" : 0,
      "util" : 0.000000,
      "aggr_read_ios" : 19,
      "aggr_write_ios" : 3720,
      "aggr_read_merges" : 0,
      "aggr_write_merge" : 0,
      "aggr_read_ticks" : 22,
      "aggr_write_ticks" : 29964,
      "aggr_in_queue" : 29985,
      "aggr_util" : 52.739862
    },
    {
      "name" : "sdf",
      "read_ios" : 2,
      "write_ios" : 3739,
      "read_merges" : 0,
      "write_merges" : 0,
      "read_ticks" : 8,
      "write_ticks" : 32288,
      "in_queue" : 32296,
      "util" : 52.739862
    },
    {
      "name" : "sdd",
      "read_ios" : 2,
      "write_ios" : 3730,
      "read_merges" : 0,
      "write_merges" : 0,
      "read_ticks" : 0,