{
  "fio version" : "fio-3.1",
  "timestamp" : 1584994352,
  "timestamp_ms" : 1584994352501,
  "time" : "Mon Mar 23 21:12:32 2020",
  "jobs" : [
    {
      "jobname" : "iotest",
      "groupid" : 0,
      "error" : 0,
      "eta" : 0,
      "elapsed" : 62,
      "job options" : {
        "rw" : "randwrite",
        "bs" : "4k",
        "ioengine" : "libaio",
        "iodepth" : "8",
        "direct" : "1",
        "invalidate" : "1",
        "refill_buffers" : "1",
        "runtime" : "60",
        "numjobs" : "64",
        "group_reporting" : "1",
        "write_bw_log" : "/fio/RAID10_64K_500GB//randwrite-iodepth-8-numjobs-64",
        "write_lat_log" : "/fio/RAID10_64K_500GB//randwrite-iodepth-8-numjobs-64",
        "write_iops_log" : "/fio/RAID10_64K_500GB//randwrite-iodepth-8-numjobs-64",
        "log_avg_msec" : "500",
        "filename" : "/dev/md10p1"
      },
      "read" : {
        "io_bytes" : 0,
        "io_kbytes" : 0,
        "bw" : 0,
        "iops" : 0.000000,
        "runtime" : 0,
        "total_ios" : 0,
        "short_ios" : 0,
        "drop_ios" : 0,
        "slat_ns" : {
          "min" : 0,
          "max" : 0,
          "mean" : 0.000000,
          "stddev" : 0.000000
        },
        "clat_ns" : {
          "min" : 0,
          "max" : 0,
          "mean" : 0.000000,
          "stddev" : 0.000000,
          "percentile" : {
            "1.000000" : 0,
            "5.000000" : 0,
            "10.000000" : 0,
            "20.000000" : 0,
            "30.000000" : 0,
            "40.000000" : 0,
            "50.000000" : 0,
            "60.000000" : 0,
            "70.000000" : 0,
            "80.000000" : 0,
            "90.000000" : 0,
            "95.000000" : 0,
            "99.000000" : 0,
            "99.500000" : 0,
            "99.900000" : 0,
            "99.950000" : 0,
            "99.990000" : 0,
            "0.00" : 0,
            "0.00" : 0,
            "0.00" : 0
          }
        },
        "lat_ns" : {
          "min" : 0,
          "max" : 0,
          "mean" : 0.000000,
          "stddev" : 0.000000
        },
        "bw_min" : 0,
        "bw_max" : 0,
        "bw_agg" : 0.000000,
        "bw_mean" : 0.000000,
        "bw_dev" : 0.000000,
        "bw_samples" : 0,
        "iops_min" : 0,
        "iops_max" : 0,
        "iops_mean" : 0.000000,
        "iops_stddev" : 0.000000,
        "iops_samples" : 0
      },
      "write" : {
        "io_bytes" : 13602816,
        "io_kbytes" : 13284,
        "bw" : 218,
        "iops" : 54.536497,
        "runtime" : 60895,
        "total_ios" : 3321,
        "short_ios" : 0,
        "drop_ios" : 0,
        "slat_ns" : {
          "min" : 14773,
          "max" : 11857338532,
          "mean" : 1164115944.537188,
          "stddev" : 1443357023.666746
        },
        "clat_ns" : {
          "min" : 152121,
          "max" : 28103400649,
          "mean" : 7432191232.723878,
          "stddev" : 4223535721.476531,
          "percentile" : {
            "1.000000" : 268288,
            "5.000000" : 1468006400,
            "10.000000" : 2600468480,
            "20.000000" : 4009754624,
            "30.000000" : 5066719232,
            "40.000000" : 5939134464,
            "50.000000" : 6811549696,
            "60.000000" : 7818182656,
            "70.000000" : 9059696640,
            "80.000000" : 10401873920,
            "90.000000" : 12952010752,
            "95.000000" : 15502147584,
            "99.000000" : 17112760320,
            "99.500000" : 17112760320,
            "99.900000" : 17112760320,
            "99.950000" : 17112760320,
            "99.990000" : 17112760320,
            "0.00" : 0,
            "0.00" : 0,
            "0.00" : 0
          }
        },
        "lat_ns" : {
          "min" : 66532988,
          "max" : 29572340137,
          "mean" : 8596311427.661846,
          "stddev" : 4486249405.067180
        },
        "bw_min" : 7,
        "bw_max" : 48,
        "bw_agg" : 5.491607,
        "bw_mean" : 11.971703,
        "bw_dev" : 6.382715,
        "bw_samples" : 1873,
        "iops_min" : 1,
        "iops_max" : 12,
        "iops_mean" : 2.973305,
        "iops_stddev" : 1.608382,
        "iops_samples" : 1873
      },
      "trim" : {
        "io_bytes" : 0,
        "io_kbytes" : 0,
        "bw" : 0,
        "iops" : 0.000000,
        "runtime" : 0,
        "total_ios" : 0,
        "short_ios" : 0,
        "drop_ios" : 0,
        "slat_ns" : {
          "min" : 0,
          "max" : 0,
          "mean" : 0.000000,
          "stddev" : 0.000000
        },
        "clat_ns" : {
          "min" : 0,
          "max" : 0,
          "mean" : 0.000000,
          "stddev" : 0.000000,
          "percentile" : {
            "1.000000" : 0,
            "5.000000" : 0,
            "10.000000" : 0,
            "20.000000" : 0,
            "30.000000" : 0,
            "40.000000" : 0,
            "50.000000" : 0,
            "60.000000" : 0,
            "70.000000" : 0,
            "80.000000" : 0,
            "90.000000" : 0,
            "95.000000" : 0,
            "99.000000" : 0,
            "99.500000" : 0,
            "99.900000" : 0,
            "99.950000" : 0,
            "99.990000" : 0,
            "0.00" : 0,
            "0.00" : 0,
            "0.00" : 0
          }
        },
        "lat_ns" : {
          "min" : 0,
          "max" : 0,
          "mean" : 0.000000,
          "stddev" : 0.000000
        },
        "bw_min" : 0,
        "bw_max" : 0,
        "bw_agg" : 0.000000,
        "bw_mean" : 0.000000,
        "bw_dev" : 0.000000,
        "bw_samples" : 0,
        "iops_min" : 0,
        "iops_max" : 0,
        "iops_mean" : 0.000000,
        "iops_stddev" : 0.000000,
        "iops_samples" : 0
      },
      "usr_cpu" : 0.004164,
      "sys_cpu" : 0.027258,
      "ctx" : 184513,
      "majf" : 0,
      "minf" : 1415,
      "iodepth_level" : {
        "1" : 1.927130,
        "2" : 3.854261,
        "4" : 7.708522,
        "8" : 86.510087,
        "16" : 0.000000,
        "32" : 0.000000,
        ">=64" : 0.000000
      },
      "latency_ns" : {
        "2" : 0.000000,
        "4" : 0.000000,
        "10" : 0.000000,
        "20" : 0.000000,
        "50" : 0.000000,
        "100" : 0.000000,
        "250" : 0.000000,
        "500" : 0.000000,
        "750" : 0.000000,
        "1000" : 0.000000
      },
      "latency_us" : {
        "2" : 0.000000,
        "4" : 0.000000,
        "10" : 0.000000,
        "20" : 0.000000,
        "50" : 0.000000,
        "100" : 0.000000,
        "250" : 0.782897,
        "500" : 0.993677,
        "750" : 0.150557,
        "1000" : 0.000000
      },
      "latency_ms" : {
        "2" : 0.000000,
        "4" : 0.000000,
        "10" : 0.000000,
        "20" : 0.000000,
        "50" : 0.000000,
        "100" : 0.060223,
        "250" : 0.090334,
        "500" : 0.210780,
        "750" : 0.421560,
        "1000" : 0.451671,
        "2000" : 3.944595,
        ">=2000" : 92.893707
      },
      "latency_depth" : 8,
      "latency_target" : 0,
      "latency_percentile" : 100.000000,
      "latency_window" : 0
    }
  ],
  "disk_util" : [
    {
      "name" : "md10",
      "read_ios" : 120,
      "write_ios" : 3321,
      "read_merges" : 0,
      "write_merges" : 0,
      "read_ticks" : 0,
      "write_ticks" : 0,
      "in_queue" : 0,
      "util" : 0.000000,
      "aggr_read_ios" : 25,
      "aggr_write_ios" : 3717,
      "aggr_read_merges" : 0,
      "aggr_write_merge" : 0,
      "aggr_read_ticks" : 32,
      "aggr_write_ticks" : 29601,
      "aggr_in_queue" : 29632,
      "aggr_util" : 50.564630
    },
    {
      "name" : "sdf",
      "read_ios" : 2,
      "write_ios" : 3704,
      "read_merges" : 0,
      "write_merges" : 0,
      "read_ticks" : 0,
      "write_ticks" : 29876,
      "in_queue" : 29872,
      "util" : 48.384668
    },
    {
      "name" : "sdd",
      "read_ios" : 2,
      "write_ios" : 3711,
      "read_merges" : 0,
      "write_merges" : 0,
      "read_ticks" : 4,