{
  "fio version" : "fio-3.1",
  "timestamp" : 1584994290,
  "timestamp_ms" : 1584994290376,
  "time" : "Mon Mar 23 21:11:30 2020",
  "jobs" : [
    {
      "jobname" : "iotest",
      "groupid" : 0,
      "error" : 0,
      "eta" : 0,
      "elapsed" : 61,
      "job options" : {
        "rw" : "randwrite",
        "bs" : "4k",
        "ioengine" : "libaio",
        "iodepth" : "8",
        "direct" : "1",
        "invalidate" : "1",
        "refill_buffers" : "1",
        "runtime" : "60",
        "numjobs" : "32",
        "group_reporting" : "1",
        "write_bw_log" : "/fio/RAID10_64K_500GB//randwrite-iodepth-8-numjobs-32",
        "write_lat_log" : "/fio/RAID10_64K_500GB//randwrite-iodepth-8-numjobs-32",
        "write_iops_log" : "/fio/RAID10_64K_500GB//randwrite-iodepth-8-numjobs-32",
        "log_avg_msec" : "500",
        "filename" : "/dev/md10p1"
      },
      "read" : {
        "io_bytes" : 0,
        "io_kbytes" : 0,
        "bw" : 0,
        "iops" : 0.000000,
        "runtime" : 0,
        "total_ios" : 0,
        "short_ios" : 0,
        "drop_ios" : 0,
        "slat_ns" : {
          "min" : 0,
          "max" : 0,
          "mean" : 0.000000,
          "stddev" : 0.000000
        },
        "clat_ns" : {
          "min" : 0,
          "max" : 0,
          "mean" : 0.000000,
          "stddev" : 0.000000,
          "percentile" : {
            "1.000000" : 0,
            "5.000000" : 0,
            "10.000000" : 0,
            "20.000000" : 0,
            "30.000000" : 0,
            "40.000000" : 0,
            "50.000000" : 0,
            "60.000000" : 0,
            "70.000000" : 0,
            "80.000000" : 0,
            "90.000000" : 0,
            "95.000000" : 0,
            "99.000000" : 0,
            "99.500000" : 0,
            "99.900000" : 0,
            "99.950000" : 0,
            "99.990000" : 0,
            "0.00" : 0,
            "0.00" : 0,
            "0.00" : 0
          }
        },
        "lat_ns" : {
          "min" : 0,
          "max" : 0,
          "mean" : 0.000000,
          "stddev" : 0.000000
        },
        "bw_min" : 0,
        "bw_max" : 0,
        "bw_agg" : 0.000000,
        "bw_mean" : 0.000000,
        "bw_dev" : 0.000000,
        "bw_samples" : 0,
        "iops_min" : 0,
        "iops_max" : 0,
        "iops_mean" : 0.000000,
        "iops_stddev" : 0.000000,
        "iops_samples" : 0
      },
      "write" : {
        "io_bytes" : 13615104,
        "io_kbytes" : 13296,
        "bw" : 220,
        "iops" : 55.049518,
        "runtime" : 60382,
        "total_ios" : 3324,
        "short_ios" : 0,
        "drop_ios" : 0,
        "slat_ns" : {
          "min" : 14161,
          "max" : 5228178554,
          "mean" : 579649893.648014,
          "stddev" : 726443000.877511
        },
        "clat_ns" : {
          "min" : 159368,
          "max" : 14662726739,
          "mean" : 3884591756.438628,
          "stddev" : 2119521692.293974,
          "percentile" : {
            "1.000000" : 78118912,
            "5.000000" : 1052770304,
            "10.000000" : 1501560832,
            "20.000000" : 2105540608,
            "30.000000" : 2600468480,
            "40.000000" : 3103784960,
            "50.000000" : 3539992576,
            "60.000000" : 4076863488,
            "70.000000" : 4664066048,
            "80.000000" : 5469372416,
            "90.000000" : 6744440832,
            "95.000000" : 7885291520,
            "99.000000" : 10267656192,
            "99.500000" : 10938744832,
            "99.900000" : 12280922112,
            "99.950000" : 13623099392,
            "99.990000" : 14696841216,
            "0.00" : 0,
            "0.00" : 0,
            "0.00" : 0
          }
        },
        "lat_ns" : {
          "min" : 51287570,
          "max" : 16213752195,
          "mean" : 4464244766.259026,
          "stddev" : 2271415467.326331
        },
        "bw_min" : 7,
        "bw_max" : 64,
        "bw_agg" : 6.514000,
        "bw_mean" : 14.330801,
        "bw_dev" : 8.467715,
        "bw_samples" : 1711,
        "iops_min" : 1,
        "iops_max" : 16,
        "iops_mean" : 3.575102,
        "iops_stddev" : 2.119817,
        "iops_samples" : 1711
      },
      "trim" : {
        "io_bytes" : 0,
        "io_kbytes" : 0,
        "bw" : 0,
        "iops" : 0.000000,
        "runtime" : 0,
        "total_ios" : 0,
        "short_ios" : 0,
        "drop_ios" : 0,
        "slat_ns" : {
          "min" : 0,
          "max" : 0,
          "mean" : 0.000000,
          "stddev" : 0.000000
        },
        "clat_ns" : {
          "min" : 0,
          "max" : 0,
          "mean" : 0.000000,
          "stddev" : 0.000000,
          "percentile" : {
            "1.000000" : 0,
            "5.000000" : 0,
            "10.000000" : 0,
            "20.000000" : 0,
            "30.000000" : 0,
            "40.000000" : 0,
            "50.000000" : 0,
            "60.000000" : 0,
            "70.000000" : 0,
            "80.000000" : 0,
            "90.000000" : 0,
            "95.000000" : 0,
            "99.000000" : 0,
            "99.500000" : 0,
            "99.900000" : 0,
            "99.950000" : 0,
            "99.990000" : 0,
            "0.00" : 0,
            "0.00" : 0,
            "0.00" : 0
          }
        },
        "lat_ns" : {
          "min" : 0,
          "max" : 0,
          "mean" : 0.000000,
          "stddev" : 0.000000
        },
        "bw_min" : 0,
        "bw_max" : 0,
        "bw_agg" : 0.000000,
        "bw_mean" : 0.000000,
        "bw_dev" : 0.000000,
        "bw_samples" : 0,
        "iops_min" : 0,
        "iops_max" : 0,
        "iops_mean" : 0.000000,
        "iops_stddev" : 0.000000,
        "iops_samples" : 0
      },
      "usr_cpu" : 0.003321,
      "sys_cpu" : 0.031862,
      "ctx" : 92905,
      "majf" : 0,
      "minf" : 764,
      "iodepth_level" : {
        "1" : 0.962696,
        "2" : 1.925391,
        "4" : 3.850782,
        "8" : 93.261131,
        "16" : 0.000000,
        "32" : 0.000000,
        ">=64" : 0.000000
      },
      "latency_ns" : {
        "2" : 0.000000,
        "4" : 0.000000,
        "10" : 0.000000,
        "20" : 0.000000,
        "50" : 0.000000,
        "100" : 0.000000,
        "250" : 0.000000,
        "500" : 0.000000,
        "750" : 0.000000,
        "1000" : 0.000000
      },
      "latency_us" : {
        "2" : 0.000000,
        "4" : 0.000000,
        "10" : 0.000000,
        "20" : 0.000000,
        "50" : 0.000000,
        "100" : 0.000000,
        "250" : 0.481348,
        "500" : 0.270758,
        "750" : 0.030084,
        "1000" : 0.000000
      },
      "latency_ms" : {
        "2" : 0.000000,
        "4" : 0.000000,
        "10" : 0.150421,
        "20" : 0.030084,
        "50" : 0.000000,
        "100" : 0.060168,
        "250" : 0.120337,
        "500" : 0.661853,
        "750" : 1.113117,
        "1000" : 1.504212,
        "2000" : 13.778580,
        ">=2000" : 81.799037
      },
      "latency_depth" : 8,
      "latency_target" : 0,
      "latency_percentile" : 100.000000,
      "latency_window" : 0
    }
  ],
  "disk_util" : [
    {
      "name" : "md10",
      "read_ios" : 90,
      "write_ios" : 3324,
      "read_merges" : 0,
      "write_merges" : 0,
      "read_ticks" : 0,
      "write_ticks" : 0,
      "in_queue" : 0,
      "util" : 0.000000,
      "aggr_read_ios" : 18,
      "aggr_write_ios" : 3736,
      "aggr_read_merges" : 0,
      "aggr_write_merge" : 0,
      "aggr_read_ticks" : 13,
      "aggr_write_ticks" : 30137,
      "aggr_in_queue" : 30148,
      "aggr_util" : 52.343724
    },
    {
      "name" : "sdf",
      "read_ios" : 2,
      "write_ios" : 3737,
      "read_merges" : 0,
      "write_merges" : 0,
      "read_ticks" : 20,
      "write_ticks" : 28068,
      "in_queue" : 28084,
      "util" : 45.771210
    },
    {
      "name" : "sdd",
      "read_ios" : 2,
      "write_ios" : 3753,
      "read_merges" : 0,
      "write_merges" : 0,
      "read_ticks" : 0,