{
  "fio version" : "fio-3.1",
  "timestamp" : 1584980243,
  "timestamp_ms" : 1584980243033,
  "time" : "Mon Mar 23 17:17:23 2020",
  "jobs" : [
    {
      "jobname" : "iotest",
      "groupid" : 0,
      "error" : 0,
      "eta" : 0,
      "elapsed" : 61,
      "job options" : {
        "rw" : "randread",
        "bs" : "4k",
        "ioengine" : "libaio",
        "iodepth" : "4",
        "direct" : "1",
        "invalidate" : "1",
        "refill_buffers" : "1",
        "runtime" : "60",
        "numjobs" : "4",
        "group_reporting" : "1",
        "write_bw_log" : "/fio/RAID5_64K_FULL//randread-iodepth-4-numjobs-4",
        "write_lat_log" : "/fio/RAID5_64K_FULL//randread-iodepth-4-numjobs-4",
        "write_iops_log" : "/fio/RAID5_64K_FULL//randread-iodepth-4-numjobs-4",
        "log_avg_msec" : "500",
        "filename" : "/dev/md10"
      },
      "read" : {
        "io_bytes" : 124284928,
        "io_kbytes" : 121372,
        "bw" : 2020,
        "iops" : 505.152580,
        "runtime" : 60067,
        "total_ios" : 30343,
        "short_ios" : 0,
        "drop_ios" : 0,
        "slat_ns" : {
          "min" : 7507,
          "max" : 242038,
          "mean" : 32710.082721,
          "stddev" : 5446.543431
        },
        "clat_ns" : {
          "min" : 2989515,
          "max" : 808027017,
          "mean" : 31603053.998846,
          "stddev" : 34873723.075686,
          "percentile" : {
            "1.000000" : 6848512,
            "5.000000" : 9371648,
            "10.000000" : 11206656,
            "20.000000" : 13828096,
            "30.000000" : 16187392,
            "40.000000" : 18743296,
            "50.000000" : 21889024,
            "60.000000" : 26083328,
            "70.000000" : 31850496,
            "80.000000" : 40632320,
            "90.000000" : 58982400,
            "95.000000" : 84410368,
            "99.000000" : 160432128,
            "99.500000" : 217055232,
            "99.900000" : 450887680,
            "99.950000" : 492830720,
            "99.990000" : 557842432,
            "0.00" : 0,
            "0.00" : 0,
            "0.00" : 0
          }
        },
        "lat_ns" : {
          "min" : 3027376,
          "max" : 808074665,
          "mean" : 31636832.828494,
          "stddev" : 34873840.718964
        },
        "bw_min" : 160,
        "bw_max" : 688,
        "bw_agg" : 25.222360,
        "bw_mean" : 509.491667,
        "bw_dev" : 78.689766,
        "bw_samples" : 480,
        "iops_min" : 40,
        "iops_max" : 172,
        "iops_mean" : 127.091667,
        "iops_stddev" : 19.642630,
        "iops_samples" : 480
      },
      "write" : {
        "io_bytes" : 0,
        "io_kbytes" : 0,
        "bw" : 0,
        "iops" : 0.000000,
        "runtime" : 0,
        "total_ios" : 0,
        "short_ios" : 0,
        "drop_ios" : 0,
        "slat_ns" : {
          "min" : 0,
          "max" : 0,
          "mean" : 0.000000,
          "stddev" : 0.000000
        },
        "clat_ns" : {
          "min" : 0,
          "max" : 0,
          "mean" : 0.000000,
          "stddev" : 0.000000,
          "percentile" : {
            "1.000000" : 0,
            "5.000000" : 0,
            "10.000000" : 0,
            "20.000000" : 0,
            "30.000000" : 0,
            "40.000000" : 0,
            "50.000000" : 0,
            "60.000000" : 0,
            "70.000000" : 0,
            "80.000000" : 0,
            "90.000000" : 0,
            "95.000000" : 0,
            "99.000000" : 0,
            "99.500000" : 0,
            "99.900000" : 0,
            "99.950000" : 0,
            "99.990000" : 0,
            "0.00" : 0,
            "0.00" : 0,
            "0.00" : 0
          }
        },
        "lat_ns" : {
          "min" : 0,
          "max" : 0,
          "mean" : 0.000000,
          "stddev" : 0.000000
        },
        "bw_min" : 0,
        "bw_max" : 0,
        "bw_agg" : 0.000000,
        "bw_mean" : 0.000000,
        "bw_dev" : 0.000000,
        "bw_samples" : 0,
        "iops_min" : 0,
        "iops_max" : 0,
        "iops_mean" : 0.000000,
        "iops_stddev" : 0.000000,
        "iops_samples" : 0
      },
      "trim" : {
        "io_bytes" : 0,
        "io_kbytes" : 0,
        "bw" : 0,
        "iops" : 0.000000,
        "runtime" : 0,
        "total_ios" : 0,
        "short_ios" : 0,
        "drop_ios" : 0,
        "slat_ns" : {
          "min" : 0,
          "max" : 0,
          "mean" : 0.000000,
          "stddev" : 0.000000
        },
        "clat_ns" : {
          "min" : 0,
          "max" : 0,
          "mean" : 0.000000,
          "stddev" : 0.000000,
          "percentile" : {
            "1.000000" : 0,
            "5.000000" : 0,
            "10.000000" : 0,
            "20.000000" : 0,
            "30.000000" : 0,
            "40.000000" : 0,
            "50.000000" : 0,
            "60.000000" : 0,
            "70.000000" : 0,
            "80.000000" : 0,
            "90.000000" : 0,
            "95.000000" : 0,
            "99.000000" : 0,
            "99.500000" : 0,
            "99.900000" : 0,
            "99.950000" : 0,
            "99.990000" : 0,
            "0.00" : 0,
            "0.00" : 0,
            "0.00" : 0
          }
        },
        "lat_ns" : {
          "min" : 0,
          "max" : 0,
          "mean" : 0.000000,
          "stddev" : 0.000000
        },
        "bw_min" : 0,
        "bw_max" : 0,
        "bw_agg" : 0.000000,
        "bw_mean" : 0.000000,
        "bw_dev" : 0.000000,
        "bw_samples" : 0,
        "iops_min" : 0,
        "iops_max" : 0,
        "iops_mean" : 0.000000,
        "iops_stddev" : 0.000000,
        "iops_samples" : 0
      },
      "usr_cpu" : 0.204850,
      "sys_cpu" : 0.607888,
      "ctx" : 30184,
      "majf" : 0,
      "minf" : 103,
      "iodepth_level" : {
        "1" : 0.100000,
        "2" : 0.100000,
        "4" : 99.960452,
        "8" : 0.000000,
        "16" : 0.000000,
        "32" : 0.000000,
        ">=64" : 0.000000
      },
      "latency_ns" : {
        "2" : 0.000000,
        "4" : 0.000000,
        "10" : 0.000000,
        "20" : 0.000000,
        "50" : 0.000000,
        "100" : 0.000000,
        "250" : 0.000000,
        "500" : 0.000000,
        "750" : 0.000000,
        "1000" : 0.000000
      },
      "latency_us" : {
        "2" : 0.000000,
        "4" : 0.000000,
        "10" : 0.000000,
        "20" : 0.000000,
        "50" : 0.000000,
        "100" : 0.000000,
        "250" : 0.000000,
        "500" : 0.000000,
        "750" : 0.000000,
        "1000" : 0.000000
      },
      "latency_ms" : {
        "2" : 0.000000,
        "4" : 0.029661,
        "10" : 6.370497,
        "20" : 38.262532,
        "50" : 41.805359,
        "100" : 10.223116,
        "250" : 2.929836,
        "500" : 0.336157,
        "750" : 0.039548,
        "1000" : 0.010000,
        "2000" : 0.000000,
        ">=2000" : 0.000000
      },
      "latency_depth" : 4,
      "latency_target" : 0,
      "latency_percentile" : 100.000000,
      "latency_window" : 0
    }
  ],
  "disk_util" : [
    {
      "name" : "md10",
      "read_ios" : 30335,
      "write_ios" : 0,
      "read_merges" : 0,
      "write_merges" : 0,
      "read_ticks" : 0,
      "write_ticks" : 0,
      "in_queue" : 0,
      "util" : 0.000000,
      "aggr_read_ios" : 3792,
      "aggr_write_ios" : 0,
      "aggr_read_merges" : 0,
      "aggr_write_merge" : 0,
      "aggr_read_ticks" : 119782,
      "aggr_write_ticks" : 0,
      "aggr_in_queue" : 119776,
      "aggr_util" : 89.544512
    },
    {
      "name" : "sdf",
      "read_ios" : 3697,
      "write_ios" : 0,
      "read_merges" : 0,
      "write_merges" : 0,
      "read_ticks" : 112740,
      "write_ticks" : 0,
      "in_queue" : 112728,
      "util" : 83.540270
    },
    {
      "name" : "sdd",
      "read_ios" : 3709,
      "write_ios" : 0,
      "read_merges" : 0,
      "write_merges" : 0,
      "read_ticks" : 148960,
      "write_ticks" : 0,
      "in_queue" : 148960,