{
  "fio version" : "fio-3.1",
  "timestamp" : 1584984847,
  "timestamp_ms" : 1584984847865,
  "time" : "Mon Mar 23 18:34:07 2020",
  "jobs" : [
    {
      "jobname" : "iotest",
      "groupid" : 0,
      "error" : 0,
      "eta" : 0,
      "elapsed" : 64,
      "job options" : {
        "rw" : "randwrite",
        "bs" : "4k",
        "ioengine" : "libaio",
        "iodepth" : "32",
        "direct" : "1",
        "invalidate" : "1",
        "refill_buffers" : "1",
        "runtime" : "60",
        "numjobs" : "64",
        "group_reporting" : "1",
        "write_bw_log" : "/fio/RAID5_64K_FULL//randwrite-iodepth-32-numjobs-64",
        "write_lat_log" : "/fio/RAID5_64K_FULL//randwrite-iodepth-32-numjobs-64",
        "write_iops_log" : "/fio/RAID5_64K_FULL//randwrite-iodepth-32-numjobs-64",
        "log_avg_msec" : "500",
        "filename" : "/dev/md10"
      },
      "read" : {
        "io_bytes" : 0,
        "io_kbytes" : 0,
        "bw" : 0,
        "iops" : 0.000000,
        "runtime" : 0,
        "total_ios" : 0,
        "short_ios" : 0,
        "drop_ios" : 0,
        "slat_ns" : {
          "min" : 0,
          "max" : 0,
          "mean" : 0.000000,
          "stddev" : 0.000000
        },
        "clat_ns" : {
          "min" : 0,
          "max" : 0,
          "mean" : 0.000000,
          "stddev" : 0.000000,
          "percentile" : {
            "1.000000" : 0,
            "5.000000" : 0,
            "10.000000" : 0,
            "20.000000" : 0,
            "30.000000" : 0,
            "40.000000" : 0,
            "50.000000" : 0,
            "60.000000" : 0,
            "70.000000" : 0,
            "80.000000" : 0,
            "90.000000" : 0,
            "95.000000" : 0,
            "99.000000" : 0,
            "99.500000" : 0,
            "99.900000" : 0,
            "99.950000" : 0,
            "99.990000" : 0,
            "0.00" : 0,
            "0.00" : 0,
            "0.00" : 0
          }
        },
        "lat_ns" : {
          "min" : 0,
          "max" : 0,
          "mean" : 0.000000,
          "stddev" : 0.000000
        },
        "bw_min" : 0,
        "bw_max" : 0,
        "bw_agg" : 0.000000,
        "bw_mean" : 0.000000,
        "bw_dev" : 0.000000,
        "bw_samples" : 0,
        "iops_min" : 0,
        "iops_max" : 0,
        "iops_mean" : 0.000000,
        "iops_stddev" : 0.000000,
        "iops_samples" : 0
      },
      "write" : {
        "io_bytes" : 9678848,
        "io_kbytes" : 9452,
        "bw" : 154,
        "iops" : 38.606695,
        "runtime" : 61207,
        "total_ios" : 2363,
        "short_ios" : 0,
        "drop_ios" : 0,
        "slat_ns" : {
          "min" : 16640,
          "max" : 14249896749,
          "mean" : 1631533120.748202,
          "stddev" : 2028494309.837664
        },
        "clat_ns" : {
          "min" : 149350,
          "max" : 60790401812,
          "mean" : 27643722912.309776,
          "stddev" : 16050945750.052549,
          "percentile" : {
            "1.000000" : 240640,
            "5.000000" : 2021654528,
            "10.000000" : 5066719232,
            "20.000000" : 10938744832,
            "30.000000" : 17112760320,
            "40.000000" : 17112760320,
            "50.000000" : 17112760320,
            "60.000000" : 17112760320,
            "70.000000" : 17112760320,
            "80.000000" : 17112760320,
            "90.000000" : 17112760320,
            "95.000000" : 17112760320,
            "99.000000" : 17112760320,
            "99.500000" : 17112760320,
            "99.900000" : 17112760320,
            "99.950000" : 17112760320,
            "99.990000" : 17112760320,
            "0.00" : 0,
            "0.00" : 0,
            "0.00" : 0
          }
        },
        "lat_ns" : {
          "min" : 69112987,
          "max" : 60946052119,
          "mean" : 29275261188.257301,
          "stddev" : 16079495663.699921
        },
        "bw_min" : 7,
        "bw_max" : 24,
        "bw_agg" : 6.854481,
        "bw_mean" : 10.555901,
        "bw_dev" : 4.575941,
        "bw_samples" : 322,
        "iops_min" : 1,
        "iops_max" : 6,
        "iops_mean" : 2.618012,
        "iops_stddev" : 1.162787,
        "iops_samples" : 322
      },
      "trim" : {
        "io_bytes" : 0,
        "io_kbytes" : 0,
        "bw" : 0,
        "iops" : 0.000000,
        "runtime" : 0,
        "total_ios" : 0,
        "short_ios" : 0,
        "drop_ios" : 0,
        "slat_ns" : {
          "min" : 0,
          "max" : 0,
          "mean" : 0.000000,
          "stddev" : 0.000000
        },
        "clat_ns" : {
          "min" : 0,
          "max" : 0,
          "mean" : 0.000000,
          "stddev" : 0.000000,
          "percentile" : {
            "1.000000" : 0,
            "5.000000" : 0,
            "10.000000" : 0,
            "20.000000" : 0,
            "30.000000" : 0,
            "40.000000" : 0,
            "50.000000" : 0,
            "60.000000" : 0,
            "70.000000" : 0,
            "80.000000" : 0,
            "90.000000" : 0,
            "95.000000" : 0,
            "99.000000" : 0,
            "99.500000" : 0,
            "99.900000" : 0,
            "99.950000" : 0,
            "99.990000" : 0,
            "0.00" : 0,
            "0.00" : 0,
            "0.00" : 0
          }
        },
        "lat_ns" : {
          "min" : 0,
          "max" : 0,
          "mean" : 0.000000,
          "stddev" : 0.000000
        },
        "bw_min" : 0,
        "bw_max" : 0,
        "bw_agg" : 0.000000,
        "bw_mean" : 0.000000,
        "bw_dev" : 0.000000,
        "bw_samples" : 0,
        "iops_min" : 0,
        "iops_max" : 0,
        "iops_mean" : 0.000000,
        "iops_stddev" : 0.000000,
        "iops_samples" : 0
      },
      "usr_cpu" : 0.020994,
      "sys_cpu" : 0.022414,
      "ctx" : 134833,
      "majf" : 0,
      "minf" : 1405,
      "iodepth_level" : {
        "1" : 2.708421,
        "2" : 5.416843,
        "4" : 10.833686,
        "8" : 21.667372,
        "16" : 39.526026,
        "32" : 19.847651,
        ">=64" : 0.000000
      },
      "latency_ns" : {
        "2" : 0.000000,
        "4" : 0.000000,
        "10" : 0.000000,
        "20" : 0.000000,
        "50" : 0.000000,
        "100" : 0.000000,
        "250" : 0.000000,
        "500" : 0.000000,
        "750" : 0.000000,
        "1000" : 0.000000
      },
      "latency_us" : {
        "2" : 0.000000,
        "4" : 0.000000,
        "10" : 0.000000,
        "20" : 0.000000,
        "50" : 0.000000,
        "100" : 0.000000,
        "250" : 1.015658,
        "500" : 0.465510,
        "750" : 0.253915,
        "1000" : 0.084638
      },
      "latency_ms" : {
        "2" : 0.000000,
        "4" : 0.000000,
        "10" : 0.677105,
        "20" : 0.126957,
        "50" : 0.084638,
        "100" : 0.042319,
        "250" : 0.042319,
        "500" : 0.126957,
        "750" : 0.253915,
        "1000" : 0.423191,
        "2000" : 1.396530,
        ">=2000" : 95.006348
      },
      "latency_depth" : 32,
      "latency_target" : 0,
      "latency_percentile" : 100.000000,
      "latency_window" : 0
    }
  ],
  "disk_util" : [
    {
      "name" : "md10",
      "read_ios" : 652,
      "write_ios" : 2363,
      "read_merges" : 0,
      "write_merges" : 0,
      "read_ticks" : 0,
      "write_ticks" : 0,
      "in_queue" : 0,
      "util" : 0.000000,
      "aggr_read_ios" : 111,
      "aggr_write_ios" : 2834,
      "aggr_read_merges" : 0,
      "aggr_write_merge" : 0,
      "aggr_read_ticks" : 113,
      "aggr_write_ticks" : 30867,
      "aggr_in_queue" : 30979,
      "aggr_util" : 48.173216
    },
    {
      "name" : "sdf",
      "read_ios" : 34,
      "write_ios" : 2833,
      "read_merges" : 0,
      "write_merges" : 0,
      "read_ticks" : 44,
      "write_ticks" : 29536,
      "in_queue" : 29580,
      "util" : 44.144358
    },
    {
      "name" : "sdd",
      "read_ios" : 26,
      "write_ios" : 2848,
      "read_merges" : 0,
      "write_merges" : 0,
      "read_ticks" : 28,