{
  "fio version" : "fio-3.1",
  "timestamp" : 1584981427,
  "timestamp_ms" : 1584981427376,
  "time" : "Mon Mar 23 17:37:07 2020",
  "jobs" : [
    {
      "jobname" : "iotest",
      "groupid" : 0,
      "error" : 0,
      "eta" : 0,
      "elapsed" : 61,
      "job options" : {
        "rw" : "randread",
        "bs" : "4k",
        "ioengine" : "libaio",
        "iodepth" : "32",
        "direct" : "1",
        "invalidate" : "1",
        "refill_buffers" : "1",
        "runtime" : "60",
        "numjobs" : "1",
        "group_reporting" : "1",
        "write_bw_log" : "/fio/RAID5_64K_FULL//randread-iodepth-32-numjobs-1",
        "write_lat_log" : "/fio/RAID5_64K_FULL//randread-iodepth-32-numjobs-1",
        "write_iops_log" : "/fio/RAID5_64K_FULL//randread-iodepth-32-numjobs-1",
        "log_avg_msec" : "500",
        "filename" : "/dev/md10"
      },
      "read" : {
        "io_bytes" : 152612864,
        "io_kbytes" : 149036,
        "bw" : 2479,
        "iops" : 619.754154,
        "runtime" : 60119,
        "total_ios" : 37259,
        "short_ios" : 0,
        "drop_ios" : 0,
        "slat_ns" : {
          "min" : 7375,
          "max" : 262363,
          "mean" : 29627.162967,
          "stddev" : 5573.411591
        },
        "clat_ns" : {
          "min" : 2004094,
          "max" : 1046206818,
          "mean" : 51585723.655949,
          "stddev" : 65858389.032501,
          "percentile" : {
            "1.000000" : 7503872,
            "5.000000" : 10551296,
            "10.000000" : 12779520,
            "20.000000" : 16449536,
            "30.000000" : 20054016,
            "40.000000" : 24510464,
            "50.000000" : 30015488,
            "60.000000" : 37486592,
            "70.000000" : 49020928,
            "80.000000" : 68681728,
            "90.000000" : 110624768,
            "95.000000" : 164626432,
            "99.000000" : 320864256,
            "99.500000" : 417333248,
            "99.900000" : 675282944,
            "99.950000" : 784334848,
            "99.990000" : 1035993088,
            "0.00" : 0,
            "0.00" : 0,
            "0.00" : 0
          }
        },
        "lat_ns" : {
          "min" : 2037141,
          "max" : 1046238213,
          "mean" : 51616348.406828,
          "stddev" : 65858325.834343
        },
        "bw_min" : 2112,
        "bw_max" : 2968,
        "bw_agg" : 100.000000,
        "bw_mean" : 2483.325000,
        "bw_dev" : 166.950914,
        "bw_samples" : 120,
        "iops_min" : 528,
        "iops_max" : 742,
        "iops_mean" : 620.800000,
        "iops_stddev" : 41.702951,
        "iops_samples" : 120
      },
      "write" : {
        "io_bytes" : 0,
        "io_kbytes" : 0,
        "bw" : 0,
        "iops" : 0.000000,
        "runtime" : 0,
        "total_ios" : 0,
        "short_ios" : 0,
        "drop_ios" : 0,
        "slat_ns" : {
          "min" : 0,
          "max" : 0,
          "mean" : 0.000000,
          "stddev" : 0.000000
        },
        "clat_ns" : {
          "min" : 0,
          "max" : 0,
          "mean" : 0.000000,
          "stddev" : 0.000000,
          "percentile" : {
            "1.000000" : 0,
            "5.000000" : 0,
            "10.000000" : 0,
            "20.000000" : 0,
            "30.000000" : 0,
            "40.000000" : 0,
            "50.000000" : 0,
            "60.000000" : 0,
            "70.000000" : 0,
            "80.000000" : 0,
            "90.000000" : 0,
            "95.000000" : 0,
            "99.000000" : 0,
            "99.500000" : 0,
            "99.900000" : 0,
            "99.950000" : 0,
            "99.990000" : 0,
            "0.00" : 0,
            "0.00" : 0,
            "0.00" : 0
          }
        },
        "lat_ns" : {
          "min" : 0,
          "max" : 0,
          "mean" : 0.000000,
          "stddev" : 0.000000
        },
        "bw_min" : 0,
        "bw_max" : 0,
        "bw_agg" : 0.000000,
        "bw_mean" : 0.000000,
        "bw_dev" : 0.000000,
        "bw_samples" : 0,
        "iops_min" : 0,
        "iops_max" : 0,
        "iops_mean" : 0.000000,
        "iops_stddev" : 0.000000,
        "iops_samples" : 0
      },
      "trim" : {
        "io_bytes" : 0,
        "io_kbytes" : 0,
        "bw" : 0,
        "iops" : 0.000000,
        "runtime" : 0,
        "total_ios" : 0,
        "short_ios" : 0,
        "drop_ios" : 0,
        "slat_ns" : {
          "min" : 0,
          "max" : 0,
          "mean" : 0.000000,
          "stddev" : 0.000000
        },
        "clat_ns" : {
          "min" : 0,
          "max" : 0,
          "mean" : 0.000000,
          "stddev" : 0.000000,
          "percentile" : {
            "1.000000" : 0,
            "5.000000" : 0,
            "10.000000" : 0,
            "20.000000" : 0,
            "30.000000" : 0,
            "40.000000" : 0,
            "50.000000" : 0,
            "60.000000" : 0,
            "70.000000" : 0,
            "80.000000" : 0,
            "90.000000" : 0,
            "95.000000" : 0,
            "99.000000" : 0,
            "99.500000" : 0,
            "99.900000" : 0,
            "99.950000" : 0,
            "99.990000" : 0,
            "0.00" : 0,
            "0.00" : 0,
            "0.00" : 0
          }
        },
        "lat_ns" : {
          "min" : 0,
          "max" : 0,
          "mean" : 0.000000,
          "stddev" : 0.000000
        },
        "bw_min" : 0,
        "bw_max" : 0,
        "bw_agg" : 0.000000,
        "bw_mean" : 0.000000,
        "bw_dev" : 0.000000,
        "bw_samples" : 0,
        "iops_min" : 0,
        "iops_max" : 0,
        "iops_mean" : 0.000000,
        "iops_stddev" : 0.000000,
        "iops_samples" : 0
      },
      "usr_cpu" : 0.953126,
      "sys_cpu" : 2.826109,
      "ctx" : 35623,
      "majf" : 0,
      "minf" : 52,
      "iodepth_level" : {
        "1" : 0.100000,
        "2" : 0.100000,
        "4" : 0.100000,
        "8" : 0.100000,
        "16" : 0.100000,
        "32" : 99.916799,
        ">=64" : 0.000000
      },
      "latency_ns" : {
        "2" : 0.000000,
        "4" : 0.000000,
        "10" : 0.000000,
        "20" : 0.000000,
        "50" : 0.000000,
        "100" : 0.000000,
        "250" : 0.000000,
        "500" : 0.000000,
        "750" : 0.000000,
        "1000" : 0.000000
      },
      "latency_us" : {
        "2" : 0.000000,
        "4" : 0.000000,
        "10" : 0.000000,
        "20" : 0.000000,
        "50" : 0.000000,
        "100" : 0.000000,
        "250" : 0.000000,
        "500" : 0.000000,
        "750" : 0.000000,
        "1000" : 0.000000
      },
      "latency_ms" : {
        "2" : 0.000000,
        "4" : 0.013420,
        "10" : 3.851418,
        "20" : 25.897099,
        "50" : 40.857243,
        "100" : 17.488392,
        "250" : 9.911699,
        "500" : 1.669395,
        "750" : 0.238868,
        "1000" : 0.048310,
        "2000" : 0.024155,
        ">=2000" : 0.000000
      },
      "latency_depth" : 32,
      "latency_target" : 0,
      "latency_percentile" : 100.000000,
      "latency_window" : 0
    }
  ],
  "disk_util" : [
    {
      "name" : "md10",
      "read_ios" : 37259,
      "write_ios" : 0,
      "read_merges" : 0,
      "write_merges" : 0,
      "read_ticks" : 0,
      "write_ticks" : 0,
      "in_queue" : 0,
      "util" : 0.000000,
      "aggr_read_ios" : 4657,
      "aggr_write_ios" : 0,
      "aggr_read_merges" : 0,
      "aggr_write_merge" : 0,
      "aggr_read_ticks" : 239900,
      "aggr_write_ticks" : 0,
      "aggr_in_queue" : 239897,
      "aggr_util" : 97.226050
    },
    {
      "name" : "sdf",
      "read_ios" : 4636,
      "write_ios" : 0,
      "read_merges" : 0,
      "write_merges" : 0,
      "read_ticks" : 265752,
      "write_ticks" : 0,
      "in_queue" : 265748,
      "util" : 94.719193
    },
    {
      "name" : "sdd",
      "read_ios" : 4632,
      "write_ios" : 0,
      "read_merges" : 0,
      "write_merges" : 0,
      "read_ticks" : 344264,
      "write_ticks" : 0,
      "in_queue" : 344256,