{
  "fio version" : "fio-3.1",
  "timestamp" : 1584984721,
  "timestamp_ms" : 1584984721021,
  "time" : "Mon Mar 23 18:32:01 2020",
  "jobs" : [
    {
      "jobname" : "iotest",
      "groupid" : 0,
      "error" : 0,
      "eta" : 0,
      "elapsed" : 62,
      "job options" : {
        "rw" : "randwrite",
        "bs" : "4k",
        "ioengine" : "libaio",
        "iodepth" : "32",
        "direct" : "1",
        "invalidate" : "1",
        "refill_buffers" : "1",
        "runtime" : "60",
        "numjobs" : "16",
        "group_reporting" : "1",
        "write_bw_log" : "/fio/RAID5_64K_FULL//randwrite-iodepth-32-numjobs-16",
        "write_lat_log" : "/fio/RAID5_64K_FULL//randwrite-iodepth-32-numjobs-16",
        "write_iops_log" : "/fio/RAID5_64K_FULL//randwrite-iodepth-32-numjobs-16",
        "log_avg_msec" : "500",
        "filename" : "/dev/md10"
      },
      "read" : {
        "io_bytes" : 0,
        "io_kbytes" : 0,
        "bw" : 0,
        "iops" : 0.000000,
        "runtime" : 0,
        "total_ios" : 0,
        "short_ios" : 0,
        "drop_ios" : 0,
        "slat_ns" : {
          "min" : 0,
          "max" : 0,
          "mean" : 0.000000,
          "stddev" : 0.000000
        },
        "clat_ns" : {
          "min" : 0,
          "max" : 0,
          "mean" : 0.000000,
          "stddev" : 0.000000,
          "percentile" : {
            "1.000000" : 0,
            "5.000000" : 0,
            "10.000000" : 0,
            "20.000000" : 0,
            "30.000000" : 0,
            "40.000000" : 0,
            "50.000000" : 0,
            "60.000000" : 0,
            "70.000000" : 0,
            "80.000000" : 0,
            "90.000000" : 0,
            "95.000000" : 0,
            "99.000000" : 0,
            "99.500000" : 0,
            "99.900000" : 0,
            "99.950000" : 0,
            "99.990000" : 0,
            "0.00" : 0,
            "0.00" : 0,
            "0.00" : 0
          }
        },
        "lat_ns" : {
          "min" : 0,
          "max" : 0,
          "mean" : 0.000000,
          "stddev" : 0.000000
        },
        "bw_min" : 0,
        "bw_max" : 0,
        "bw_agg" : 0.000000,
        "bw_mean" : 0.000000,
        "bw_dev" : 0.000000,
        "bw_samples" : 0,
        "iops_min" : 0,
        "iops_max" : 0,
        "iops_mean" : 0.000000,
        "iops_stddev" : 0.000000,
        "iops_samples" : 0
      },
      "write" : {
        "io_bytes" : 9068544,
        "io_kbytes" : 8856,
        "bw" : 146,
        "iops" : 36.687822,
        "runtime" : 60347,
        "total_ios" : 2214,
        "short_ios" : 0,
        "drop_ios" : 0,
        "slat_ns" : {
          "min" : 24241,
          "max" : 2113565332,
          "mean" : 434455159.217705,
          "stddev" : 340440241.354046
        },
        "clat_ns" : {
          "min" : 169677,
          "max" : 18833990469,
          "mean" : 11901216606.954834,
          "stddev" : 3822862462.311336,
          "percentile" : {
            "1.000000" : 396361728,
            "5.000000" : 2634022912,
            "10.000000" : 5737807872,
            "20.000000" : 10133438464,
            "30.000000" : 11475615744,
            "40.000000" : 12280922112,
            "50.000000" : 12817793024,
            "60.000000" : 13488881664,
            "70.000000" : 14159970304,
            "80.000000" : 14696841216,
            "90.000000" : 15367929856,
            "95.000000" : 16039018496,
            "99.000000" : 17112760320,
            "99.500000" : 17112760320,
            "99.900000" : 17112760320,
            "99.950000" : 17112760320,
            "99.990000" : 17112760320,
            "0.00" : 0,
            "0.00" : 0,
            "0.00" : 0
          }
        },
        "lat_ns" : {
          "min" : 104555859,
          "max" : 19126070361,
          "mean" : 12335674848.340109,
          "stddev" : 3835952149.589442
        },
        "bw_min" : 7,
        "bw_max" : 40,
        "bw_agg" : 8.480402,
        "bw_mean" : 12.381387,
        "bw_dev" : 6.148139,
        "bw_samples" : 1096,
        "iops_min" : 1,
        "iops_max" : 10,
        "iops_mean" : 3.063869,
        "iops_stddev" : 1.546104,
        "iops_samples" : 1096
      },
      "trim" : {
        "io_bytes" : 0,
        "io_kbytes" : 0,
        "bw" : 0,
        "iops" : 0.000000,
        "runtime" : 0,
        "total_ios" : 0,
        "short_ios" : 0,
        "drop_ios" : 0,
        "slat_ns" : {
          "min" : 0,
          "max" : 0,
          "mean" : 0.000000,
          "stddev" : 0.000000
        },
        "clat_ns" : {
          "min" : 0,
          "max" : 0,
          "mean" : 0.000000,
          "stddev" : 0.000000,
          "percentile" : {
            "1.000000" : 0,
            "5.000000" : 0,
            "10.000000" : 0,
            "20.000000" : 0,
            "30.000000" : 0,
            "40.000000" : 0,
            "50.000000" : 0,
            "60.000000" : 0,
            "70.000000" : 0,
            "80.000000" : 0,
            "90.000000" : 0,
            "95.000000" : 0,
            "99.000000" : 0,
            "99.500000" : 0,
            "99.900000" : 0,
            "99.950000" : 0,
            "99.990000" : 0,
            "0.00" : 0,
            "0.00" : 0,
            "0.00" : 0
          }
        },
        "lat_ns" : {
          "min" : 0,
          "max" : 0,
          "mean" : 0.000000,
          "stddev" : 0.000000
        },
        "bw_min" : 0,
        "bw_max" : 0,
        "bw_agg" : 0.000000,
        "bw_mean" : 0.000000,
        "bw_dev" : 0.000000,
        "bw_samples" : 0,
        "iops_min" : 0,
        "iops_max" : 0,
        "iops_mean" : 0.000000,
        "iops_stddev" : 0.000000,
        "iops_samples" : 0
      },
      "usr_cpu" : 0.020968,
      "sys_cpu" : 0.036538,
      "ctx" : 29167,
      "majf" : 0,
      "minf" : 391,
      "iodepth_level" : {
        "1" : 0.722674,
        "2" : 1.445348,
        "4" : 2.890696,
        "8" : 5.781391,
        "16" : 11.562782,
        "32" : 77.597109,
        ">=64" : 0.000000
      },
      "latency_ns" : {
        "2" : 0.000000,
        "4" : 0.000000,
        "10" : 0.000000,
        "20" : 0.000000,
        "50" : 0.000000,
        "100" : 0.000000,
        "250" : 0.000000,
        "500" : 0.000000,
        "750" : 0.000000,
        "1000" : 0.000000
      },
      "latency_us" : {
        "2" : 0.000000,
        "4" : 0.000000,
        "10" : 0.000000,
        "20" : 0.000000,
        "50" : 0.000000,
        "100" : 0.000000,
        "250" : 0.316170,
        "500" : 0.316170,
        "750" : 0.000000,
        "1000" : 0.000000
      },
      "latency_ms" : {
        "2" : 0.000000,
        "4" : 0.000000,
        "10" : 0.090334,
        "20" : 0.000000,
        "50" : 0.000000,
        "100" : 0.000000,
        "250" : 0.271003,
        "500" : 0.225836,
        "750" : 0.542005,
        "1000" : 0.180668,
        "2000" : 1.897019,
        ">=2000" : 96.160795
      },
      "latency_depth" : 32,
      "latency_target" : 0,
      "latency_percentile" : 100.000000,
      "latency_window" : 0
    }
  ],
  "disk_util" : [
    {
      "name" : "md10",
      "read_ios" : 147,
      "write_ios" : 2214,
      "read_merges" : 0,
      "write_merges" : 0,
      "read_ticks" : 0,
      "write_ticks" : 0,
      "in_queue" : 0,
      "util" : 0.000000,
      "aggr_read_ios" : 46,
      "aggr_write_ios" : 2596,
      "aggr_read_merges" : 0,
      "aggr_write_merge" : 0,
      "aggr_read_ticks" : 30,
      "aggr_write_ticks" : 29064,
      "aggr_in_queue" : 29091,
      "aggr_util" : 45.856354
    },
    {
      "name" : "sdf",
      "read_ios" : 14,
      "write_ios" : 2590,
      "read_merges" : 0,
      "write_merges" : 0,
      "read_ticks" : 24,
      "write_ticks" : 28076,
      "in_queue" : 28100,
      "util" : 42.815326
    },
    {
      "name" : "sdd",
      "read_ios" : 6,
      "write_ios" : 2568,
      "read_merges" : 0,
      "write_merges" : 0,
      "read_ticks" : 4,