{
  "fio version" : "fio-3.1",
  "timestamp" : 1584985281,
  "timestamp_ms" : 1584985281485,
  "time" : "Mon Mar 23 18:41:21 2020",
  "jobs" : [
    {
      "jobname" : "iotest",
      "groupid" : 0,
      "error" : 0,
      "eta" : 0,
      "elapsed" : 64,
      "job options" : {
        "rw" : "randwrite",
        "bs" : "4k",
        "ioengine" : "libaio",
        "iodepth" : "64",
        "direct" : "1",
        "invalidate" : "1",
        "refill_buffers" : "1",
        "runtime" : "60",
        "numjobs" : "64",
        "group_reporting" : "1",
        "write_bw_log" : "/fio/RAID5_64K_FULL//randwrite-iodepth-64-numjobs-64",
        "write_lat_log" : "/fio/RAID5_64K_FULL//randwrite-iodepth-64-numjobs-64",
        "write_iops_log" : "/fio/RAID5_64K_FULL//randwrite-iodepth-64-numjobs-64",
        "log_avg_msec" : "500",
        "filename" : "/dev/md10"
      },
      "read" : {
        "io_bytes" : 0,
        "io_kbytes" : 0,
        "bw" : 0,
        "iops" : 0.000000,
        "runtime" : 0,
        "total_ios" : 0,
        "short_ios" : 0,
        "drop_ios" : 0,
        "slat_ns" : {
          "min" : 0,
          "max" : 0,
          "mean" : 0.000000,
          "stddev" : 0.000000
        },
        "clat_ns" : {
          "min" : 0,
          "max" : 0,
          "mean" : 0.000000,
          "stddev" : 0.000000,
          "percentile" : {
            "1.000000" : 0,
            "5.000000" : 0,
            "10.000000" : 0,
            "20.000000" : 0,
            "30.000000" : 0,
            "40.000000" : 0,
            "50.000000" : 0,
            "60.000000" : 0,
            "70.000000" : 0,
            "80.000000" : 0,
            "90.000000" : 0,
            "95.000000" : 0,
            "99.000000" : 0,
            "99.500000" : 0,
            "99.900000" : 0,
            "99.950000" : 0,
            "99.990000" : 0,
            "0.00" : 0,
            "0.00" : 0,
            "0.00" : 0
          }
        },
        "lat_ns" : {
          "min" : 0,
          "max" : 0,
          "mean" : 0.000000,
          "stddev" : 0.000000
        },
        "bw_min" : 0,
        "bw_max" : 0,
        "bw_agg" : 0.000000,
        "bw_mean" : 0.000000,
        "bw_dev" : 0.000000,
        "bw_samples" : 0,
        "iops_min" : 0,
        "iops_max" : 0,
        "iops_mean" : 0.000000,
        "iops_stddev" : 0.000000,
        "iops_samples" : 0
      },
      "write" : {
        "io_bytes" : 9523200,
        "io_kbytes" : 9300,
        "bw" : 149,
        "iops" : 37.281722,
        "runtime" : 62363,
        "total_ios" : 2325,
        "short_ios" : 0,
        "drop_ios" : 0,
        "slat_ns" : {
          "min" : 16085,
          "max" : 19277196236,
          "mean" : 1659648931.354409,
          "stddev" : 2069438462.557624
        },
        "clat_ns" : {
          "min" : 151902,
          "max" : 61638058519,
          "mean" : 30026336313.216770,
          "stddev" : 17989117436.809235,
          "percentile" : {
            "1.000000" : 301056,
            "5.000000" : 1769996288,
            "10.000000" : 4932501504,
            "20.000000" : 11341398016,
            "30.000000" : 17112760320,
            "40.000000" : 17112760320,
            "50.000000" : 17112760320,
            "60.000000" : 17112760320,
            "70.000000" : 17112760320,
            "80.000000" : 17112760320,
            "90.000000" : 17112760320,
            "95.000000" : 17112760320,
            "99.000000" : 17112760320,
            "99.500000" : 17112760320,
            "99.900000" : 17112760320,
            "99.950000" : 17112760320,
            "99.990000" : 17112760320,
            "0.00" : 0,
            "0.00" : 0,
            "0.00" : 0
          }
        },
        "lat_ns" : {
          "min" : 140868512,
          "max" : 61674042402,
          "mean" : 31685990144.811188,
          "stddev" : 17923778992.841991
        },
        "bw_min" : 8,
        "bw_max" : 24,
        "bw_agg" : 6.608157,
        "bw_mean" : 9.846154,
        "bw_dev" : 4.793158,
        "bw_samples" : 13,
        "iops_min" : 2,
        "iops_max" : 6,
        "iops_mean" : 2.461538,
        "iops_stddev" : 1.198289,
        "iops_samples" : 13
      },
      "trim" : {
        "io_bytes" : 0,
        "io_kbytes" : 0,
        "bw" : 0,
        "iops" : 0.000000,
        "runtime" : 0,
        "total_ios" : 0,
        "short_ios" : 0,
        "drop_ios" : 0,
        "slat_ns" : {
          "min" : 0,
          "max" : 0,
          "mean" : 0.000000,
          "stddev" : 0.000000
        },
        "clat_ns" : {
          "min" : 0,
          "max" : 0,
          "mean" : 0.000000,
          "stddev" : 0.000000,
          "percentile" : {
            "1.000000" : 0,
            "5.000000" : 0,
            "10.000000" : 0,
            "20.000000" : 0,
            "30.000000" : 0,
            "40.000000" : 0,
            "50.000000" : 0,
            "60.000000" : 0,
            "70.000000" : 0,
            "80.000000" : 0,
            "90.000000" : 0,
            "95.000000" : 0,
            "99.000000" : 0,
            "99.500000" : 0,
            "99.900000" : 0,
            "99.950000" : 0,
            "99.990000" : 0,
            "0.00" : 0,
            "0.00" : 0,
            "0.00" : 0
          }
        },
        "lat_ns" : {
          "min" : 0,
          "max" : 0,
          "mean" : 0.000000,
          "stddev" : 0.000000
        },
        "bw_min" : 0,
        "bw_max" : 0,
        "bw_agg" : 0.000000,
        "bw_mean" : 0.000000,
        "bw_dev" : 0.000000,
        "bw_samples" : 0,
        "iops_min" : 0,
        "iops_max" : 0,
        "iops_mean" : 0.000000,
        "iops_stddev" : 0.000000,
        "iops_samples" : 0
      },
      "usr_cpu" : 0.020659,
      "sys_cpu" : 0.022568,
      "ctx" : 134497,
      "majf" : 0,
      "minf" : 1476,
      "iodepth_level" : {
        "1" : 2.752688,
        "2" : 5.505376,
        "4" : 11.010753,
        "8" : 22.021505,
        "16" : 38.752688,
        "32" : 19.225806,
        ">=64" : 0.731183
      },
      "latency_ns" : {
        "2" : 0.000000,
        "4" : 0.000000,
        "10" : 0.000000,
        "20" : 0.000000,
        "50" : 0.000000,
        "100" : 0.000000,
        "250" : 0.000000,
        "500" : 0.000000,
        "750" : 0.000000,
        "1000" : 0.000000
      },
      "latency_us" : {
        "2" : 0.000000,
        "4" : 0.000000,
        "10" : 0.000000,
        "20" : 0.000000,
        "50" : 0.000000,
        "100" : 0.000000,
        "250" : 0.860215,
        "500" : 0.559140,
        "750" : 0.129032,
        "1000" : 0.000000
      },
      "latency_ms" : {
        "2" : 0.258065,
        "4" : 0.301075,
        "10" : 0.344086,
        "20" : 0.172043,
        "50" : 0.129032,
        "100" : 0.000000,
        "250" : 0.129032,
        "500" : 0.000000,
        "750" : 0.258065,
        "1000" : 0.516129,
        "2000" : 1.763441,
        ">=2000" : 94.580645
      },
      "latency_depth" : 64,
      "latency_target" : 0,
      "latency_percentile" : 100.000000,
      "latency_window" : 0
    }
  ],
  "disk_util" : [
    {
      "name" : "md10",
      "read_ios" : 601,
      "write_ios" : 2325,
      "read_merges" : 0,
      "write_merges" : 0,
      "read_ticks" : 0,
      "write_ticks" : 0,
      "in_queue" : 0,
      "util" : 0.000000,
      "aggr_read_ios" : 99,
      "aggr_write_ios" : 2805,
      "aggr_read_merges" : 0,
      "aggr_write_merge" : 0,
      "aggr_read_ticks" : 74,
      "aggr_write_ticks" : 29939,
      "aggr_in_queue" : 30013,
      "aggr_util" : 48.548410
    },
    {
      "name" : "sdf",
      "read_ios" : 30,
      "write_ios" : 2800,
      "read_merges" : 0,
      "write_merges" : 0,
      "read_ticks" : 20,
      "write_ticks" : 30540,
      "in_queue" : 30560,
      "util" : 46.799720
    },
    {
      "name" : "sdd",
      "read_ios" : 20,
      "write_ios" : 2807,
      "read_merges" : 0,
      "write_merges" : 0,
      "read_ticks" : 8,