{
  "fio version" : "fio-3.1",
  "timestamp" : 1584982179,
  "timestamp_ms" : 1584982179508,
  "time" : "Mon Mar 23 17:49:39 2020",
  "jobs" : [
    {
      "jobname" : "iotest",
      "groupid" : 0,
      "error" : 0,
      "eta" : 0,
      "elapsed" : 63,
      "job options" : {
        "rw" : "randread",
        "bs" : "4k",
        "ioengine" : "libaio",
        "iodepth" : "64",
        "direct" : "1",
        "invalidate" : "1",
        "refill_buffers" : "1",
        "runtime" : "60",
        "numjobs" : "32",
        "group_reporting" : "1",
        "write_bw_log" : "/fio/RAID5_64K_FULL//randread-iodepth-64-numjobs-32",
        "write_lat_log" : "/fio/RAID5_64K_FULL//randread-iodepth-64-numjobs-32",
        "write_iops_log" : "/fio/RAID5_64K_FULL//randread-iodepth-64-numjobs-32",
        "log_avg_msec" : "500",
        "filename" : "/dev/md10"
      },
      "read" : {
        "io_bytes" : 195350528,
        "io_kbytes" : 190772,
        "bw" : 3071,
        "iops" : 767.904296,
        "runtime" : 62108,
        "total_ios" : 47693,
        "short_ios" : 0,
        "drop_ios" : 0,
        "slat_ns" : {
          "min" : 4305,
          "max" : 4112141106,
          "mean" : 40063174.966641,
          "stddev" : 277508458.885861
        },
        "clat_ns" : {
          "min" : 4359254,
          "max" : 12100615554,
          "mean" : 2551372528.306649,
          "stddev" : 1507035358.805880,
          "percentile" : {
            "1.000000" : 19791872,
            "5.000000" : 193986560,
            "10.000000" : 675282944,
            "20.000000" : 1317011456,
            "30.000000" : 1619001344,
            "40.000000" : 1920991232,
            "50.000000" : 2432696320,
            "60.000000" : 2902458368,
            "70.000000" : 3271557120,
            "80.000000" : 3741319168,
            "90.000000" : 4596957184,
            "95.000000" : 5268045824,
            "99.000000" : 6408896512,
            "99.500000" : 7012876288,
            "99.900000" : 8355053568,
            "99.950000" : 9059696640,
            "99.990000" : 10267656192,
            "0.00" : 0,
            "0.00" : 0,
            "0.00" : 0
          }
        },
        "lat_ns" : {
          "min" : 4371415,
          "max" : 12100620928,
          "mean" : 2591436099.193256,
          "stddev" : 1551741009.230235
        },
        "bw_min" : 7,
        "bw_max" : 3032,
        "bw_agg" : 9.768379,
        "bw_mean" : 299.986928,
        "bw_dev" : 155.659538,
        "bw_samples" : 1224,
        "iops_min" : 1,
        "iops_max" : 758,
        "iops_mean" : 74.796569,
        "iops_stddev" : 38.899627,
        "iops_samples" : 1224
      },
      "write" : {
        "io_bytes" : 0,
        "io_kbytes" : 0,
        "bw" : 0,
        "iops" : 0.000000,
        "runtime" : 0,
        "total_ios" : 0,
        "short_ios" : 0,
        "drop_ios" : 0,
        "slat_ns" : {
          "min" : 0,
          "max" : 0,
          "mean" : 0.000000,
          "stddev" : 0.000000
        },
        "clat_ns" : {
          "min" : 0,
          "max" : 0,
          "mean" : 0.000000,
          "stddev" : 0.000000,
          "percentile" : {
            "1.000000" : 0,
            "5.000000" : 0,
            "10.000000" : 0,
            "20.000000" : 0,
            "30.000000" : 0,
            "40.000000" : 0,
            "50.000000" : 0,
            "60.000000" : 0,
            "70.000000" : 0,
            "80.000000" : 0,
            "90.000000" : 0,
            "95.000000" : 0,
            "99.000000" : 0,
            "99.500000" : 0,
            "99.900000" : 0,
            "99.950000" : 0,
            "99.990000" : 0,
            "0.00" : 0,
            "0.00" : 0,
            "0.00" : 0
          }
        },
        "lat_ns" : {
          "min" : 0,
          "max" : 0,
          "mean" : 0.000000,
          "stddev" : 0.000000
        },
        "bw_min" : 0,
        "bw_max" : 0,
        "bw_agg" : 0.000000,
        "bw_mean" : 0.000000,
        "bw_dev" : 0.000000,
        "bw_samples" : 0,
        "iops_min" : 0,
        "iops_max" : 0,
        "iops_mean" : 0.000000,
        "iops_stddev" : 0.000000,
        "iops_samples" : 0
      },
      "trim" : {
        "io_bytes" : 0,
        "io_kbytes" : 0,
        "bw" : 0,
        "iops" : 0.000000,
        "runtime" : 0,
        "total_ios" : 0,
        "short_ios" : 0,
        "drop_ios" : 0,
        "slat_ns" : {
          "min" : 0,
          "max" : 0,
          "mean" : 0.000000,
          "stddev" : 0.000000
        },
        "clat_ns" : {
          "min" : 0,
          "max" : 0,
          "mean" : 0.000000,
          "stddev" : 0.000000,
          "percentile" : {
            "1.000000" : 0,
            "5.000000" : 0,
            "10.000000" : 0,
            "20.000000" : 0,
            "30.000000" : 0,
            "40.000000" : 0,
            "50.000000" : 0,
            "60.000000" : 0,
            "70.000000" : 0,
            "80.000000" : 0,
            "90.000000" : 0,
            "95.000000" : 0,
            "99.000000" : 0,
            "99.500000" : 0,
            "99.900000" : 0,
            "99.950000" : 0,
            "99.990000" : 0,
            "0.00" : 0,
            "0.00" : 0,
            "0.00" : 0
          }
        },
        "lat_ns" : {
          "min" : 0,
          "max" : 0,
          "mean" : 0.000000,
          "stddev" : 0.000000
        },
        "bw_min" : 0,
        "bw_max" : 0,
        "bw_agg" : 0.000000,
        "bw_mean" : 0.000000,
        "bw_dev" : 0.000000,
        "bw_samples" : 0,
        "iops_min" : 0,
        "iops_max" : 0,
        "iops_mean" : 0.000000,
        "iops_stddev" : 0.000000,
        "iops_samples" : 0
      },
      "usr_cpu" : 0.027786,
      "sys_cpu" : 0.024268,
      "ctx" : 3545,
      "majf" : 0,
      "minf" : 2820,
      "iodepth_level" : {
        "1" : 0.100000,
        "2" : 0.134192,
        "4" : 0.268383,
        "8" : 0.536766,
        "16" : 1.073533,
        "32" : 2.147066,
        ">=64" : 95.772965
      },
      "latency_ns" : {
        "2" : 0.000000,
        "4" : 0.000000,
        "10" : 0.000000,
        "20" : 0.000000,
        "50" : 0.000000,
        "100" : 0.000000,
        "250" : 0.000000,
        "500" : 0.000000,
        "750" : 0.000000,
        "1000" : 0.000000
      },
      "latency_us" : {
        "2" : 0.000000,
        "4" : 0.000000,
        "10" : 0.000000,
        "20" : 0.000000,
        "50" : 0.000000,
        "100" : 0.000000,
        "250" : 0.000000,
        "500" : 0.000000,
        "750" : 0.000000,
        "1000" : 0.000000
      },
      "latency_ms" : {
        "2" : 0.000000,
        "4" : 0.000000,
        "10" : 0.165643,
        "20" : 0.847084,
        "50" : 1.318852,
        "100" : 1.157403,
        "250" : 2.153356,
        "500" : 2.369320,
        "750" : 3.069633,
        "1000" : 3.562368,
        "2000" : 27.270249,
        ">=2000" : 58.086092
      },
      "latency_depth" : 64,
      "latency_target" : 0,
      "latency_percentile" : 100.000000,
      "latency_window" : 0
    }
  ],
  "disk_util" : [
    {
      "name" : "md10",
      "read_ios" : 47693,
      "write_ios" : 0,
      "read_merges" : 0,
      "write_merges" : 0,
      "read_ticks" : 0,
      "write_ticks" : 0,
      "in_queue" : 0,
      "util" : 0.000000,
      "aggr_read_ios" : 5961,
      "aggr_write_ios" : 0,
      "aggr_read_merges" : 0,
      "aggr_write_merge" : 0,
      "aggr_read_ticks" : 3503693,
      "aggr_write_ticks" : 0,
      "aggr_in_queue" : 3503691,
      "aggr_util" : 99.358790
    },
    {
      "name" : "sdf",
      "read_ios" : 5660,
      "write_ios" : 0,
      "read_merges" : 0,
      "write_merges" : 0,
      "read_ticks" : 3593616,
      "write_ticks" : 0,
      "in_queue" : 3593616,
      "util" : 91.842920
    },
    {
      "name" : "sdd",
      "read_ios" : 5854,
      "write_ios" : 0,
      "read_merges" : 0,
      "write_merges" : 0,
      "read_ticks" : 5624472,