{
  "fio version" : "fio-3.1",
  "timestamp" : 1584979563,
  "timestamp_ms" : 1584979563496,
  "time" : "Mon Mar 23 17:06:03 2020",
  "jobs" : [
    {
      "jobname" : "iotest",
      "groupid" : 0,
      "error" : 0,
      "eta" : 0,
      "elapsed" : 62,
      "job options" : {
        "rw" : "randread",
        "bs" : "4k",
        "ioengine" : "libaio",
        "iodepth" : "1",
        "direct" : "1",
        "invalidate" : "1",
        "refill_buffers" : "1",
        "runtime" : "60",
        "numjobs" : "32",
        "group_reporting" : "1",
        "write_bw_log" : "/fio/RAID5_64K_FULL//randread-iodepth-1-numjobs-32",
        "write_lat_log" : "/fio/RAID5_64K_FULL//randread-iodepth-1-numjobs-32",
        "write_iops_log" : "/fio/RAID5_64K_FULL//randread-iodepth-1-numjobs-32",
        "log_avg_msec" : "500",
        "filename" : "/dev/md10"
      },
      "read" : {
        "io_bytes" : 148705280,
        "io_kbytes" : 145220,
        "bw" : 2413,
        "iops" : 603.413888,
        "runtime" : 60166,
        "total_ios" : 36305,
        "short_ios" : 0,
        "drop_ios" : 0,
        "slat_ns" : {
          "min" : 10928,
          "max" : 242689,
          "mean" : 33954.030134,
          "stddev" : 5114.786866
        },
        "clat_ns" : {
          "min" : 2890606,
          "max" : 1041088085,
          "mean" : 52706278.685250,
          "stddev" : 67050916.300072,
          "percentile" : {
            "1.000000" : 7700480,
            "5.000000" : 10682368,
            "10.000000" : 13041664,
            "20.000000" : 16449536,
            "30.000000" : 20316160,
            "40.000000" : 25034752,
            "50.000000" : 30539776,
            "60.000000" : 38535168,
            "70.000000" : 50069504,
            "80.000000" : 70778880,
            "90.000000" : 113770496,
            "95.000000" : 168820736,
            "99.000000" : 333447168,
            "99.500000" : 434110464,
            "99.900000" : 666894336,
            "99.950000" : 784334848,
            "99.990000" : 1035993088,
            "0.00" : 0,
            "0.00" : 0,
            "0.00" : 0
          }
        },
        "lat_ns" : {
          "min" : 2921715,
          "max" : 1041122623,
          "mean" : 52741416.364550,
          "stddev" : 67050850.738150
        },
        "bw_min" : 8,
        "bw_max" : 200,
        "bw_agg" : 3.166750,
        "bw_mean" : 76.413684,
        "bw_dev" : 29.783255,
        "bw_samples" : 3800,
        "iops_min" : 2,
        "iops_max" : 50,
        "iops_mean" : 19.027895,
        "iops_stddev" : 7.407569,
        "iops_samples" : 3800
      },
      "write" : {
        "io_bytes" : 0,
        "io_kbytes" : 0,
        "bw" : 0,
        "iops" : 0.000000,
        "runtime" : 0,
        "total_ios" : 0,
        "short_ios" : 0,
        "drop_ios" : 0,
        "slat_ns" : {
          "min" : 0,
          "max" : 0,
          "mean" : 0.000000,
          "stddev" : 0.000000
        },
        "clat_ns" : {
          "min" : 0,
          "max" : 0,
          "mean" : 0.000000,
          "stddev" : 0.000000,
          "percentile" : {
            "1.000000" : 0,
            "5.000000" : 0,
            "10.000000" : 0,
            "20.000000" : 0,
            "30.000000" : 0,
            "40.000000" : 0,
            "50.000000" : 0,
            "60.000000" : 0,
            "70.000000" : 0,
            "80.000000" : 0,
            "90.000000" : 0,
            "95.000000" : 0,
            "99.000000" : 0,
            "99.500000" : 0,
            "99.900000" : 0,
            "99.950000" : 0,
            "99.990000" : 0,
            "0.00" : 0,
            "0.00" : 0,
            "0.00" : 0
          }
        },
        "lat_ns" : {
          "min" : 0,
          "max" : 0,
          "mean" : 0.000000,
          "stddev" : 0.000000
        },
        "bw_min" : 0,
        "bw_max" : 0,
        "bw_agg" : 0.000000,
        "bw_mean" : 0.000000,
        "bw_dev" : 0.000000,
        "bw_samples" : 0,
        "iops_min" : 0,
        "iops_max" : 0,
        "iops_mean" : 0.000000,
        "iops_stddev" : 0.000000,
        "iops_samples" : 0
      },
      "trim" : {
        "io_bytes" : 0,
        "io_kbytes" : 0,
        "bw" : 0,
        "iops" : 0.000000,
        "runtime" : 0,
        "total_ios" : 0,
        "short_ios" : 0,
        "drop_ios" : 0,
        "slat_ns" : {
          "min" : 0,
          "max" : 0,
          "mean" : 0.000000,
          "stddev" : 0.000000
        },
        "clat_ns" : {
          "min" : 0,
          "max" : 0,
          "mean" : 0.000000,
          "stddev" : 0.000000,
          "percentile" : {
            "1.000000" : 0,
            "5.000000" : 0,
            "10.000000" : 0,
            "20.000000" : 0,
            "30.000000" : 0,
            "40.000000" : 0,
            "50.000000" : 0,
            "60.000000" : 0,
            "70.000000" : 0,
            "80.000000" : 0,
            "90.000000" : 0,
            "95.000000" : 0,
            "99.000000" : 0,
            "99.500000" : 0,
            "99.900000" : 0,
            "99.950000" : 0,
            "99.990000" : 0,
            "0.00" : 0,
            "0.00" : 0,
            "0.00" : 0
          }
        },
        "lat_ns" : {
          "min" : 0,
          "max" : 0,
          "mean" : 0.000000,
          "stddev" : 0.000000
        },
        "bw_min" : 0,
        "bw_max" : 0,
        "bw_agg" : 0.000000,
        "bw_mean" : 0.000000,
        "bw_dev" : 0.000000,
        "bw_samples" : 0,
        "iops_min" : 0,
        "iops_max" : 0,
        "iops_mean" : 0.000000,
        "iops_stddev" : 0.000000,
        "iops_samples" : 0
      },
      "usr_cpu" : 0.055021,
      "sys_cpu" : 0.095155,
      "ctx" : 36552,
      "majf" : 0,
      "minf" : 782,
      "iodepth_level" : {
        "1" : 100.000000,
        "2" : 0.000000,
        "4" : 0.000000,
        "8" : 0.000000,
        "16" : 0.000000,
        "32" : 0.000000,
        ">=64" : 0.000000
      },
      "latency_ns" : {
        "2" : 0.000000,
        "4" : 0.000000,
        "10" : 0.000000,
        "20" : 0.000000,
        "50" : 0.000000,
        "100" : 0.000000,
        "250" : 0.000000,
        "500" : 0.000000,
        "750" : 0.000000,
        "1000" : 0.000000
      },
      "latency_us" : {
        "2" : 0.000000,
        "4" : 0.000000,
        "10" : 0.000000,
        "20" : 0.000000,
        "50" : 0.000000,
        "100" : 0.000000,
        "250" : 0.000000,
        "500" : 0.000000,
        "750" : 0.000000,
        "1000" : 0.000000
      },
      "latency_ms" : {
        "2" : 0.000000,
        "4" : 0.024790,
        "10" : 3.757058,
        "20" : 25.602534,
        "50" : 40.443465,
        "100" : 17.920397,
        "250" : 10.100537,
        "500" : 1.853739,
        "750" : 0.239636,
        "1000" : 0.027544,
        "2000" : 0.030299,
        ">=2000" : 0.000000
      },
      "latency_depth" : 1,
      "latency_target" : 0,
      "latency_percentile" : 100.000000,
      "latency_window" : 0
    }
  ],
  "disk_util" : [
    {
      "name" : "md10",
      "read_ios" : 36305,
      "write_ios" : 0,
      "read_merges" : 0,
      "write_merges" : 0,
      "read_ticks" : 0,
      "write_ticks" : 0,
      "in_queue" : 0,
      "util" : 0.000000,
      "aggr_read_ios" : 4538,
      "aggr_write_ios" : 0,
      "aggr_read_merges" : 0,
      "aggr_write_merge" : 0,
      "aggr_read_ticks" : 239145,
      "aggr_write_ticks" : 0,
      "aggr_in_queue" : 239137,
      "aggr_util" : 95.710456
    },
    {
      "name" : "sdf",
      "read_ios" : 4363,
      "write_ios" : 0,
      "read_merges" : 0,
      "write_merges" : 0,
      "read_ticks" : 212728,
      "write_ticks" : 0,
      "in_queue" : 212716,
      "util" : 91.907354
    },
    {
      "name" : "sdd",
      "read_ios" : 4500,
      "write_ios" : 0,
      "read_merges" : 0,
      "write_merges" : 0,
      "read_ticks" : 324420,
      "write_ticks" : 0,
      "in_queue" : 324412,