{
  "fio version" : "fio-3.1",
  "timestamp" : 1584982052,
  "timestamp_ms" : 1584982052757,
  "time" : "Mon Mar 23 17:47:32 2020",
  "jobs" : [
    {
      "jobname" : "iotest",
      "groupid" : 0,
      "error" : 0,
      "eta" : 0,
      "elapsed" : 62,
      "job options" : {
        "rw" : "randread",
        "bs" : "4k",
        "ioengine" : "libaio",
        "iodepth" : "64",
        "direct" : "1",
        "invalidate" : "1",
        "refill_buffers" : "1",
        "runtime" : "60",
        "numjobs" : "8",
        "group_reporting" : "1",
        "write_bw_log" : "/fio/RAID5_64K_FULL//randread-iodepth-64-numjobs-8",
        "write_lat_log" : "/fio/RAID5_64K_FULL//randread-iodepth-64-numjobs-8",
        "write_iops_log" : "/fio/RAID5_64K_FULL//randread-iodepth-64-numjobs-8",
        "log_avg_msec" : "500",
        "filename" : "/dev/md10"
      },
      "read" : {
        "io_bytes" : 180961280,
        "io_kbytes" : 176720,
        "bw" : 2884,
        "iops" : 721.211923,
        "runtime" : 61258,
        "total_ios" : 44180,
        "short_ios" : 0,
        "drop_ios" : 0,
        "slat_ns" : {
          "min" : 4331,
          "max" : 1103334204,
          "mean" : 9243798.608216,
          "stddev" : 62254372.326123
        },
        "clat_ns" : {
          "min" : 4014287,
          "max" : 8513201791,
          "mean" : 698858566.477025,
          "stddev" : 853336676.126932,
          "percentile" : {
            "1.000000" : 10289152,
            "5.000000" : 20316160,
            "10.000000" : 53215232,
            "20.000000" : 248512512,
            "30.000000" : 341835776,
            "40.000000" : 404750336,
            "50.000000" : 459276288,
            "60.000000" : 530579456,
            "70.000000" : 650117120,
            "80.000000" : 884998144,
            "90.000000" : 1468006400,
            "95.000000" : 2332033024,
            "99.000000" : 4596957184,
            "99.500000" : 5603590144,
            "99.900000" : 7079985152,
            "99.950000" : 7549747200,
            "99.990000" : 8153726976,
            "0.00" : 0,
            "0.00" : 0,
            "0.00" : 0
          }
        },
        "lat_ns" : {
          "min" : 4022723,
          "max" : 8513210142,
          "mean" : 708102823.439090,
          "stddev" : 865896070.965608
        },
        "bw_min" : 8,
        "bw_max" : 1233,
        "bw_agg" : 13.058438,
        "bw_mean" : 376.605348,
        "bw_dev" : 153.669434,
        "bw_samples" : 935,
        "iops_min" : 2,
        "iops_max" : 308,
        "iops_mean" : 93.860963,
        "iops_stddev" : 38.406480,
        "iops_samples" : 935
      },
      "write" : {
        "io_bytes" : 0,
        "io_kbytes" : 0,
        "bw" : 0,
        "iops" : 0.000000,
        "runtime" : 0,
        "total_ios" : 0,
        "short_ios" : 0,
        "drop_ios" : 0,
        "slat_ns" : {
          "min" : 0,
          "max" : 0,
          "mean" : 0.000000,
          "stddev" : 0.000000
        },
        "clat_ns" : {
          "min" : 0,
          "max" : 0,
          "mean" : 0.000000,
          "stddev" : 0.000000,
          "percentile" : {
            "1.000000" : 0,
            "5.000000" : 0,
            "10.000000" : 0,
            "20.000000" : 0,
            "30.000000" : 0,
            "40.000000" : 0,
            "50.000000" : 0,
            "60.000000" : 0,
            "70.000000" : 0,
            "80.000000" : 0,
            "90.000000" : 0,
            "95.000000" : 0,
            "99.000000" : 0,
            "99.500000" : 0,
            "99.900000" : 0,
            "99.950000" : 0,
            "99.990000" : 0,
            "0.00" : 0,
            "0.00" : 0,
            "0.00" : 0
          }
        },
        "lat_ns" : {
          "min" : 0,
          "max" : 0,
          "mean" : 0.000000,
          "stddev" : 0.000000
        },
        "bw_min" : 0,
        "bw_max" : 0,
        "bw_agg" : 0.000000,
        "bw_mean" : 0.000000,
        "bw_dev" : 0.000000,
        "bw_samples" : 0,
        "iops_min" : 0,
        "iops_max" : 0,
        "iops_mean" : 0.000000,
        "iops_stddev" : 0.000000,
        "iops_samples" : 0
      },
      "trim" : {
        "io_bytes" : 0,
        "io_kbytes" : 0,
        "bw" : 0,
        "iops" : 0.000000,
        "runtime" : 0,
        "total_ios" : 0,
        "short_ios" : 0,
        "drop_ios" : 0,
        "slat_ns" : {
          "min" : 0,
          "max" : 0,
          "mean" : 0.000000,
          "stddev" : 0.000000
        },
        "clat_ns" : {
          "min" : 0,
          "max" : 0,
          "mean" : 0.000000,
          "stddev" : 0.000000,
          "percentile" : {
            "1.000000" : 0,
            "5.000000" : 0,
            "10.000000" : 0,
            "20.000000" : 0,
            "30.000000" : 0,
            "40.000000" : 0,
            "50.000000" : 0,
            "60.000000" : 0,
            "70.000000" : 0,
            "80.000000" : 0,
            "90.000000" : 0,
            "95.000000" : 0,
            "99.000000" : 0,
            "99.500000" : 0,
            "99.900000" : 0,
            "99.950000" : 0,
            "99.990000" : 0,
            "0.00" : 0,
            "0.00" : 0,
            "0.00" : 0
          }
        },
        "lat_ns" : {
          "min" : 0,
          "max" : 0,
          "mean" : 0.000000,
          "stddev" : 0.000000
        },
        "bw_min" : 0,
        "bw_max" : 0,
        "bw_agg" : 0.000000,
        "bw_mean" : 0.000000,
        "bw_dev" : 0.000000,
        "bw_samples" : 0,
        "iops_min" : 0,
        "iops_max" : 0,
        "iops_mean" : 0.000000,
        "iops_stddev" : 0.000000,
        "iops_samples" : 0
      },
      "usr_cpu" : 0.082757,
      "sys_cpu" : 0.128324,
      "ctx" : 11953,
      "majf" : 0,
      "minf" : 678,
      "iodepth_level" : {
        "1" : 0.100000,
        "2" : 0.100000,
        "4" : 0.100000,
        "8" : 0.144862,
        "16" : 0.289724,
        "32" : 0.579448,
        ">=64" : 98.859212
      },
      "latency_ns" : {
        "2" : 0.000000,
        "4" : 0.000000,
        "10" : 0.000000,
        "20" : 0.000000,
        "50" : 0.000000,
        "100" : 0.000000,
        "250" : 0.000000,
        "500" : 0.000000,
        "750" : 0.000000,
        "1000" : 0.000000
      },
      "latency_us" : {
        "2" : 0.000000,
        "4" : 0.000000,
        "10" : 0.000000,
        "20" : 0.000000,
        "50" : 0.000000,
        "100" : 0.000000,
        "250" : 0.000000,
        "500" : 0.000000,
        "750" : 0.000000,
        "1000" : 0.000000
      },
      "latency_ms" : {
        "2" : 0.000000,
        "4" : 0.000000,
        "10" : 0.928022,
        "20" : 3.979176,
        "50" : 4.893617,
        "100" : 3.207334,
        "250" : 7.181983,
        "500" : 35.703938,
        "750" : 18.827524,
        "1000" : 8.320507,
        "2000" : 10.554550,
        ">=2000" : 6.403350
      },
      "latency_depth" : 64,
      "latency_target" : 0,
      "latency_percentile" : 100.000000,
      "latency_window" : 0
    }
  ],
  "disk_util" : [
    {
      "name" : "md10",
      "read_ios" : 44180,
      "write_ios" : 0,
      "read_merges" : 0,
      "write_merges" : 0,
      "read_ticks" : 0,
      "write_ticks" : 0,
      "in_queue" : 0,
      "util" : 0.000000,
      "aggr_read_ios" : 5522,
      "aggr_write_ios" : 0,
      "aggr_read_merges" : 0,
      "aggr_write_merge" : 0,
      "aggr_read_ticks" : 2469173,
      "aggr_write_ticks" : 0,
      "aggr_in_queue" : 2469170,
      "aggr_util" : 98.789629
    },
    {
      "name" : "sdf",
      "read_ios" : 5326,
      "write_ios" : 0,
      "read_merges" : 0,
      "write_merges" : 0,
      "read_ticks" : 3261440,
      "write_ticks" : 0,
      "in_queue" : 3261436,
      "util" : 92.304198
    },
    {
      "name" : "sdd",
      "read_ios" : 5507,
      "write_ios" : 0,
      "read_merges" : 0,
      "write_merges" : 0,
      "read_ticks" : 5578956,
      "write_ticks" : 0,