{
  "fio version" : "fio-3.1",
  "timestamp" : 1584980366,
  "timestamp_ms" : 1584980366258,
  "time" : "Mon Mar 23 17:19:26 2020",
  "jobs" : [
    {
      "jobname" : "iotest",
      "groupid" : 0,
      "error" : 0,
      "eta" : 0,
      "elapsed" : 61,
      "job options" : {
        "rw" : "randread",
        "bs" : "4k",
        "ioengine" : "libaio",
        "iodepth" : "4",
        "direct" : "1",
        "invalidate" : "1",
        "refill_buffers" : "1",
        "runtime" : "60",
        "numjobs" : "16",
        "group_reporting" : "1",
        "write_bw_log" : "/fio/RAID5_64K_FULL//randread-iodepth-4-numjobs-16",
        "write_lat_log" : "/fio/RAID5_64K_FULL//randread-iodepth-4-numjobs-16",
        "write_iops_log" : "/fio/RAID5_64K_FULL//randread-iodepth-4-numjobs-16",
        "log_avg_msec" : "500",
        "filename" : "/dev/md10"
      },
      "read" : {
        "io_bytes" : 176459776,
        "io_kbytes" : 172324,
        "bw" : 2859,
        "iops" : 714.942414,
        "runtime" : 60258,
        "total_ios" : 43081,
        "short_ios" : 0,
        "drop_ios" : 0,
        "slat_ns" : {
          "min" : 8729,
          "max" : 243105,
          "mean" : 33826.638309,
          "stddev" : 4758.173900
        },
        "clat_ns" : {
          "min" : 3420122,
          "max" : 1922864000,
          "mean" : 89128638.954667,
          "stddev" : 131239143.521326,
          "percentile" : {
            "1.000000" : 7962624,
            "5.000000" : 11468800,
            "10.000000" : 14090240,
            "20.000000" : 19005440,
            "30.000000" : 24772608,
            "40.000000" : 32112640,
            "50.000000" : 42205184,
            "60.000000" : 56360960,
            "70.000000" : 79167488,
            "80.000000" : 120061952,
            "90.000000" : 210763776,
            "95.000000" : 333447168,
            "99.000000" : 692060160,
            "99.500000" : 876609536,
            "99.900000" : 1035993088,
            "99.950000" : 1044381696,
            "99.990000" : 1166016512,
            "0.00" : 0,
            "0.00" : 0,
            "0.00" : 0
          }
        },
        "lat_ns" : {
          "min" : 3457976,
          "max" : 1922899866,
          "mean" : 89163504.698313,
          "stddev" : 131239060.406171
        },
        "bw_min" : 32,
        "bw_max" : 365,
        "bw_agg" : 6.299589,
        "bw_mean" : 180.105263,
        "bw_dev" : 52.893575,
        "bw_samples" : 1919,
        "iops_min" : 8,
        "iops_max" : 91,
        "iops_mean" : 44.832204,
        "iops_stddev" : 13.168238,
        "iops_samples" : 1919
      },
      "write" : {
        "io_bytes" : 0,
        "io_kbytes" : 0,
        "bw" : 0,
        "iops" : 0.000000,
        "runtime" : 0,
        "total_ios" : 0,
        "short_ios" : 0,
        "drop_ios" : 0,
        "slat_ns" : {
          "min" : 0,
          "max" : 0,
          "mean" : 0.000000,
          "stddev" : 0.000000
        },
        "clat_ns" : {
          "min" : 0,
          "max" : 0,
          "mean" : 0.000000,
          "stddev" : 0.000000,
          "percentile" : {
            "1.000000" : 0,
            "5.000000" : 0,
            "10.000000" : 0,
            "20.000000" : 0,
            "30.000000" : 0,
            "40.000000" : 0,
            "50.000000" : 0,
            "60.000000" : 0,
            "70.000000" : 0,
            "80.000000" : 0,
            "90.000000" : 0,
            "95.000000" : 0,
            "99.000000" : 0,
            "99.500000" : 0,
            "99.900000" : 0,
            "99.950000" : 0,
            "99.990000" : 0,
            "0.00" : 0,
            "0.00" : 0,
            "0.00" : 0
          }
        },
        "lat_ns" : {
          "min" : 0,
          "max" : 0,
          "mean" : 0.000000,
          "stddev" : 0.000000
        },
        "bw_min" : 0,
        "bw_max" : 0,
        "bw_agg" : 0.000000,
        "bw_mean" : 0.000000,
        "bw_dev" : 0.000000,
        "bw_samples" : 0,
        "iops_min" : 0,
        "iops_max" : 0,
        "iops_mean" : 0.000000,
        "iops_stddev" : 0.000000,
        "iops_samples" : 0
      },
      "trim" : {
        "io_bytes" : 0,
        "io_kbytes" : 0,
        "bw" : 0,
        "iops" : 0.000000,
        "runtime" : 0,
        "total_ios" : 0,
        "short_ios" : 0,
        "drop_ios" : 0,
        "slat_ns" : {
          "min" : 0,
          "max" : 0,
          "mean" : 0.000000,
          "stddev" : 0.000000
        },
        "clat_ns" : {
          "min" : 0,
          "max" : 0,
          "mean" : 0.000000,
          "stddev" : 0.000000,
          "percentile" : {
            "1.000000" : 0,
            "5.000000" : 0,
            "10.000000" : 0,
            "20.000000" : 0,
            "30.000000" : 0,
            "40.000000" : 0,
            "50.000000" : 0,
            "60.000000" : 0,
            "70.000000" : 0,
            "80.000000" : 0,
            "90.000000" : 0,
            "95.000000" : 0,
            "99.000000" : 0,
            "99.500000" : 0,
            "99.900000" : 0,
            "99.950000" : 0,
            "99.990000" : 0,
            "0.00" : 0,
            "0.00" : 0,
            "0.00" : 0
          }
        },
        "lat_ns" : {
          "min" : 0,
          "max" : 0,
          "mean" : 0.000000,
          "stddev" : 0.000000
        },
        "bw_min" : 0,
        "bw_max" : 0,
        "bw_agg" : 0.000000,
        "bw_mean" : 0.000000,
        "bw_dev" : 0.000000,
        "bw_samples" : 0,
        "iops_min" : 0,
        "iops_max" : 0,
        "iops_mean" : 0.000000,
        "iops_stddev" : 0.000000,
        "iops_samples" : 0
      },
      "usr_cpu" : 0.101910,
      "sys_cpu" : 0.218882,
      "ctx" : 43061,
      "majf" : 0,
      "minf" : 409,
      "iodepth_level" : {
        "1" : 0.100000,
        "2" : 0.100000,
        "4" : 99.888582,
        "8" : 0.000000,
        "16" : 0.000000,
        "32" : 0.000000,
        ">=64" : 0.000000
      },
      "latency_ns" : {
        "2" : 0.000000,
        "4" : 0.000000,
        "10" : 0.000000,
        "20" : 0.000000,
        "50" : 0.000000,
        "100" : 0.000000,
        "250" : 0.000000,
        "500" : 0.000000,
        "750" : 0.000000,
        "1000" : 0.000000
      },
      "latency_us" : {
        "2" : 0.000000,
        "4" : 0.000000,
        "10" : 0.000000,
        "20" : 0.000000,
        "50" : 0.000000,
        "100" : 0.000000,
        "250" : 0.000000,
        "500" : 0.000000,
        "750" : 0.000000,
        "1000" : 0.000000
      },
      "latency_ms" : {
        "2" : 0.000000,
        "4" : 0.011606,
        "10" : 2.885263,
        "20" : 19.133725,
        "50" : 34.124092,
        "100" : 19.725633,
        "250" : 16.269353,
        "500" : 5.533762,
        "750" : 1.487895,
        "1000" : 0.501381,
        "2000" : 0.327290,
        ">=2000" : 0.000000
      },
      "latency_depth" : 4,
      "latency_target" : 0,
      "latency_percentile" : 100.000000,
      "latency_window" : 0
    }
  ],
  "disk_util" : [
    {
      "name" : "md10",
      "read_ios" : 43081,
      "write_ios" : 0,
      "read_merges" : 0,
      "write_merges" : 0,
      "read_ticks" : 0,
      "write_ticks" : 0,
      "in_queue" : 0,
      "util" : 0.000000,
      "aggr_read_ios" : 5385,
      "aggr_write_ios" : 0,
      "aggr_read_merges" : 0,
      "aggr_write_merge" : 0,
      "aggr_read_ticks" : 479622,
      "aggr_write_ticks" : 0,
      "aggr_in_queue" : 479614,
      "aggr_util" : 98.444642
    },
    {
      "name" : "sdf",
      "read_ios" : 5286,
      "write_ios" : 0,
      "read_merges" : 0,
      "write_merges" : 0,
      "read_ticks" : 480180,
      "write_ticks" : 0,
      "in_queue" : 480176,
      "util" : 97.872620
    },
    {
      "name" : "sdd",
      "read_ios" : 5373,
      "write_ios" : 0,
      "read_merges" : 0,
      "write_merges" : 0,
      "read_ticks" : 777376,
      "write_ticks" : 0,
      "in_queue" : 777356,