{
  "fio version" : "fio-3.1",
  "timestamp" : 1584981174,
  "timestamp_ms" : 1584981174734,
  "time" : "Mon Mar 23 17:32:54 2020",
  "jobs" : [
    {
      "jobname" : "iotest",
      "groupid" : 0,
      "error" : 0,
      "eta" : 0,
      "elapsed" : 62,
      "job options" : {
        "rw" : "randread",
        "bs" : "4k",
        "ioengine" : "libaio",
        "iodepth" : "16",
        "direct" : "1",
        "invalidate" : "1",
        "refill_buffers" : "1",
        "runtime" : "60",
        "numjobs" : "8",
        "group_reporting" : "1",
        "write_bw_log" : "/fio/RAID5_64K_FULL//randread-iodepth-16-numjobs-8",
        "write_lat_log" : "/fio/RAID5_64K_FULL//randread-iodepth-16-numjobs-8",
        "write_iops_log" : "/fio/RAID5_64K_FULL//randread-iodepth-16-numjobs-8",
        "log_avg_msec" : "500",
        "filename" : "/dev/md10"
      },
      "read" : {
        "io_bytes" : 169742336,
        "io_kbytes" : 165764,
        "bw" : 2736,
        "iops" : 684.002905,
        "runtime" : 60586,
        "total_ios" : 41441,
        "short_ios" : 0,
        "drop_ios" : 0,
        "slat_ns" : {
          "min" : 7332,
          "max" : 11972414,
          "mean" : 32779.876885,
          "stddev" : 74753.117906
        },
        "clat_ns" : {
          "min" : 3086845,
          "max" : 4553982779,
          "mean" : 186551683.295118,
          "stddev" : 407500796.743575,
          "percentile" : {
            "1.000000" : 8028160,
            "5.000000" : 11468800,
            "10.000000" : 14090240,
            "20.000000" : 18743296,
            "30.000000" : 24772608,
            "40.000000" : 32899072,
            "50.000000" : 44302336,
            "60.000000" : 63176704,
            "70.000000" : 99090432,
            "80.000000" : 187695104,
            "90.000000" : 513802240,
            "95.000000" : 876609536,
            "99.000000" : 2231369728,
            "99.500000" : 2835349504,
            "99.900000" : 3640655872,
            "99.950000" : 3841982464,
            "99.990000" : 4177526784,
            "0.00" : 0,
            "0.00" : 0,
            "0.00" : 0
          }
        },
        "lat_ns" : {
          "min" : 3118526,
          "max" : 4553996167,
          "mean" : 186585537.284018,
          "stddev" : 407498605.584227
        },
        "bw_min" : 8,
        "bw_max" : 814,
        "bw_agg" : 12.687916,
        "bw_mean" : 347.141372,
        "bw_dev" : 129.210912,
        "bw_samples" : 962,
        "iops_min" : 2,
        "iops_max" : 203,
        "iops_mean" : 86.445946,
        "iops_stddev" : 32.300838,
        "iops_samples" : 962
      },
      "write" : {
        "io_bytes" : 0,
        "io_kbytes" : 0,
        "bw" : 0,
        "iops" : 0.000000,
        "runtime" : 0,
        "total_ios" : 0,
        "short_ios" : 0,
        "drop_ios" : 0,
        "slat_ns" : {
          "min" : 0,
          "max" : 0,
          "mean" : 0.000000,
          "stddev" : 0.000000
        },
        "clat_ns" : {
          "min" : 0,
          "max" : 0,
          "mean" : 0.000000,
          "stddev" : 0.000000,
          "percentile" : {
            "1.000000" : 0,
            "5.000000" : 0,
            "10.000000" : 0,
            "20.000000" : 0,
            "30.000000" : 0,
            "40.000000" : 0,
            "50.000000" : 0,
            "60.000000" : 0,
            "70.000000" : 0,
            "80.000000" : 0,
            "90.000000" : 0,
            "95.000000" : 0,
            "99.000000" : 0,
            "99.500000" : 0,
            "99.900000" : 0,
            "99.950000" : 0,
            "99.990000" : 0,
            "0.00" : 0,
            "0.00" : 0,
            "0.00" : 0
          }
        },
        "lat_ns" : {
          "min" : 0,
          "max" : 0,
          "mean" : 0.000000,
          "stddev" : 0.000000
        },
        "bw_min" : 0,
        "bw_max" : 0,
        "bw_agg" : 0.000000,
        "bw_mean" : 0.000000,
        "bw_dev" : 0.000000,
        "bw_samples" : 0,
        "iops_min" : 0,
        "iops_max" : 0,
        "iops_mean" : 0.000000,
        "iops_stddev" : 0.000000,
        "iops_samples" : 0
      },
      "trim" : {
        "io_bytes" : 0,
        "io_kbytes" : 0,
        "bw" : 0,
        "iops" : 0.000000,
        "runtime" : 0,
        "total_ios" : 0,
        "short_ios" : 0,
        "drop_ios" : 0,
        "slat_ns" : {
          "min" : 0,
          "max" : 0,
          "mean" : 0.000000,
          "stddev" : 0.000000
        },
        "clat_ns" : {
          "min" : 0,
          "max" : 0,
          "mean" : 0.000000,
          "stddev" : 0.000000,
          "percentile" : {
            "1.000000" : 0,
            "5.000000" : 0,
            "10.000000" : 0,
            "20.000000" : 0,
            "30.000000" : 0,
            "40.000000" : 0,
            "50.000000" : 0,
            "60.000000" : 0,
            "70.000000" : 0,
            "80.000000" : 0,
            "90.000000" : 0,
            "95.000000" : 0,
            "99.000000" : 0,
            "99.500000" : 0,
            "99.900000" : 0,
            "99.950000" : 0,
            "99.990000" : 0,
            "0.00" : 0,
            "0.00" : 0,
            "0.00" : 0
          }
        },
        "lat_ns" : {
          "min" : 0,
          "max" : 0,
          "mean" : 0.000000,
          "stddev" : 0.000000
        },
        "bw_min" : 0,
        "bw_max" : 0,
        "bw_agg" : 0.000000,
        "bw_mean" : 0.000000,
        "bw_dev" : 0.000000,
        "bw_samples" : 0,
        "iops_min" : 0,
        "iops_max" : 0,
        "iops_mean" : 0.000000,
        "iops_stddev" : 0.000000,
        "iops_samples" : 0
      },
      "usr_cpu" : 0.160933,
      "sys_cpu" : 0.414624,
      "ctx" : 41250,
      "majf" : 0,
      "minf" : 300,
      "iodepth_level" : {
        "1" : 0.100000,
        "2" : 0.100000,
        "4" : 0.100000,
        "8" : 0.154436,
        "16" : 99.710432,
        "32" : 0.000000,
        ">=64" : 0.000000
      },
      "latency_ns" : {
        "2" : 0.000000,
        "4" : 0.000000,
        "10" : 0.000000,
        "20" : 0.000000,
        "50" : 0.000000,
        "100" : 0.000000,
        "250" : 0.000000,
        "500" : 0.000000,
        "750" : 0.000000,
        "1000" : 0.000000
      },
      "latency_us" : {
        "2" : 0.000000,
        "4" : 0.000000,
        "10" : 0.000000,
        "20" : 0.000000,
        "50" : 0.000000,
        "100" : 0.000000,
        "250" : 0.000000,
        "500" : 0.000000,
        "750" : 0.000000,
        "1000" : 0.000000
      },
      "latency_ms" : {
        "2" : 0.000000,
        "4" : 0.026544,
        "10" : 2.883618,
        "20" : 19.265944,
        "50" : 31.374726,
        "100" : 16.693613,
        "250" : 12.936464,
        "500" : 6.546657,
        "750" : 3.938129,
        "1000" : 2.094544,
        "2000" : 2.936705,
        ">=2000" : 1.303057
      },
      "latency_depth" : 16,
      "latency_target" : 0,
      "latency_percentile" : 100.000000,
      "latency_window" : 0
    }
  ],
  "disk_util" : [
    {
      "name" : "md10",
      "read_ios" : 41441,
      "write_ios" : 0,
      "read_merges" : 0,
      "write_merges" : 0,
      "read_ticks" : 0,
      "write_ticks" : 0,
      "in_queue" : 0,
      "util" : 0.000000,
      "aggr_read_ios" : 5180,
      "aggr_write_ios" : 0,
      "aggr_read_merges" : 0,
      "aggr_write_merge" : 0,
      "aggr_read_ticks" : 962023,
      "aggr_write_ticks" : 0,
      "aggr_in_queue" : 962017,
      "aggr_util" : 99.109870
    },
    {
      "name" : "sdf",
      "read_ios" : 5065,
      "write_ios" : 0,
      "read_merges" : 0,
      "write_merges" : 0,
      "read_ticks" : 804940,
      "write_ticks" : 0,
      "in_queue" : 804940,
      "util" : 95.849416
    },
    {
      "name" : "sdd",
      "read_ios" : 5284,
      "write_ios" : 0,
      "read_merges" : 0,
      "write_merges" : 0,
      "read_ticks" : 3618740,
      "write_ticks" : 0,
      "in_queue" : 3618728,