{
  "fio version" : "fio-3.1",
  "timestamp" : 1584981739,
  "timestamp_ms" : 1584981739681,
  "time" : "Mon Mar 23 17:42:19 2020",
  "jobs" : [
    {
      "jobname" : "iotest",
      "groupid" : 0,
      "error" : 0,
      "eta" : 0,
      "elapsed" : 63,
      "job options" : {
        "rw" : "randread",
        "bs" : "4k",
        "ioengine" : "libaio",
        "iodepth" : "32",
        "direct" : "1",
        "invalidate" : "1",
        "refill_buffers" : "1",
        "runtime" : "60",
        "numjobs" : "32",
        "group_reporting" : "1",
        "write_bw_log" : "/fio/RAID5_64K_FULL//randread-iodepth-32-numjobs-32",
        "write_lat_log" : "/fio/RAID5_64K_FULL//randread-iodepth-32-numjobs-32",
        "write_iops_log" : "/fio/RAID5_64K_FULL//randread-iodepth-32-numjobs-32",
        "log_avg_msec" : "500",
        "filename" : "/dev/md10"
      },
      "read" : {
        "io_bytes" : 196075520,
        "io_kbytes" : 191480,
        "bw" : 3119,
        "iops" : 779.895732,
        "runtime" : 61380,
        "total_ios" : 47870,
        "short_ios" : 0,
        "drop_ios" : 0,
        "slat_ns" : {
          "min" : 4356,
          "max" : 2944490342,
          "mean" : 37646556.167579,
          "stddev" : 233461019.219919
        },
        "clat_ns" : {
          "min" : 3359965,
          "max" : 8196044315,
          "mean" : 1263348647.741445,
          "stddev" : 882507121.994997,
          "percentile" : {
            "1.000000" : 9109504,
            "5.000000" : 15269888,
            "10.000000" : 25034752,
            "20.000000" : 147849216,
            "30.000000" : 884998144,
            "40.000000" : 1249902592,
            "50.000000" : 1384120320,
            "60.000000" : 1501560832,
            "70.000000" : 1635778560,
            "80.000000" : 1786773504,
            "90.000000" : 2122317824,
            "95.000000" : 2667577344,
            "99.000000" : 4009754624,
            "99.500000" : 4596957184,
            "99.900000" : 5670699008,
            "99.950000" : 6140461056,
            "99.990000" : 7482638336,
            "0.00" : 0,
            "0.00" : 0,
            "0.00" : 0
          }
        },
        "lat_ns" : {
          "min" : 3369490,
          "max" : 8196053893,
          "mean" : 1300996537.046083,
          "stddev" : 934945921.560602
        },
        "bw_min" : 7,
        "bw_max" : 752,
        "bw_agg" : 7.562415,
        "bw_mean" : 235.871715,
        "bw_dev" : 107.161611,
        "bw_samples" : 1598,
        "iops_min" : 1,
        "iops_max" : 188,
        "iops_mean" : 58.779099,
        "iops_stddev" : 26.736885,
        "iops_samples" : 1598
      },
      "write" : {
        "io_bytes" : 0,
        "io_kbytes" : 0,
        "bw" : 0,
        "iops" : 0.000000,
        "runtime" : 0,
        "total_ios" : 0,
        "short_ios" : 0,
        "drop_ios" : 0,
        "slat_ns" : {
          "min" : 0,
          "max" : 0,
          "mean" : 0.000000,
          "stddev" : 0.000000
        },
        "clat_ns" : {
          "min" : 0,
          "max" : 0,
          "mean" : 0.000000,
          "stddev" : 0.000000,
          "percentile" : {
            "1.000000" : 0,
            "5.000000" : 0,
            "10.000000" : 0,
            "20.000000" : 0,
            "30.000000" : 0,
            "40.000000" : 0,
            "50.000000" : 0,
            "60.000000" : 0,
            "70.000000" : 0,
            "80.000000" : 0,
            "90.000000" : 0,
            "95.000000" : 0,
            "99.000000" : 0,
            "99.500000" : 0,
            "99.900000" : 0,
            "99.950000" : 0,
            "99.990000" : 0,
            "0.00" : 0,
            "0.00" : 0,
            "0.00" : 0
          }
        },
        "lat_ns" : {
          "min" : 0,
          "max" : 0,
          "mean" : 0.000000,
          "stddev" : 0.000000
        },
        "bw_min" : 0,
        "bw_max" : 0,
        "bw_agg" : 0.000000,
        "bw_mean" : 0.000000,
        "bw_dev" : 0.000000,
        "bw_samples" : 0,
        "iops_min" : 0,
        "iops_max" : 0,
        "iops_mean" : 0.000000,
        "iops_stddev" : 0.000000,
        "iops_samples" : 0
      },
      "trim" : {
        "io_bytes" : 0,
        "io_kbytes" : 0,
        "bw" : 0,
        "iops" : 0.000000,
        "runtime" : 0,
        "total_ios" : 0,
        "short_ios" : 0,
        "drop_ios" : 0,
        "slat_ns" : {
          "min" : 0,
          "max" : 0,
          "mean" : 0.000000,
          "stddev" : 0.000000
        },
        "clat_ns" : {
          "min" : 0,
          "max" : 0,
          "mean" : 0.000000,
          "stddev" : 0.000000,
          "percentile" : {
            "1.000000" : 0,
            "5.000000" : 0,
            "10.000000" : 0,
            "20.000000" : 0,
            "30.000000" : 0,
            "40.000000" : 0,
            "50.000000" : 0,
            "60.000000" : 0,
            "70.000000" : 0,
            "80.000000" : 0,
            "90.000000" : 0,
            "95.000000" : 0,
            "99.000000" : 0,
            "99.500000" : 0,
            "99.900000" : 0,
            "99.950000" : 0,
            "99.990000" : 0,
            "0.00" : 0,
            "0.00" : 0,
            "0.00" : 0
          }
        },
        "lat_ns" : {
          "min" : 0,
          "max" : 0,
          "mean" : 0.000000,
          "stddev" : 0.000000
        },
        "bw_min" : 0,
        "bw_max" : 0,
        "bw_agg" : 0.000000,
        "bw_mean" : 0.000000,
        "bw_dev" : 0.000000,
        "bw_samples" : 0,
        "iops_min" : 0,
        "iops_max" : 0,
        "iops_mean" : 0.000000,
        "iops_stddev" : 0.000000,
        "iops_samples" : 0
      },
      "usr_cpu" : 0.033945,
      "sys_cpu" : 0.028415,
      "ctx" : 12996,
      "majf" : 0,
      "minf" : 1795,
      "iodepth_level" : {
        "1" : 0.100000,
        "2" : 0.133695,
        "4" : 0.267391,
        "8" : 0.534782,
        "16" : 1.069563,
        "32" : 97.927721,
        ">=64" : 0.000000
      },
      "latency_ns" : {
        "2" : 0.000000,
        "4" : 0.000000,
        "10" : 0.000000,
        "20" : 0.000000,
        "50" : 0.000000,
        "100" : 0.000000,
        "250" : 0.000000,
        "500" : 0.000000,
        "750" : 0.000000,
        "1000" : 0.000000
      },
      "latency_us" : {
        "2" : 0.000000,
        "4" : 0.000000,
        "10" : 0.000000,
        "20" : 0.000000,
        "50" : 0.000000,
        "100" : 0.000000,
        "250" : 0.000000,
        "500" : 0.000000,
        "750" : 0.000000,
        "1000" : 0.000000
      },
      "latency_ms" : {
        "2" : 0.000000,
        "4" : 0.010000,
        "10" : 1.501985,
        "20" : 6.235638,
        "50" : 8.005014,
        "100" : 3.141842,
        "250" : 2.452475,
        "500" : 2.772091,
        "750" : 4.186338,
        "1000" : 2.978901,
        "2000" : 54.900773,
        ">=2000" : 13.818676
      },
      "latency_depth" : 32,
      "latency_target" : 0,
      "latency_percentile" : 100.000000,
      "latency_window" : 0
    }
  ],
  "disk_util" : [
    {
      "name" : "md10",
      "read_ios" : 47870,
      "write_ios" : 0,
      "read_merges" : 0,
      "write_merges" : 0,
      "read_ticks" : 0,
      "write_ticks" : 0,
      "in_queue" : 0,
      "util" : 0.000000,
      "aggr_read_ios" : 5983,
      "aggr_write_ios" : 0,
      "aggr_read_merges" : 0,
      "aggr_write_merge" : 0,
      "aggr_read_ticks" : 2842252,
      "aggr_write_ticks" : 0,
      "aggr_in_queue" : 2842250,
      "aggr_util" : 97.908499
    },
    {
      "name" : "sdf",
      "read_ios" : 5965,
      "write_ios" : 0,
      "read_merges" : 0,
      "write_merges" : 0,
      "read_ticks" : 4683412,
      "write_ticks" : 0,
      "in_queue" : 4683408,
      "util" : 94.738527
    },
    {
      "name" : "sdd",
      "read_ios" : 5995,
      "write_ios" : 0,
      "read_merges" : 0,
      "write_merges" : 0,
      "read_ticks" : 5782732,
      "write_ticks" : 0,