{
  "fio version" : "fio-3.1",
  "timestamp" : 1585194357,
  "timestamp_ms" : 1585194357589,
  "time" : "Thu Mar 26 04:45:57 2020",
  "jobs" : [
    {
      "jobname" : "iotest",
      "groupid" : 0,
      "error" : 0,
      "eta" : 0,
      "elapsed" : 62,
      "job options" : {
        "rw" : "randwrite",
        "bs" : "4k",
        "ioengine" : "libaio",
        "iodepth" : "32",
        "direct" : "1",
        "invalidate" : "1",
        "refill_buffers" : "1",
        "runtime" : "60",
        "numjobs" : "64",
        "group_reporting" : "1",
        "write_bw_log" : "/fio/10K/RAID10_64K//randwrite-iodepth-32-numjobs-64",
        "write_lat_log" : "/fio/10K/RAID10_64K//randwrite-iodepth-32-numjobs-64",
        "write_iops_log" : "/fio/10K/RAID10_64K//randwrite-iodepth-32-numjobs-64",
        "log_avg_msec" : "500",
        "filename" : "/dev/md10"
      },
      "read" : {
        "io_bytes" : 0,
        "io_kbytes" : 0,
        "bw" : 0,
        "iops" : 0.000000,
        "runtime" : 0,
        "total_ios" : 0,
        "short_ios" : 0,
        "drop_ios" : 0,
        "slat_ns" : {
          "min" : 0,
          "max" : 0,
          "mean" : 0.000000,
          "stddev" : 0.000000
        },
        "clat_ns" : {
          "min" : 0,
          "max" : 0,
          "mean" : 0.000000,
          "stddev" : 0.000000,
          "percentile" : {
            "1.000000" : 0,
            "5.000000" : 0,
            "10.000000" : 0,
            "20.000000" : 0,
            "30.000000" : 0,
            "40.000000" : 0,
            "50.000000" : 0,
            "60.000000" : 0,
            "70.000000" : 0,
            "80.000000" : 0,
            "90.000000" : 0,
            "95.000000" : 0,
            "99.000000" : 0,
            "99.500000" : 0,
            "99.900000" : 0,
            "99.950000" : 0,
            "99.990000" : 0,
            "0.00" : 0,
            "0.00" : 0,
            "0.00" : 0
          }
        },
        "lat_ns" : {
          "min" : 0,
          "max" : 0,
          "mean" : 0.000000,
          "stddev" : 0.000000
        },
        "bw_min" : 0,
        "bw_max" : 0,
        "bw_agg" : 0.000000,
        "bw_mean" : 0.000000,
        "bw_dev" : 0.000000,
        "bw_samples" : 0,
        "iops_min" : 0,
        "iops_max" : 0,
        "iops_mean" : 0.000000,
        "iops_stddev" : 0.000000,
        "iops_samples" : 0
      },
      "write" : {
        "io_bytes" : 19640320,
        "io_kbytes" : 19180,
        "bw" : 313,
        "iops" : 78.436825,
        "runtime" : 61132,
        "total_ios" : 4795,
        "short_ios" : 0,
        "drop_ios" : 0,
        "slat_ns" : {
          "min" : 10821,
          "max" : 7391463224,
          "mean" : 803426177.675287,
          "stddev" : 934387668.768607
        },
        "clat_ns" : {
          "min" : 89169,
          "max" : 48883058728,
          "mean" : 19765833262.534092,
          "stddev" : 9238123095.906448,
          "percentile" : {
            "1.000000" : 6258688,
            "5.000000" : 2566914048,
            "10.000000" : 5536481280,
            "20.000000" : 11475615744,
            "30.000000" : 15904800768,
            "40.000000" : 17112760320,
            "50.000000" : 17112760320,
            "60.000000" : 17112760320,
            "70.000000" : 17112760320,
            "80.000000" : 17112760320,
            "90.000000" : 17112760320,
            "95.000000" : 17112760320,
            "99.000000" : 17112760320,
            "99.500000" : 17112760320,
            "99.900000" : 17112760320,
            "99.950000" : 17112760320,
            "99.990000" : 17112760320,
            "0.00" : 0,
            "0.00" : 0,
            "0.00" : 0
          }
        },
        "lat_ns" : {
          "min" : 30276415,
          "max" : 49741568267,
          "mean" : 20569263364.630863,
          "stddev" : 9275288024.548649
        },
        "bw_min" : 7,
        "bw_max" : 40,
        "bw_agg" : 3.823571,
        "bw_mean" : 11.967777,
        "bw_dev" : 6.122479,
        "bw_samples" : 1831,
        "iops_min" : 1,
        "iops_max" : 10,
        "iops_mean" : 2.966139,
        "iops_stddev" : 1.538913,
        "iops_samples" : 1831
      },
      "trim" : {
        "io_bytes" : 0,
        "io_kbytes" : 0,
        "bw" : 0,
        "iops" : 0.000000,
        "runtime" : 0,
        "total_ios" : 0,
        "short_ios" : 0,
        "drop_ios" : 0,
        "slat_ns" : {
          "min" : 0,
          "max" : 0,
          "mean" : 0.000000,
          "stddev" : 0.000000
        },
        "clat_ns" : {
          "min" : 0,
          "max" : 0,
          "mean" : 0.000000,
          "stddev" : 0.000000,
          "percentile" : {
            "1.000000" : 0,
            "5.000000" : 0,
            "10.000000" : 0,
            "20.000000" : 0,
            "30.000000" : 0,
            "40.000000" : 0,
            "50.000000" : 0,
            "60.000000" : 0,
            "70.000000" : 0,
            "80.000000" : 0,
            "90.000000" : 0,
            "95.000000" : 0,
            "99.000000" : 0,
            "99.500000" : 0,
            "99.900000" : 0,
            "99.950000" : 0,
            "99.990000" : 0,
            "0.00" : 0,
            "0.00" : 0,
            "0.00" : 0
          }
        },
        "lat_ns" : {
          "min" : 0,
          "max" : 0,
          "mean" : 0.000000,
          "stddev" : 0.000000
        },
        "bw_min" : 0,
        "bw_max" : 0,
        "bw_agg" : 0.000000,
        "bw_mean" : 0.000000,
        "bw_dev" : 0.000000,
        "bw_samples" : 0,
        "iops_min" : 0,
        "iops_max" : 0,
        "iops_mean" : 0.000000,
        "iops_stddev" : 0.000000,
        "iops_samples" : 0
      },
      "usr_cpu" : 0.003343,
      "sys_cpu" : 0.050253,
      "ctx" : 260558,
      "majf" : 0,
      "minf" : 1250,
      "iodepth_level" : {
        "1" : 1.334724,
        "2" : 2.669447,
        "4" : 5.338895,
        "8" : 10.677789,
        "16" : 21.355579,
        "32" : 58.623566,
        ">=64" : 0.000000
      },
      "latency_ns" : {
        "2" : 0.000000,
        "4" : 0.000000,
        "10" : 0.000000,
        "20" : 0.000000,
        "50" : 0.000000,
        "100" : 0.000000,
        "250" : 0.000000,
        "500" : 0.000000,
        "750" : 0.000000,
        "1000" : 0.000000
      },
      "latency_us" : {
        "2" : 0.000000,
        "4" : 0.000000,
        "10" : 0.000000,
        "20" : 0.000000,
        "50" : 0.000000,
        "100" : 0.020855,
        "250" : 0.583942,
        "500" : 0.145985,
        "750" : 0.000000,
        "1000" : 0.000000
      },
      "latency_ms" : {
        "2" : 0.083420,
        "4" : 0.104275,
        "10" : 0.375391,
        "20" : 0.020855,
        "50" : 0.020855,
        "100" : 0.062565,
        "250" : 0.145985,
        "500" : 0.271116,
        "750" : 0.396246,
        "1000" : 0.375391,
        "2000" : 1.522419,
        ">=2000" : 95.870699
      },
      "latency_depth" : 32,
      "latency_target" : 0,
      "latency_percentile" : 100.000000,
      "latency_window" : 0
    }
  ],
  "disk_util" : [
    {
      "name" : "md10",
      "read_ios" : 796,
      "write_ios" : 4795,
      "read_merges" : 0,
      "write_merges" : 0,
      "read_ticks" : 0,
      "write_ticks" : 0,
      "in_queue" : 0,
      "util" : 0.000000,
      "aggr_read_ios" : 131,
      "aggr_write_ios" : 5327,
      "aggr_read_merges" : 0,
      "aggr_write_merge" : 0,
      "aggr_read_ticks" : 45,
      "aggr_write_ticks" : 30469,
      "aggr_in_queue" : 30512,
      "aggr_util" : 56.165119
    },
    {
      "name" : "sdf",
      "read_ios" : 40,
      "write_ios" : 5339,
      "read_merges" : 0,
      "write_merges" : 0,
      "read_ticks" : 12,
      "write_ticks" : 35012,
      "in_queue" : 35024,
      "util" : 56.165119
    },
    {
      "name" : "sdd",
      "read_ios" : 32,
      "write_ios" : 5347,
      "read_merges" : 0,
      "write_merges" : 0,
      "read_ticks" : 4,