{
  "fio version" : "fio-3.1",
  "timestamp" : 1585190229,
  "timestamp_ms" : 1585190229261,
  "time" : "Thu Mar 26 03:37:09 2020",
  "jobs" : [
    {
      "jobname" : "iotest",
      "groupid" : 0,
      "error" : 0,
      "eta" : 0,
      "elapsed" : 61,
      "job options" : {
        "rw" : "randread",
        "bs" : "4k",
        "ioengine" : "libaio",
        "iodepth" : "8",
        "direct" : "1",
        "invalidate" : "1",
        "refill_buffers" : "1",
        "runtime" : "60",
        "numjobs" : "4",
        "group_reporting" : "1",
        "write_bw_log" : "/fio/10K/RAID10_64K//randread-iodepth-8-numjobs-4",
        "write_lat_log" : "/fio/10K/RAID10_64K//randread-iodepth-8-numjobs-4",
        "write_iops_log" : "/fio/10K/RAID10_64K//randread-iodepth-8-numjobs-4",
        "log_avg_msec" : "500",
        "filename" : "/dev/md10"
      },
      "read" : {
        "io_bytes" : 377761792,
        "io_kbytes" : 368908,
        "bw" : 6144,
        "iops" : 1536.220538,
        "runtime" : 60035,
        "total_ios" : 92227,
        "short_ios" : 0,
        "drop_ios" : 0,
        "slat_ns" : {
          "min" : 7773,
          "max" : 261557,
          "mean" : 31214.698071,
          "stddev" : 8027.925756
        },
        "clat_ns" : {
          "min" : 790825,
          "max" : 400419626,
          "mean" : 20783662.372971,
          "stddev" : 20592393.230784,
          "percentile" : {
            "1.000000" : 3194880,
            "5.000000" : 4685824,
            "10.000000" : 5799936,
            "20.000000" : 7569408,
            "30.000000" : 9240576,
            "40.000000" : 11206656,
            "50.000000" : 13697024,
            "60.000000" : 17170432,
            "70.000000" : 22151168,
            "80.000000" : 29753344,
            "90.000000" : 44302336,
            "95.000000" : 60555264,
            "99.000000" : 102236160,
            "99.500000" : 122159104,
            "99.900000" : 177209344,
            "99.950000" : 198180864,
            "99.990000" : 256901120,
            "0.00" : 0,
            "0.00" : 0,
            "0.00" : 0
          }
        },
        "lat_ns" : {
          "min" : 821354,
          "max" : 400457032,
          "mean" : 20815845.573823,
          "stddev" : 20592395.269438
        },
        "bw_min" : 1206,
        "bw_max" : 1821,
        "bw_agg" : 25.111525,
        "bw_mean" : 1542.852083,
        "bw_dev" : 103.096004,
        "bw_samples" : 480,
        "iops_min" : 301,
        "iops_max" : 455,
        "iops_mean" : 385.487500,
        "iops_stddev" : 25.733658,
        "iops_samples" : 480
      },
      "write" : {
        "io_bytes" : 0,
        "io_kbytes" : 0,
        "bw" : 0,
        "iops" : 0.000000,
        "runtime" : 0,
        "total_ios" : 0,
        "short_ios" : 0,
        "drop_ios" : 0,
        "slat_ns" : {
          "min" : 0,
          "max" : 0,
          "mean" : 0.000000,
          "stddev" : 0.000000
        },
        "clat_ns" : {
          "min" : 0,
          "max" : 0,
          "mean" : 0.000000,
          "stddev" : 0.000000,
          "percentile" : {
            "1.000000" : 0,
            "5.000000" : 0,
            "10.000000" : 0,
            "20.000000" : 0,
            "30.000000" : 0,
            "40.000000" : 0,
            "50.000000" : 0,
            "60.000000" : 0,
            "70.000000" : 0,
            "80.000000" : 0,
            "90.000000" : 0,
            "95.000000" : 0,
            "99.000000" : 0,
            "99.500000" : 0,
            "99.900000" : 0,
            "99.950000" : 0,
            "99.990000" : 0,
            "0.00" : 0,
            "0.00" : 0,
            "0.00" : 0
          }
        },
        "lat_ns" : {
          "min" : 0,
          "max" : 0,
          "mean" : 0.000000,
          "stddev" : 0.000000
        },
        "bw_min" : 0,
        "bw_max" : 0,
        "bw_agg" : 0.000000,
        "bw_mean" : 0.000000,
        "bw_dev" : 0.000000,
        "bw_samples" : 0,
        "iops_min" : 0,
        "iops_max" : 0,
        "iops_mean" : 0.000000,
        "iops_stddev" : 0.000000,
        "iops_samples" : 0
      },
      "trim" : {
        "io_bytes" : 0,
        "io_kbytes" : 0,
        "bw" : 0,
        "iops" : 0.000000,
        "runtime" : 0,
        "total_ios" : 0,
        "short_ios" : 0,
        "drop_ios" : 0,
        "slat_ns" : {
          "min" : 0,
          "max" : 0,
          "mean" : 0.000000,
          "stddev" : 0.000000
        },
        "clat_ns" : {
          "min" : 0,
          "max" : 0,
          "mean" : 0.000000,
          "stddev" : 0.000000,
          "percentile" : {
            "1.000000" : 0,
            "5.000000" : 0,
            "10.000000" : 0,
            "20.000000" : 0,
            "30.000000" : 0,
            "40.000000" : 0,
            "50.000000" : 0,
            "60.000000" : 0,
            "70.000000" : 0,
            "80.000000" : 0,
            "90.000000" : 0,
            "95.000000" : 0,
            "99.000000" : 0,
            "99.500000" : 0,
            "99.900000" : 0,
            "99.950000" : 0,
            "99.990000" : 0,
            "0.00" : 0,
            "0.00" : 0,
            "0.00" : 0
          }
        },
        "lat_ns" : {
          "min" : 0,
          "max" : 0,
          "mean" : 0.000000,
          "stddev" : 0.000000
        },
        "bw_min" : 0,
        "bw_max" : 0,
        "bw_agg" : 0.000000,
        "bw_mean" : 0.000000,
        "bw_dev" : 0.000000,
        "bw_samples" : 0,
        "iops_min" : 0,
        "iops_max" : 0,
        "iops_mean" : 0.000000,
        "iops_stddev" : 0.000000,
        "iops_samples" : 0
      },
      "usr_cpu" : 0.621410,
      "sys_cpu" : 1.832994,
      "ctx" : 90127,
      "majf" : 0,
      "minf" : 120,
      "iodepth_level" : {
        "1" : 0.100000,
        "2" : 0.100000,
        "4" : 0.100000,
        "8" : 99.969640,
        "16" : 0.000000,
        "32" : 0.000000,
        ">=64" : 0.000000
      },
      "latency_ns" : {
        "2" : 0.000000,
        "4" : 0.000000,
        "10" : 0.000000,
        "20" : 0.000000,
        "50" : 0.000000,
        "100" : 0.000000,
        "250" : 0.000000,
        "500" : 0.000000,
        "750" : 0.000000,
        "1000" : 0.000000
      },
      "latency_us" : {
        "2" : 0.000000,
        "4" : 0.000000,
        "10" : 0.000000,
        "20" : 0.000000,
        "50" : 0.000000,
        "100" : 0.000000,
        "250" : 0.000000,
        "500" : 0.000000,
        "750" : 0.000000,
        "1000" : 0.010000
      },
      "latency_ms" : {
        "2" : 0.060720,
        "4" : 2.581673,
        "10" : 31.715224,
        "20" : 31.991716,
        "50" : 25.802639,
        "100" : 6.746397,
        "250" : 1.088618,
        "500" : 0.011927,
        "750" : 0.000000,
        "1000" : 0.000000,
        "2000" : 0.000000,
        ">=2000" : 0.000000
      },
      "latency_depth" : 8,
      "latency_target" : 0,
      "latency_percentile" : 100.000000,
      "latency_window" : 0
    }
  ],
  "disk_util" : [
    {
      "name" : "md10",
      "read_ios" : 91916,
      "write_ios" : 0,
      "read_merges" : 0,
      "write_merges" : 0,
      "read_ticks" : 0,
      "write_ticks" : 0,
      "in_queue" : 0,
      "util" : 0.000000,
      "aggr_read_ios" : 11528,
      "aggr_write_ios" : 0,
      "aggr_read_merges" : 0,
      "aggr_write_merge" : 0,
      "aggr_read_ticks" : 239439,
      "aggr_write_ticks" : 0,
      "aggr_in_queue" : 239427,
      "aggr_util" : 97.837757
    },
    {
      "name" : "sdf",
      "read_ios" : 11372,
      "write_ios" : 0,
      "read_merges" : 0,
      "write_merges" : 0,
      "read_ticks" : 261492,
      "write_ticks" : 0,
      "in_queue" : 261484,
      "util" : 97.837757
    },
    {
      "name" : "sdd",
      "read_ios" : 11381,
      "write_ios" : 0,
      "read_merges" : 0,
      "write_merges" : 0,
      "read_ticks" : 220312,
      "write_ticks" : 0,
      "in_queue" : 220292,