{
  "fio version" : "fio-3.1",
  "timestamp" : 1585194294,
  "timestamp_ms" : 1585194294975,
  "time" : "Thu Mar 26 04:44:54 2020",
  "jobs" : [
    {
      "jobname" : "iotest",
      "groupid" : 0,
      "error" : 0,
      "eta" : 0,
      "elapsed" : 61,
      "job options" : {
        "rw" : "randwrite",
        "bs" : "4k",
        "ioengine" : "libaio",
        "iodepth" : "32",
        "direct" : "1",
        "invalidate" : "1",
        "refill_buffers" : "1",
        "runtime" : "60",
        "numjobs" : "32",
        "group_reporting" : "1",
        "write_bw_log" : "/fio/10K/RAID10_64K//randwrite-iodepth-32-numjobs-32",
        "write_lat_log" : "/fio/10K/RAID10_64K//randwrite-iodepth-32-numjobs-32",
        "write_iops_log" : "/fio/10K/RAID10_64K//randwrite-iodepth-32-numjobs-32",
        "log_avg_msec" : "500",
        "filename" : "/dev/md10"
      },
      "read" : {
        "io_bytes" : 0,
        "io_kbytes" : 0,
        "bw" : 0,
        "iops" : 0.000000,
        "runtime" : 0,
        "total_ios" : 0,
        "short_ios" : 0,
        "drop_ios" : 0,
        "slat_ns" : {
          "min" : 0,
          "max" : 0,
          "mean" : 0.000000,
          "stddev" : 0.000000
        },
        "clat_ns" : {
          "min" : 0,
          "max" : 0,
          "mean" : 0.000000,
          "stddev" : 0.000000,
          "percentile" : {
            "1.000000" : 0,
            "5.000000" : 0,
            "10.000000" : 0,
            "20.000000" : 0,
            "30.000000" : 0,
            "40.000000" : 0,
            "50.000000" : 0,
            "60.000000" : 0,
            "70.000000" : 0,
            "80.000000" : 0,
            "90.000000" : 0,
            "95.000000" : 0,
            "99.000000" : 0,
            "99.500000" : 0,
            "99.900000" : 0,
            "99.950000" : 0,
            "99.990000" : 0,
            "0.00" : 0,
            "0.00" : 0,
            "0.00" : 0
          }
        },
        "lat_ns" : {
          "min" : 0,
          "max" : 0,
          "mean" : 0.000000,
          "stddev" : 0.000000
        },
        "bw_min" : 0,
        "bw_max" : 0,
        "bw_agg" : 0.000000,
        "bw_mean" : 0.000000,
        "bw_dev" : 0.000000,
        "bw_samples" : 0,
        "iops_min" : 0,
        "iops_max" : 0,
        "iops_mean" : 0.000000,
        "iops_stddev" : 0.000000,
        "iops_samples" : 0
      },
      "write" : {
        "io_bytes" : 19423232,
        "io_kbytes" : 18968,
        "bw" : 314,
        "iops" : 78.631005,
        "runtime" : 60307,
        "total_ios" : 4742,
        "short_ios" : 0,
        "drop_ios" : 0,
        "slat_ns" : {
          "min" : 16804,
          "max" : 4385927105,
          "mean" : 405401165.234922,
          "stddev" : 465974124.720519
        },
        "clat_ns" : {
          "min" : 120310,
          "max" : 23941631682,
          "mean" : 11197799603.292704,
          "stddev" : 4052992514.345551,
          "percentile" : {
            "1.000000" : 320864256,
            "5.000000" : 2835349504,
            "10.000000" : 5603590144,
            "20.000000" : 8791261184,
            "30.000000" : 9865003008,
            "40.000000" : 10670309376,
            "50.000000" : 11341398016,
            "60.000000" : 12146704384,
            "70.000000" : 13086228480,
            "80.000000" : 14025752576,
            "90.000000" : 15636365312,
            "95.000000" : 17112760320,
            "99.000000" : 17112760320,
            "99.500000" : 17112760320,
            "99.900000" : 17112760320,
            "99.950000" : 17112760320,
            "99.990000" : 17112760320,
            "0.00" : 0,
            "0.00" : 0,
            "0.00" : 0
          }
        },
        "lat_ns" : {
          "min" : 49109738,
          "max" : 24502798606,
          "mean" : 11603203585.520666,
          "stddev" : 4080808330.558384
        },
        "bw_min" : 7,
        "bw_max" : 64,
        "bw_agg" : 4.801069,
        "bw_mean" : 15.075356,
        "bw_dev" : 8.732886,
        "bw_samples" : 1964,
        "iops_min" : 1,
        "iops_max" : 16,
        "iops_mean" : 3.716904,
        "iops_stddev" : 2.193702,
        "iops_samples" : 1964
      },
      "trim" : {
        "io_bytes" : 0,
        "io_kbytes" : 0,
        "bw" : 0,
        "iops" : 0.000000,
        "runtime" : 0,
        "total_ios" : 0,
        "short_ios" : 0,
        "drop_ios" : 0,
        "slat_ns" : {
          "min" : 0,
          "max" : 0,
          "mean" : 0.000000,
          "stddev" : 0.000000
        },
        "clat_ns" : {
          "min" : 0,
          "max" : 0,
          "mean" : 0.000000,
          "stddev" : 0.000000,
          "percentile" : {
            "1.000000" : 0,
            "5.000000" : 0,
            "10.000000" : 0,
            "20.000000" : 0,
            "30.000000" : 0,
            "40.000000" : 0,
            "50.000000" : 0,
            "60.000000" : 0,
            "70.000000" : 0,
            "80.000000" : 0,
            "90.000000" : 0,
            "95.000000" : 0,
            "99.000000" : 0,
            "99.500000" : 0,
            "99.900000" : 0,
            "99.950000" : 0,
            "99.990000" : 0,
            "0.00" : 0,
            "0.00" : 0,
            "0.00" : 0
          }
        },
        "lat_ns" : {
          "min" : 0,
          "max" : 0,
          "mean" : 0.000000,
          "stddev" : 0.000000
        },
        "bw_min" : 0,
        "bw_max" : 0,
        "bw_agg" : 0.000000,
        "bw_mean" : 0.000000,
        "bw_dev" : 0.000000,
        "bw_samples" : 0,
        "iops_min" : 0,
        "iops_max" : 0,
        "iops_mean" : 0.000000,
        "iops_stddev" : 0.000000,
        "iops_samples" : 0
      },
      "usr_cpu" : 0.015173,
      "sys_cpu" : 0.043702,
      "ctx" : 130005,
      "majf" : 0,
      "minf" : 683,
      "iodepth_level" : {
        "1" : 0.674821,
        "2" : 1.349642,
        "4" : 2.699283,
        "8" : 5.398566,
        "16" : 10.797132,
        "32" : 79.080557,
        ">=64" : 0.000000
      },
      "latency_ns" : {
        "2" : 0.000000,
        "4" : 0.000000,
        "10" : 0.000000,
        "20" : 0.000000,
        "50" : 0.000000,
        "100" : 0.000000,
        "250" : 0.000000,
        "500" : 0.000000,
        "750" : 0.000000,
        "1000" : 0.000000
      },
      "latency_us" : {
        "2" : 0.000000,
        "4" : 0.000000,
        "10" : 0.000000,
        "20" : 0.000000,
        "50" : 0.000000,
        "100" : 0.000000,
        "250" : 0.253058,
        "500" : 0.168705,
        "750" : 0.000000,
        "1000" : 0.000000
      },
      "latency_ms" : {
        "2" : 0.042176,
        "4" : 0.189793,
        "10" : 0.021088,
        "20" : 0.000000,
        "50" : 0.021088,
        "100" : 0.042176,
        "250" : 0.189793,
        "500" : 0.295234,
        "750" : 0.421763,
        "1000" : 0.358499,
        "2000" : 1.539435,
        ">=2000" : 96.457191
      },
      "latency_depth" : 32,
      "latency_target" : 0,
      "latency_percentile" : 100.000000,
      "latency_window" : 0
    }
  ],
  "disk_util" : [
    {
      "name" : "md10",
      "read_ios" : 150,
      "write_ios" : 4742,
      "read_merges" : 0,
      "write_merges" : 0,
      "read_ticks" : 0,
      "write_ticks" : 0,
      "in_queue" : 0,
      "util" : 0.000000,
      "aggr_read_ios" : 47,
      "aggr_write_ios" : 5231,
      "aggr_read_merges" : 0,
      "aggr_write_merge" : 0,
      "aggr_read_ticks" : 22,
      "aggr_write_ticks" : 29217,
      "aggr_in_queue" : 29239,
      "aggr_util" : 52.726645
    },
    {
      "name" : "sdf",
      "read_ios" : 14,
      "write_ios" : 5273,
      "read_merges" : 0,
      "write_merges" : 0,
      "read_ticks" : 24,
      "write_ticks" : 29572,
      "in_queue" : 29596,
      "util" : 48.351865
    },
    {
      "name" : "sdd",
      "read_ios" : 9,
      "write_ios" : 5228,
      "read_merges" : 0,
      "write_merges" : 0,
      "read_ticks" : 16,