{
  "fio version" : "fio-3.1",
  "timestamp" : 1585194540,
  "timestamp_ms" : 1585194540992,
  "time" : "Thu Mar 26 04:49:00 2020",
  "jobs" : [
    {
      "jobname" : "iotest",
      "groupid" : 0,
      "error" : 0,
      "eta" : 0,
      "elapsed" : 61,
      "job options" : {
        "rw" : "randwrite",
        "bs" : "4k",
        "ioengine" : "libaio",
        "iodepth" : "64",
        "direct" : "1",
        "invalidate" : "1",
        "refill_buffers" : "1",
        "runtime" : "60",
        "numjobs" : "4",
        "group_reporting" : "1",
        "write_bw_log" : "/fio/10K/RAID10_64K//randwrite-iodepth-64-numjobs-4",
        "write_lat_log" : "/fio/10K/RAID10_64K//randwrite-iodepth-64-numjobs-4",
        "write_iops_log" : "/fio/10K/RAID10_64K//randwrite-iodepth-64-numjobs-4",
        "log_avg_msec" : "500",
        "filename" : "/dev/md10"
      },
      "read" : {
        "io_bytes" : 0,
        "io_kbytes" : 0,
        "bw" : 0,
        "iops" : 0.000000,
        "runtime" : 0,
        "total_ios" : 0,
        "short_ios" : 0,
        "drop_ios" : 0,
        "slat_ns" : {
          "min" : 0,
          "max" : 0,
          "mean" : 0.000000,
          "stddev" : 0.000000
        },
        "clat_ns" : {
          "min" : 0,
          "max" : 0,
          "mean" : 0.000000,
          "stddev" : 0.000000,
          "percentile" : {
            "1.000000" : 0,
            "5.000000" : 0,
            "10.000000" : 0,
            "20.000000" : 0,
            "30.000000" : 0,
            "40.000000" : 0,
            "50.000000" : 0,
            "60.000000" : 0,
            "70.000000" : 0,
            "80.000000" : 0,
            "90.000000" : 0,
            "95.000000" : 0,
            "99.000000" : 0,
            "99.500000" : 0,
            "99.900000" : 0,
            "99.950000" : 0,
            "99.990000" : 0,
            "0.00" : 0,
            "0.00" : 0,
            "0.00" : 0
          }
        },
        "lat_ns" : {
          "min" : 0,
          "max" : 0,
          "mean" : 0.000000,
          "stddev" : 0.000000
        },
        "bw_min" : 0,
        "bw_max" : 0,
        "bw_agg" : 0.000000,
        "bw_mean" : 0.000000,
        "bw_dev" : 0.000000,
        "bw_samples" : 0,
        "iops_min" : 0,
        "iops_max" : 0,
        "iops_mean" : 0.000000,
        "iops_stddev" : 0.000000,
        "iops_samples" : 0
      },
      "write" : {
        "io_bytes" : 17063936,
        "io_kbytes" : 16664,
        "bw" : 277,
        "iops" : 69.378986,
        "runtime" : 60047,
        "total_ios" : 4166,
        "short_ios" : 0,
        "drop_ios" : 0,
        "slat_ns" : {
          "min" : 18368,
          "max" : 3259945740,
          "mean" : 57614010.144983,
          "stddev" : 63342264.705966
        },
        "clat_ns" : {
          "min" : 175527,
          "max" : 9875245281,
          "mean" : 3482098929.523762,
          "stddev" : 849350621.429359,
          "percentile" : {
            "1.000000" : 608174080,
            "5.000000" : 2533359616,
            "10.000000" : 2801795072,
            "20.000000" : 3137339392,
            "30.000000" : 3271557120,
            "40.000000" : 3372220416,
            "50.000000" : 3439329280,
            "60.000000" : 3539992576,
            "70.000000" : 3640655872,
            "80.000000" : 3841982464,
            "90.000000" : 4177526784,
            "95.000000" : 4664066048,
            "99.000000" : 5335154688,
            "99.500000" : 8556380160,
            "99.900000" : 9596567552,
            "99.950000" : 9730785280,
            "99.990000" : 9865003008,
            "0.00" : 0,
            "0.00" : 0,
            "0.00" : 0
          }
        },
        "lat_ns" : {
          "min" : 34585177,
          "max" : 9981991196,
          "mean" : 3539714643.108018,
          "stddev" : 858173817.058057
        },
        "bw_min" : 8,
        "bw_max" : 128,
        "bw_agg" : 25.433376,
        "bw_mean" : 70.450450,
        "bw_dev" : 16.185571,
        "bw_samples" : 444,
        "iops_min" : 2,
        "iops_max" : 32,
        "iops_mean" : 17.612613,
        "iops_stddev" : 4.046393,
        "iops_samples" : 444
      },
      "trim" : {
        "io_bytes" : 0,
        "io_kbytes" : 0,
        "bw" : 0,
        "iops" : 0.000000,
        "runtime" : 0,
        "total_ios" : 0,
        "short_ios" : 0,
        "drop_ios" : 0,
        "slat_ns" : {
          "min" : 0,
          "max" : 0,
          "mean" : 0.000000,
          "stddev" : 0.000000
        },
        "clat_ns" : {
          "min" : 0,
          "max" : 0,
          "mean" : 0.000000,
          "stddev" : 0.000000,
          "percentile" : {
            "1.000000" : 0,
            "5.000000" : 0,
            "10.000000" : 0,
            "20.000000" : 0,
            "30.000000" : 0,
            "40.000000" : 0,
            "50.000000" : 0,
            "60.000000" : 0,
            "70.000000" : 0,
            "80.000000" : 0,
            "90.000000" : 0,
            "95.000000" : 0,
            "99.000000" : 0,
            "99.500000" : 0,
            "99.900000" : 0,
            "99.950000" : 0,
            "99.990000" : 0,
            "0.00" : 0,
            "0.00" : 0,
            "0.00" : 0
          }
        },
        "lat_ns" : {
          "min" : 0,
          "max" : 0,
          "mean" : 0.000000,
          "stddev" : 0.000000
        },
        "bw_min" : 0,
        "bw_max" : 0,
        "bw_agg" : 0.000000,
        "bw_mean" : 0.000000,
        "bw_dev" : 0.000000,
        "bw_samples" : 0,
        "iops_min" : 0,
        "iops_max" : 0,
        "iops_mean" : 0.000000,
        "iops_stddev" : 0.000000,
        "iops_samples" : 0
      },
      "usr_cpu" : 0.037897,
      "sys_cpu" : 0.161167,
      "ctx" : 16292,
      "majf" : 0,
      "minf" : 94,
      "iodepth_level" : {
        "1" : 0.100000,
        "2" : 0.192031,
        "4" : 0.384061,
        "8" : 0.768123,
        "16" : 1.536246,
        "32" : 3.072492,
        ">=64" : 93.951032
      },
      "latency_ns" : {
        "2" : 0.000000,
        "4" : 0.000000,
        "10" : 0.000000,
        "20" : 0.000000,
        "50" : 0.000000,
        "100" : 0.000000,
        "250" : 0.000000,
        "500" : 0.000000,
        "750" : 0.000000,
        "1000" : 0.000000
      },
      "latency_us" : {
        "2" : 0.000000,
        "4" : 0.000000,
        "10" : 0.000000,
        "20" : 0.000000,
        "50" : 0.000000,
        "100" : 0.000000,
        "250" : 0.048008,
        "500" : 0.000000,
        "750" : 0.048008,
        "1000" : 0.000000
      },
      "latency_ms" : {
        "2" : 0.000000,
        "4" : 0.000000,
        "10" : 0.000000,
        "20" : 0.000000,
        "50" : 0.048008,
        "100" : 0.072012,
        "250" : 0.264042,
        "500" : 0.384061,
        "750" : 0.408065,
        "1000" : 0.384061,
        "2000" : 1.728277,
        ">=2000" : 96.615458
      },
      "latency_depth" : 64,
      "latency_target" : 0,
      "latency_percentile" : 100.000000,
      "latency_window" : 0
    }
  ],
  "disk_util" : [
    {
      "name" : "md10",
      "read_ios" : 98,
      "write_ios" : 4166,
      "read_merges" : 0,
      "write_merges" : 0,
      "read_ticks" : 0,
      "write_ticks" : 0,
      "in_queue" : 0,
      "util" : 0.000000,
      "aggr_read_ios" : 26,
      "aggr_write_ios" : 5105,
      "aggr_read_merges" : 0,
      "aggr_write_merge" : 0,
      "aggr_read_ticks" : 8,
      "aggr_write_ticks" : 28585,
      "aggr_in_queue" : 28592,
      "aggr_util" : 56.101495
    },
    {
      "name" : "sdf",
      "read_ios" : 8,
      "write_ios" : 5109,
      "read_merges" : 0,
      "write_merges" : 0,
      "read_ticks" : 4,
      "write_ticks" : 34304,
      "in_queue" : 34308,
      "util" : 56.101495
    },
    {
      "name" : "sdd",
      "read_ios" : 0,
      "write_ios" : 5082,
      "read_merges" : 0,
      "write_merges" : 0,
      "read_ticks" : 0,
      "write_ticks" : 26192,