{
  "fio version" : "fio-3.1",
  "timestamp" : 1585192080,
  "timestamp_ms" : 1585192080010,
  "time" : "Thu Mar 26 04:08:00 2020",
  "jobs" : [
    {
      "jobname" : "iotest",
      "groupid" : 0,
      "error" : 0,
      "eta" : 0,
      "elapsed" : 61,
      "job options" : {
        "rw" : "randwrite",
        "bs" : "4k",
        "ioengine" : "libaio",
        "iodepth" : "1",
        "direct" : "1",
        "invalidate" : "1",
        "refill_buffers" : "1",
        "runtime" : "60",
        "numjobs" : "16",
        "group_reporting" : "1",
        "write_bw_log" : "/fio/10K/RAID10_64K//randwrite-iodepth-1-numjobs-16",
        "write_lat_log" : "/fio/10K/RAID10_64K//randwrite-iodepth-1-numjobs-16",
        "write_iops_log" : "/fio/10K/RAID10_64K//randwrite-iodepth-1-numjobs-16",
        "log_avg_msec" : "500",
        "filename" : "/dev/md10"
      },
      "read" : {
        "io_bytes" : 0,
        "io_kbytes" : 0,
        "bw" : 0,
        "iops" : 0.000000,
        "runtime" : 0,
        "total_ios" : 0,
        "short_ios" : 0,
        "drop_ios" : 0,
        "slat_ns" : {
          "min" : 0,
          "max" : 0,
          "mean" : 0.000000,
          "stddev" : 0.000000
        },
        "clat_ns" : {
          "min" : 0,
          "max" : 0,
          "mean" : 0.000000,
          "stddev" : 0.000000,
          "percentile" : {
            "1.000000" : 0,
            "5.000000" : 0,
            "10.000000" : 0,
            "20.000000" : 0,
            "30.000000" : 0,
            "40.000000" : 0,
            "50.000000" : 0,
            "60.000000" : 0,
            "70.000000" : 0,
            "80.000000" : 0,
            "90.000000" : 0,
            "95.000000" : 0,
            "99.000000" : 0,
            "99.500000" : 0,
            "99.900000" : 0,
            "99.950000" : 0,
            "99.990000" : 0,
            "0.00" : 0,
            "0.00" : 0,
            "0.00" : 0
          }
        },
        "lat_ns" : {
          "min" : 0,
          "max" : 0,
          "mean" : 0.000000,
          "stddev" : 0.000000
        },
        "bw_min" : 0,
        "bw_max" : 0,
        "bw_agg" : 0.000000,
        "bw_mean" : 0.000000,
        "bw_dev" : 0.000000,
        "bw_samples" : 0,
        "iops_min" : 0,
        "iops_max" : 0,
        "iops_mean" : 0.000000,
        "iops_stddev" : 0.000000,
        "iops_samples" : 0
      },
      "write" : {
        "io_bytes" : 18530304,
        "io_kbytes" : 18096,
        "bw" : 300,
        "iops" : 75.204468,
        "runtime" : 60156,
        "total_ios" : 4524,
        "short_ios" : 0,
        "drop_ios" : 0,
        "slat_ns" : {
          "min" : 21235,
          "max" : 2766954172,
          "mean" : 211865941.673519,
          "stddev" : 147170577.754319
        },
        "clat_ns" : {
          "min" : 33745,
          "max" : 29376204,
          "mean" : 526435.088417,
          "stddev" : 2105026.441539,
          "percentile" : {
            "1.000000" : 94720,
            "5.000000" : 113152,
            "10.000000" : 124416,
            "20.000000" : 144384,
            "30.000000" : 156672,
            "40.000000" : 166912,
            "50.000000" : 175104,
            "60.000000" : 183296,
            "70.000000" : 197632,
            "80.000000" : 209920,
            "90.000000" : 230400,
            "95.000000" : 276480,
            "99.000000" : 12124160,
            "99.500000" : 16187392,
            "99.900000" : 22151168,
            "99.950000" : 23724032,
            "99.990000" : 29491200,
            "0.00" : 0,
            "0.00" : 0,
            "0.00" : 0
          }
        },
        "lat_ns" : {
          "min" : 132120,
          "max" : 2767158346,
          "mean" : 212394756.719938,
          "stddev" : 146890448.491324
        },
        "bw_min" : 7,
        "bw_max" : 56,
        "bw_agg" : 6.444802,
        "bw_mean" : 19.334407,
        "bw_dev" : 7.971575,
        "bw_samples" : 1863,
        "iops_min" : 1,
        "iops_max" : 14,
        "iops_mean" : 4.822330,
        "iops_stddev" : 1.997876,
        "iops_samples" : 1863
      },
      "trim" : {
        "io_bytes" : 0,
        "io_kbytes" : 0,
        "bw" : 0,
        "iops" : 0.000000,
        "runtime" : 0,
        "total_ios" : 0,
        "short_ios" : 0,
        "drop_ios" : 0,
        "slat_ns" : {
          "min" : 0,
          "max" : 0,
          "mean" : 0.000000,
          "stddev" : 0.000000
        },
        "clat_ns" : {
          "min" : 0,
          "max" : 0,
          "mean" : 0.000000,
          "stddev" : 0.000000,
          "percentile" : {
            "1.000000" : 0,
            "5.000000" : 0,
            "10.000000" : 0,
            "20.000000" : 0,
            "30.000000" : 0,
            "40.000000" : 0,
            "50.000000" : 0,
            "60.000000" : 0,
            "70.000000" : 0,
            "80.000000" : 0,
            "90.000000" : 0,
            "95.000000" : 0,
            "99.000000" : 0,
            "99.500000" : 0,
            "99.900000" : 0,
            "99.950000" : 0,
            "99.990000" : 0,
            "0.00" : 0,
            "0.00" : 0,
            "0.00" : 0
          }
        },
        "lat_ns" : {
          "min" : 0,
          "max" : 0,
          "mean" : 0.000000,
          "stddev" : 0.000000
        },
        "bw_min" : 0,
        "bw_max" : 0,
        "bw_agg" : 0.000000,
        "bw_mean" : 0.000000,
        "bw_dev" : 0.000000,
        "bw_samples" : 0,
        "iops_min" : 0,
        "iops_max" : 0,
        "iops_mean" : 0.000000,
        "iops_stddev" : 0.000000,
        "iops_samples" : 0
      },
      "usr_cpu" : 0.004265,
      "sys_cpu" : 0.086126,
      "ctx" : 64444,
      "majf" : 0,
      "minf" : 332,
      "iodepth_level" : {
        "1" : 100.000000,
        "2" : 0.000000,
        "4" : 0.000000,
        "8" : 0.000000,
        "16" : 0.000000,
        "32" : 0.000000,
        ">=64" : 0.000000
      },
      "latency_ns" : {
        "2" : 0.000000,
        "4" : 0.000000,
        "10" : 0.000000,
        "20" : 0.000000,
        "50" : 0.000000,
        "100" : 0.000000,
        "250" : 0.000000,
        "500" : 0.000000,
        "750" : 0.000000,
        "1000" : 0.000000
      },
      "latency_us" : {
        "2" : 0.000000,
        "4" : 0.000000,
        "10" : 0.000000,
        "20" : 0.000000,
        "50" : 0.022104,
        "100" : 1.790451,
        "250" : 91.511936,
        "500" : 2.961981,
        "750" : 0.110522,
        "1000" : 0.000000
      },
      "latency_ms" : {
        "2" : 0.243148,
        "4" : 0.243148,
        "10" : 1.569408,
        "20" : 1.304156,
        "50" : 0.243148,
        "100" : 0.000000,
        "250" : 0.000000,
        "500" : 0.000000,
        "750" : 0.000000,
        "1000" : 0.000000,
        "2000" : 0.000000,
        ">=2000" : 0.000000
      },
      "latency_depth" : 1,
      "latency_target" : 0,
      "latency_percentile" : 100.000000,
      "latency_window" : 0
    }
  ],
  "disk_util" : [
    {
      "name" : "md10",
      "read_ios" : 251,
      "write_ios" : 4524,
      "read_merges" : 0,
      "write_merges" : 0,
      "read_ticks" : 0,
      "write_ticks" : 0,
      "in_queue" : 0,
      "util" : 0.000000,
      "aggr_read_ios" : 45,
      "aggr_write_ios" : 5488,
      "aggr_read_merges" : 0,
      "aggr_write_merge" : 0,
      "aggr_read_ticks" : 11,
      "aggr_write_ticks" : 33529,
      "aggr_in_queue" : 33533,
      "aggr_util" : 56.070187
    },
    {
      "name" : "sdf",
      "read_ios" : 14,
      "write_ios" : 5496,
      "read_merges" : 0,
      "write_merges" : 0,
      "read_ticks" : 0,
      "write_ticks" : 35184,
      "in_queue" : 35180,
      "util" : 51.747256
    },
    {
      "name" : "sdd",
      "read_ios" : 10,
      "write_ios" : 5511,
      "read_merges" : 0,
      "write_merges" : 0,
      "read_ticks" : 0,
      "write_ticks" : 38092,
      "in_queue" : 38080,