{
  "fio version" : "fio-3.1",
  "timestamp" : 1585193003,
  "timestamp_ms" : 1585193003053,
  "time" : "Thu Mar 26 04:23:23 2020",
  "jobs" : [
    {
      "jobname" : "iotest",
      "groupid" : 0,
      "error" : 0,
      "eta" : 0,
      "elapsed" : 61,
      "job options" : {
        "rw" : "randwrite",
        "bs" : "4k",
        "ioengine" : "libaio",
        "iodepth" : "4",
        "direct" : "1",
        "invalidate" : "1",
        "refill_buffers" : "1",
        "runtime" : "60",
        "numjobs" : "32",
        "group_reporting" : "1",
        "write_bw_log" : "/fio/10K/RAID10_64K//randwrite-iodepth-4-numjobs-32",
        "write_lat_log" : "/fio/10K/RAID10_64K//randwrite-iodepth-4-numjobs-32",
        "write_iops_log" : "/fio/10K/RAID10_64K//randwrite-iodepth-4-numjobs-32",
        "log_avg_msec" : "500",
        "filename" : "/dev/md10"
      },
      "read" : {
        "io_bytes" : 0,
        "io_kbytes" : 0,
        "bw" : 0,
        "iops" : 0.000000,
        "runtime" : 0,
        "total_ios" : 0,
        "short_ios" : 0,
        "drop_ios" : 0,
        "slat_ns" : {
          "min" : 0,
          "max" : 0,
          "mean" : 0.000000,
          "stddev" : 0.000000
        },
        "clat_ns" : {
          "min" : 0,
          "max" : 0,
          "mean" : 0.000000,
          "stddev" : 0.000000,
          "percentile" : {
            "1.000000" : 0,
            "5.000000" : 0,
            "10.000000" : 0,
            "20.000000" : 0,
            "30.000000" : 0,
            "40.000000" : 0,
            "50.000000" : 0,
            "60.000000" : 0,
            "70.000000" : 0,
            "80.000000" : 0,
            "90.000000" : 0,
            "95.000000" : 0,
            "99.000000" : 0,
            "99.500000" : 0,
            "99.900000" : 0,
            "99.950000" : 0,
            "99.990000" : 0,
            "0.00" : 0,
            "0.00" : 0,
            "0.00" : 0
          }
        },
        "lat_ns" : {
          "min" : 0,
          "max" : 0,
          "mean" : 0.000000,
          "stddev" : 0.000000
        },
        "bw_min" : 0,
        "bw_max" : 0,
        "bw_agg" : 0.000000,
        "bw_mean" : 0.000000,
        "bw_dev" : 0.000000,
        "bw_samples" : 0,
        "iops_min" : 0,
        "iops_max" : 0,
        "iops_mean" : 0.000000,
        "iops_stddev" : 0.000000,
        "iops_samples" : 0
      },
      "write" : {
        "io_bytes" : 19419136,
        "io_kbytes" : 18964,
        "bw" : 314,
        "iops" : 78.667906,
        "runtime" : 60266,
        "total_ios" : 4741,
        "short_ios" : 0,
        "drop_ios" : 0,
        "slat_ns" : {
          "min" : 16119,
          "max" : 4789418648,
          "mean" : 405421990.341489,
          "stddev" : 479947577.149129
        },
        "clat_ns" : {
          "min" : 91071,
          "max" : 7179727983,
          "mean" : 1197641985.044717,
          "stddev" : 861652460.678932,
          "percentile" : {
            "1.000000" : 54788096,
            "5.000000" : 196083712,
            "10.000000" : 291504128,
            "20.000000" : 463470592,
            "30.000000" : 641728512,
            "40.000000" : 817889280,
            "50.000000" : 1002438656,
            "60.000000" : 1216348160,
            "70.000000" : 1501560832,
            "80.000000" : 1820327936,
            "90.000000" : 2332033024,
            "95.000000" : 2835349504,
            "99.000000" : 3976200192,
            "99.500000" : 4462739456,
            "99.900000" : 5536481280,
            "99.950000" : 6274678784,
            "99.990000" : 7147094016,
            "0.00" : 0,
            "0.00" : 0,
            "0.00" : 0
          }
        },
        "lat_ns" : {
          "min" : 47654051,
          "max" : 7911474870,
          "mean" : 1603066881.369121,
          "stddev" : 1007071404.964642
        },
        "bw_min" : 7,
        "bw_max" : 168,
        "bw_agg" : 4.858171,
        "bw_mean" : 15.254658,
        "bw_dev" : 9.459774,
        "bw_samples" : 2415,
        "iops_min" : 1,
        "iops_max" : 42,
        "iops_mean" : 3.792961,
        "iops_stddev" : 2.365038,
        "iops_samples" : 2415
      },
      "trim" : {
        "io_bytes" : 0,
        "io_kbytes" : 0,
        "bw" : 0,
        "iops" : 0.000000,
        "runtime" : 0,
        "total_ios" : 0,
        "short_ios" : 0,
        "drop_ios" : 0,
        "slat_ns" : {
          "min" : 0,
          "max" : 0,
          "mean" : 0.000000,
          "stddev" : 0.000000
        },
        "clat_ns" : {
          "min" : 0,
          "max" : 0,
          "mean" : 0.000000,
          "stddev" : 0.000000,
          "percentile" : {
            "1.000000" : 0,
            "5.000000" : 0,
            "10.000000" : 0,
            "20.000000" : 0,
            "30.000000" : 0,
            "40.000000" : 0,
            "50.000000" : 0,
            "60.000000" : 0,
            "70.000000" : 0,
            "80.000000" : 0,
            "90.000000" : 0,
            "95.000000" : 0,
            "99.000000" : 0,
            "99.500000" : 0,
            "99.900000" : 0,
            "99.950000" : 0,
            "99.990000" : 0,
            "0.00" : 0,
            "0.00" : 0,
            "0.00" : 0
          }
        },
        "lat_ns" : {
          "min" : 0,
          "max" : 0,
          "mean" : 0.000000,
          "stddev" : 0.000000
        },
        "bw_min" : 0,
        "bw_max" : 0,
        "bw_agg" : 0.000000,
        "bw_mean" : 0.000000,
        "bw_dev" : 0.000000,
        "bw_samples" : 0,
        "iops_min" : 0,
        "iops_max" : 0,
        "iops_mean" : 0.000000,
        "iops_stddev" : 0.000000,
        "iops_samples" : 0
      },
      "usr_cpu" : 0.011592,
      "sys_cpu" : 0.045692,
      "ctx" : 132095,
      "majf" : 0,
      "minf" : 755,
      "iodepth_level" : {
        "1" : 0.674963,
        "2" : 1.349926,
        "4" : 97.975111,
        "8" : 0.000000,
        "16" : 0.000000,
        "32" : 0.000000,
        ">=64" : 0.000000
      },
      "latency_ns" : {
        "2" : 0.000000,
        "4" : 0.000000,
        "10" : 0.000000,
        "20" : 0.000000,
        "50" : 0.000000,
        "100" : 0.000000,
        "250" : 0.000000,
        "500" : 0.000000,
        "750" : 0.000000,
        "1000" : 0.000000
      },
      "latency_us" : {
        "2" : 0.000000,
        "4" : 0.000000,
        "10" : 0.000000,
        "20" : 0.000000,
        "50" : 0.000000,
        "100" : 0.042185,
        "250" : 0.210926,
        "500" : 0.189833,
        "750" : 0.000000,
        "1000" : 0.000000
      },
      "latency_ms" : {
        "2" : 0.021093,
        "4" : 0.063278,
        "10" : 0.147648,
        "20" : 0.000000,
        "50" : 0.189833,
        "100" : 0.717148,
        "250" : 6.222316,
        "500" : 14.026577,
        "750" : 14.511706,
        "1000" : 13.499262,
        "2000" : 34.085636,
        ">=2000" : 16.072559
      },
      "latency_depth" : 4,
      "latency_target" : 0,
      "latency_percentile" : 100.000000,
      "latency_window" : 0
    }
  ],
  "disk_util" : [
    {
      "name" : "md10",
      "read_ios" : 295,
      "write_ios" : 4741,
      "read_merges" : 0,
      "write_merges" : 0,
      "read_ticks" : 0,
      "write_ticks" : 0,
      "in_queue" : 0,
      "util" : 0.000000,
      "aggr_read_ios" : 65,
      "aggr_write_ios" : 5312,
      "aggr_read_merges" : 0,
      "aggr_write_merge" : 0,
      "aggr_read_ticks" : 14,
      "aggr_write_ticks" : 29565,
      "aggr_in_queue" : 29576,
      "aggr_util" : 52.734793
    },
    {
      "name" : "sdf",
      "read_ios" : 20,
      "write_ios" : 5334,
      "read_merges" : 0,
      "write_merges" : 0,
      "read_ticks" : 0,
      "write_ticks" : 31100,
      "in_queue" : 31088,
      "util" : 50.857793
    },
    {
      "name" : "sdd",
      "read_ios" : 12,
      "write_ios" : 5316,
      "read_merges" : 0,
      "write_merges" : 0,
      "read_ticks" : 8,
      "write_ticks" : 29768,