{
  "fio version" : "fio-3.1",
  "timestamp" : 1585194233,
  "timestamp_ms" : 1585194233131,
  "time" : "Thu Mar 26 04:43:53 2020",
  "jobs" : [
    {
      "jobname" : "iotest",
      "groupid" : 0,
      "error" : 0,
      "eta" : 0,
      "elapsed" : 61,
      "job options" : {
        "rw" : "randwrite",
        "bs" : "4k",
        "ioengine" : "libaio",
        "iodepth" : "32",
        "direct" : "1",
        "invalidate" : "1",
        "refill_buffers" : "1",
        "runtime" : "60",
        "numjobs" : "16",
        "group_reporting" : "1",
        "write_bw_log" : "/fio/10K/RAID10_64K//randwrite-iodepth-32-numjobs-16",
        "write_lat_log" : "/fio/10K/RAID10_64K//randwrite-iodepth-32-numjobs-16",
        "write_iops_log" : "/fio/10K/RAID10_64K//randwrite-iodepth-32-numjobs-16",
        "log_avg_msec" : "500",
        "filename" : "/dev/md10"
      },
      "read" : {
        "io_bytes" : 0,
        "io_kbytes" : 0,
        "bw" : 0,
        "iops" : 0.000000,
        "runtime" : 0,
        "total_ios" : 0,
        "short_ios" : 0,
        "drop_ios" : 0,
        "slat_ns" : {
          "min" : 0,
          "max" : 0,
          "mean" : 0.000000,
          "stddev" : 0.000000
        },
        "clat_ns" : {
          "min" : 0,
          "max" : 0,
          "mean" : 0.000000,
          "stddev" : 0.000000,
          "percentile" : {
            "1.000000" : 0,
            "5.000000" : 0,
            "10.000000" : 0,
            "20.000000" : 0,
            "30.000000" : 0,
            "40.000000" : 0,
            "50.000000" : 0,
            "60.000000" : 0,
            "70.000000" : 0,
            "80.000000" : 0,
            "90.000000" : 0,
            "95.000000" : 0,
            "99.000000" : 0,
            "99.500000" : 0,
            "99.900000" : 0,
            "99.950000" : 0,
            "99.990000" : 0,
            "0.00" : 0,
            "0.00" : 0,
            "0.00" : 0
          }
        },
        "lat_ns" : {
          "min" : 0,
          "max" : 0,
          "mean" : 0.000000,
          "stddev" : 0.000000
        },
        "bw_min" : 0,
        "bw_max" : 0,
        "bw_agg" : 0.000000,
        "bw_mean" : 0.000000,
        "bw_dev" : 0.000000,
        "bw_samples" : 0,
        "iops_min" : 0,
        "iops_max" : 0,
        "iops_mean" : 0.000000,
        "iops_stddev" : 0.000000,
        "iops_samples" : 0
      },
      "write" : {
        "io_bytes" : 19034112,
        "io_kbytes" : 18588,
        "bw" : 308,
        "iops" : 77.118391,
        "runtime" : 60258,
        "total_ios" : 4647,
        "short_ios" : 0,
        "drop_ios" : 0,
        "slat_ns" : {
          "min" : 17980,
          "max" : 2351792126,
          "mean" : 206784661.856897,
          "stddev" : 182829333.194123
        },
        "clat_ns" : {
          "min" : 83127,
          "max" : 15116220862,
          "mean" : 6061747115.863352,
          "stddev" : 1631424175.554649,
          "percentile" : {
            "1.000000" : 484442112,
            "5.000000" : 3036676096,
            "10.000000" : 4664066048,
            "20.000000" : 5268045824,
            "30.000000" : 5603590144,
            "40.000000" : 5872025600,
            "50.000000" : 6140461056,
            "60.000000" : 6408896512,
            "70.000000" : 6677331968,
            "80.000000" : 7012876288,
            "90.000000" : 7616856064,
            "95.000000" : 8019509248,
            "99.000000" : 9596567552,
            "99.500000" : 13891534848,
            "99.900000" : 14696841216,
            "99.950000" : 14965276672,
            "99.990000" : 15099494400,
            "0.00" : 0,
            "0.00" : 0,
            "0.00" : 0
          }
        },
        "lat_ns" : {
          "min" : 40409931,
          "max" : 16113146009,
          "mean" : 6268534169.883581,
          "stddev" : 1647141333.430151
        },
        "bw_min" : 7,
        "bw_max" : 57,
        "bw_agg" : 6.531669,
        "bw_mean" : 20.117540,
        "bw_dev" : 9.791063,
        "bw_samples" : 1642,
        "iops_min" : 1,
        "iops_max" : 14,
        "iops_mean" : 5.014616,
        "iops_stddev" : 2.445462,
        "iops_samples" : 1642
      },
      "trim" : {
        "io_bytes" : 0,
        "io_kbytes" : 0,
        "bw" : 0,
        "iops" : 0.000000,
        "runtime" : 0,
        "total_ios" : 0,
        "short_ios" : 0,
        "drop_ios" : 0,
        "slat_ns" : {
          "min" : 0,
          "max" : 0,
          "mean" : 0.000000,
          "stddev" : 0.000000
        },
        "clat_ns" : {
          "min" : 0,
          "max" : 0,
          "mean" : 0.000000,
          "stddev" : 0.000000,
          "percentile" : {
            "1.000000" : 0,
            "5.000000" : 0,
            "10.000000" : 0,
            "20.000000" : 0,
            "30.000000" : 0,
            "40.000000" : 0,
            "50.000000" : 0,
            "60.000000" : 0,
            "70.000000" : 0,
            "80.000000" : 0,
            "90.000000" : 0,
            "95.000000" : 0,
            "99.000000" : 0,
            "99.500000" : 0,
            "99.900000" : 0,
            "99.950000" : 0,
            "99.990000" : 0,
            "0.00" : 0,
            "0.00" : 0,
            "0.00" : 0
          }
        },
        "lat_ns" : {
          "min" : 0,
          "max" : 0,
          "mean" : 0.000000,
          "stddev" : 0.000000
        },
        "bw_min" : 0,
        "bw_max" : 0,
        "bw_agg" : 0.000000,
        "bw_mean" : 0.000000,
        "bw_dev" : 0.000000,
        "bw_samples" : 0,
        "iops_min" : 0,
        "iops_max" : 0,
        "iops_mean" : 0.000000,
        "iops_stddev" : 0.000000,
        "iops_samples" : 0
      },
      "usr_cpu" : 0.016956,
      "sys_cpu" : 0.059815,
      "ctx" : 57427,
      "majf" : 0,
      "minf" : 383,
      "iodepth_level" : {
        "1" : 0.344308,
        "2" : 0.688616,
        "4" : 1.377233,
        "8" : 2.754465,
        "16" : 5.508930,
        "32" : 89.326447,
        ">=64" : 0.000000
      },
      "latency_ns" : {
        "2" : 0.000000,
        "4" : 0.000000,
        "10" : 0.000000,
        "20" : 0.000000,
        "50" : 0.000000,
        "100" : 0.000000,
        "250" : 0.000000,
        "500" : 0.000000,
        "750" : 0.000000,
        "1000" : 0.000000
      },
      "latency_us" : {
        "2" : 0.000000,
        "4" : 0.000000,
        "10" : 0.000000,
        "20" : 0.000000,
        "50" : 0.000000,
        "100" : 0.021519,
        "250" : 0.129116,
        "500" : 0.000000,
        "750" : 0.000000,
        "1000" : 0.064558
      },
      "latency_ms" : {
        "2" : 0.064558,
        "4" : 0.043039,
        "10" : 0.021519,
        "20" : 0.000000,
        "50" : 0.043039,
        "100" : 0.086077,
        "250" : 0.258231,
        "500" : 0.322789,
        "750" : 0.322789,
        "1000" : 0.473424,
        "2000" : 1.570906,
        ">=2000" : 96.578438
      },
      "latency_depth" : 32,
      "latency_target" : 0,
      "latency_percentile" : 100.000000,
      "latency_window" : 0
    }
  ],
  "disk_util" : [
    {
      "name" : "md10",
      "read_ios" : 349,
      "write_ios" : 4647,
      "read_merges" : 0,
      "write_merges" : 0,
      "read_ticks" : 0,
      "write_ticks" : 0,
      "in_queue" : 0,
      "util" : 0.000000,
      "aggr_read_ios" : 58,
      "aggr_write_ios" : 5124,
      "aggr_read_merges" : 0,
      "aggr_write_merge" : 0,
      "aggr_read_ticks" : 14,
      "aggr_write_ticks" : 30738,
      "aggr_in_queue" : 30751,
      "aggr_util" : 51.379544
    },
    {
      "name" : "sdf",
      "read_ios" : 16,
      "write_ios" : 5142,
      "read_merges" : 0,
      "write_merges" : 0,
      "read_ticks" : 12,
      "write_ticks" : 32900,
      "in_queue" : 32912,
      "util" : 51.379544
    },
    {
      "name" : "sdd",
      "read_ios" : 12,
      "write_ios" : 5138,
      "read_merges" : 0,
      "write_merges" : 0,
      "read_ticks" : 20,