{
  "fio version" : "fio-3.1",
  "timestamp" : 1585194663,
  "timestamp_ms" : 1585194663801,
  "time" : "Thu Mar 26 04:51:03 2020",
  "jobs" : [
    {
      "jobname" : "iotest",
      "groupid" : 0,
      "error" : 0,
      "eta" : 0,
      "elapsed" : 61,
      "job options" : {
        "rw" : "randwrite",
        "bs" : "4k",
        "ioengine" : "libaio",
        "iodepth" : "64",
        "direct" : "1",
        "invalidate" : "1",
        "refill_buffers" : "1",
        "runtime" : "60",
        "numjobs" : "16",
        "group_reporting" : "1",
        "write_bw_log" : "/fio/10K/RAID10_64K//randwrite-iodepth-64-numjobs-16",
        "write_lat_log" : "/fio/10K/RAID10_64K//randwrite-iodepth-64-numjobs-16",
        "write_iops_log" : "/fio/10K/RAID10_64K//randwrite-iodepth-64-numjobs-16",
        "log_avg_msec" : "500",
        "filename" : "/dev/md10"
      },
      "read" : {
        "io_bytes" : 0,
        "io_kbytes" : 0,
        "bw" : 0,
        "iops" : 0.000000,
        "runtime" : 0,
        "total_ios" : 0,
        "short_ios" : 0,
        "drop_ios" : 0,
        "slat_ns" : {
          "min" : 0,
          "max" : 0,
          "mean" : 0.000000,
          "stddev" : 0.000000
        },
        "clat_ns" : {
          "min" : 0,
          "max" : 0,
          "mean" : 0.000000,
          "stddev" : 0.000000,
          "percentile" : {
            "1.000000" : 0,
            "5.000000" : 0,
            "10.000000" : 0,
            "20.000000" : 0,
            "30.000000" : 0,
            "40.000000" : 0,
            "50.000000" : 0,
            "60.000000" : 0,
            "70.000000" : 0,
            "80.000000" : 0,
            "90.000000" : 0,
            "95.000000" : 0,
            "99.000000" : 0,
            "99.500000" : 0,
            "99.900000" : 0,
            "99.950000" : 0,
            "99.990000" : 0,
            "0.00" : 0,
            "0.00" : 0,
            "0.00" : 0
          }
        },
        "lat_ns" : {
          "min" : 0,
          "max" : 0,
          "mean" : 0.000000,
          "stddev" : 0.000000
        },
        "bw_min" : 0,
        "bw_max" : 0,
        "bw_agg" : 0.000000,
        "bw_mean" : 0.000000,
        "bw_dev" : 0.000000,
        "bw_samples" : 0,
        "iops_min" : 0,
        "iops_max" : 0,
        "iops_mean" : 0.000000,
        "iops_stddev" : 0.000000,
        "iops_samples" : 0
      },
      "write" : {
        "io_bytes" : 18837504,
        "io_kbytes" : 18396,
        "bw" : 305,
        "iops" : 76.405502,
        "runtime" : 60192,
        "total_ios" : 4599,
        "short_ios" : 0,
        "drop_ios" : 0,
        "slat_ns" : {
          "min" : 16231,
          "max" : 1706318256,
          "mean" : 208942705.742118,
          "stddev" : 178182259.825055
        },
        "clat_ns" : {
          "min" : 99646,
          "max" : 16959657245,
          "mean" : 11692685778.076538,
          "stddev" : 3600947944.239227,
          "percentile" : {
            "1.000000" : 400556032,
            "5.000000" : 2701131776,
            "10.000000" : 5737807872,
            "20.000000" : 10670309376,
            "30.000000" : 11609833472,
            "40.000000" : 12146704384,
            "50.000000" : 12549357568,
            "60.000000" : 13086228480,
            "70.000000" : 13623099392,
            "80.000000" : 14294188032,
            "90.000000" : 14965276672,
            "95.000000" : 15367929856,
            "99.000000" : 16307453952,
            "99.500000" : 16710107136,
            "99.900000" : 16844324864,
            "99.950000" : 16978542592,
            "99.990000" : 16978542592,
            "0.00" : 0,
            "0.00" : 0,
            "0.00" : 0
          }
        },
        "lat_ns" : {
          "min" : 66428570,
          "max" : 17217308045,
          "mean" : 11901630841.188082,
          "stddev" : 3607526239.552376
        },
        "bw_min" : 7,
        "bw_max" : 57,
        "bw_agg" : 6.567731,
        "bw_mean" : 20.031579,
        "bw_dev" : 9.734090,
        "bw_samples" : 1425,
        "iops_min" : 1,
        "iops_max" : 14,
        "iops_mean" : 4.978246,
        "iops_stddev" : 2.436890,
        "iops_samples" : 1425
      },
      "trim" : {
        "io_bytes" : 0,
        "io_kbytes" : 0,
        "bw" : 0,
        "iops" : 0.000000,
        "runtime" : 0,
        "total_ios" : 0,
        "short_ios" : 0,
        "drop_ios" : 0,
        "slat_ns" : {
          "min" : 0,
          "max" : 0,
          "mean" : 0.000000,
          "stddev" : 0.000000
        },
        "clat_ns" : {
          "min" : 0,
          "max" : 0,
          "mean" : 0.000000,
          "stddev" : 0.000000,
          "percentile" : {
            "1.000000" : 0,
            "5.000000" : 0,
            "10.000000" : 0,
            "20.000000" : 0,
            "30.000000" : 0,
            "40.000000" : 0,
            "50.000000" : 0,
            "60.000000" : 0,
            "70.000000" : 0,
            "80.000000" : 0,
            "90.000000" : 0,
            "95.000000" : 0,
            "99.000000" : 0,
            "99.500000" : 0,
            "99.900000" : 0,
            "99.950000" : 0,
            "99.990000" : 0,
            "0.00" : 0,
            "0.00" : 0,
            "0.00" : 0
          }
        },
        "lat_ns" : {
          "min" : 0,
          "max" : 0,
          "mean" : 0.000000,
          "stddev" : 0.000000
        },
        "bw_min" : 0,
        "bw_max" : 0,
        "bw_agg" : 0.000000,
        "bw_mean" : 0.000000,
        "bw_dev" : 0.000000,
        "bw_samples" : 0,
        "iops_min" : 0,
        "iops_max" : 0,
        "iops_mean" : 0.000000,
        "iops_stddev" : 0.000000,
        "iops_samples" : 0
      },
      "usr_cpu" : 0.012379,
      "sys_cpu" : 0.063662,
      "ctx" : 57383,
      "majf" : 0,
      "minf" : 360,
      "iodepth_level" : {
        "1" : 0.347902,
        "2" : 0.695803,
        "4" : 1.391607,
        "8" : 2.783214,
        "16" : 5.566427,
        "32" : 11.132855,
        ">=64" : 78.082192
      },
      "latency_ns" : {
        "2" : 0.000000,
        "4" : 0.000000,
        "10" : 0.000000,
        "20" : 0.000000,
        "50" : 0.000000,
        "100" : 0.000000,
        "250" : 0.000000,
        "500" : 0.000000,
        "750" : 0.000000,
        "1000" : 0.000000
      },
      "latency_us" : {
        "2" : 0.000000,
        "4" : 0.000000,
        "10" : 0.000000,
        "20" : 0.000000,
        "50" : 0.000000,
        "100" : 0.021744,
        "250" : 0.217439,
        "500" : 0.043488,
        "750" : 0.000000,
        "1000" : 0.021744
      },
      "latency_ms" : {
        "2" : 0.000000,
        "4" : 0.043488,
        "10" : 0.000000,
        "20" : 0.000000,
        "50" : 0.000000,
        "100" : 0.086975,
        "250" : 0.217439,
        "500" : 0.500109,
        "750" : 0.434877,
        "1000" : 0.587084,
        "2000" : 1.674277,
        ">=2000" : 96.151337
      },
      "latency_depth" : 64,
      "latency_target" : 0,
      "latency_percentile" : 100.000000,
      "latency_window" : 0
    }
  ],
  "disk_util" : [
    {
      "name" : "md10",
      "read_ios" : 248,
      "write_ios" : 4599,
      "read_merges" : 0,
      "write_merges" : 0,
      "read_ticks" : 0,
      "write_ticks" : 0,
      "in_queue" : 0,
      "util" : 0.000000,
      "aggr_read_ios" : 45,
      "aggr_write_ios" : 5104,
      "aggr_read_merges" : 0,
      "aggr_write_merge" : 0,
      "aggr_read_ticks" : 17,
      "aggr_write_ticks" : 31143,
      "aggr_in_queue" : 31159,
      "aggr_util" : 52.886603
    },
    {
      "name" : "sdf",
      "read_ios" : 16,
      "write_ios" : 5117,
      "read_merges" : 0,
      "write_merges" : 0,
      "read_ticks" : 16,
      "write_ticks" : 34108,
      "in_queue" : 34124,
      "util" : 52.886603
    },
    {
      "name" : "sdd",
      "read_ios" : 6,
      "write_ios" : 5121,
      "read_merges" : 0,
      "write_merges" : 0,
      "read_ticks" : 0,