{
  "fio version" : "fio-3.1",
  "timestamp" : 1585193741,
  "timestamp_ms" : 1585193741123,
  "time" : "Thu Mar 26 04:35:41 2020",
  "jobs" : [
    {
      "jobname" : "iotest",
      "groupid" : 0,
      "error" : 0,
      "eta" : 0,
      "elapsed" : 61,
      "job options" : {
        "rw" : "randwrite",
        "bs" : "4k",
        "ioengine" : "libaio",
        "iodepth" : "16",
        "direct" : "1",
        "invalidate" : "1",
        "refill_buffers" : "1",
        "runtime" : "60",
        "numjobs" : "8",
        "group_reporting" : "1",
        "write_bw_log" : "/fio/10K/RAID10_64K//randwrite-iodepth-16-numjobs-8",
        "write_lat_log" : "/fio/10K/RAID10_64K//randwrite-iodepth-16-numjobs-8",
        "write_iops_log" : "/fio/10K/RAID10_64K//randwrite-iodepth-16-numjobs-8",
        "log_avg_msec" : "500",
        "filename" : "/dev/md10"
      },
      "read" : {
        "io_bytes" : 0,
        "io_kbytes" : 0,
        "bw" : 0,
        "iops" : 0.000000,
        "runtime" : 0,
        "total_ios" : 0,
        "short_ios" : 0,
        "drop_ios" : 0,
        "slat_ns" : {
          "min" : 0,
          "max" : 0,
          "mean" : 0.000000,
          "stddev" : 0.000000
        },
        "clat_ns" : {
          "min" : 0,
          "max" : 0,
          "mean" : 0.000000,
          "stddev" : 0.000000,
          "percentile" : {
            "1.000000" : 0,
            "5.000000" : 0,
            "10.000000" : 0,
            "20.000000" : 0,
            "30.000000" : 0,
            "40.000000" : 0,
            "50.000000" : 0,
            "60.000000" : 0,
            "70.000000" : 0,
            "80.000000" : 0,
            "90.000000" : 0,
            "95.000000" : 0,
            "99.000000" : 0,
            "99.500000" : 0,
            "99.900000" : 0,
            "99.950000" : 0,
            "99.990000" : 0,
            "0.00" : 0,
            "0.00" : 0,
            "0.00" : 0
          }
        },
        "lat_ns" : {
          "min" : 0,
          "max" : 0,
          "mean" : 0.000000,
          "stddev" : 0.000000
        },
        "bw_min" : 0,
        "bw_max" : 0,
        "bw_agg" : 0.000000,
        "bw_mean" : 0.000000,
        "bw_dev" : 0.000000,
        "bw_samples" : 0,
        "iops_min" : 0,
        "iops_max" : 0,
        "iops_mean" : 0.000000,
        "iops_stddev" : 0.000000,
        "iops_samples" : 0
      },
      "write" : {
        "io_bytes" : 17625088,
        "io_kbytes" : 17212,
        "bw" : 286,
        "iops" : 71.617596,
        "runtime" : 60083,
        "total_ios" : 4303,
        "short_ios" : 0,
        "drop_ios" : 0,
        "slat_ns" : {
          "min" : 17544,
          "max" : 3615494293,
          "mean" : 111582651.379270,
          "stddev" : 158688738.392689
        },
        "clat_ns" : {
          "min" : 142051,
          "max" : 19304234564,
          "mean" : 1639128101.627702,
          "stddev" : 1087194501.255068,
          "percentile" : {
            "1.000000" : 534773760,
            "5.000000" : 901775360,
            "10.000000" : 1044381696,
            "20.000000" : 1216348160,
            "30.000000" : 1333788672,
            "40.000000" : 1417674752,
            "50.000000" : 1501560832,
            "60.000000" : 1585446912,
            "70.000000" : 1686110208,
            "80.000000" : 1820327936,
            "90.000000" : 2088763392,
            "95.000000" : 2600468480,
            "99.000000" : 6006243328,
            "99.500000" : 6878658560,
            "99.900000" : 17112760320,
            "99.950000" : 17112760320,
            "99.990000" : 17112760320,
            "0.00" : 0,
            "0.00" : 0,
            "0.00" : 0
          }
        },
        "lat_ns" : {
          "min" : 33675324,
          "max" : 19519643882,
          "mean" : 1750712617.381827,
          "stddev" : 1136412723.515521
        },
        "bw_min" : 7,
        "bw_max" : 129,
        "bw_agg" : 13.220189,
        "bw_mean" : 37.809740,
        "bw_dev" : 17.554775,
        "bw_samples" : 883,
        "iops_min" : 1,
        "iops_max" : 32,
        "iops_mean" : 9.415629,
        "iops_stddev" : 4.392127,
        "iops_samples" : 883
      },
      "trim" : {
        "io_bytes" : 0,
        "io_kbytes" : 0,
        "bw" : 0,
        "iops" : 0.000000,
        "runtime" : 0,
        "total_ios" : 0,
        "short_ios" : 0,
        "drop_ios" : 0,
        "slat_ns" : {
          "min" : 0,
          "max" : 0,
          "mean" : 0.000000,
          "stddev" : 0.000000
        },
        "clat_ns" : {
          "min" : 0,
          "max" : 0,
          "mean" : 0.000000,
          "stddev" : 0.000000,
          "percentile" : {
            "1.000000" : 0,
            "5.000000" : 0,
            "10.000000" : 0,
            "20.000000" : 0,
            "30.000000" : 0,
            "40.000000" : 0,
            "50.000000" : 0,
            "60.000000" : 0,
            "70.000000" : 0,
            "80.000000" : 0,
            "90.000000" : 0,
            "95.000000" : 0,
            "99.000000" : 0,
            "99.500000" : 0,
            "99.900000" : 0,
            "99.950000" : 0,
            "99.990000" : 0,
            "0.00" : 0,
            "0.00" : 0,
            "0.00" : 0
          }
        },
        "lat_ns" : {
          "min" : 0,
          "max" : 0,
          "mean" : 0.000000,
          "stddev" : 0.000000
        },
        "bw_min" : 0,
        "bw_max" : 0,
        "bw_agg" : 0.000000,
        "bw_mean" : 0.000000,
        "bw_dev" : 0.000000,
        "bw_samples" : 0,
        "iops_min" : 0,
        "iops_max" : 0,
        "iops_mean" : 0.000000,
        "iops_stddev" : 0.000000,
        "iops_samples" : 0
      },
      "usr_cpu" : 0.015822,
      "sys_cpu" : 0.102841,
      "ctx" : 32813,
      "majf" : 0,
      "minf" : 171,
      "iodepth_level" : {
        "1" : 0.185917,
        "2" : 0.371834,
        "4" : 0.743667,
        "8" : 1.487334,
        "16" : 97.211248,
        "32" : 0.000000,
        ">=64" : 0.000000
      },
      "latency_ns" : {
        "2" : 0.000000,
        "4" : 0.000000,
        "10" : 0.000000,
        "20" : 0.000000,
        "50" : 0.000000,
        "100" : 0.000000,
        "250" : 0.000000,
        "500" : 0.000000,
        "750" : 0.000000,
        "1000" : 0.000000
      },
      "latency_us" : {
        "2" : 0.000000,
        "4" : 0.000000,
        "10" : 0.000000,
        "20" : 0.000000,
        "50" : 0.000000,
        "100" : 0.000000,
        "250" : 0.116198,
        "500" : 0.000000,
        "750" : 0.000000,
        "1000" : 0.000000
      },
      "latency_ms" : {
        "2" : 0.000000,
        "4" : 0.069719,
        "10" : 0.000000,
        "20" : 0.000000,
        "50" : 0.046479,
        "100" : 0.069719,
        "250" : 0.278875,
        "500" : 0.348594,
        "750" : 1.557053,
        "1000" : 5.647223,
        "2000" : 79.874506,
        ">=2000" : 11.991634
      },
      "latency_depth" : 16,
      "latency_target" : 0,
      "latency_percentile" : 100.000000,
      "latency_window" : 0
    }
  ],
  "disk_util" : [
    {
      "name" : "md10",
      "read_ios" : 101,
      "write_ios" : 4300,
      "read_merges" : 0,
      "write_merges" : 0,
      "read_ticks" : 0,
      "write_ticks" : 0,
      "in_queue" : 0,
      "util" : 0.000000,
      "aggr_read_ios" : 39,
      "aggr_write_ios" : 5180,
      "aggr_read_merges" : 0,
      "aggr_write_merge" : 0,
      "aggr_read_ticks" : 12,
      "aggr_write_ticks" : 28660,
      "aggr_in_queue" : 28671,
      "aggr_util" : 55.369011
    },
    {
      "name" : "sdf",
      "read_ios" : 12,
      "write_ios" : 5180,
      "read_merges" : 0,
      "write_merges" : 0,
      "read_ticks" : 0,
      "write_ticks" : 28712,
      "in_queue" : 28712,
      "util" : 46.875155
    },
    {
      "name" : "sdd",
      "read_ios" : 6,
      "write_ios" : 5171,
      "read_merges" : 0,
      "write_merges" : 0,
      "read_ticks" : 0,
      "write_ticks" : 27352,