{
  "fio version" : "fio-3.1",
  "timestamp" : 1585192449,
  "timestamp_ms" : 1585192449145,
  "time" : "Thu Mar 26 04:14:09 2020",
  "jobs" : [
    {
      "jobname" : "iotest",
      "groupid" : 0,
      "error" : 0,
      "eta" : 0,
      "elapsed" : 61,
      "job options" : {
        "rw" : "randwrite",
        "bs" : "4k",
        "ioengine" : "libaio",
        "iodepth" : "2",
        "direct" : "1",
        "invalidate" : "1",
        "refill_buffers" : "1",
        "runtime" : "60",
        "numjobs" : "8",
        "group_reporting" : "1",
        "write_bw_log" : "/fio/10K/RAID10_64K//randwrite-iodepth-2-numjobs-8",
        "write_lat_log" : "/fio/10K/RAID10_64K//randwrite-iodepth-2-numjobs-8",
        "write_iops_log" : "/fio/10K/RAID10_64K//randwrite-iodepth-2-numjobs-8",
        "log_avg_msec" : "500",
        "filename" : "/dev/md10"
      },
      "read" : {
        "io_bytes" : 0,
        "io_kbytes" : 0,
        "bw" : 0,
        "iops" : 0.000000,
        "runtime" : 0,
        "total_ios" : 0,
        "short_ios" : 0,
        "drop_ios" : 0,
        "slat_ns" : {
          "min" : 0,
          "max" : 0,
          "mean" : 0.000000,
          "stddev" : 0.000000
        },
        "clat_ns" : {
          "min" : 0,
          "max" : 0,
          "mean" : 0.000000,
          "stddev" : 0.000000,
          "percentile" : {
            "1.000000" : 0,
            "5.000000" : 0,
            "10.000000" : 0,
            "20.000000" : 0,
            "30.000000" : 0,
            "40.000000" : 0,
            "50.000000" : 0,
            "60.000000" : 0,
            "70.000000" : 0,
            "80.000000" : 0,
            "90.000000" : 0,
            "95.000000" : 0,
            "99.000000" : 0,
            "99.500000" : 0,
            "99.900000" : 0,
            "99.950000" : 0,
            "99.990000" : 0,
            "0.00" : 0,
            "0.00" : 0,
            "0.00" : 0
          }
        },
        "lat_ns" : {
          "min" : 0,
          "max" : 0,
          "mean" : 0.000000,
          "stddev" : 0.000000
        },
        "bw_min" : 0,
        "bw_max" : 0,
        "bw_agg" : 0.000000,
        "bw_mean" : 0.000000,
        "bw_dev" : 0.000000,
        "bw_samples" : 0,
        "iops_min" : 0,
        "iops_max" : 0,
        "iops_mean" : 0.000000,
        "iops_stddev" : 0.000000,
        "iops_samples" : 0
      },
      "write" : {
        "io_bytes" : 17465344,
        "io_kbytes" : 17056,
        "bw" : 283,
        "iops" : 70.975581,
        "runtime" : 60077,
        "total_ios" : 4264,
        "short_ios" : 0,
        "drop_ios" : 0,
        "slat_ns" : {
          "min" : 20815,
          "max" : 5896197586,
          "mean" : 112601812.997420,
          "stddev" : 161998834.404909
        },
        "clat_ns" : {
          "min" : 81424,
          "max" : 4333765268,
          "mean" : 111065514.314024,
          "stddev" : 135666803.043502,
          "percentile" : {
            "1.000000" : 120320,
            "5.000000" : 14221312,
            "10.000000" : 17956864,
            "20.000000" : 23199744,
            "30.000000" : 30801920,
            "40.000000" : 50069504,
            "50.000000" : 72876032,
            "60.000000" : 100139008,
            "70.000000" : 135266304,
            "80.000000" : 179306496,
            "90.000000" : 254803968,
            "95.000000" : 325058560,
            "99.000000" : 501219328,
            "99.500000" : 608174080,
            "99.900000" : 1182793728,
            "99.950000" : 1635778560,
            "99.990000" : 4328521728,
            "0.00" : 0,
            "0.00" : 0,
            "0.00" : 0
          }
        },
        "lat_ns" : {
          "min" : 182707,
          "max" : 6976328192,
          "mean" : 223669156.636491,
          "stddev" : 228031597.133947
        },
        "bw_min" : 7,
        "bw_max" : 105,
        "bw_agg" : 13.042710,
        "bw_mean" : 36.910870,
        "bw_dev" : 17.106741,
        "bw_samples" : 920,
        "iops_min" : 1,
        "iops_max" : 26,
        "iops_mean" : 9.166304,
        "iops_stddev" : 4.275542,
        "iops_samples" : 920
      },
      "trim" : {
        "io_bytes" : 0,
        "io_kbytes" : 0,
        "bw" : 0,
        "iops" : 0.000000,
        "runtime" : 0,
        "total_ios" : 0,
        "short_ios" : 0,
        "drop_ios" : 0,
        "slat_ns" : {
          "min" : 0,
          "max" : 0,
          "mean" : 0.000000,
          "stddev" : 0.000000
        },
        "clat_ns" : {
          "min" : 0,
          "max" : 0,
          "mean" : 0.000000,
          "stddev" : 0.000000,
          "percentile" : {
            "1.000000" : 0,
            "5.000000" : 0,
            "10.000000" : 0,
            "20.000000" : 0,
            "30.000000" : 0,
            "40.000000" : 0,
            "50.000000" : 0,
            "60.000000" : 0,
            "70.000000" : 0,
            "80.000000" : 0,
            "90.000000" : 0,
            "95.000000" : 0,
            "99.000000" : 0,
            "99.500000" : 0,
            "99.900000" : 0,
            "99.950000" : 0,
            "99.990000" : 0,
            "0.00" : 0,
            "0.00" : 0,
            "0.00" : 0
          }
        },
        "lat_ns" : {
          "min" : 0,
          "max" : 0,
          "mean" : 0.000000,
          "stddev" : 0.000000
        },
        "bw_min" : 0,
        "bw_max" : 0,
        "bw_agg" : 0.000000,
        "bw_mean" : 0.000000,
        "bw_dev" : 0.000000,
        "bw_samples" : 0,
        "iops_min" : 0,
        "iops_max" : 0,
        "iops_mean" : 0.000000,
        "iops_stddev" : 0.000000,
        "iops_samples" : 0
      },
      "usr_cpu" : 0.028105,
      "sys_cpu" : 0.090145,
      "ctx" : 32834,
      "majf" : 0,
      "minf" : 158,
      "iodepth_level" : {
        "1" : 0.187617,
        "2" : 99.812383,
        "4" : 0.000000,
        "8" : 0.000000,
        "16" : 0.000000,
        "32" : 0.000000,
        ">=64" : 0.000000
      },
      "latency_ns" : {
        "2" : 0.000000,
        "4" : 0.000000,
        "10" : 0.000000,
        "20" : 0.000000,
        "50" : 0.000000,
        "100" : 0.000000,
        "250" : 0.000000,
        "500" : 0.000000,
        "750" : 0.000000,
        "1000" : 0.000000
      },
      "latency_us" : {
        "2" : 0.000000,
        "4" : 0.000000,
        "10" : 0.000000,
        "20" : 0.000000,
        "50" : 0.000000,
        "100" : 0.328330,
        "250" : 4.127580,
        "500" : 0.046904,
        "750" : 0.000000,
        "1000" : 0.000000
      },
      "latency_ms" : {
        "2" : 0.000000,
        "4" : 0.000000,
        "10" : 0.023452,
        "20" : 9.333959,
        "50" : 26.149156,
        "100" : 19.981238,
        "250" : 29.573171,
        "500" : 9.451220,
        "750" : 0.633208,
        "1000" : 0.164165,
        "2000" : 0.140713,
        ">=2000" : 0.046904
      },
      "latency_depth" : 2,
      "latency_target" : 0,
      "latency_percentile" : 100.000000,
      "latency_window" : 0
    }
  ],
  "disk_util" : [
    {
      "name" : "md10",
      "read_ios" : 49,
      "write_ios" : 4260,
      "read_merges" : 0,
      "write_merges" : 0,
      "read_ticks" : 0,
      "write_ticks" : 0,
      "in_queue" : 0,
      "util" : 0.000000,
      "aggr_read_ios" : 19,
      "aggr_write_ios" : 5144,
      "aggr_read_merges" : 0,
      "aggr_write_merge" : 0,
      "aggr_read_ticks" : 10,
      "aggr_write_ticks" : 28824,
      "aggr_in_queue" : 28833,
      "aggr_util" : 54.879342
    },
    {
      "name" : "sdf",
      "read_ios" : 7,
      "write_ios" : 5145,
      "read_merges" : 0,
      "write_merges" : 0,
      "read_ticks" : 12,
      "write_ticks" : 28472,
      "in_queue" : 28484,
      "util" : 46.956262
    },
    {
      "name" : "sdd",
      "read_ios" : 0,
      "write_ios" : 5153,
      "read_merges" : 0,
      "write_merges" : 0,
      "read_ticks" : 0,
      "write_ticks" : 25248,
      "in_queue" : 25248,