{
  "fio version" : "fio-3.1",
  "timestamp" : 1585191340,
  "timestamp_ms" : 1585191340955,
  "time" : "Thu Mar 26 03:55:40 2020",
  "jobs" : [
    {
      "jobname" : "iotest",
      "groupid" : 0,
      "error" : 0,
      "eta" : 0,
      "elapsed" : 62,
      "job options" : {
        "rw" : "randread",
        "bs" : "4k",
        "ioengine" : "libaio",
        "iodepth" : "32",
        "direct" : "1",
        "invalidate" : "1",
        "refill_buffers" : "1",
        "runtime" : "60",
        "numjobs" : "64",
        "group_reporting" : "1",
        "write_bw_log" : "/fio/10K/RAID10_64K//randread-iodepth-32-numjobs-64",
        "write_lat_log" : "/fio/10K/RAID10_64K//randread-iodepth-32-numjobs-64",
        "write_iops_log" : "/fio/10K/RAID10_64K//randread-iodepth-32-numjobs-64",
        "log_avg_msec" : "500",
        "filename" : "/dev/md10"
      },
      "read" : {
        "io_bytes" : 582144000,
        "io_kbytes" : 568500,
        "bw" : 9354,
        "iops" : 2338.505331,
        "runtime" : 60776,
        "total_ios" : 142125,
        "short_ios" : 0,
        "drop_ios" : 0,
        "slat_ns" : {
          "min" : 4233,
          "max" : 2151443039,
          "mean" : 25935354.665203,
          "stddev" : 165633169.421850
        },
        "clat_ns" : {
          "min" : 54926,
          "max" : 4439224833,
          "mean" : 840887076.465675,
          "stddev" : 545551120.351039,
          "percentile" : {
            "1.000000" : 5668864,
            "5.000000" : 10027008,
            "10.000000" : 17956864,
            "20.000000" : 166723584,
            "30.000000" : 541065216,
            "40.000000" : 826277888,
            "50.000000" : 960495616,
            "60.000000" : 1035993088,
            "70.000000" : 1132462080,
            "80.000000" : 1249902592,
            "90.000000" : 1451229184,
            "95.000000" : 1652555776,
            "99.000000" : 2164260864,
            "99.500000" : 2365587456,
            "99.900000" : 3137339392,
            "99.950000" : 3372220416,
            "99.990000" : 3774873600,
            "0.00" : 0,
            "0.00" : 0,
            "0.00" : 0
          }
        },
        "lat_ns" : {
          "min" : 66458,
          "max" : 4571202930,
          "mean" : 866822782.856542,
          "stddev" : 578924908.388891
        },
        "bw_min" : 6,
        "bw_max" : 1040,
        "bw_agg" : 2.991923,
        "bw_mean" : 279.864516,
        "bw_dev" : 108.185123,
        "bw_samples" : 4030,
        "iops_min" : 1,
        "iops_max" : 260,
        "iops_mean" : 69.747891,
        "iops_stddev" : 27.007366,
        "iops_samples" : 4030
      },
      "write" : {
        "io_bytes" : 0,
        "io_kbytes" : 0,
        "bw" : 0,
        "iops" : 0.000000,
        "runtime" : 0,
        "total_ios" : 0,
        "short_ios" : 0,
        "drop_ios" : 0,
        "slat_ns" : {
          "min" : 0,
          "max" : 0,
          "mean" : 0.000000,
          "stddev" : 0.000000
        },
        "clat_ns" : {
          "min" : 0,
          "max" : 0,
          "mean" : 0.000000,
          "stddev" : 0.000000,
          "percentile" : {
            "1.000000" : 0,
            "5.000000" : 0,
            "10.000000" : 0,
            "20.000000" : 0,
            "30.000000" : 0,
            "40.000000" : 0,
            "50.000000" : 0,
            "60.000000" : 0,
            "70.000000" : 0,
            "80.000000" : 0,
            "90.000000" : 0,
            "95.000000" : 0,
            "99.000000" : 0,
            "99.500000" : 0,
            "99.900000" : 0,
            "99.950000" : 0,
            "99.990000" : 0,
            "0.00" : 0,
            "0.00" : 0,
            "0.00" : 0
          }
        },
        "lat_ns" : {
          "min" : 0,
          "max" : 0,
          "mean" : 0.000000,
          "stddev" : 0.000000
        },
        "bw_min" : 0,
        "bw_max" : 0,
        "bw_agg" : 0.000000,
        "bw_mean" : 0.000000,
        "bw_dev" : 0.000000,
        "bw_samples" : 0,
        "iops_min" : 0,
        "iops_max" : 0,
        "iops_mean" : 0.000000,
        "iops_stddev" : 0.000000,
        "iops_samples" : 0
      },
      "trim" : {
        "io_bytes" : 0,
        "io_kbytes" : 0,
        "bw" : 0,
        "iops" : 0.000000,
        "runtime" : 0,
        "total_ios" : 0,
        "short_ios" : 0,
        "drop_ios" : 0,
        "slat_ns" : {
          "min" : 0,
          "max" : 0,
          "mean" : 0.000000,
          "stddev" : 0.000000
        },
        "clat_ns" : {
          "min" : 0,
          "max" : 0,
          "mean" : 0.000000,
          "stddev" : 0.000000,
          "percentile" : {
            "1.000000" : 0,
            "5.000000" : 0,
            "10.000000" : 0,
            "20.000000" : 0,
            "30.000000" : 0,
            "40.000000" : 0,
            "50.000000" : 0,
            "60.000000" : 0,
            "70.000000" : 0,
            "80.000000" : 0,
            "90.000000" : 0,
            "95.000000" : 0,
            "99.000000" : 0,
            "99.500000" : 0,
            "99.900000" : 0,
            "99.950000" : 0,
            "99.990000" : 0,
            "0.00" : 0,
            "0.00" : 0,
            "0.00" : 0
          }
        },
        "lat_ns" : {
          "min" : 0,
          "max" : 0,
          "mean" : 0.000000,
          "stddev" : 0.000000
        },
        "bw_min" : 0,
        "bw_max" : 0,
        "bw_agg" : 0.000000,
        "bw_mean" : 0.000000,
        "bw_dev" : 0.000000,
        "bw_samples" : 0,
        "iops_min" : 0,
        "iops_max" : 0,
        "iops_mean" : 0.000000,
        "iops_stddev" : 0.000000,
        "iops_samples" : 0
      },
      "usr_cpu" : 0.023960,
      "sys_cpu" : 0.033849,
      "ctx" : 31057,
      "majf" : 0,
      "minf" : 3605,
      "iodepth_level" : {
        "1" : 0.100000,
        "2" : 0.100000,
        "4" : 0.180123,
        "8" : 0.360246,
        "16" : 0.720493,
        "32" : 98.604046,
        ">=64" : 0.000000
      },
      "latency_ns" : {
        "2" : 0.000000,
        "4" : 0.000000,
        "10" : 0.000000,
        "20" : 0.000000,
        "50" : 0.000000,
        "100" : 0.000000,
        "250" : 0.000000,
        "500" : 0.000000,
        "750" : 0.000000,
        "1000" : 0.000000
      },
      "latency_us" : {
        "2" : 0.000000,
        "4" : 0.000000,
        "10" : 0.000000,
        "20" : 0.000000,
        "50" : 0.000000,
        "100" : 0.010000,
        "250" : 0.000000,
        "500" : 0.010000,
        "750" : 0.010000,
        "1000" : 0.000000
      },
      "latency_ms" : {
        "2" : 0.010000,
        "4" : 0.228672,
        "10" : 4.738083,
        "20" : 5.823747,
        "50" : 4.581882,
        "100" : 2.347230,
        "250" : 4.567810,
        "500" : 6.003166,
        "750" : 8.611434,
        "1000" : 19.171856,
        "2000" : 42.178364,
        ">=2000" : 1.740721
      },
      "latency_depth" : 32,
      "latency_target" : 0,
      "latency_percentile" : 100.000000,
      "latency_window" : 0
    }
  ],
  "disk_util" : [
    {
      "name" : "md10",
      "read_ios" : 142125,
      "write_ios" : 0,
      "read_merges" : 0,
      "write_merges" : 0,
      "read_ticks" : 0,
      "write_ticks" : 0,
      "in_queue" : 0,
      "util" : 0.000000,
      "aggr_read_ios" : 17765,
      "aggr_write_ios" : 0,
      "aggr_read_merges" : 0,
      "aggr_write_merge" : 0,
      "aggr_read_ticks" : 3748157,
      "aggr_write_ticks" : 0,
      "aggr_in_queue" : 3748154,
      "aggr_util" : 98.195250
    },
    {
      "name" : "sdf",
      "read_ios" : 17410,
      "write_ios" : 0,
      "read_merges" : 0,
      "write_merges" : 0,
      "read_ticks" : 7627864,
      "write_ticks" : 0,
      "in_queue" : 7627856,
      "util" : 98.117487
    },
    {
      "name" : "sdd",
      "read_ios" : 17655,
      "write_ios" : 0,
      "read_merges" : 0,
      "write_merges" : 0,
      "read_ticks" : 2261548,
      "write_ticks" : 0,