{
  "fio version" : "fio-3.1",
  "timestamp" : 1585193371,
  "timestamp_ms" : 1585193371822,
  "time" : "Thu Mar 26 04:29:31 2020",
  "jobs" : [
    {
      "jobname" : "iotest",
      "groupid" : 0,
      "error" : 0,
      "eta" : 0,
      "elapsed" : 61,
      "job options" : {
        "rw" : "randwrite",
        "bs" : "4k",
        "ioengine" : "libaio",
        "iodepth" : "8",
        "direct" : "1",
        "invalidate" : "1",
        "refill_buffers" : "1",
        "runtime" : "60",
        "numjobs" : "16",
        "group_reporting" : "1",
        "write_bw_log" : "/fio/10K/RAID10_64K//randwrite-iodepth-8-numjobs-16",
        "write_lat_log" : "/fio/10K/RAID10_64K//randwrite-iodepth-8-numjobs-16",
        "write_iops_log" : "/fio/10K/RAID10_64K//randwrite-iodepth-8-numjobs-16",
        "log_avg_msec" : "500",
        "filename" : "/dev/md10"
      },
      "read" : {
        "io_bytes" : 0,
        "io_kbytes" : 0,
        "bw" : 0,
        "iops" : 0.000000,
        "runtime" : 0,
        "total_ios" : 0,
        "short_ios" : 0,
        "drop_ios" : 0,
        "slat_ns" : {
          "min" : 0,
          "max" : 0,
          "mean" : 0.000000,
          "stddev" : 0.000000
        },
        "clat_ns" : {
          "min" : 0,
          "max" : 0,
          "mean" : 0.000000,
          "stddev" : 0.000000,
          "percentile" : {
            "1.000000" : 0,
            "5.000000" : 0,
            "10.000000" : 0,
            "20.000000" : 0,
            "30.000000" : 0,
            "40.000000" : 0,
            "50.000000" : 0,
            "60.000000" : 0,
            "70.000000" : 0,
            "80.000000" : 0,
            "90.000000" : 0,
            "95.000000" : 0,
            "99.000000" : 0,
            "99.500000" : 0,
            "99.900000" : 0,
            "99.950000" : 0,
            "99.990000" : 0,
            "0.00" : 0,
            "0.00" : 0,
            "0.00" : 0
          }
        },
        "lat_ns" : {
          "min" : 0,
          "max" : 0,
          "mean" : 0.000000,
          "stddev" : 0.000000
        },
        "bw_min" : 0,
        "bw_max" : 0,
        "bw_agg" : 0.000000,
        "bw_mean" : 0.000000,
        "bw_dev" : 0.000000,
        "bw_samples" : 0,
        "iops_min" : 0,
        "iops_max" : 0,
        "iops_mean" : 0.000000,
        "iops_stddev" : 0.000000,
        "iops_samples" : 0
      },
      "write" : {
        "io_bytes" : 19218432,
        "io_kbytes" : 18768,
        "bw" : 311,
        "iops" : 77.958329,
        "runtime" : 60186,
        "total_ios" : 4692,
        "short_ios" : 0,
        "drop_ios" : 0,
        "slat_ns" : {
          "min" : 17328,
          "max" : 4368106863,
          "mean" : 204803664.989770,
          "stddev" : 189466055.545889
        },
        "clat_ns" : {
          "min" : 104370,
          "max" : 6340182189,
          "mean" : 1411219017.991475,
          "stddev" : 517452243.054979,
          "percentile" : {
            "1.000000" : 408944640,
            "5.000000" : 717225984,
            "10.000000" : 851443712,
            "20.000000" : 1027604480,
            "30.000000" : 1149239296,
            "40.000000" : 1249902592,
            "50.000000" : 1367343104,
            "60.000000" : 1468006400,
            "70.000000" : 1602224128,
            "80.000000" : 1753219072,
            "90.000000" : 2004877312,
            "95.000000" : 2264924160,
            "99.000000" : 2902458368,
            "99.500000" : 3137339392,
            "99.900000" : 6006243328,
            "99.950000" : 6207569920,
            "99.990000" : 6341787648,
            "0.00" : 0,
            "0.00" : 0,
            "0.00" : 0
          }
        },
        "lat_ns" : {
          "min" : 87525205,
          "max" : 6757029040,
          "mean" : 1616025022.679241,
          "stddev" : 554871053.728957
        },
        "bw_min" : 7,
        "bw_max" : 64,
        "bw_agg" : 6.609664,
        "bw_mean" : 20.556056,
        "bw_dev" : 10.321445,
        "bw_samples" : 1775,
        "iops_min" : 1,
        "iops_max" : 16,
        "iops_mean" : 5.128451,
        "iops_stddev" : 2.582649,
        "iops_samples" : 1775
      },
      "trim" : {
        "io_bytes" : 0,
        "io_kbytes" : 0,
        "bw" : 0,
        "iops" : 0.000000,
        "runtime" : 0,
        "total_ios" : 0,
        "short_ios" : 0,
        "drop_ios" : 0,
        "slat_ns" : {
          "min" : 0,
          "max" : 0,
          "mean" : 0.000000,
          "stddev" : 0.000000
        },
        "clat_ns" : {
          "min" : 0,
          "max" : 0,
          "mean" : 0.000000,
          "stddev" : 0.000000,
          "percentile" : {
            "1.000000" : 0,
            "5.000000" : 0,
            "10.000000" : 0,
            "20.000000" : 0,
            "30.000000" : 0,
            "40.000000" : 0,
            "50.000000" : 0,
            "60.000000" : 0,
            "70.000000" : 0,
            "80.000000" : 0,
            "90.000000" : 0,
            "95.000000" : 0,
            "99.000000" : 0,
            "99.500000" : 0,
            "99.900000" : 0,
            "99.950000" : 0,
            "99.990000" : 0,
            "0.00" : 0,
            "0.00" : 0,
            "0.00" : 0
          }
        },
        "lat_ns" : {
          "min" : 0,
          "max" : 0,
          "mean" : 0.000000,
          "stddev" : 0.000000
        },
        "bw_min" : 0,
        "bw_max" : 0,
        "bw_agg" : 0.000000,
        "bw_mean" : 0.000000,
        "bw_dev" : 0.000000,
        "bw_samples" : 0,
        "iops_min" : 0,
        "iops_max" : 0,
        "iops_mean" : 0.000000,
        "iops_stddev" : 0.000000,
        "iops_samples" : 0
      },
      "usr_cpu" : 0.018306,
      "sys_cpu" : 0.057622,
      "ctx" : 57244,
      "majf" : 0,
      "minf" : 367,
      "iodepth_level" : {
        "1" : 0.341006,
        "2" : 0.682012,
        "4" : 1.364024,
        "8" : 97.612958,
        "16" : 0.000000,
        "32" : 0.000000,
        ">=64" : 0.000000
      },
      "latency_ns" : {
        "2" : 0.000000,
        "4" : 0.000000,
        "10" : 0.000000,
        "20" : 0.000000,
        "50" : 0.000000,
        "100" : 0.000000,
        "250" : 0.000000,
        "500" : 0.000000,
        "750" : 0.000000,
        "1000" : 0.000000
      },
      "latency_us" : {
        "2" : 0.000000,
        "4" : 0.000000,
        "10" : 0.000000,
        "20" : 0.000000,
        "50" : 0.000000,
        "100" : 0.000000,
        "250" : 0.191816,
        "500" : 0.063939,
        "750" : 0.000000,
        "1000" : 0.000000
      },
      "latency_ms" : {
        "2" : 0.000000,
        "4" : 0.000000,
        "10" : 0.085251,
        "20" : 0.000000,
        "50" : 0.000000,
        "100" : 0.021313,
        "250" : 0.234442,
        "500" : 1.086957,
        "750" : 4.411765,
        "1000" : 12.468031,
        "2000" : 71.440750,
        ">=2000" : 9.995737
      },
      "latency_depth" : 8,
      "latency_target" : 0,
      "latency_percentile" : 100.000000,
      "latency_window" : 0
    }
  ],
  "disk_util" : [
    {
      "name" : "md10",
      "read_ios" : 346,
      "write_ios" : 4692,
      "read_merges" : 0,
      "write_merges" : 0,
      "read_ticks" : 0,
      "write_ticks" : 0,
      "in_queue" : 0,
      "util" : 0.000000,
      "aggr_read_ios" : 59,
      "aggr_write_ios" : 5122,
      "aggr_read_merges" : 0,
      "aggr_write_merge" : 0,
      "aggr_read_ticks" : 14,
      "aggr_write_ticks" : 30883,
      "aggr_in_queue" : 30896,
      "aggr_util" : 56.772787
    },
    {
      "name" : "sdf",
      "read_ios" : 18,
      "write_ios" : 5135,
      "read_merges" : 0,
      "write_merges" : 0,
      "read_ticks" : 0,
      "write_ticks" : 36716,
      "in_queue" : 36716,
      "util" : 56.772787
    },
    {
      "name" : "sdd",
      "read_ios" : 8,
      "write_ios" : 5146,
      "read_merges" : 0,
      "write_merges" : 0,
      "read_ticks" : 0,
      "write_ticks" : 33124,