{
  "fio version" : "fio-3.1",
  "timestamp" : 1585190908,
  "timestamp_ms" : 1585190908653,
  "time" : "Thu Mar 26 03:48:28 2020",
  "jobs" : [
    {
      "jobname" : "iotest",
      "groupid" : 0,
      "error" : 0,
      "eta" : 0,
      "elapsed" : 62,
      "job options" : {
        "rw" : "randread",
        "bs" : "4k",
        "ioengine" : "libaio",
        "iodepth" : "16",
        "direct" : "1",
        "invalidate" : "1",
        "refill_buffers" : "1",
        "runtime" : "60",
        "numjobs" : "64",
        "group_reporting" : "1",
        "write_bw_log" : "/fio/10K/RAID10_64K//randread-iodepth-16-numjobs-64",
        "write_lat_log" : "/fio/10K/RAID10_64K//randread-iodepth-16-numjobs-64",
        "write_iops_log" : "/fio/10K/RAID10_64K//randread-iodepth-16-numjobs-64",
        "log_avg_msec" : "500",
        "filename" : "/dev/md10"
      },
      "read" : {
        "io_bytes" : 630128640,
        "io_kbytes" : 615360,
        "bw" : 10103,
        "iops" : 2525.942467,
        "runtime" : 60904,
        "total_ios" : 153840,
        "short_ios" : 0,
        "drop_ios" : 0,
        "slat_ns" : {
          "min" : 4291,
          "max" : 822736953,
          "mean" : 20927857.728920,
          "stddev" : 99451353.523459
        },
        "clat_ns" : {
          "min" : 1281386,
          "max" : 5136839314,
          "mean" : 380272395.940470,
          "stddev" : 351889747.866192,
          "percentile" : {
            "1.000000" : 6062080,
            "5.000000" : 10027008,
            "10.000000" : 14614528,
            "20.000000" : 28442624,
            "30.000000" : 61603840,
            "40.000000" : 185597952,
            "50.000000" : 442499072,
            "60.000000" : 513802240,
            "70.000000" : 557842432,
            "80.000000" : 608174080,
            "90.000000" : 700448768,
            "95.000000" : 876609536,
            "99.000000" : 1568669696,
            "99.500000" : 1937768448,
            "99.900000" : 2634022912,
            "99.950000" : 2969567232,
            "99.990000" : 3707764736,
            "0.00" : 0,
            "0.00" : 0,
            "0.00" : 0
          }
        },
        "lat_ns" : {
          "min" : 1295760,
          "max" : 5136844971,
          "mean" : 401200821.964743,
          "stddev" : 379152942.468929
        },
        "bw_min" : 6,
        "bw_max" : 596,
        "bw_agg" : 1.677120,
        "bw_mean" : 169.439465,
        "bw_dev" : 72.864781,
        "bw_samples" : 7252,
        "iops_min" : 1,
        "iops_max" : 149,
        "iops_mean" : 42.159818,
        "iops_stddev" : 18.171420,
        "iops_samples" : 7252
      },
      "write" : {
        "io_bytes" : 0,
        "io_kbytes" : 0,
        "bw" : 0,
        "iops" : 0.000000,
        "runtime" : 0,
        "total_ios" : 0,
        "short_ios" : 0,
        "drop_ios" : 0,
        "slat_ns" : {
          "min" : 0,
          "max" : 0,
          "mean" : 0.000000,
          "stddev" : 0.000000
        },
        "clat_ns" : {
          "min" : 0,
          "max" : 0,
          "mean" : 0.000000,
          "stddev" : 0.000000,
          "percentile" : {
            "1.000000" : 0,
            "5.000000" : 0,
            "10.000000" : 0,
            "20.000000" : 0,
            "30.000000" : 0,
            "40.000000" : 0,
            "50.000000" : 0,
            "60.000000" : 0,
            "70.000000" : 0,
            "80.000000" : 0,
            "90.000000" : 0,
            "95.000000" : 0,
            "99.000000" : 0,
            "99.500000" : 0,
            "99.900000" : 0,
            "99.950000" : 0,
            "99.990000" : 0,
            "0.00" : 0,
            "0.00" : 0,
            "0.00" : 0
          }
        },
        "lat_ns" : {
          "min" : 0,
          "max" : 0,
          "mean" : 0.000000,
          "stddev" : 0.000000
        },
        "bw_min" : 0,
        "bw_max" : 0,
        "bw_agg" : 0.000000,
        "bw_mean" : 0.000000,
        "bw_dev" : 0.000000,
        "bw_samples" : 0,
        "iops_min" : 0,
        "iops_max" : 0,
        "iops_mean" : 0.000000,
        "iops_stddev" : 0.000000,
        "iops_samples" : 0
      },
      "trim" : {
        "io_bytes" : 0,
        "io_kbytes" : 0,
        "bw" : 0,
        "iops" : 0.000000,
        "runtime" : 0,
        "total_ios" : 0,
        "short_ios" : 0,
        "drop_ios" : 0,
        "slat_ns" : {
          "min" : 0,
          "max" : 0,
          "mean" : 0.000000,
          "stddev" : 0.000000
        },
        "clat_ns" : {
          "min" : 0,
          "max" : 0,
          "mean" : 0.000000,
          "stddev" : 0.000000,
          "percentile" : {
            "1.000000" : 0,
            "5.000000" : 0,
            "10.000000" : 0,
            "20.000000" : 0,
            "30.000000" : 0,
            "40.000000" : 0,
            "50.000000" : 0,
            "60.000000" : 0,
            "70.000000" : 0,
            "80.000000" : 0,
            "90.000000" : 0,
            "95.000000" : 0,
            "99.000000" : 0,
            "99.500000" : 0,
            "99.900000" : 0,
            "99.950000" : 0,
            "99.990000" : 0,
            "0.00" : 0,
            "0.00" : 0,
            "0.00" : 0
          }
        },
        "lat_ns" : {
          "min" : 0,
          "max" : 0,
          "mean" : 0.000000,
          "stddev" : 0.000000
        },
        "bw_min" : 0,
        "bw_max" : 0,
        "bw_agg" : 0.000000,
        "bw_mean" : 0.000000,
        "bw_dev" : 0.000000,
        "bw_samples" : 0,
        "iops_min" : 0,
        "iops_max" : 0,
        "iops_mean" : 0.000000,
        "iops_stddev" : 0.000000,
        "iops_samples" : 0
      },
      "usr_cpu" : 0.027098,
      "sys_cpu" : 0.046627,
      "ctx" : 72199,
      "majf" : 0,
      "minf" : 2574,
      "iodepth_level" : {
        "1" : 0.100000,
        "2" : 0.100000,
        "4" : 0.166407,
        "8" : 0.332813,
        "16" : 99.375975,
        "32" : 0.000000,
        ">=64" : 0.000000
      },
      "latency_ns" : {
        "2" : 0.000000,
        "4" : 0.000000,
        "10" : 0.000000,
        "20" : 0.000000,
        "50" : 0.000000,
        "100" : 0.000000,
        "250" : 0.000000,
        "500" : 0.000000,
        "750" : 0.000000,
        "1000" : 0.000000
      },
      "latency_us" : {
        "2" : 0.000000,
        "4" : 0.000000,
        "10" : 0.000000,
        "20" : 0.000000,
        "50" : 0.000000,
        "100" : 0.000000,
        "250" : 0.000000,
        "500" : 0.000000,
        "750" : 0.000000,
        "1000" : 0.000000
      },
      "latency_ms" : {
        "2" : 0.010000,
        "4" : 0.094254,
        "10" : 4.921997,
        "20" : 9.715939,
        "50" : 12.807462,
        "100" : 7.401196,
        "250" : 7.229589,
        "500" : 15.479069,
        "750" : 34.639886,
        "1000" : 3.697348,
        "2000" : 3.555642,
        ">=2000" : 0.455018
      },
      "latency_depth" : 16,
      "latency_target" : 0,
      "latency_percentile" : 100.000000,
      "latency_window" : 0
    }
  ],
  "disk_util" : [
    {
      "name" : "md10",
      "read_ios" : 153840,
      "write_ios" : 0,
      "read_merges" : 0,
      "write_merges" : 0,
      "read_ticks" : 0,
      "write_ticks" : 0,
      "in_queue" : 0,
      "util" : 0.000000,
      "aggr_read_ios" : 19230,
      "aggr_write_ios" : 0,
      "aggr_read_merges" : 0,
      "aggr_write_merge" : 0,
      "aggr_read_ticks" : 3390692,
      "aggr_write_ticks" : 0,
      "aggr_in_queue" : 3390684,
      "aggr_util" : 98.470413
    },
    {
      "name" : "sdf",
      "read_ios" : 18801,
      "write_ios" : 0,
      "read_merges" : 0,
      "write_merges" : 0,
      "read_ticks" : 7581084,
      "write_ticks" : 0,
      "in_queue" : 7581076,
      "util" : 98.470413
    },
    {
      "name" : "sdd",
      "read_ios" : 19140,
      "write_ios" : 0,
      "read_merges" : 0,
      "write_merges" : 0,
      "read_ticks" : 2320696,
      "write_ticks" : 0,