{
  "fio version" : "fio-3.1",
  "timestamp" : 1585191402,
  "timestamp_ms" : 1585191402173,
  "time" : "Thu Mar 26 03:56:42 2020",
  "jobs" : [
    {
      "jobname" : "iotest",
      "groupid" : 0,
      "error" : 0,
      "eta" : 0,
      "elapsed" : 61,
      "job options" : {
        "rw" : "randread",
        "bs" : "4k",
        "ioengine" : "libaio",
        "iodepth" : "64",
        "direct" : "1",
        "invalidate" : "1",
        "refill_buffers" : "1",
        "runtime" : "60",
        "numjobs" : "1",
        "group_reporting" : "1",
        "write_bw_log" : "/fio/10K/RAID10_64K//randread-iodepth-64-numjobs-1",
        "write_lat_log" : "/fio/10K/RAID10_64K//randread-iodepth-64-numjobs-1",
        "write_iops_log" : "/fio/10K/RAID10_64K//randread-iodepth-64-numjobs-1",
        "log_avg_msec" : "500",
        "filename" : "/dev/md10"
      },
      "read" : {
        "io_bytes" : 469143552,
        "io_kbytes" : 458148,
        "bw" : 7624,
        "iops" : 1906.186030,
        "runtime" : 60087,
        "total_ios" : 114537,
        "short_ios" : 0,
        "drop_ios" : 0,
        "slat_ns" : {
          "min" : 7594,
          "max" : 237008,
          "mean" : 16659.088801,
          "stddev" : 3720.228275
        },
        "clat_ns" : {
          "min" : 1299579,
          "max" : 616067588,
          "mean" : 33550373.847193,
          "stddev" : 37182213.977550,
          "percentile" : {
            "1.000000" : 3850240,
            "5.000000" : 5931008,
            "10.000000" : 7438336,
            "20.000000" : 10027008,
            "30.000000" : 12779520,
            "40.000000" : 16187392,
            "50.000000" : 20840448,
            "60.000000" : 26869760,
            "70.000000" : 35389440,
            "80.000000" : 49020928,
            "90.000000" : 74973184,
            "95.000000" : 103284736,
            "99.000000" : 183500800,
            "99.500000" : 225443840,
            "99.900000" : 333447168,
            "99.950000" : 371195904,
            "99.990000" : 476053504,
            "0.00" : 0,
            "0.00" : 0,
            "0.00" : 0
          }
        },
        "lat_ns" : {
          "min" : 1316678,
          "max" : 616084991,
          "mean" : 33567677.088949,
          "stddev" : 37182191.790052
        },
        "bw_min" : 7256,
        "bw_max" : 8024,
        "bw_agg" : 100.000000,
        "bw_mean" : 7637.566667,
        "bw_dev" : 161.520701,
        "bw_samples" : 120,
        "iops_min" : 1814,
        "iops_max" : 2006,
        "iops_mean" : 1909.125000,
        "iops_stddev" : 40.319223,
        "iops_samples" : 120
      },
      "write" : {
        "io_bytes" : 0,
        "io_kbytes" : 0,
        "bw" : 0,
        "iops" : 0.000000,
        "runtime" : 0,
        "total_ios" : 0,
        "short_ios" : 0,
        "drop_ios" : 0,
        "slat_ns" : {
          "min" : 0,
          "max" : 0,
          "mean" : 0.000000,
          "stddev" : 0.000000
        },
        "clat_ns" : {
          "min" : 0,
          "max" : 0,
          "mean" : 0.000000,
          "stddev" : 0.000000,
          "percentile" : {
            "1.000000" : 0,
            "5.000000" : 0,
            "10.000000" : 0,
            "20.000000" : 0,
            "30.000000" : 0,
            "40.000000" : 0,
            "50.000000" : 0,
            "60.000000" : 0,
            "70.000000" : 0,
            "80.000000" : 0,
            "90.000000" : 0,
            "95.000000" : 0,
            "99.000000" : 0,
            "99.500000" : 0,
            "99.900000" : 0,
            "99.950000" : 0,
            "99.990000" : 0,
            "0.00" : 0,
            "0.00" : 0,
            "0.00" : 0
          }
        },
        "lat_ns" : {
          "min" : 0,
          "max" : 0,
          "mean" : 0.000000,
          "stddev" : 0.000000
        },
        "bw_min" : 0,
        "bw_max" : 0,
        "bw_agg" : 0.000000,
        "bw_mean" : 0.000000,
        "bw_dev" : 0.000000,
        "bw_samples" : 0,
        "iops_min" : 0,
        "iops_max" : 0,
        "iops_mean" : 0.000000,
        "iops_stddev" : 0.000000,
        "iops_samples" : 0
      },
      "trim" : {
        "io_bytes" : 0,
        "io_kbytes" : 0,
        "bw" : 0,
        "iops" : 0.000000,
        "runtime" : 0,
        "total_ios" : 0,
        "short_ios" : 0,
        "drop_ios" : 0,
        "slat_ns" : {
          "min" : 0,
          "max" : 0,
          "mean" : 0.000000,
          "stddev" : 0.000000
        },
        "clat_ns" : {
          "min" : 0,
          "max" : 0,
          "mean" : 0.000000,
          "stddev" : 0.000000,
          "percentile" : {
            "1.000000" : 0,
            "5.000000" : 0,
            "10.000000" : 0,
            "20.000000" : 0,
            "30.000000" : 0,
            "40.000000" : 0,
            "50.000000" : 0,
            "60.000000" : 0,
            "70.000000" : 0,
            "80.000000" : 0,
            "90.000000" : 0,
            "95.000000" : 0,
            "99.000000" : 0,
            "99.500000" : 0,
            "99.900000" : 0,
            "99.950000" : 0,
            "99.990000" : 0,
            "0.00" : 0,
            "0.00" : 0,
            "0.00" : 0
          }
        },
        "lat_ns" : {
          "min" : 0,
          "max" : 0,
          "mean" : 0.000000,
          "stddev" : 0.000000
        },
        "bw_min" : 0,
        "bw_max" : 0,
        "bw_agg" : 0.000000,
        "bw_mean" : 0.000000,
        "bw_dev" : 0.000000,
        "bw_samples" : 0,
        "iops_min" : 0,
        "iops_max" : 0,
        "iops_mean" : 0.000000,
        "iops_stddev" : 0.000000,
        "iops_samples" : 0
      },
      "usr_cpu" : 1.770795,
      "sys_cpu" : 5.367307,
      "ctx" : 105545,
      "majf" : 0,
      "minf" : 81,
      "iodepth_level" : {
        "1" : 0.100000,
        "2" : 0.100000,
        "4" : 0.100000,
        "8" : 0.100000,
        "16" : 0.100000,
        "32" : 0.100000,
        ">=64" : 99.944996
      },
      "latency_ns" : {
        "2" : 0.000000,
        "4" : 0.000000,
        "10" : 0.000000,
        "20" : 0.000000,
        "50" : 0.000000,
        "100" : 0.000000,
        "250" : 0.000000,
        "500" : 0.000000,
        "750" : 0.000000,
        "1000" : 0.000000
      },
      "latency_us" : {
        "2" : 0.000000,
        "4" : 0.000000,
        "10" : 0.000000,
        "20" : 0.000000,
        "50" : 0.000000,
        "100" : 0.000000,
        "250" : 0.000000,
        "500" : 0.000000,
        "750" : 0.000000,
        "1000" : 0.000000
      },
      "latency_ms" : {
        "2" : 0.029685,
        "4" : 1.131512,
        "10" : 18.796546,
        "20" : 28.574173,
        "50" : 32.119752,
        "100" : 13.913408,
        "250" : 5.104028,
        "500" : 0.326532,
        "750" : 0.010000,
        "1000" : 0.000000,
        "2000" : 0.000000,
        ">=2000" : 0.000000
      },
      "latency_depth" : 64,
      "latency_target" : 0,
      "latency_percentile" : 100.000000,
      "latency_window" : 0
    }
  ],
  "disk_util" : [
    {
      "name" : "md10",
      "read_ios" : 114537,
      "write_ios" : 0,
      "read_merges" : 0,
      "write_merges" : 0,
      "read_ticks" : 0,
      "write_ticks" : 0,
      "in_queue" : 0,
      "util" : 0.000000,
      "aggr_read_ios" : 14317,
      "aggr_write_ios" : 0,
      "aggr_read_merges" : 0,
      "aggr_write_merge" : 0,
      "aggr_read_ticks" : 479858,
      "aggr_write_ticks" : 0,
      "aggr_in_queue" : 479849,
      "aggr_util" : 99.694169
    },
    {
      "name" : "sdf",
      "read_ios" : 14309,
      "write_ios" : 0,
      "read_merges" : 0,
      "write_merges" : 0,
      "read_ticks" : 557100,
      "write_ticks" : 0,
      "in_queue" : 557088,
      "util" : 99.659248
    },
    {
      "name" : "sdd",
      "read_ios" : 14431,
      "write_ios" : 0,
      "read_merges" : 0,
      "write_merges" : 0,
      "read_ticks" : 459560,
      "write_ticks" : 0,
      "in_queue" : 459552,