{
  "fio version" : "fio-3.1",
  "timestamp" : 1585192941,
  "timestamp_ms" : 1585192941245,
  "time" : "Thu Mar 26 04:22:21 2020",
  "jobs" : [
    {
      "jobname" : "iotest",
      "groupid" : 0,
      "error" : 0,
      "eta" : 0,
      "elapsed" : 61,
      "job options" : {
        "rw" : "randwrite",
        "bs" : "4k",
        "ioengine" : "libaio",
        "iodepth" : "4",
        "direct" : "1",
        "invalidate" : "1",
        "refill_buffers" : "1",
        "runtime" : "60",
        "numjobs" : "16",
        "group_reporting" : "1",
        "write_bw_log" : "/fio/10K/RAID10_64K//randwrite-iodepth-4-numjobs-16",
        "write_lat_log" : "/fio/10K/RAID10_64K//randwrite-iodepth-4-numjobs-16",
        "write_iops_log" : "/fio/10K/RAID10_64K//randwrite-iodepth-4-numjobs-16",
        "log_avg_msec" : "500",
        "filename" : "/dev/md10"
      },
      "read" : {
        "io_bytes" : 0,
        "io_kbytes" : 0,
        "bw" : 0,
        "iops" : 0.000000,
        "runtime" : 0,
        "total_ios" : 0,
        "short_ios" : 0,
        "drop_ios" : 0,
        "slat_ns" : {
          "min" : 0,
          "max" : 0,
          "mean" : 0.000000,
          "stddev" : 0.000000
        },
        "clat_ns" : {
          "min" : 0,
          "max" : 0,
          "mean" : 0.000000,
          "stddev" : 0.000000,
          "percentile" : {
            "1.000000" : 0,
            "5.000000" : 0,
            "10.000000" : 0,
            "20.000000" : 0,
            "30.000000" : 0,
            "40.000000" : 0,
            "50.000000" : 0,
            "60.000000" : 0,
            "70.000000" : 0,
            "80.000000" : 0,
            "90.000000" : 0,
            "95.000000" : 0,
            "99.000000" : 0,
            "99.500000" : 0,
            "99.900000" : 0,
            "99.950000" : 0,
            "99.990000" : 0,
            "0.00" : 0,
            "0.00" : 0,
            "0.00" : 0
          }
        },
        "lat_ns" : {
          "min" : 0,
          "max" : 0,
          "mean" : 0.000000,
          "stddev" : 0.000000
        },
        "bw_min" : 0,
        "bw_max" : 0,
        "bw_agg" : 0.000000,
        "bw_mean" : 0.000000,
        "bw_dev" : 0.000000,
        "bw_samples" : 0,
        "iops_min" : 0,
        "iops_max" : 0,
        "iops_mean" : 0.000000,
        "iops_stddev" : 0.000000,
        "iops_samples" : 0
      },
      "write" : {
        "io_bytes" : 19144704,
        "io_kbytes" : 18696,
        "bw" : 310,
        "iops" : 77.676034,
        "runtime" : 60173,
        "total_ios" : 4674,
        "short_ios" : 0,
        "drop_ios" : 0,
        "slat_ns" : {
          "min" : 17962,
          "max" : 2666206711,
          "mean" : 205564349.738982,
          "stddev" : 181950522.575805
        },
        "clat_ns" : {
          "min" : 96375,
          "max" : 3309366933,
          "mean" : 612267627.929825,
          "stddev" : 308466715.549692,
          "percentile" : {
            "1.000000" : 88604672,
            "5.000000" : 187695104,
            "10.000000" : 258998272,
            "20.000000" : 362807296,
            "30.000000" : 438304768,
            "40.000000" : 505413632,
            "50.000000" : 574619648,
            "60.000000" : 641728512,
            "70.000000" : 725614592,
            "80.000000" : 826277888,
            "90.000000" : 994050048,
            "95.000000" : 1149239296,
            "99.000000" : 1551892480,
            "99.500000" : 1786773504,
            "99.900000" : 2231369728,
            "99.950000" : 3103784960,
            "99.990000" : 3305111552,
            "0.00" : 0,
            "0.00" : 0,
            "0.00" : 0
          }
        },
        "lat_ns" : {
          "min" : 66007973,
          "max" : 3534432031,
          "mean" : 817834212.967266,
          "stddev" : 356125945.046919
        },
        "bw_min" : 7,
        "bw_max" : 72,
        "bw_agg" : 6.551773,
        "bw_mean" : 20.310497,
        "bw_dev" : 10.302004,
        "bw_samples" : 1810,
        "iops_min" : 1,
        "iops_max" : 18,
        "iops_mean" : 5.062431,
        "iops_stddev" : 2.581769,
        "iops_samples" : 1810
      },
      "trim" : {
        "io_bytes" : 0,
        "io_kbytes" : 0,
        "bw" : 0,
        "iops" : 0.000000,
        "runtime" : 0,
        "total_ios" : 0,
        "short_ios" : 0,
        "drop_ios" : 0,
        "slat_ns" : {
          "min" : 0,
          "max" : 0,
          "mean" : 0.000000,
          "stddev" : 0.000000
        },
        "clat_ns" : {
          "min" : 0,
          "max" : 0,
          "mean" : 0.000000,
          "stddev" : 0.000000,
          "percentile" : {
            "1.000000" : 0,
            "5.000000" : 0,
            "10.000000" : 0,
            "20.000000" : 0,
            "30.000000" : 0,
            "40.000000" : 0,
            "50.000000" : 0,
            "60.000000" : 0,
            "70.000000" : 0,
            "80.000000" : 0,
            "90.000000" : 0,
            "95.000000" : 0,
            "99.000000" : 0,
            "99.500000" : 0,
            "99.900000" : 0,
            "99.950000" : 0,
            "99.990000" : 0,
            "0.00" : 0,
            "0.00" : 0,
            "0.00" : 0
          }
        },
        "lat_ns" : {
          "min" : 0,
          "max" : 0,
          "mean" : 0.000000,
          "stddev" : 0.000000
        },
        "bw_min" : 0,
        "bw_max" : 0,
        "bw_agg" : 0.000000,
        "bw_mean" : 0.000000,
        "bw_dev" : 0.000000,
        "bw_samples" : 0,
        "iops_min" : 0,
        "iops_max" : 0,
        "iops_mean" : 0.000000,
        "iops_stddev" : 0.000000,
        "iops_samples" : 0
      },
      "usr_cpu" : 0.031314,
      "sys_cpu" : 0.045046,
      "ctx" : 57108,
      "majf" : 0,
      "minf" : 365,
      "iodepth_level" : {
        "1" : 0.342319,
        "2" : 0.684638,
        "4" : 98.973042,
        "8" : 0.000000,
        "16" : 0.000000,
        "32" : 0.000000,
        ">=64" : 0.000000
      },
      "latency_ns" : {
        "2" : 0.000000,
        "4" : 0.000000,
        "10" : 0.000000,
        "20" : 0.000000,
        "50" : 0.000000,
        "100" : 0.000000,
        "250" : 0.000000,
        "500" : 0.000000,
        "750" : 0.000000,
        "1000" : 0.000000
      },
      "latency_us" : {
        "2" : 0.000000,
        "4" : 0.000000,
        "10" : 0.000000,
        "20" : 0.000000,
        "50" : 0.000000,
        "100" : 0.021395,
        "250" : 0.171160,
        "500" : 0.000000,
        "750" : 0.000000,
        "1000" : 0.000000
      },
      "latency_ms" : {
        "2" : 0.000000,
        "4" : 0.064185,
        "10" : 0.021395,
        "20" : 0.000000,
        "50" : 0.149765,
        "100" : 0.919983,
        "250" : 7.873342,
        "500" : 29.674797,
        "750" : 33.590073,
        "1000" : 17.736414,
        "2000" : 9.563543,
        ">=2000" : 0.213950
      },
      "latency_depth" : 4,
      "latency_target" : 0,
      "latency_percentile" : 100.000000,
      "latency_window" : 0
    }
  ],
  "disk_util" : [
    {
      "name" : "md10",
      "read_ios" : 248,
      "write_ios" : 4674,
      "read_merges" : 0,
      "write_merges" : 0,
      "read_ticks" : 0,
      "write_ticks" : 0,
      "in_queue" : 0,
      "util" : 0.000000,
      "aggr_read_ios" : 45,
      "aggr_write_ios" : 5100,
      "aggr_read_merges" : 0,
      "aggr_write_merge" : 0,
      "aggr_read_ticks" : 13,
      "aggr_write_ticks" : 30952,
      "aggr_in_queue" : 30965,
      "aggr_util" : 51.843893
    },
    {
      "name" : "sdf",
      "read_ios" : 15,
      "write_ios" : 5116,
      "read_merges" : 0,
      "write_merges" : 0,
      "read_ticks" : 0,
      "write_ticks" : 30836,
      "in_queue" : 30836,
      "util" : 48.266058
    },
    {
      "name" : "sdd",
      "read_ios" : 8,
      "write_ios" : 5114,
      "read_merges" : 0,
      "write_merges" : 0,
      "read_ticks" : 0,
      "write_ticks" : 33240,