{
  "fio version" : "fio-3.1",
  "timestamp" : 1585189185,
  "timestamp_ms" : 1585189185871,
  "time" : "Thu Mar 26 03:19:45 2020",
  "jobs" : [
    {
      "jobname" : "iotest",
      "groupid" : 0,
      "error" : 0,
      "eta" : 0,
      "elapsed" : 62,
      "job options" : {
        "rw" : "randread",
        "bs" : "4k",
        "ioengine" : "libaio",
        "iodepth" : "1",
        "direct" : "1",
        "invalidate" : "1",
        "refill_buffers" : "1",
        "runtime" : "60",
        "numjobs" : "64",
        "group_reporting" : "1",
        "write_bw_log" : "/fio/10K/RAID10_64K//randread-iodepth-1-numjobs-64",
        "write_lat_log" : "/fio/10K/RAID10_64K//randread-iodepth-1-numjobs-64",
        "write_iops_log" : "/fio/10K/RAID10_64K//randread-iodepth-1-numjobs-64",
        "log_avg_msec" : "500",
        "filename" : "/dev/md10"
      },
      "read" : {
        "io_bytes" : 457502720,
        "io_kbytes" : 446780,
        "bw" : 7431,
        "iops" : 1857.774895,
        "runtime" : 60123,
        "total_ios" : 111695,
        "short_ios" : 0,
        "drop_ios" : 0,
        "slat_ns" : {
          "min" : 9798,
          "max" : 247329,
          "mean" : 27336.714822,
          "stddev" : 9106.059033
        },
        "clat_ns" : {
          "min" : 1293018,
          "max" : 1059192555,
          "mean" : 34250087.458964,
          "stddev" : 38994961.973528,
          "percentile" : {
            "1.000000" : 3850240,
            "5.000000" : 5865472,
            "10.000000" : 7438336,
            "20.000000" : 10027008,
            "30.000000" : 12910592,
            "40.000000" : 16449536,
            "50.000000" : 21102592,
            "60.000000" : 27394048,
            "70.000000" : 35913728,
            "80.000000" : 50069504,
            "90.000000" : 76021760,
            "95.000000" : 105381888,
            "99.000000" : 187695104,
            "99.500000" : 229638144,
            "99.900000" : 354418688,
            "99.950000" : 413138944,
            "99.990000" : 591396864,
            "0.00" : 0,
            "0.00" : 0,
            "0.00" : 0
          }
        },
        "lat_ns" : {
          "min" : 1313849,
          "max" : 1059209951,
          "mean" : 34278339.136371,
          "stddev" : 38994923.589668
        },
        "bw_min" : 8,
        "bw_max" : 296,
        "bw_agg" : 1.572259,
        "bw_mean" : 116.834595,
        "bw_dev" : 36.274439,
        "bw_samples" : 7660,
        "iops_min" : 2,
        "iops_max" : 74,
        "iops_mean" : 29.065796,
        "iops_stddev" : 9.005278,
        "iops_samples" : 7660
      },
      "write" : {
        "io_bytes" : 0,
        "io_kbytes" : 0,
        "bw" : 0,
        "iops" : 0.000000,
        "runtime" : 0,
        "total_ios" : 0,
        "short_ios" : 0,
        "drop_ios" : 0,
        "slat_ns" : {
          "min" : 0,
          "max" : 0,
          "mean" : 0.000000,
          "stddev" : 0.000000
        },
        "clat_ns" : {
          "min" : 0,
          "max" : 0,
          "mean" : 0.000000,
          "stddev" : 0.000000,
          "percentile" : {
            "1.000000" : 0,
            "5.000000" : 0,
            "10.000000" : 0,
            "20.000000" : 0,
            "30.000000" : 0,
            "40.000000" : 0,
            "50.000000" : 0,
            "60.000000" : 0,
            "70.000000" : 0,
            "80.000000" : 0,
            "90.000000" : 0,
            "95.000000" : 0,
            "99.000000" : 0,
            "99.500000" : 0,
            "99.900000" : 0,
            "99.950000" : 0,
            "99.990000" : 0,
            "0.00" : 0,
            "0.00" : 0,
            "0.00" : 0
          }
        },
        "lat_ns" : {
          "min" : 0,
          "max" : 0,
          "mean" : 0.000000,
          "stddev" : 0.000000
        },
        "bw_min" : 0,
        "bw_max" : 0,
        "bw_agg" : 0.000000,
        "bw_mean" : 0.000000,
        "bw_dev" : 0.000000,
        "bw_samples" : 0,
        "iops_min" : 0,
        "iops_max" : 0,
        "iops_mean" : 0.000000,
        "iops_stddev" : 0.000000,
        "iops_samples" : 0
      },
      "trim" : {
        "io_bytes" : 0,
        "io_kbytes" : 0,
        "bw" : 0,
        "iops" : 0.000000,
        "runtime" : 0,
        "total_ios" : 0,
        "short_ios" : 0,
        "drop_ios" : 0,
        "slat_ns" : {
          "min" : 0,
          "max" : 0,
          "mean" : 0.000000,
          "stddev" : 0.000000
        },
        "clat_ns" : {
          "min" : 0,
          "max" : 0,
          "mean" : 0.000000,
          "stddev" : 0.000000,
          "percentile" : {
            "1.000000" : 0,
            "5.000000" : 0,
            "10.000000" : 0,
            "20.000000" : 0,
            "30.000000" : 0,
            "40.000000" : 0,
            "50.000000" : 0,
            "60.000000" : 0,
            "70.000000" : 0,
            "80.000000" : 0,
            "90.000000" : 0,
            "95.000000" : 0,
            "99.000000" : 0,
            "99.500000" : 0,
            "99.900000" : 0,
            "99.950000" : 0,
            "99.990000" : 0,
            "0.00" : 0,
            "0.00" : 0,
            "0.00" : 0
          }
        },
        "lat_ns" : {
          "min" : 0,
          "max" : 0,
          "mean" : 0.000000,
          "stddev" : 0.000000
        },
        "bw_min" : 0,
        "bw_max" : 0,
        "bw_agg" : 0.000000,
        "bw_mean" : 0.000000,
        "bw_dev" : 0.000000,
        "bw_samples" : 0,
        "iops_min" : 0,
        "iops_max" : 0,
        "iops_mean" : 0.000000,
        "iops_stddev" : 0.000000,
        "iops_samples" : 0
      },
      "usr_cpu" : 0.060835,
      "sys_cpu" : 0.120603,
      "ctx" : 112050,
      "majf" : 0,
      "minf" : 1484,
      "iodepth_level" : {
        "1" : 100.000000,
        "2" : 0.000000,
        "4" : 0.000000,
        "8" : 0.000000,
        "16" : 0.000000,
        "32" : 0.000000,
        ">=64" : 0.000000
      },
      "latency_ns" : {
        "2" : 0.000000,
        "4" : 0.000000,
        "10" : 0.000000,
        "20" : 0.000000,
        "50" : 0.000000,
        "100" : 0.000000,
        "250" : 0.000000,
        "500" : 0.000000,
        "750" : 0.000000,
        "1000" : 0.000000
      },
      "latency_us" : {
        "2" : 0.000000,
        "4" : 0.000000,
        "10" : 0.000000,
        "20" : 0.000000,
        "50" : 0.000000,
        "100" : 0.000000,
        "250" : 0.000000,
        "500" : 0.000000,
        "750" : 0.000000,
        "1000" : 0.000000
      },
      "latency_ms" : {
        "2" : 0.022382,
        "4" : 1.132548,
        "10" : 18.745691,
        "20" : 28.065715,
        "50" : 32.114240,
        "100" : 14.184162,
        "250" : 5.353865,
        "500" : 0.358118,
        "750" : 0.019696,
        "1000" : 0.010000,
        "2000" : 0.010000,
        ">=2000" : 0.000000
      },
      "latency_depth" : 1,
      "latency_target" : 0,
      "latency_percentile" : 100.000000,
      "latency_window" : 0
    }
  ],
  "disk_util" : [
    {
      "name" : "md10",
      "read_ios" : 111674,
      "write_ios" : 0,
      "read_merges" : 0,
      "write_merges" : 0,
      "read_ticks" : 0,
      "write_ticks" : 0,
      "in_queue" : 0,
      "util" : 0.000000,
      "aggr_read_ios" : 13961,
      "aggr_write_ios" : 0,
      "aggr_read_merges" : 0,
      "aggr_write_merge" : 0,
      "aggr_read_ticks" : 478051,
      "aggr_write_ticks" : 0,
      "aggr_in_queue" : 478047,
      "aggr_util" : 97.899132
    },
    {
      "name" : "sdf",
      "read_ios" : 13906,
      "write_ios" : 0,
      "read_merges" : 0,
      "write_merges" : 0,
      "read_ticks" : 543508,
      "write_ticks" : 0,
      "in_queue" : 543532,
      "util" : 97.899132
    },
    {
      "name" : "sdd",
      "read_ios" : 13845,
      "write_ios" : 0,
      "read_merges" : 0,
      "write_merges" : 0,
      "read_ticks" : 446832,
      "write_ticks" : 0,
      "in_queue" : 446824,