{
  "fio version" : "fio-3.1",
  "timestamp" : 1585193249,
  "timestamp_ms" : 1585193249047,
  "time" : "Thu Mar 26 04:27:29 2020",
  "jobs" : [
    {
      "jobname" : "iotest",
      "groupid" : 0,
      "error" : 0,
      "eta" : 0,
      "elapsed" : 61,
      "job options" : {
        "rw" : "randwrite",
        "bs" : "4k",
        "ioengine" : "libaio",
        "iodepth" : "8",
        "direct" : "1",
        "invalidate" : "1",
        "refill_buffers" : "1",
        "runtime" : "60",
        "numjobs" : "4",
        "group_reporting" : "1",
        "write_bw_log" : "/fio/10K/RAID10_64K//randwrite-iodepth-8-numjobs-4",
        "write_lat_log" : "/fio/10K/RAID10_64K//randwrite-iodepth-8-numjobs-4",
        "write_iops_log" : "/fio/10K/RAID10_64K//randwrite-iodepth-8-numjobs-4",
        "log_avg_msec" : "500",
        "filename" : "/dev/md10"
      },
      "read" : {
        "io_bytes" : 0,
        "io_kbytes" : 0,
        "bw" : 0,
        "iops" : 0.000000,
        "runtime" : 0,
        "total_ios" : 0,
        "short_ios" : 0,
        "drop_ios" : 0,
        "slat_ns" : {
          "min" : 0,
          "max" : 0,
          "mean" : 0.000000,
          "stddev" : 0.000000
        },
        "clat_ns" : {
          "min" : 0,
          "max" : 0,
          "mean" : 0.000000,
          "stddev" : 0.000000,
          "percentile" : {
            "1.000000" : 0,
            "5.000000" : 0,
            "10.000000" : 0,
            "20.000000" : 0,
            "30.000000" : 0,
            "40.000000" : 0,
            "50.000000" : 0,
            "60.000000" : 0,
            "70.000000" : 0,
            "80.000000" : 0,
            "90.000000" : 0,
            "95.000000" : 0,
            "99.000000" : 0,
            "99.500000" : 0,
            "99.900000" : 0,
            "99.950000" : 0,
            "99.990000" : 0,
            "0.00" : 0,
            "0.00" : 0,
            "0.00" : 0
          }
        },
        "lat_ns" : {
          "min" : 0,
          "max" : 0,
          "mean" : 0.000000,
          "stddev" : 0.000000
        },
        "bw_min" : 0,
        "bw_max" : 0,
        "bw_agg" : 0.000000,
        "bw_mean" : 0.000000,
        "bw_dev" : 0.000000,
        "bw_samples" : 0,
        "iops_min" : 0,
        "iops_max" : 0,
        "iops_mean" : 0.000000,
        "iops_stddev" : 0.000000,
        "iops_samples" : 0
      },
      "write" : {
        "io_bytes" : 17276928,
        "io_kbytes" : 16872,
        "bw" : 281,
        "iops" : 70.267209,
        "runtime" : 60028,
        "total_ios" : 4218,
        "short_ios" : 0,
        "drop_ios" : 0,
        "slat_ns" : {
          "min" : 17749,
          "max" : 1526834602,
          "mean" : 56895227.001660,
          "stddev" : 45885701.230009
        },
        "clat_ns" : {
          "min" : 86691,
          "max" : 2067046442,
          "mean" : 394083491.981508,
          "stddev" : 137444365.892573,
          "percentile" : {
            "1.000000" : 158334976,
            "5.000000" : 238026752,
            "10.000000" : 270532608,
            "20.000000" : 308281344,
            "30.000000" : 333447168,
            "40.000000" : 358612992,
            "50.000000" : 379584512,
            "60.000000" : 404750336,
            "70.000000" : 429916160,
            "80.000000" : 463470592,
            "90.000000" : 517996544,
            "95.000000" : 566231040,
            "99.000000" : 817889280,
            "99.500000" : 1098907648,
            "99.900000" : 1870659584,
            "99.950000" : 1988100096,
            "99.990000" : 2071986176,
            "0.00" : 0,
            "0.00" : 0,
            "0.00" : 0
          }
        },
        "lat_ns" : {
          "min" : 42119473,
          "max" : 2342721404,
          "mean" : 450980403.615220,
          "stddev" : 153436825.891779
        },
        "bw_min" : 8,
        "bw_max" : 153,
        "bw_agg" : 25.090841,
        "bw_mean" : 70.505263,
        "bw_dev" : 19.337374,
        "bw_samples" : 475,
        "iops_min" : 2,
        "iops_max" : 38,
        "iops_mean" : 17.608421,
        "iops_stddev" : 4.814528,
        "iops_samples" : 475
      },
      "trim" : {
        "io_bytes" : 0,
        "io_kbytes" : 0,
        "bw" : 0,
        "iops" : 0.000000,
        "runtime" : 0,
        "total_ios" : 0,
        "short_ios" : 0,
        "drop_ios" : 0,
        "slat_ns" : {
          "min" : 0,
          "max" : 0,
          "mean" : 0.000000,
          "stddev" : 0.000000
        },
        "clat_ns" : {
          "min" : 0,
          "max" : 0,
          "mean" : 0.000000,
          "stddev" : 0.000000,
          "percentile" : {
            "1.000000" : 0,
            "5.000000" : 0,
            "10.000000" : 0,
            "20.000000" : 0,
            "30.000000" : 0,
            "40.000000" : 0,
            "50.000000" : 0,
            "60.000000" : 0,
            "70.000000" : 0,
            "80.000000" : 0,
            "90.000000" : 0,
            "95.000000" : 0,
            "99.000000" : 0,
            "99.500000" : 0,
            "99.900000" : 0,
            "99.950000" : 0,
            "99.990000" : 0,
            "0.00" : 0,
            "0.00" : 0,
            "0.00" : 0
          }
        },
        "lat_ns" : {
          "min" : 0,
          "max" : 0,
          "mean" : 0.000000,
          "stddev" : 0.000000
        },
        "bw_min" : 0,
        "bw_max" : 0,
        "bw_agg" : 0.000000,
        "bw_mean" : 0.000000,
        "bw_dev" : 0.000000,
        "bw_samples" : 0,
        "iops_min" : 0,
        "iops_max" : 0,
        "iops_mean" : 0.000000,
        "iops_stddev" : 0.000000,
        "iops_samples" : 0
      },
      "usr_cpu" : 0.040402,
      "sys_cpu" : 0.161607,
      "ctx" : 16412,
      "majf" : 0,
      "minf" : 85,
      "iodepth_level" : {
        "1" : 0.100000,
        "2" : 0.189663,
        "4" : 0.379327,
        "8" : 99.336178,
        "16" : 0.000000,
        "32" : 0.000000,
        ">=64" : 0.000000
      },
      "latency_ns" : {
        "2" : 0.000000,
        "4" : 0.000000,
        "10" : 0.000000,
        "20" : 0.000000,
        "50" : 0.000000,
        "100" : 0.000000,
        "250" : 0.000000,
        "500" : 0.000000,
        "750" : 0.000000,
        "1000" : 0.000000
      },
      "latency_us" : {
        "2" : 0.000000,
        "4" : 0.000000,
        "10" : 0.000000,
        "20" : 0.000000,
        "50" : 0.000000,
        "100" : 0.047416,
        "250" : 0.023708,
        "500" : 0.023708,
        "750" : 0.000000,
        "1000" : 0.000000
      },
      "latency_ms" : {
        "2" : 0.000000,
        "4" : 0.000000,
        "10" : 0.000000,
        "20" : 0.000000,
        "50" : 0.047416,
        "100" : 0.071124,
        "250" : 6.282598,
        "500" : 81.318160,
        "750" : 11.024182,
        "1000" : 0.497866,
        "2000" : 0.616406,
        ">=2000" : 0.047416
      },
      "latency_depth" : 8,
      "latency_target" : 0,
      "latency_percentile" : 100.000000,
      "latency_window" : 0
    }
  ],
  "disk_util" : [
    {
      "name" : "md10",
      "read_ios" : 49,
      "write_ios" : 4204,
      "read_merges" : 0,
      "write_merges" : 0,
      "read_ticks" : 0,
      "write_ticks" : 0,
      "in_queue" : 0,
      "util" : 0.000000,
      "aggr_read_ios" : 19,
      "aggr_write_ios" : 5150,
      "aggr_read_merges" : 0,
      "aggr_write_merge" : 0,
      "aggr_read_ticks" : 4,
      "aggr_write_ticks" : 28874,
      "aggr_in_queue" : 28876,
      "aggr_util" : 53.002524
    },
    {
      "name" : "sdf",
      "read_ios" : 6,
      "write_ios" : 5164,
      "read_merges" : 0,
      "write_merges" : 0,
      "read_ticks" : 0,
      "write_ticks" : 31096,
      "in_queue" : 31096,
      "util" : 51.072733
    },
    {
      "name" : "sdd",
      "read_ios" : 0,
      "write_ios" : 5121,
      "read_merges" : 0,
      "write_merges" : 0,
      "read_ticks" : 0,
      "write_ticks" : 28376,
      "in_queue" : 28376,