{
  "fio version" : "fio-3.1",
  "timestamp" : 1585192572,
  "timestamp_ms" : 1585192572487,
  "time" : "Thu Mar 26 04:16:12 2020",
  "jobs" : [
    {
      "jobname" : "iotest",
      "groupid" : 0,
      "error" : 0,
      "eta" : 0,
      "elapsed" : 61,
      "job options" : {
        "rw" : "randwrite",
        "bs" : "4k",
        "ioengine" : "libaio",
        "iodepth" : "2",
        "direct" : "1",
        "invalidate" : "1",
        "refill_buffers" : "1",
        "runtime" : "60",
        "numjobs" : "32",
        "group_reporting" : "1",
        "write_bw_log" : "/fio/10K/RAID10_64K//randwrite-iodepth-2-numjobs-32",
        "write_lat_log" : "/fio/10K/RAID10_64K//randwrite-iodepth-2-numjobs-32",
        "write_iops_log" : "/fio/10K/RAID10_64K//randwrite-iodepth-2-numjobs-32",
        "log_avg_msec" : "500",
        "filename" : "/dev/md10"
      },
      "read" : {
        "io_bytes" : 0,
        "io_kbytes" : 0,
        "bw" : 0,
        "iops" : 0.000000,
        "runtime" : 0,
        "total_ios" : 0,
        "short_ios" : 0,
        "drop_ios" : 0,
        "slat_ns" : {
          "min" : 0,
          "max" : 0,
          "mean" : 0.000000,
          "stddev" : 0.000000
        },
        "clat_ns" : {
          "min" : 0,
          "max" : 0,
          "mean" : 0.000000,
          "stddev" : 0.000000,
          "percentile" : {
            "1.000000" : 0,
            "5.000000" : 0,
            "10.000000" : 0,
            "20.000000" : 0,
            "30.000000" : 0,
            "40.000000" : 0,
            "50.000000" : 0,
            "60.000000" : 0,
            "70.000000" : 0,
            "80.000000" : 0,
            "90.000000" : 0,
            "95.000000" : 0,
            "99.000000" : 0,
            "99.500000" : 0,
            "99.900000" : 0,
            "99.950000" : 0,
            "99.990000" : 0,
            "0.00" : 0,
            "0.00" : 0,
            "0.00" : 0
          }
        },
        "lat_ns" : {
          "min" : 0,
          "max" : 0,
          "mean" : 0.000000,
          "stddev" : 0.000000
        },
        "bw_min" : 0,
        "bw_max" : 0,
        "bw_agg" : 0.000000,
        "bw_mean" : 0.000000,
        "bw_dev" : 0.000000,
        "bw_samples" : 0,
        "iops_min" : 0,
        "iops_max" : 0,
        "iops_mean" : 0.000000,
        "iops_stddev" : 0.000000,
        "iops_samples" : 0
      },
      "write" : {
        "io_bytes" : 19382272,
        "io_kbytes" : 18928,
        "bw" : 312,
        "iops" : 78.094829,
        "runtime" : 60593,
        "total_ios" : 4732,
        "short_ios" : 0,
        "drop_ios" : 0,
        "slat_ns" : {
          "min" : 20760,
          "max" : 4271037914,
          "mean" : 406499747.010144,
          "stddev" : 482594857.120832
        },
        "clat_ns" : {
          "min" : 78411,
          "max" : 4271098444,
          "mean" : 401974822.372147,
          "stddev" : 481194617.166310,
          "percentile" : {
            "1.000000" : 85504,
            "5.000000" : 150528,
            "10.000000" : 168960,
            "20.000000" : 41156608,
            "30.000000" : 78118912,
            "40.000000" : 137363456,
            "50.000000" : 221249536,
            "60.000000" : 337641472,
            "70.000000" : 497025024,
            "80.000000" : 717225984,
            "90.000000" : 1044381696,
            "95.000000" : 1367343104,
            "99.000000" : 2105540608,
            "99.500000" : 2432696320,
            "99.900000" : 3238002688,
            "99.950000" : 3640655872,
            "99.990000" : 4278190080,
            "0.00" : 0,
            "0.00" : 0,
            "0.00" : 0
          }
        },
        "lat_ns" : {
          "min" : 131283,
          "max" : 5254706497,
          "mean" : 808477522.229501,
          "stddev" : 697262335.465723
        },
        "bw_min" : 7,
        "bw_max" : 81,
        "bw_agg" : 5.014861,
        "bw_mean" : 15.646367,
        "bw_dev" : 9.589653,
        "bw_samples" : 2381,
        "iops_min" : 1,
        "iops_max" : 20,
        "iops_mean" : 3.882402,
        "iops_stddev" : 2.397747,
        "iops_samples" : 2381
      },
      "trim" : {
        "io_bytes" : 0,
        "io_kbytes" : 0,
        "bw" : 0,
        "iops" : 0.000000,
        "runtime" : 0,
        "total_ios" : 0,
        "short_ios" : 0,
        "drop_ios" : 0,
        "slat_ns" : {
          "min" : 0,
          "max" : 0,
          "mean" : 0.000000,
          "stddev" : 0.000000
        },
        "clat_ns" : {
          "min" : 0,
          "max" : 0,
          "mean" : 0.000000,
          "stddev" : 0.000000,
          "percentile" : {
            "1.000000" : 0,
            "5.000000" : 0,
            "10.000000" : 0,
            "20.000000" : 0,
            "30.000000" : 0,
            "40.000000" : 0,
            "50.000000" : 0,
            "60.000000" : 0,
            "70.000000" : 0,
            "80.000000" : 0,
            "90.000000" : 0,
            "95.000000" : 0,
            "99.000000" : 0,
            "99.500000" : 0,
            "99.900000" : 0,
            "99.950000" : 0,
            "99.990000" : 0,
            "0.00" : 0,
            "0.00" : 0,
            "0.00" : 0
          }
        },
        "lat_ns" : {
          "min" : 0,
          "max" : 0,
          "mean" : 0.000000,
          "stddev" : 0.000000
        },
        "bw_min" : 0,
        "bw_max" : 0,
        "bw_agg" : 0.000000,
        "bw_mean" : 0.000000,
        "bw_dev" : 0.000000,
        "bw_samples" : 0,
        "iops_min" : 0,
        "iops_max" : 0,
        "iops_mean" : 0.000000,
        "iops_stddev" : 0.000000,
        "iops_samples" : 0
      },
      "usr_cpu" : 0.019112,
      "sys_cpu" : 0.038794,
      "ctx" : 132485,
      "majf" : 0,
      "minf" : 693,
      "iodepth_level" : {
        "1" : 0.676247,
        "2" : 99.323753,
        "4" : 0.000000,
        "8" : 0.000000,
        "16" : 0.000000,
        "32" : 0.000000,
        ">=64" : 0.000000
      },
      "latency_ns" : {
        "2" : 0.000000,
        "4" : 0.000000,
        "10" : 0.000000,
        "20" : 0.000000,
        "50" : 0.000000,
        "100" : 0.000000,
        "250" : 0.000000,
        "500" : 0.000000,
        "750" : 0.000000,
        "1000" : 0.000000
      },
      "latency_us" : {
        "2" : 0.000000,
        "4" : 0.000000,
        "10" : 0.000000,
        "20" : 0.000000,
        "50" : 0.000000,
        "100" : 2.240068,
        "250" : 10.925613,
        "500" : 0.169062,
        "750" : 0.042265,
        "1000" : 0.000000
      },
      "latency_ms" : {
        "2" : 0.084531,
        "4" : 0.021133,
        "10" : 0.147929,
        "20" : 0.147929,
        "50" : 8.960270,
        "100" : 11.284869,
        "250" : 18.998309,
        "500" : 17.202029,
        "750" : 11.263736,
        "1000" : 7.142857,
        "2000" : 10.185968,
        ">=2000" : 1.183432
      },
      "latency_depth" : 2,
      "latency_target" : 0,
      "latency_percentile" : 100.000000,
      "latency_window" : 0
    }
  ],
  "disk_util" : [
    {
      "name" : "md10",
      "read_ios" : 245,
      "write_ios" : 4732,
      "read_merges" : 0,
      "write_merges" : 0,
      "read_ticks" : 0,
      "write_ticks" : 0,
      "in_queue" : 0,
      "util" : 0.000000,
      "aggr_read_ios" : 65,
      "aggr_write_ios" : 5301,
      "aggr_read_merges" : 0,
      "aggr_write_merge" : 0,
      "aggr_read_ticks" : 22,
      "aggr_write_ticks" : 30172,
      "aggr_in_queue" : 30194,
      "aggr_util" : 54.870082
    },
    {
      "name" : "sdf",
      "read_ios" : 20,
      "write_ios" : 5330,
      "read_merges" : 0,
      "write_merges" : 0,
      "read_ticks" : 4,
      "write_ticks" : 32064,
      "in_queue" : 32068,
      "util" : 52.355642
    },
    {
      "name" : "sdd",
      "read_ios" : 13,
      "write_ios" : 5317,
      "read_merges" : 0,
      "write_merges" : 0,
      "read_ticks" : 16,
      "write_ticks" : 28996,
      "in_queue" : 29012,