{
  "fio version" : "fio-3.1",
  "timestamp" : 1585190845,
  "timestamp_ms" : 1585190845838,
  "time" : "Thu Mar 26 03:47:25 2020",
  "jobs" : [
    {
      "jobname" : "iotest",
      "groupid" : 0,
      "error" : 0,
      "eta" : 0,
      "elapsed" : 62,
      "job options" : {
        "rw" : "randread",
        "bs" : "4k",
        "ioengine" : "libaio",
        "iodepth" : "16",
        "direct" : "1",
        "invalidate" : "1",
        "refill_buffers" : "1",
        "runtime" : "60",
        "numjobs" : "32",
        "group_reporting" : "1",
        "write_bw_log" : "/fio/10K/RAID10_64K//randread-iodepth-16-numjobs-32",
        "write_lat_log" : "/fio/10K/RAID10_64K//randread-iodepth-16-numjobs-32",
        "write_iops_log" : "/fio/10K/RAID10_64K//randread-iodepth-16-numjobs-32",
        "log_avg_msec" : "500",
        "filename" : "/dev/md10"
      },
      "read" : {
        "io_bytes" : 551424000,
        "io_kbytes" : 538500,
        "bw" : 8887,
        "iops" : 2221.974648,
        "runtime" : 60588,
        "total_ios" : 134625,
        "short_ios" : 0,
        "drop_ios" : 0,
        "slat_ns" : {
          "min" : 4270,
          "max" : 525436725,
          "mean" : 11527888.469415,
          "stddev" : 57722749.914255
        },
        "clat_ns" : {
          "min" : 55134,
          "max" : 3159433332,
          "mean" : 217877172.957541,
          "stddev" : 244192533.744552,
          "percentile" : {
            "1.000000" : 4882432,
            "5.000000" : 7372800,
            "10.000000" : 9633792,
            "20.000000" : 14876672,
            "30.000000" : 22937600,
            "40.000000" : 42205184,
            "50.000000" : 210763776,
            "60.000000" : 283115520,
            "70.000000" : 316669952,
            "80.000000" : 358612992,
            "90.000000" : 434110464,
            "95.000000" : 658505728,
            "99.000000" : 1132462080,
            "99.500000" : 1384120320,
            "99.900000" : 1870659584,
            "99.950000" : 2139095040,
            "99.990000" : 2600468480,
            "0.00" : 0,
            "0.00" : 0,
            "0.00" : 0
          }
        },
        "lat_ns" : {
          "min" : 63089,
          "max" : 3159443289,
          "mean" : 229405468.563499,
          "stddev" : 266790316.391012
        },
        "bw_min" : 7,
        "bw_max" : 809,
        "bw_agg" : 3.153621,
        "bw_mean" : 280.262282,
        "bw_dev" : 104.455780,
        "bw_samples" : 3847,
        "iops_min" : 1,
        "iops_max" : 202,
        "iops_mean" : 69.838316,
        "iops_stddev" : 26.095914,
        "iops_samples" : 3847
      },
      "write" : {
        "io_bytes" : 0,
        "io_kbytes" : 0,
        "bw" : 0,
        "iops" : 0.000000,
        "runtime" : 0,
        "total_ios" : 0,
        "short_ios" : 0,
        "drop_ios" : 0,
        "slat_ns" : {
          "min" : 0,
          "max" : 0,
          "mean" : 0.000000,
          "stddev" : 0.000000
        },
        "clat_ns" : {
          "min" : 0,
          "max" : 0,
          "mean" : 0.000000,
          "stddev" : 0.000000,
          "percentile" : {
            "1.000000" : 0,
            "5.000000" : 0,
            "10.000000" : 0,
            "20.000000" : 0,
            "30.000000" : 0,
            "40.000000" : 0,
            "50.000000" : 0,
            "60.000000" : 0,
            "70.000000" : 0,
            "80.000000" : 0,
            "90.000000" : 0,
            "95.000000" : 0,
            "99.000000" : 0,
            "99.500000" : 0,
            "99.900000" : 0,
            "99.950000" : 0,
            "99.990000" : 0,
            "0.00" : 0,
            "0.00" : 0,
            "0.00" : 0
          }
        },
        "lat_ns" : {
          "min" : 0,
          "max" : 0,
          "mean" : 0.000000,
          "stddev" : 0.000000
        },
        "bw_min" : 0,
        "bw_max" : 0,
        "bw_agg" : 0.000000,
        "bw_mean" : 0.000000,
        "bw_dev" : 0.000000,
        "bw_samples" : 0,
        "iops_min" : 0,
        "iops_max" : 0,
        "iops_mean" : 0.000000,
        "iops_stddev" : 0.000000,
        "iops_samples" : 0
      },
      "trim" : {
        "io_bytes" : 0,
        "io_kbytes" : 0,
        "bw" : 0,
        "iops" : 0.000000,
        "runtime" : 0,
        "total_ios" : 0,
        "short_ios" : 0,
        "drop_ios" : 0,
        "slat_ns" : {
          "min" : 0,
          "max" : 0,
          "mean" : 0.000000,
          "stddev" : 0.000000
        },
        "clat_ns" : {
          "min" : 0,
          "max" : 0,
          "mean" : 0.000000,
          "stddev" : 0.000000,
          "percentile" : {
            "1.000000" : 0,
            "5.000000" : 0,
            "10.000000" : 0,
            "20.000000" : 0,
            "30.000000" : 0,
            "40.000000" : 0,
            "50.000000" : 0,
            "60.000000" : 0,
            "70.000000" : 0,
            "80.000000" : 0,
            "90.000000" : 0,
            "95.000000" : 0,
            "99.000000" : 0,
            "99.500000" : 0,
            "99.900000" : 0,
            "99.950000" : 0,
            "99.990000" : 0,
            "0.00" : 0,
            "0.00" : 0,
            "0.00" : 0
          }
        },
        "lat_ns" : {
          "min" : 0,
          "max" : 0,
          "mean" : 0.000000,
          "stddev" : 0.000000
        },
        "bw_min" : 0,
        "bw_max" : 0,
        "bw_agg" : 0.000000,
        "bw_mean" : 0.000000,
        "bw_dev" : 0.000000,
        "bw_samples" : 0,
        "iops_min" : 0,
        "iops_max" : 0,
        "iops_mean" : 0.000000,
        "iops_stddev" : 0.000000,
        "iops_samples" : 0
      },
      "usr_cpu" : 0.045717,
      "sys_cpu" : 0.093347,
      "ctx" : 74883,
      "majf" : 0,
      "minf" : 1131,
      "iodepth_level" : {
        "1" : 0.100000,
        "2" : 0.100000,
        "4" : 0.100000,
        "8" : 0.190158,
        "16" : 99.643454,
        "32" : 0.000000,
        ">=64" : 0.000000
      },
      "latency_ns" : {
        "2" : 0.000000,
        "4" : 0.000000,
        "10" : 0.000000,
        "20" : 0.000000,
        "50" : 0.000000,
        "100" : 0.000000,
        "250" : 0.000000,
        "500" : 0.000000,
        "750" : 0.000000,
        "1000" : 0.000000
      },
      "latency_us" : {
        "2" : 0.000000,
        "4" : 0.000000,
        "10" : 0.000000,
        "20" : 0.000000,
        "50" : 0.000000,
        "100" : 0.010000,
        "250" : 0.000000,
        "500" : 0.000000,
        "750" : 0.000000,
        "1000" : 0.000000
      },
      "latency_ms" : {
        "2" : 0.010399,
        "4" : 0.404828,
        "10" : 10.287837,
        "20" : 16.340204,
        "50" : 14.932591,
        "100" : 4.649211,
        "250" : 7.348561,
        "500" : 38.543361,
        "750" : 4.098050,
        "1000" : 1.918663,
        "2000" : 1.393500,
        ">=2000" : 0.072052
      },
      "latency_depth" : 16,
      "latency_target" : 0,
      "latency_percentile" : 100.000000,
      "latency_window" : 0
    }
  ],
  "disk_util" : [
    {
      "name" : "md10",
      "read_ios" : 134625,
      "write_ios" : 0,
      "read_merges" : 0,
      "write_merges" : 0,
      "read_ticks" : 0,
      "write_ticks" : 0,
      "in_queue" : 0,
      "util" : 0.000000,
      "aggr_read_ios" : 16828,
      "aggr_write_ios" : 0,
      "aggr_read_merges" : 0,
      "aggr_write_merge" : 0,
      "aggr_read_ticks" : 1850077,
      "aggr_write_ticks" : 0,
      "aggr_in_queue" : 1850069,
      "aggr_util" : 99.295567
    },
    {
      "name" : "sdf",
      "read_ios" : 16441,
      "write_ios" : 0,
      "read_merges" : 0,
      "write_merges" : 0,
      "read_ticks" : 7692524,
      "write_ticks" : 0,
      "in_queue" : 7692524,
      "util" : 99.295567
    },
    {
      "name" : "sdd",
      "read_ios" : 16577,
      "write_ios" : 0,
      "read_merges" : 0,
      "write_merges" : 0,
      "read_ticks" : 838560,
      "write_ticks" : 0,