{
  "fio version" : "fio-3.1",
  "timestamp" : 1585191215,
  "timestamp_ms" : 1585191215970,
  "time" : "Thu Mar 26 03:53:35 2020",
  "jobs" : [
    {
      "jobname" : "iotest",
      "groupid" : 0,
      "error" : 0,
      "eta" : 0,
      "elapsed" : 61,
      "job options" : {
        "rw" : "randread",
        "bs" : "4k",
        "ioengine" : "libaio",
        "iodepth" : "32",
        "direct" : "1",
        "invalidate" : "1",
        "refill_buffers" : "1",
        "runtime" : "60",
        "numjobs" : "16",
        "group_reporting" : "1",
        "write_bw_log" : "/fio/10K/RAID10_64K//randread-iodepth-32-numjobs-16",
        "write_lat_log" : "/fio/10K/RAID10_64K//randread-iodepth-32-numjobs-16",
        "write_iops_log" : "/fio/10K/RAID10_64K//randread-iodepth-32-numjobs-16",
        "log_avg_msec" : "500",
        "filename" : "/dev/md10"
      },
      "read" : {
        "io_bytes" : 521564160,
        "io_kbytes" : 509340,
        "bw" : 8414,
        "iops" : 2103.632849,
        "runtime" : 60531,
        "total_ios" : 127335,
        "short_ios" : 0,
        "drop_ios" : 0,
        "slat_ns" : {
          "min" : 4406,
          "max" : 450987247,
          "mean" : 6500688.064664,
          "stddev" : 39614848.434526
        },
        "clat_ns" : {
          "min" : 1395387,
          "max" : 3131750425,
          "mean" : 236322523.567880,
          "stddev" : 260261153.928994,
          "percentile" : {
            "1.000000" : 4554752,
            "5.000000" : 7307264,
            "10.000000" : 9764864,
            "20.000000" : 15925248,
            "30.000000" : 32112640,
            "40.000000" : 198180864,
            "50.000000" : 238026752,
            "60.000000" : 263192576,
            "70.000000" : 287309824,
            "80.000000" : 312475648,
            "90.000000" : 450887680,
            "95.000000" : 641728512,
            "99.000000" : 1400897536,
            "99.500000" : 1652555776,
            "99.900000" : 2139095040,
            "99.950000" : 2332033024,
            "99.990000" : 2667577344,
            "0.00" : 0,
            "0.00" : 0,
            "0.00" : 0
          }
        },
        "lat_ns" : {
          "min" : 1406968,
          "max" : 3246749410,
          "mean" : 242823598.944666,
          "stddev" : 271334798.565627
        },
        "bw_min" : 128,
        "bw_max" : 1144,
        "bw_agg" : 6.319434,
        "bw_mean" : 531.717188,
        "bw_dev" : 150.513174,
        "bw_samples" : 1920,
        "iops_min" : 32,
        "iops_max" : 286,
        "iops_mean" : 132.733854,
        "iops_stddev" : 37.609947,
        "iops_samples" : 1920
      },
      "write" : {
        "io_bytes" : 0,
        "io_kbytes" : 0,
        "bw" : 0,
        "iops" : 0.000000,
        "runtime" : 0,
        "total_ios" : 0,
        "short_ios" : 0,
        "drop_ios" : 0,
        "slat_ns" : {
          "min" : 0,
          "max" : 0,
          "mean" : 0.000000,
          "stddev" : 0.000000
        },
        "clat_ns" : {
          "min" : 0,
          "max" : 0,
          "mean" : 0.000000,
          "stddev" : 0.000000,
          "percentile" : {
            "1.000000" : 0,
            "5.000000" : 0,
            "10.000000" : 0,
            "20.000000" : 0,
            "30.000000" : 0,
            "40.000000" : 0,
            "50.000000" : 0,
            "60.000000" : 0,
            "70.000000" : 0,
            "80.000000" : 0,
            "90.000000" : 0,
            "95.000000" : 0,
            "99.000000" : 0,
            "99.500000" : 0,
            "99.900000" : 0,
            "99.950000" : 0,
            "99.990000" : 0,
            "0.00" : 0,
            "0.00" : 0,
            "0.00" : 0
          }
        },
        "lat_ns" : {
          "min" : 0,
          "max" : 0,
          "mean" : 0.000000,
          "stddev" : 0.000000
        },
        "bw_min" : 0,
        "bw_max" : 0,
        "bw_agg" : 0.000000,
        "bw_mean" : 0.000000,
        "bw_dev" : 0.000000,
        "bw_samples" : 0,
        "iops_min" : 0,
        "iops_max" : 0,
        "iops_mean" : 0.000000,
        "iops_stddev" : 0.000000,
        "iops_samples" : 0
      },
      "trim" : {
        "io_bytes" : 0,
        "io_kbytes" : 0,
        "bw" : 0,
        "iops" : 0.000000,
        "runtime" : 0,
        "total_ios" : 0,
        "short_ios" : 0,
        "drop_ios" : 0,
        "slat_ns" : {
          "min" : 0,
          "max" : 0,
          "mean" : 0.000000,
          "stddev" : 0.000000
        },
        "clat_ns" : {
          "min" : 0,
          "max" : 0,
          "mean" : 0.000000,
          "stddev" : 0.000000,
          "percentile" : {
            "1.000000" : 0,
            "5.000000" : 0,
            "10.000000" : 0,
            "20.000000" : 0,
            "30.000000" : 0,
            "40.000000" : 0,
            "50.000000" : 0,
            "60.000000" : 0,
            "70.000000" : 0,
            "80.000000" : 0,
            "90.000000" : 0,
            "95.000000" : 0,
            "99.000000" : 0,
            "99.500000" : 0,
            "99.900000" : 0,
            "99.950000" : 0,
            "99.990000" : 0,
            "0.00" : 0,
            "0.00" : 0,
            "0.00" : 0
          }
        },
        "lat_ns" : {
          "min" : 0,
          "max" : 0,
          "mean" : 0.000000,
          "stddev" : 0.000000
        },
        "bw_min" : 0,
        "bw_max" : 0,
        "bw_agg" : 0.000000,
        "bw_mean" : 0.000000,
        "bw_dev" : 0.000000,
        "bw_samples" : 0,
        "iops_min" : 0,
        "iops_max" : 0,
        "iops_mean" : 0.000000,
        "iops_stddev" : 0.000000,
        "iops_samples" : 0
      },
      "usr_cpu" : 0.078173,
      "sys_cpu" : 0.168445,
      "ctx" : 51289,
      "majf" : 0,
      "minf" : 870,
      "iodepth_level" : {
        "1" : 0.100000,
        "2" : 0.100000,
        "4" : 0.100000,
        "8" : 0.100522,
        "16" : 0.201044,
        "32" : 99.610476,
        ">=64" : 0.000000
      },
      "latency_ns" : {
        "2" : 0.000000,
        "4" : 0.000000,
        "10" : 0.000000,
        "20" : 0.000000,
        "50" : 0.000000,
        "100" : 0.000000,
        "250" : 0.000000,
        "500" : 0.000000,
        "750" : 0.000000,
        "1000" : 0.000000
      },
      "latency_us" : {
        "2" : 0.000000,
        "4" : 0.000000,
        "10" : 0.000000,
        "20" : 0.000000,
        "50" : 0.000000,
        "100" : 0.000000,
        "250" : 0.000000,
        "500" : 0.000000,
        "750" : 0.000000,
        "1000" : 0.000000
      },
      "latency_ms" : {
        "2" : 0.010209,
        "4" : 0.579574,
        "10" : 9.815840,
        "20" : 13.703224,
        "50" : 8.624494,
        "100" : 1.962540,
        "250" : 19.850002,
        "500" : 36.484077,
        "750" : 4.832136,
        "1000" : 1.832960,
        "2000" : 2.132171,
        ">=2000" : 0.172773
      },
      "latency_depth" : 32,
      "latency_target" : 0,
      "latency_percentile" : 100.000000,
      "latency_window" : 0
    }
  ],
  "disk_util" : [
    {
      "name" : "md10",
      "read_ios" : 127335,
      "write_ios" : 0,
      "read_merges" : 0,
      "write_merges" : 0,
      "read_ticks" : 0,
      "write_ticks" : 0,
      "in_queue" : 0,
      "util" : 0.000000,
      "aggr_read_ios" : 15916,
      "aggr_write_ios" : 0,
      "aggr_read_merges" : 0,
      "aggr_write_merge" : 0,
      "aggr_read_ticks" : 1934641,
      "aggr_write_ticks" : 0,
      "aggr_in_queue" : 1934644,
      "aggr_util" : 98.961278
    },
    {
      "name" : "sdf",
      "read_ios" : 15954,
      "write_ios" : 0,
      "read_merges" : 0,
      "write_merges" : 0,
      "read_ticks" : 905116,
      "write_ticks" : 0,
      "in_queue" : 905116,
      "util" : 97.884302
    },
    {
      "name" : "sdd",
      "read_ios" : 15707,
      "write_ios" : 0,
      "read_merges" : 0,
      "write_merges" : 0,
      "read_ticks" : 732712,
      "write_ticks" : 0,