{
  "fio version" : "fio-3.1",
  "timestamp" : 1585194602,
  "timestamp_ms" : 1585194602315,
  "time" : "Thu Mar 26 04:50:02 2020",
  "jobs" : [
    {
      "jobname" : "iotest",
      "groupid" : 0,
      "error" : 0,
      "eta" : 0,
      "elapsed" : 61,
      "job options" : {
        "rw" : "randwrite",
        "bs" : "4k",
        "ioengine" : "libaio",
        "iodepth" : "64",
        "direct" : "1",
        "invalidate" : "1",
        "refill_buffers" : "1",
        "runtime" : "60",
        "numjobs" : "8",
        "group_reporting" : "1",
        "write_bw_log" : "/fio/10K/RAID10_64K//randwrite-iodepth-64-numjobs-8",
        "write_lat_log" : "/fio/10K/RAID10_64K//randwrite-iodepth-64-numjobs-8",
        "write_iops_log" : "/fio/10K/RAID10_64K//randwrite-iodepth-64-numjobs-8",
        "log_avg_msec" : "500",
        "filename" : "/dev/md10"
      },
      "read" : {
        "io_bytes" : 0,
        "io_kbytes" : 0,
        "bw" : 0,
        "iops" : 0.000000,
        "runtime" : 0,
        "total_ios" : 0,
        "short_ios" : 0,
        "drop_ios" : 0,
        "slat_ns" : {
          "min" : 0,
          "max" : 0,
          "mean" : 0.000000,
          "stddev" : 0.000000
        },
        "clat_ns" : {
          "min" : 0,
          "max" : 0,
          "mean" : 0.000000,
          "stddev" : 0.000000,
          "percentile" : {
            "1.000000" : 0,
            "5.000000" : 0,
            "10.000000" : 0,
            "20.000000" : 0,
            "30.000000" : 0,
            "40.000000" : 0,
            "50.000000" : 0,
            "60.000000" : 0,
            "70.000000" : 0,
            "80.000000" : 0,
            "90.000000" : 0,
            "95.000000" : 0,
            "99.000000" : 0,
            "99.500000" : 0,
            "99.900000" : 0,
            "99.950000" : 0,
            "99.990000" : 0,
            "0.00" : 0,
            "0.00" : 0,
            "0.00" : 0
          }
        },
        "lat_ns" : {
          "min" : 0,
          "max" : 0,
          "mean" : 0.000000,
          "stddev" : 0.000000
        },
        "bw_min" : 0,
        "bw_max" : 0,
        "bw_agg" : 0.000000,
        "bw_mean" : 0.000000,
        "bw_dev" : 0.000000,
        "bw_samples" : 0,
        "iops_min" : 0,
        "iops_max" : 0,
        "iops_mean" : 0.000000,
        "iops_stddev" : 0.000000,
        "iops_samples" : 0
      },
      "write" : {
        "io_bytes" : 17362944,
        "io_kbytes" : 16956,
        "bw" : 282,
        "iops" : 70.510155,
        "runtime" : 60119,
        "total_ios" : 4239,
        "short_ios" : 0,
        "drop_ios" : 0,
        "slat_ns" : {
          "min" : 18771,
          "max" : 2435376387,
          "mean" : 113340177.420382,
          "stddev" : 121523773.857417
        },
        "clat_ns" : {
          "min" : 105850,
          "max" : 12107009425,
          "mean" : 6696229226.190141,
          "stddev" : 1898457103.506939,
          "percentile" : {
            "1.000000" : 557842432,
            "5.000000" : 2902458368,
            "10.000000" : 4798283776,
            "20.000000" : 5603590144,
            "30.000000" : 6073352192,
            "40.000000" : 6476005376,
            "50.000000" : 6744440832,
            "60.000000" : 7079985152,
            "70.000000" : 7482638336,
            "80.000000" : 7952400384,
            "90.000000" : 8925478912,
            "95.000000" : 9730785280,
            "99.000000" : 11341398016,
            "99.500000" : 11744051200,
            "99.900000" : 12012486656,
            "99.950000" : 12012486656,
            "99.990000" : 12146704384,
            "0.00" : 0,
            "0.00" : 0,
            "0.00" : 0
          }
        },
        "lat_ns" : {
          "min" : 22627721,
          "max" : 12165031521,
          "mean" : 6809571286.052135,
          "stddev" : 1905309105.700235
        },
        "bw_min" : 8,
        "bw_max" : 105,
        "bw_agg" : 12.538385,
        "bw_mean" : 35.358244,
        "bw_dev" : 16.727444,
        "bw_samples" : 843,
        "iops_min" : 2,
        "iops_max" : 26,
        "iops_mean" : 8.817319,
        "iops_stddev" : 4.176320,
        "iops_samples" : 843
      },
      "trim" : {
        "io_bytes" : 0,
        "io_kbytes" : 0,
        "bw" : 0,
        "iops" : 0.000000,
        "runtime" : 0,
        "total_ios" : 0,
        "short_ios" : 0,
        "drop_ios" : 0,
        "slat_ns" : {
          "min" : 0,
          "max" : 0,
          "mean" : 0.000000,
          "stddev" : 0.000000
        },
        "clat_ns" : {
          "min" : 0,
          "max" : 0,
          "mean" : 0.000000,
          "stddev" : 0.000000,
          "percentile" : {
            "1.000000" : 0,
            "5.000000" : 0,
            "10.000000" : 0,
            "20.000000" : 0,
            "30.000000" : 0,
            "40.000000" : 0,
            "50.000000" : 0,
            "60.000000" : 0,
            "70.000000" : 0,
            "80.000000" : 0,
            "90.000000" : 0,
            "95.000000" : 0,
            "99.000000" : 0,
            "99.500000" : 0,
            "99.900000" : 0,
            "99.950000" : 0,
            "99.990000" : 0,
            "0.00" : 0,
            "0.00" : 0,
            "0.00" : 0
          }
        },
        "lat_ns" : {
          "min" : 0,
          "max" : 0,
          "mean" : 0.000000,
          "stddev" : 0.000000
        },
        "bw_min" : 0,
        "bw_max" : 0,
        "bw_agg" : 0.000000,
        "bw_mean" : 0.000000,
        "bw_dev" : 0.000000,
        "bw_samples" : 0,
        "iops_min" : 0,
        "iops_max" : 0,
        "iops_mean" : 0.000000,
        "iops_stddev" : 0.000000,
        "iops_samples" : 0
      },
      "usr_cpu" : 0.009571,
      "sys_cpu" : 0.106947,
      "ctx" : 32466,
      "majf" : 0,
      "minf" : 150,
      "iodepth_level" : {
        "1" : 0.188724,
        "2" : 0.377448,
        "4" : 0.754895,
        "8" : 1.509790,
        "16" : 3.019580,
        "32" : 6.039160,
        ">=64" : 88.110403
      },
      "latency_ns" : {
        "2" : 0.000000,
        "4" : 0.000000,
        "10" : 0.000000,
        "20" : 0.000000,
        "50" : 0.000000,
        "100" : 0.000000,
        "250" : 0.000000,
        "500" : 0.000000,
        "750" : 0.000000,
        "1000" : 0.000000
      },
      "latency_us" : {
        "2" : 0.000000,
        "4" : 0.000000,
        "10" : 0.000000,
        "20" : 0.000000,
        "50" : 0.000000,
        "100" : 0.000000,
        "250" : 0.094362,
        "500" : 0.070771,
        "750" : 0.000000,
        "1000" : 0.000000
      },
      "latency_ms" : {
        "2" : 0.000000,
        "4" : 0.000000,
        "10" : 0.023590,
        "20" : 0.000000,
        "50" : 0.047181,
        "100" : 0.070771,
        "250" : 0.141543,
        "500" : 0.424628,
        "750" : 0.424628,
        "1000" : 0.353857,
        "2000" : 1.792876,
        ">=2000" : 96.555791
      },
      "latency_depth" : 64,
      "latency_target" : 0,
      "latency_percentile" : 100.000000,
      "latency_window" : 0
    }
  ],
  "disk_util" : [
    {
      "name" : "md10",
      "read_ios" : 49,
      "write_ios" : 4238,
      "read_merges" : 0,
      "write_merges" : 0,
      "read_ticks" : 0,
      "write_ticks" : 0,
      "in_queue" : 0,
      "util" : 0.000000,
      "aggr_read_ios" : 39,
      "aggr_write_ios" : 5116,
      "aggr_read_merges" : 0,
      "aggr_write_merge" : 0,
      "aggr_read_ticks" : 5,
      "aggr_write_ticks" : 28871,
      "aggr_in_queue" : 28875,
      "aggr_util" : 48.697265
    },
    {
      "name" : "sdf",
      "read_ios" : 10,
      "write_ios" : 5105,
      "read_merges" : 0,
      "write_merges" : 0,
      "read_ticks" : 8,
      "write_ticks" : 30020,
      "in_queue" : 30028,
      "util" : 48.697265
    },
    {
      "name" : "sdd",
      "read_ios" : 6,
      "write_ios" : 5122,
      "read_merges" : 0,
      "write_merges" : 0,
      "read_ticks" : 0,
      "write_ticks" : 29316,