{
  "fio version" : "fio-3.1",
  "timestamp" : 1585190537,
  "timestamp_ms" : 1585190537824,
  "time" : "Thu Mar 26 03:42:17 2020",
  "jobs" : [
    {
      "jobname" : "iotest",
      "groupid" : 0,
      "error" : 0,
      "eta" : 0,
      "elapsed" : 61,
      "job options" : {
        "rw" : "randread",
        "bs" : "4k",
        "ioengine" : "libaio",
        "iodepth" : "16",
        "direct" : "1",
        "invalidate" : "1",
        "refill_buffers" : "1",
        "runtime" : "60",
        "numjobs" : "1",
        "group_reporting" : "1",
        "write_bw_log" : "/fio/10K/RAID10_64K//randread-iodepth-16-numjobs-1",
        "write_lat_log" : "/fio/10K/RAID10_64K//randread-iodepth-16-numjobs-1",
        "write_iops_log" : "/fio/10K/RAID10_64K//randread-iodepth-16-numjobs-1",
        "log_avg_msec" : "500",
        "filename" : "/dev/md10"
      },
      "read" : {
        "io_bytes" : 292147200,
        "io_kbytes" : 285300,
        "bw" : 4753,
        "iops" : 1188.294487,
        "runtime" : 60023,
        "total_ios" : 71325,
        "short_ios" : 0,
        "drop_ios" : 0,
        "slat_ns" : {
          "min" : 7496,
          "max" : 245599,
          "mean" : 28582.628798,
          "stddev" : 7095.643811
        },
        "clat_ns" : {
          "min" : 977972,
          "max" : 169033646,
          "mean" : 13427107.011455,
          "stddev" : 10664841.311617,
          "percentile" : {
            "1.000000" : 2899968,
            "5.000000" : 4145152,
            "10.000000" : 5013504,
            "20.000000" : 6389760,
            "30.000000" : 7503872,
            "40.000000" : 8716288,
            "50.000000" : 10027008,
            "60.000000" : 11730944,
            "70.000000" : 14352384,
            "80.000000" : 18219008,
            "90.000000" : 26083328,
            "95.000000" : 34340864,
            "99.000000" : 55836672,
            "99.500000" : 64749568,
            "99.900000" : 87556096,
            "99.950000" : 102236160,
            "99.990000" : 129499136,
            "0.00" : 0,
            "0.00" : 0,
            "0.00" : 0
          }
        },
        "lat_ns" : {
          "min" : 1008948,
          "max" : 169048702,
          "mean" : 13456642.044402,
          "stddev" : 10664821.839681
        },
        "bw_min" : 4464,
        "bw_max" : 4968,
        "bw_agg" : 100.000000,
        "bw_mean" : 4756.708333,
        "bw_dev" : 101.073265,
        "bw_samples" : 120,
        "iops_min" : 1116,
        "iops_max" : 1242,
        "iops_mean" : 1189.100000,
        "iops_stddev" : 25.267443,
        "iops_samples" : 120
      },
      "write" : {
        "io_bytes" : 0,
        "io_kbytes" : 0,
        "bw" : 0,
        "iops" : 0.000000,
        "runtime" : 0,
        "total_ios" : 0,
        "short_ios" : 0,
        "drop_ios" : 0,
        "slat_ns" : {
          "min" : 0,
          "max" : 0,
          "mean" : 0.000000,
          "stddev" : 0.000000
        },
        "clat_ns" : {
          "min" : 0,
          "max" : 0,
          "mean" : 0.000000,
          "stddev" : 0.000000,
          "percentile" : {
            "1.000000" : 0,
            "5.000000" : 0,
            "10.000000" : 0,
            "20.000000" : 0,
            "30.000000" : 0,
            "40.000000" : 0,
            "50.000000" : 0,
            "60.000000" : 0,
            "70.000000" : 0,
            "80.000000" : 0,
            "90.000000" : 0,
            "95.000000" : 0,
            "99.000000" : 0,
            "99.500000" : 0,
            "99.900000" : 0,
            "99.950000" : 0,
            "99.990000" : 0,
            "0.00" : 0,
            "0.00" : 0,
            "0.00" : 0
          }
        },
        "lat_ns" : {
          "min" : 0,
          "max" : 0,
          "mean" : 0.000000,
          "stddev" : 0.000000
        },
        "bw_min" : 0,
        "bw_max" : 0,
        "bw_agg" : 0.000000,
        "bw_mean" : 0.000000,
        "bw_dev" : 0.000000,
        "bw_samples" : 0,
        "iops_min" : 0,
        "iops_max" : 0,
        "iops_mean" : 0.000000,
        "iops_stddev" : 0.000000,
        "iops_samples" : 0
      },
      "trim" : {
        "io_bytes" : 0,
        "io_kbytes" : 0,
        "bw" : 0,
        "iops" : 0.000000,
        "runtime" : 0,
        "total_ios" : 0,
        "short_ios" : 0,
        "drop_ios" : 0,
        "slat_ns" : {
          "min" : 0,
          "max" : 0,
          "mean" : 0.000000,
          "stddev" : 0.000000
        },
        "clat_ns" : {
          "min" : 0,
          "max" : 0,
          "mean" : 0.000000,
          "stddev" : 0.000000,
          "percentile" : {
            "1.000000" : 0,
            "5.000000" : 0,
            "10.000000" : 0,
            "20.000000" : 0,
            "30.000000" : 0,
            "40.000000" : 0,
            "50.000000" : 0,
            "60.000000" : 0,
            "70.000000" : 0,
            "80.000000" : 0,
            "90.000000" : 0,
            "95.000000" : 0,
            "99.000000" : 0,
            "99.500000" : 0,
            "99.900000" : 0,
            "99.950000" : 0,
            "99.990000" : 0,
            "0.00" : 0,
            "0.00" : 0,
            "0.00" : 0
          }
        },
        "lat_ns" : {
          "min" : 0,
          "max" : 0,
          "mean" : 0.000000,
          "stddev" : 0.000000
        },
        "bw_min" : 0,
        "bw_max" : 0,
        "bw_agg" : 0.000000,
        "bw_mean" : 0.000000,
        "bw_dev" : 0.000000,
        "bw_samples" : 0,
        "iops_min" : 0,
        "iops_max" : 0,
        "iops_mean" : 0.000000,
        "iops_stddev" : 0.000000,
        "iops_samples" : 0
      },
      "usr_cpu" : 1.894305,
      "sys_cpu" : 5.148112,
      "ctx" : 65467,
      "majf" : 0,
      "minf" : 34,
      "iodepth_level" : {
        "1" : 0.100000,
        "2" : 0.100000,
        "4" : 0.100000,
        "8" : 0.100000,
        "16" : 99.978970,
        "32" : 0.000000,
        ">=64" : 0.000000
      },
      "latency_ns" : {
        "2" : 0.000000,
        "4" : 0.000000,
        "10" : 0.000000,
        "20" : 0.000000,
        "50" : 0.000000,
        "100" : 0.000000,
        "250" : 0.000000,
        "500" : 0.000000,
        "750" : 0.000000,
        "1000" : 0.000000
      },
      "latency_us" : {
        "2" : 0.000000,
        "4" : 0.000000,
        "10" : 0.000000,
        "20" : 0.000000,
        "50" : 0.000000,
        "100" : 0.000000,
        "250" : 0.000000,
        "500" : 0.000000,
        "750" : 0.000000,
        "1000" : 0.010000
      },
      "latency_ms" : {
        "2" : 0.106555,
        "4" : 4.182264,
        "10" : 45.788994,
        "20" : 32.937960,
        "50" : 15.499474,
        "100" : 1.428672,
        "250" : 0.054679,
        "500" : 0.000000,
        "750" : 0.000000,
        "1000" : 0.000000,
        "2000" : 0.000000,
        ">=2000" : 0.000000
      },
      "latency_depth" : 16,
      "latency_target" : 0,
      "latency_percentile" : 100.000000,
      "latency_window" : 0
    }
  ],
  "disk_util" : [
    {
      "name" : "md10",
      "read_ios" : 71125,
      "write_ios" : 0,
      "read_merges" : 0,
      "write_merges" : 0,
      "read_ticks" : 0,
      "write_ticks" : 0,
      "in_queue" : 0,
      "util" : 0.000000,
      "aggr_read_ios" : 8915,
      "aggr_write_ios" : 0,
      "aggr_read_merges" : 0,
      "aggr_write_merge" : 0,
      "aggr_read_ticks" : 119508,
      "aggr_write_ticks" : 0,
      "aggr_in_queue" : 119497,
      "aggr_util" : 90.591755
    },
    {
      "name" : "sdf",
      "read_ios" : 8675,
      "write_ios" : 0,
      "read_merges" : 0,
      "write_merges" : 0,
      "read_ticks" : 122928,
      "write_ticks" : 0,
      "in_queue" : 122920,
      "util" : 88.977503
    },
    {
      "name" : "sdd",
      "read_ios" : 8960,
      "write_ios" : 0,
      "read_merges" : 0,
      "write_merges" : 0,
      "read_ticks" : 122652,
      "write_ticks" : 0,
      "in_queue" : 122624,