{
  "fio version" : "fio-3.1",
  "timestamp" : 1585191092,
  "timestamp_ms" : 1585191092355,
  "time" : "Thu Mar 26 03:51:32 2020",
  "jobs" : [
    {
      "jobname" : "iotest",
      "groupid" : 0,
      "error" : 0,
      "eta" : 0,
      "elapsed" : 61,
      "job options" : {
        "rw" : "randread",
        "bs" : "4k",
        "ioengine" : "libaio",
        "iodepth" : "32",
        "direct" : "1",
        "invalidate" : "1",
        "refill_buffers" : "1",
        "runtime" : "60",
        "numjobs" : "4",
        "group_reporting" : "1",
        "write_bw_log" : "/fio/10K/RAID10_64K//randread-iodepth-32-numjobs-4",
        "write_lat_log" : "/fio/10K/RAID10_64K//randread-iodepth-32-numjobs-4",
        "write_iops_log" : "/fio/10K/RAID10_64K//randread-iodepth-32-numjobs-4",
        "log_avg_msec" : "500",
        "filename" : "/dev/md10"
      },
      "read" : {
        "io_bytes" : 477081600,
        "io_kbytes" : 465900,
        "bw" : 7731,
        "iops" : 1932.810063,
        "runtime" : 60262,
        "total_ios" : 116475,
        "short_ios" : 0,
        "drop_ios" : 0,
        "slat_ns" : {
          "min" : 6045,
          "max" : 266962,
          "mean" : 24632.149526,
          "stddev" : 8796.407948
        },
        "clat_ns" : {
          "min" : 1297624,
          "max" : 2918239509,
          "mean" : 66122476.510092,
          "stddev" : 125435924.363043,
          "percentile" : {
            "1.000000" : 4112384,
            "5.000000" : 6258688,
            "10.000000" : 7897088,
            "20.000000" : 10813440,
            "30.000000" : 14221312,
            "40.000000" : 18743296,
            "50.000000" : 25034752,
            "60.000000" : 33816576,
            "70.000000" : 47972352,
            "80.000000" : 74973184,
            "90.000000" : 158334976,
            "95.000000" : 295698432,
            "99.000000" : 616562688,
            "99.500000" : 809500672,
            "99.900000" : 1283457024,
            "99.950000" : 1484783616,
            "99.990000" : 2122317824,
            "0.00" : 0,
            "0.00" : 0,
            "0.00" : 0
          }
        },
        "lat_ns" : {
          "min" : 1314772,
          "max" : 2918253296,
          "mean" : 66147945.040309,
          "stddev" : 125434539.253390
        },
        "bw_min" : 510,
        "bw_max" : 3392,
        "bw_agg" : 25.229919,
        "bw_mean" : 1950.525000,
        "bw_dev" : 451.668481,
        "bw_samples" : 480,
        "iops_min" : 127,
        "iops_max" : 848,
        "iops_mean" : 487.412500,
        "iops_stddev" : 112.927973,
        "iops_samples" : 480
      },
      "write" : {
        "io_bytes" : 0,
        "io_kbytes" : 0,
        "bw" : 0,
        "iops" : 0.000000,
        "runtime" : 0,
        "total_ios" : 0,
        "short_ios" : 0,
        "drop_ios" : 0,
        "slat_ns" : {
          "min" : 0,
          "max" : 0,
          "mean" : 0.000000,
          "stddev" : 0.000000
        },
        "clat_ns" : {
          "min" : 0,
          "max" : 0,
          "mean" : 0.000000,
          "stddev" : 0.000000,
          "percentile" : {
            "1.000000" : 0,
            "5.000000" : 0,
            "10.000000" : 0,
            "20.000000" : 0,
            "30.000000" : 0,
            "40.000000" : 0,
            "50.000000" : 0,
            "60.000000" : 0,
            "70.000000" : 0,
            "80.000000" : 0,
            "90.000000" : 0,
            "95.000000" : 0,
            "99.000000" : 0,
            "99.500000" : 0,
            "99.900000" : 0,
            "99.950000" : 0,
            "99.990000" : 0,
            "0.00" : 0,
            "0.00" : 0,
            "0.00" : 0
          }
        },
        "lat_ns" : {
          "min" : 0,
          "max" : 0,
          "mean" : 0.000000,
          "stddev" : 0.000000
        },
        "bw_min" : 0,
        "bw_max" : 0,
        "bw_agg" : 0.000000,
        "bw_mean" : 0.000000,
        "bw_dev" : 0.000000,
        "bw_samples" : 0,
        "iops_min" : 0,
        "iops_max" : 0,
        "iops_mean" : 0.000000,
        "iops_stddev" : 0.000000,
        "iops_samples" : 0
      },
      "trim" : {
        "io_bytes" : 0,
        "io_kbytes" : 0,
        "bw" : 0,
        "iops" : 0.000000,
        "runtime" : 0,
        "total_ios" : 0,
        "short_ios" : 0,
        "drop_ios" : 0,
        "slat_ns" : {
          "min" : 0,
          "max" : 0,
          "mean" : 0.000000,
          "stddev" : 0.000000
        },
        "clat_ns" : {
          "min" : 0,
          "max" : 0,
          "mean" : 0.000000,
          "stddev" : 0.000000,
          "percentile" : {
            "1.000000" : 0,
            "5.000000" : 0,
            "10.000000" : 0,
            "20.000000" : 0,
            "30.000000" : 0,
            "40.000000" : 0,
            "50.000000" : 0,
            "60.000000" : 0,
            "70.000000" : 0,
            "80.000000" : 0,
            "90.000000" : 0,
            "95.000000" : 0,
            "99.000000" : 0,
            "99.500000" : 0,
            "99.900000" : 0,
            "99.950000" : 0,
            "99.990000" : 0,
            "0.00" : 0,
            "0.00" : 0,
            "0.00" : 0
          }
        },
        "lat_ns" : {
          "min" : 0,
          "max" : 0,
          "mean" : 0.000000,
          "stddev" : 0.000000
        },
        "bw_min" : 0,
        "bw_max" : 0,
        "bw_agg" : 0.000000,
        "bw_mean" : 0.000000,
        "bw_dev" : 0.000000,
        "bw_samples" : 0,
        "iops_min" : 0,
        "iops_max" : 0,
        "iops_mean" : 0.000000,
        "iops_stddev" : 0.000000,
        "iops_samples" : 0
      },
      "usr_cpu" : 0.618604,
      "sys_cpu" : 1.908953,
      "ctx" : 113101,
      "majf" : 0,
      "minf" : 222,
      "iodepth_level" : {
        "1" : 0.100000,
        "2" : 0.100000,
        "4" : 0.100000,
        "8" : 0.100000,
        "16" : 0.100000,
        "32" : 99.893539,
        ">=64" : 0.000000
      },
      "latency_ns" : {
        "2" : 0.000000,
        "4" : 0.000000,
        "10" : 0.000000,
        "20" : 0.000000,
        "50" : 0.000000,
        "100" : 0.000000,
        "250" : 0.000000,
        "500" : 0.000000,
        "750" : 0.000000,
        "1000" : 0.000000
      },
      "latency_us" : {
        "2" : 0.000000,
        "4" : 0.000000,
        "10" : 0.000000,
        "20" : 0.000000,
        "50" : 0.000000,
        "100" : 0.000000,
        "250" : 0.000000,
        "500" : 0.000000,
        "750" : 0.000000,
        "1000" : 0.000000
      },
      "latency_ms" : {
        "2" : 0.018888,
        "4" : 0.887744,
        "10" : 16.363168,
        "20" : 24.923803,
        "50" : 28.819060,
        "100" : 13.687916,
        "250" : 8.910067,
        "500" : 4.842241,
        "750" : 0.934965,
        "1000" : 0.341704,
        "2000" : 0.255849,
        ">=2000" : 0.014595
      },
      "latency_depth" : 32,
      "latency_target" : 0,
      "latency_percentile" : 100.000000,
      "latency_window" : 0
    }
  ],
  "disk_util" : [
    {
      "name" : "md10",
      "read_ios" : 116475,
      "write_ios" : 0,
      "read_merges" : 0,
      "write_merges" : 0,
      "read_ticks" : 0,
      "write_ticks" : 0,
      "in_queue" : 0,
      "util" : 0.000000,
      "aggr_read_ios" : 14559,
      "aggr_write_ios" : 0,
      "aggr_read_merges" : 0,
      "aggr_write_merge" : 0,
      "aggr_read_ticks" : 960550,
      "aggr_write_ticks" : 0,
      "aggr_in_queue" : 960534,
      "aggr_util" : 99.844263
    },
    {
      "name" : "sdf",
      "read_ios" : 14526,
      "write_ios" : 0,
      "read_merges" : 0,
      "write_merges" : 0,
      "read_ticks" : 588660,
      "write_ticks" : 0,
      "in_queue" : 588636,
      "util" : 99.378635
    },
    {
      "name" : "sdd",
      "read_ios" : 14685,
      "write_ios" : 0,
      "read_merges" : 0,
      "write_merges" : 0,
      "read_ticks" : 498908,
      "write_ticks" : 0,
      "in_queue" : 498900,