{
  "fio version" : "fio-3.1",
  "timestamp" : 1585193926,
  "timestamp_ms" : 1585193926974,
  "time" : "Thu Mar 26 04:38:46 2020",
  "jobs" : [
    {
      "jobname" : "iotest",
      "groupid" : 0,
      "error" : 0,
      "eta" : 0,
      "elapsed" : 62,
      "job options" : {
        "rw" : "randwrite",
        "bs" : "4k",
        "ioengine" : "libaio",
        "iodepth" : "16",
        "direct" : "1",
        "invalidate" : "1",
        "refill_buffers" : "1",
        "runtime" : "60",
        "numjobs" : "64",
        "group_reporting" : "1",
        "write_bw_log" : "/fio/10K/RAID10_64K//randwrite-iodepth-16-numjobs-64",
        "write_lat_log" : "/fio/10K/RAID10_64K//randwrite-iodepth-16-numjobs-64",
        "write_iops_log" : "/fio/10K/RAID10_64K//randwrite-iodepth-16-numjobs-64",
        "log_avg_msec" : "500",
        "filename" : "/dev/md10"
      },
      "read" : {
        "io_bytes" : 0,
        "io_kbytes" : 0,
        "bw" : 0,
        "iops" : 0.000000,
        "runtime" : 0,
        "total_ios" : 0,
        "short_ios" : 0,
        "drop_ios" : 0,
        "slat_ns" : {
          "min" : 0,
          "max" : 0,
          "mean" : 0.000000,
          "stddev" : 0.000000
        },
        "clat_ns" : {
          "min" : 0,
          "max" : 0,
          "mean" : 0.000000,
          "stddev" : 0.000000,
          "percentile" : {
            "1.000000" : 0,
            "5.000000" : 0,
            "10.000000" : 0,
            "20.000000" : 0,
            "30.000000" : 0,
            "40.000000" : 0,
            "50.000000" : 0,
            "60.000000" : 0,
            "70.000000" : 0,
            "80.000000" : 0,
            "90.000000" : 0,
            "95.000000" : 0,
            "99.000000" : 0,
            "99.500000" : 0,
            "99.900000" : 0,
            "99.950000" : 0,
            "99.990000" : 0,
            "0.00" : 0,
            "0.00" : 0,
            "0.00" : 0
          }
        },
        "lat_ns" : {
          "min" : 0,
          "max" : 0,
          "mean" : 0.000000,
          "stddev" : 0.000000
        },
        "bw_min" : 0,
        "bw_max" : 0,
        "bw_agg" : 0.000000,
        "bw_mean" : 0.000000,
        "bw_dev" : 0.000000,
        "bw_samples" : 0,
        "iops_min" : 0,
        "iops_max" : 0,
        "iops_mean" : 0.000000,
        "iops_stddev" : 0.000000,
        "iops_samples" : 0
      },
      "write" : {
        "io_bytes" : 19714048,
        "io_kbytes" : 19252,
        "bw" : 317,
        "iops" : 79.446040,
        "runtime" : 60582,
        "total_ios" : 4813,
        "short_ios" : 0,
        "drop_ios" : 0,
        "slat_ns" : {
          "min" : 13999,
          "max" : 7828364472,
          "mean" : 798461391.131519,
          "stddev" : 962335878.703868
        },
        "clat_ns" : {
          "min" : 85274,
          "max" : 34346394884,
          "mean" : 10600511496.688759,
          "stddev" : 4887864606.846987,
          "percentile" : {
            "1.000000" : 4554752,
            "5.000000" : 2004877312,
            "10.000000" : 4278190080,
            "20.000000" : 6744440832,
            "30.000000" : 8086618112,
            "40.000000" : 9193914368,
            "50.000000" : 10536091648,
            "60.000000" : 11878268928,
            "70.000000" : 12952010752,
            "80.000000" : 14562623488,
            "90.000000" : 16710107136,
            "95.000000" : 17112760320,
            "99.000000" : 17112760320,
            "99.500000" : 17112760320,
            "99.900000" : 17112760320,
            "99.950000" : 17112760320,
            "99.990000" : 17112760320,
            "0.00" : 0,
            "0.00" : 0,
            "0.00" : 0
          }
        },
        "lat_ns" : {
          "min" : 30167786,
          "max" : 34592752402,
          "mean" : 11398976847.717640,
          "stddev" : 5016361509.044089
        },
        "bw_min" : 5,
        "bw_max" : 152,
        "bw_agg" : 3.954344,
        "bw_mean" : 12.535270,
        "bw_dev" : 7.385363,
        "bw_samples" : 2410,
        "iops_min" : 1,
        "iops_max" : 38,
        "iops_mean" : 3.114938,
        "iops_stddev" : 1.852731,
        "iops_samples" : 2410
      },
      "trim" : {
        "io_bytes" : 0,
        "io_kbytes" : 0,
        "bw" : 0,
        "iops" : 0.000000,
        "runtime" : 0,
        "total_ios" : 0,
        "short_ios" : 0,
        "drop_ios" : 0,
        "slat_ns" : {
          "min" : 0,
          "max" : 0,
          "mean" : 0.000000,
          "stddev" : 0.000000
        },
        "clat_ns" : {
          "min" : 0,
          "max" : 0,
          "mean" : 0.000000,
          "stddev" : 0.000000,
          "percentile" : {
            "1.000000" : 0,
            "5.000000" : 0,
            "10.000000" : 0,
            "20.000000" : 0,
            "30.000000" : 0,
            "40.000000" : 0,
            "50.000000" : 0,
            "60.000000" : 0,
            "70.000000" : 0,
            "80.000000" : 0,
            "90.000000" : 0,
            "95.000000" : 0,
            "99.000000" : 0,
            "99.500000" : 0,
            "99.900000" : 0,
            "99.950000" : 0,
            "99.990000" : 0,
            "0.00" : 0,
            "0.00" : 0,
            "0.00" : 0
          }
        },
        "lat_ns" : {
          "min" : 0,
          "max" : 0,
          "mean" : 0.000000,
          "stddev" : 0.000000
        },
        "bw_min" : 0,
        "bw_max" : 0,
        "bw_agg" : 0.000000,
        "bw_mean" : 0.000000,
        "bw_dev" : 0.000000,
        "bw_samples" : 0,
        "iops_min" : 0,
        "iops_max" : 0,
        "iops_mean" : 0.000000,
        "iops_stddev" : 0.000000,
        "iops_samples" : 0
      },
      "usr_cpu" : 0.015564,
      "sys_cpu" : 0.039170,
      "ctx" : 262187,
      "majf" : 0,
      "minf" : 1424,
      "iodepth_level" : {
        "1" : 1.329732,
        "2" : 2.659464,
        "4" : 5.318928,
        "8" : 10.637856,
        "16" : 80.054020,
        "32" : 0.000000,
        ">=64" : 0.000000
      },
      "latency_ns" : {
        "2" : 0.000000,
        "4" : 0.000000,
        "10" : 0.000000,
        "20" : 0.000000,
        "50" : 0.000000,
        "100" : 0.000000,
        "250" : 0.000000,
        "500" : 0.000000,
        "750" : 0.000000,
        "1000" : 0.000000
      },
      "latency_us" : {
        "2" : 0.000000,
        "4" : 0.000000,
        "10" : 0.000000,
        "20" : 0.000000,
        "50" : 0.000000,
        "100" : 0.062331,
        "250" : 0.436318,
        "500" : 0.186994,
        "750" : 0.041554,
        "1000" : 0.000000
      },
      "latency_ms" : {
        "2" : 0.020777,
        "4" : 0.062331,
        "10" : 0.519427,
        "20" : 0.000000,
        "50" : 0.041554,
        "100" : 0.000000,
        "250" : 0.311656,
        "500" : 0.747974,
        "750" : 0.394764,
        "1000" : 0.290879,
        "2000" : 1.869936,
        ">=2000" : 95.013505
      },
      "latency_depth" : 16,
      "latency_target" : 0,
      "latency_percentile" : 100.000000,
      "latency_window" : 0
    }
  ],
  "disk_util" : [
    {
      "name" : "md10",
      "read_ios" : 355,
      "write_ios" : 4813,
      "read_merges" : 0,
      "write_merges" : 0,
      "read_ticks" : 0,
      "write_ticks" : 0,
      "in_queue" : 0,
      "util" : 0.000000,
      "aggr_read_ios" : 66,
      "aggr_write_ios" : 5319,
      "aggr_read_merges" : 0,
      "aggr_write_merge" : 0,
      "aggr_read_ticks" : 34,
      "aggr_write_ticks" : 30928,
      "aggr_in_queue" : 30962,
      "aggr_util" : 54.293196
    },
    {
      "name" : "sdf",
      "read_ios" : 20,
      "write_ios" : 5352,
      "read_merges" : 0,
      "write_merges" : 0,
      "read_ticks" : 16,
      "write_ticks" : 33676,
      "in_queue" : 33692,
      "util" : 54.293196
    },
    {
      "name" : "sdd",
      "read_ios" : 14,
      "write_ios" : 5333,
      "read_merges" : 0,
      "write_merges" : 0,
      "read_ticks" : 12,