{
  "fio version" : "fio-3.1",
  "timestamp" : 1585189983,
  "timestamp_ms" : 1585189983435,
  "time" : "Thu Mar 26 03:33:03 2020",
  "jobs" : [
    {
      "jobname" : "iotest",
      "groupid" : 0,
      "error" : 0,
      "eta" : 0,
      "elapsed" : 61,
      "job options" : {
        "rw" : "randread",
        "bs" : "4k",
        "ioengine" : "libaio",
        "iodepth" : "4",
        "direct" : "1",
        "invalidate" : "1",
        "refill_buffers" : "1",
        "runtime" : "60",
        "numjobs" : "32",
        "group_reporting" : "1",
        "write_bw_log" : "/fio/10K/RAID10_64K//randread-iodepth-4-numjobs-32",
        "write_lat_log" : "/fio/10K/RAID10_64K//randread-iodepth-4-numjobs-32",
        "write_iops_log" : "/fio/10K/RAID10_64K//randread-iodepth-4-numjobs-32",
        "log_avg_msec" : "500",
        "filename" : "/dev/md10"
      },
      "read" : {
        "io_bytes" : 561909760,
        "io_kbytes" : 548740,
        "bw" : 9106,
        "iops" : 2276.702735,
        "runtime" : 60256,
        "total_ios" : 137185,
        "short_ios" : 0,
        "drop_ios" : 0,
        "slat_ns" : {
          "min" : 6240,
          "max" : 19675486,
          "mean" : 26670.891971,
          "stddev" : 54334.350790
        },
        "clat_ns" : {
          "min" : 348066,
          "max" : 1498333401,
          "mean" : 55937064.759376,
          "stddev" : 69190845.212664,
          "percentile" : {
            "1.000000" : 5210112,
            "5.000000" : 7307264,
            "10.000000" : 9240576,
            "20.000000" : 12910592,
            "30.000000" : 17432576,
            "40.000000" : 23461888,
            "50.000000" : 31588352,
            "60.000000" : 42729472,
            "70.000000" : 57933824,
            "80.000000" : 82313216,
            "90.000000" : 131596288,
            "95.000000" : 185597952,
            "99.000000" : 341835776,
            "99.500000" : 417333248,
            "99.900000" : 608174080,
            "99.950000" : 708837376,
            "99.990000" : 876609536,
            "0.00" : 0,
            "0.00" : 0,
            "0.00" : 0
          }
        },
        "lat_ns" : {
          "min" : 369047,
          "max" : 1498354709,
          "mean" : 55964611.054248,
          "stddev" : 69190897.107652
        },
        "bw_min" : 40,
        "bw_max" : 504,
        "bw_agg" : 3.149154,
        "bw_mean" : 286.761979,
        "bw_dev" : 61.209657,
        "bw_samples" : 3840,
        "iops_min" : 10,
        "iops_max" : 126,
        "iops_mean" : 71.472135,
        "iops_stddev" : 15.293423,
        "iops_samples" : 3840
      },
      "write" : {
        "io_bytes" : 0,
        "io_kbytes" : 0,
        "bw" : 0,
        "iops" : 0.000000,
        "runtime" : 0,
        "total_ios" : 0,
        "short_ios" : 0,
        "drop_ios" : 0,
        "slat_ns" : {
          "min" : 0,
          "max" : 0,
          "mean" : 0.000000,
          "stddev" : 0.000000
        },
        "clat_ns" : {
          "min" : 0,
          "max" : 0,
          "mean" : 0.000000,
          "stddev" : 0.000000,
          "percentile" : {
            "1.000000" : 0,
            "5.000000" : 0,
            "10.000000" : 0,
            "20.000000" : 0,
            "30.000000" : 0,
            "40.000000" : 0,
            "50.000000" : 0,
            "60.000000" : 0,
            "70.000000" : 0,
            "80.000000" : 0,
            "90.000000" : 0,
            "95.000000" : 0,
            "99.000000" : 0,
            "99.500000" : 0,
            "99.900000" : 0,
            "99.950000" : 0,
            "99.990000" : 0,
            "0.00" : 0,
            "0.00" : 0,
            "0.00" : 0
          }
        },
        "lat_ns" : {
          "min" : 0,
          "max" : 0,
          "mean" : 0.000000,
          "stddev" : 0.000000
        },
        "bw_min" : 0,
        "bw_max" : 0,
        "bw_agg" : 0.000000,
        "bw_mean" : 0.000000,
        "bw_dev" : 0.000000,
        "bw_samples" : 0,
        "iops_min" : 0,
        "iops_max" : 0,
        "iops_mean" : 0.000000,
        "iops_stddev" : 0.000000,
        "iops_samples" : 0
      },
      "trim" : {
        "io_bytes" : 0,
        "io_kbytes" : 0,
        "bw" : 0,
        "iops" : 0.000000,
        "runtime" : 0,
        "total_ios" : 0,
        "short_ios" : 0,
        "drop_ios" : 0,
        "slat_ns" : {
          "min" : 0,
          "max" : 0,
          "mean" : 0.000000,
          "stddev" : 0.000000
        },
        "clat_ns" : {
          "min" : 0,
          "max" : 0,
          "mean" : 0.000000,
          "stddev" : 0.000000,
          "percentile" : {
            "1.000000" : 0,
            "5.000000" : 0,
            "10.000000" : 0,
            "20.000000" : 0,
            "30.000000" : 0,
            "40.000000" : 0,
            "50.000000" : 0,
            "60.000000" : 0,
            "70.000000" : 0,
            "80.000000" : 0,
            "90.000000" : 0,
            "95.000000" : 0,
            "99.000000" : 0,
            "99.500000" : 0,
            "99.900000" : 0,
            "99.950000" : 0,
            "99.990000" : 0,
            "0.00" : 0,
            "0.00" : 0,
            "0.00" : 0
          }
        },
        "lat_ns" : {
          "min" : 0,
          "max" : 0,
          "mean" : 0.000000,
          "stddev" : 0.000000
        },
        "bw_min" : 0,
        "bw_max" : 0,
        "bw_agg" : 0.000000,
        "bw_mean" : 0.000000,
        "bw_dev" : 0.000000,
        "bw_samples" : 0,
        "iops_min" : 0,
        "iops_max" : 0,
        "iops_mean" : 0.000000,
        "iops_stddev" : 0.000000,
        "iops_samples" : 0
      },
      "usr_cpu" : 0.108975,
      "sys_cpu" : 0.298783,
      "ctx" : 136967,
      "majf" : 0,
      "minf" : 883,
      "iodepth_level" : {
        "1" : 0.100000,
        "2" : 0.100000,
        "4" : 99.930022,
        "8" : 0.000000,
        "16" : 0.000000,
        "32" : 0.000000,
        ">=64" : 0.000000
      },
      "latency_ns" : {
        "2" : 0.000000,
        "4" : 0.000000,
        "10" : 0.000000,
        "20" : 0.000000,
        "50" : 0.000000,
        "100" : 0.000000,
        "250" : 0.000000,
        "500" : 0.000000,
        "750" : 0.000000,
        "1000" : 0.000000
      },
      "latency_us" : {
        "2" : 0.000000,
        "4" : 0.000000,
        "10" : 0.000000,
        "20" : 0.000000,
        "50" : 0.000000,
        "100" : 0.000000,
        "250" : 0.000000,
        "500" : 0.010000,
        "750" : 0.000000,
        "1000" : 0.000000
      },
      "latency_ms" : {
        "2" : 0.010000,
        "4" : 0.222328,
        "10" : 12.015891,
        "20" : 22.235667,
        "50" : 30.786165,
        "100" : 19.233881,
        "250" : 13.069213,
        "500" : 2.183183,
        "750" : 0.217225,
        "1000" : 0.029887,
        "2000" : 0.010000,
        ">=2000" : 0.000000
      },
      "latency_depth" : 4,
      "latency_target" : 0,
      "latency_percentile" : 100.000000,
      "latency_window" : 0
    }
  ],
  "disk_util" : [
    {
      "name" : "md10",
      "read_ios" : 137185,
      "write_ios" : 0,
      "read_merges" : 0,
      "write_merges" : 0,
      "read_ticks" : 0,
      "write_ticks" : 0,
      "in_queue" : 0,
      "util" : 0.000000,
      "aggr_read_ios" : 17148,
      "aggr_write_ios" : 0,
      "aggr_read_merges" : 0,
      "aggr_write_merge" : 0,
      "aggr_read_ticks" : 958875,
      "aggr_write_ticks" : 0,
      "aggr_in_queue" : 958878,
      "aggr_util" : 99.209434
    },
    {
      "name" : "sdf",
      "read_ios" : 17309,
      "write_ios" : 0,
      "read_merges" : 0,
      "write_merges" : 0,
      "read_ticks" : 1211012,
      "write_ticks" : 0,
      "in_queue" : 1210968,
      "util" : 99.128802
    },
    {
      "name" : "sdd",
      "read_ios" : 17065,
      "write_ios" : 0,
      "read_merges" : 0,
      "write_merges" : 0,
      "read_ticks" : 887188,
      "write_ticks" : 0,
      "in_queue" : 887180,