{
  "fio version" : "fio-3.1",
  "timestamp" : 1585189553,
  "timestamp_ms" : 1585189553427,
  "time" : "Thu Mar 26 03:25:53 2020",
  "jobs" : [
    {
      "jobname" : "iotest",
      "groupid" : 0,
      "error" : 0,
      "eta" : 0,
      "elapsed" : 61,
      "job options" : {
        "rw" : "randread",
        "bs" : "4k",
        "ioengine" : "libaio",
        "iodepth" : "2",
        "direct" : "1",
        "invalidate" : "1",
        "refill_buffers" : "1",
        "runtime" : "60",
        "numjobs" : "32",
        "group_reporting" : "1",
        "write_bw_log" : "/fio/10K/RAID10_64K//randread-iodepth-2-numjobs-32",
        "write_lat_log" : "/fio/10K/RAID10_64K//randread-iodepth-2-numjobs-32",
        "write_iops_log" : "/fio/10K/RAID10_64K//randread-iodepth-2-numjobs-32",
        "log_avg_msec" : "500",
        "filename" : "/dev/md10"
      },
      "read" : {
        "io_bytes" : 463691776,
        "io_kbytes" : 452824,
        "bw" : 7538,
        "iops" : 1884.536632,
        "runtime" : 60071,
        "total_ios" : 113206,
        "short_ios" : 0,
        "drop_ios" : 0,
        "slat_ns" : {
          "min" : 8031,
          "max" : 31346077,
          "mean" : 27004.861041,
          "stddev" : 93945.076521
        },
        "clat_ns" : {
          "min" : 1250475,
          "max" : 1010574032,
          "mean" : 33856391.745367,
          "stddev" : 37805979.852936,
          "percentile" : {
            "1.000000" : 3883008,
            "5.000000" : 5865472,
            "10.000000" : 7438336,
            "20.000000" : 10027008,
            "30.000000" : 12779520,
            "40.000000" : 16187392,
            "50.000000" : 20840448,
            "60.000000" : 26869760,
            "70.000000" : 35913728,
            "80.000000" : 49545216,
            "90.000000" : 76021760,
            "95.000000" : 105381888,
            "99.000000" : 183500800,
            "99.500000" : 225443840,
            "99.900000" : 329252864,
            "99.950000" : 375390208,
            "99.990000" : 509607936,
            "0.00" : 0,
            "0.00" : 0,
            "0.00" : 0
          }
        },
        "lat_ns" : {
          "min" : 1283020,
          "max" : 1010600398,
          "mean" : 33884272.738689,
          "stddev" : 37806093.635330
        },
        "bw_min" : 48,
        "bw_max" : 447,
        "bw_agg" : 3.144032,
        "bw_mean" : 236.997133,
        "bw_dev" : 50.412896,
        "bw_samples" : 3837,
        "iops_min" : 12,
        "iops_max" : 111,
        "iops_mean" : 59.009382,
        "iops_stddev" : 12.598389,
        "iops_samples" : 3837
      },
      "write" : {
        "io_bytes" : 0,
        "io_kbytes" : 0,
        "bw" : 0,
        "iops" : 0.000000,
        "runtime" : 0,
        "total_ios" : 0,
        "short_ios" : 0,
        "drop_ios" : 0,
        "slat_ns" : {
          "min" : 0,
          "max" : 0,
          "mean" : 0.000000,
          "stddev" : 0.000000
        },
        "clat_ns" : {
          "min" : 0,
          "max" : 0,
          "mean" : 0.000000,
          "stddev" : 0.000000,
          "percentile" : {
            "1.000000" : 0,
            "5.000000" : 0,
            "10.000000" : 0,
            "20.000000" : 0,
            "30.000000" : 0,
            "40.000000" : 0,
            "50.000000" : 0,
            "60.000000" : 0,
            "70.000000" : 0,
            "80.000000" : 0,
            "90.000000" : 0,
            "95.000000" : 0,
            "99.000000" : 0,
            "99.500000" : 0,
            "99.900000" : 0,
            "99.950000" : 0,
            "99.990000" : 0,
            "0.00" : 0,
            "0.00" : 0,
            "0.00" : 0
          }
        },
        "lat_ns" : {
          "min" : 0,
          "max" : 0,
          "mean" : 0.000000,
          "stddev" : 0.000000
        },
        "bw_min" : 0,
        "bw_max" : 0,
        "bw_agg" : 0.000000,
        "bw_mean" : 0.000000,
        "bw_dev" : 0.000000,
        "bw_samples" : 0,
        "iops_min" : 0,
        "iops_max" : 0,
        "iops_mean" : 0.000000,
        "iops_stddev" : 0.000000,
        "iops_samples" : 0
      },
      "trim" : {
        "io_bytes" : 0,
        "io_kbytes" : 0,
        "bw" : 0,
        "iops" : 0.000000,
        "runtime" : 0,
        "total_ios" : 0,
        "short_ios" : 0,
        "drop_ios" : 0,
        "slat_ns" : {
          "min" : 0,
          "max" : 0,
          "mean" : 0.000000,
          "stddev" : 0.000000
        },
        "clat_ns" : {
          "min" : 0,
          "max" : 0,
          "mean" : 0.000000,
          "stddev" : 0.000000,
          "percentile" : {
            "1.000000" : 0,
            "5.000000" : 0,
            "10.000000" : 0,
            "20.000000" : 0,
            "30.000000" : 0,
            "40.000000" : 0,
            "50.000000" : 0,
            "60.000000" : 0,
            "70.000000" : 0,
            "80.000000" : 0,
            "90.000000" : 0,
            "95.000000" : 0,
            "99.000000" : 0,
            "99.500000" : 0,
            "99.900000" : 0,
            "99.950000" : 0,
            "99.990000" : 0,
            "0.00" : 0,
            "0.00" : 0,
            "0.00" : 0
          }
        },
        "lat_ns" : {
          "min" : 0,
          "max" : 0,
          "mean" : 0.000000,
          "stddev" : 0.000000
        },
        "bw_min" : 0,
        "bw_max" : 0,
        "bw_agg" : 0.000000,
        "bw_mean" : 0.000000,
        "bw_dev" : 0.000000,
        "bw_samples" : 0,
        "iops_min" : 0,
        "iops_max" : 0,
        "iops_mean" : 0.000000,
        "iops_stddev" : 0.000000,
        "iops_samples" : 0
      },
      "usr_cpu" : 0.097247,
      "sys_cpu" : 0.241347,
      "ctx" : 113167,
      "majf" : 0,
      "minf" : 746,
      "iodepth_level" : {
        "1" : 0.100000,
        "2" : 99.971733,
        "4" : 0.000000,
        "8" : 0.000000,
        "16" : 0.000000,
        "32" : 0.000000,
        ">=64" : 0.000000
      },
      "latency_ns" : {
        "2" : 0.000000,
        "4" : 0.000000,
        "10" : 0.000000,
        "20" : 0.000000,
        "50" : 0.000000,
        "100" : 0.000000,
        "250" : 0.000000,
        "500" : 0.000000,
        "750" : 0.000000,
        "1000" : 0.000000
      },
      "latency_us" : {
        "2" : 0.000000,
        "4" : 0.000000,
        "10" : 0.000000,
        "20" : 0.000000,
        "50" : 0.000000,
        "100" : 0.000000,
        "250" : 0.000000,
        "500" : 0.000000,
        "750" : 0.000000,
        "1000" : 0.000000
      },
      "latency_ms" : {
        "2" : 0.025617,
        "4" : 1.104182,
        "10" : 18.935392,
        "20" : 28.396021,
        "50" : 31.857852,
        "100" : 14.033708,
        "250" : 5.305373,
        "500" : 0.330371,
        "750" : 0.010000,
        "1000" : 0.010000,
        "2000" : 0.010000,
        ">=2000" : 0.000000
      },
      "latency_depth" : 2,
      "latency_target" : 0,
      "latency_percentile" : 100.000000,
      "latency_window" : 0
    }
  ],
  "disk_util" : [
    {
      "name" : "md10",
      "read_ios" : 112858,
      "write_ios" : 0,
      "read_merges" : 0,
      "write_merges" : 0,
      "read_ticks" : 0,
      "write_ticks" : 0,
      "in_queue" : 0,
      "util" : 0.000000,
      "aggr_read_ios" : 14150,
      "aggr_write_ios" : 0,
      "aggr_read_merges" : 0,
      "aggr_write_merge" : 0,
      "aggr_read_ticks" : 479035,
      "aggr_write_ticks" : 0,
      "aggr_in_queue" : 479029,
      "aggr_util" : 99.164382
    },
    {
      "name" : "sdf",
      "read_ios" : 14143,
      "write_ios" : 0,
      "read_merges" : 0,
      "write_merges" : 0,
      "read_ticks" : 553284,
      "write_ticks" : 0,
      "in_queue" : 553280,
      "util" : 99.164382
    },
    {
      "name" : "sdd",
      "read_ios" : 14109,
      "write_ios" : 0,
      "read_merges" : 0,
      "write_merges" : 0,
      "read_ticks" : 441100,
      "write_ticks" : 0,
      "in_queue" : 441084,