{
  "fio version" : "fio-3.1",
  "timestamp" : 1585192387,
  "timestamp_ms" : 1585192387881,
  "time" : "Thu Mar 26 04:13:07 2020",
  "jobs" : [
    {
      "jobname" : "iotest",
      "groupid" : 0,
      "error" : 0,
      "eta" : 0,
      "elapsed" : 61,
      "job options" : {
        "rw" : "randwrite",
        "bs" : "4k",
        "ioengine" : "libaio",
        "iodepth" : "2",
        "direct" : "1",
        "invalidate" : "1",
        "refill_buffers" : "1",
        "runtime" : "60",
        "numjobs" : "4",
        "group_reporting" : "1",
        "write_bw_log" : "/fio/10K/RAID10_64K//randwrite-iodepth-2-numjobs-4",
        "write_lat_log" : "/fio/10K/RAID10_64K//randwrite-iodepth-2-numjobs-4",
        "write_iops_log" : "/fio/10K/RAID10_64K//randwrite-iodepth-2-numjobs-4",
        "log_avg_msec" : "500",
        "filename" : "/dev/md10"
      },
      "read" : {
        "io_bytes" : 0,
        "io_kbytes" : 0,
        "bw" : 0,
        "iops" : 0.000000,
        "runtime" : 0,
        "total_ios" : 0,
        "short_ios" : 0,
        "drop_ios" : 0,
        "slat_ns" : {
          "min" : 0,
          "max" : 0,
          "mean" : 0.000000,
          "stddev" : 0.000000
        },
        "clat_ns" : {
          "min" : 0,
          "max" : 0,
          "mean" : 0.000000,
          "stddev" : 0.000000,
          "percentile" : {
            "1.000000" : 0,
            "5.000000" : 0,
            "10.000000" : 0,
            "20.000000" : 0,
            "30.000000" : 0,
            "40.000000" : 0,
            "50.000000" : 0,
            "60.000000" : 0,
            "70.000000" : 0,
            "80.000000" : 0,
            "90.000000" : 0,
            "95.000000" : 0,
            "99.000000" : 0,
            "99.500000" : 0,
            "99.900000" : 0,
            "99.950000" : 0,
            "99.990000" : 0,
            "0.00" : 0,
            "0.00" : 0,
            "0.00" : 0
          }
        },
        "lat_ns" : {
          "min" : 0,
          "max" : 0,
          "mean" : 0.000000,
          "stddev" : 0.000000
        },
        "bw_min" : 0,
        "bw_max" : 0,
        "bw_agg" : 0.000000,
        "bw_mean" : 0.000000,
        "bw_dev" : 0.000000,
        "bw_samples" : 0,
        "iops_min" : 0,
        "iops_max" : 0,
        "iops_mean" : 0.000000,
        "iops_stddev" : 0.000000,
        "iops_samples" : 0
      },
      "write" : {
        "io_bytes" : 17154048,
        "io_kbytes" : 16752,
        "bw" : 279,
        "iops" : 69.762793,
        "runtime" : 60032,
        "total_ios" : 4188,
        "short_ios" : 0,
        "drop_ios" : 0,
        "slat_ns" : {
          "min" : 24320,
          "max" : 606996014,
          "mean" : 57308552.690544,
          "stddev" : 42290035.545994
        },
        "clat_ns" : {
          "min" : 80143,
          "max" : 607016860,
          "mean" : 57294576.292264,
          "stddev" : 42312939.173186,
          "percentile" : {
            "1.000000" : 140288,
            "5.000000" : 15794176,
            "10.000000" : 18481152,
            "20.000000" : 23986176,
            "30.000000" : 30539776,
            "40.000000" : 41156608,
            "50.000000" : 47972352,
            "60.000000" : 57409536,
            "70.000000" : 68681728,
            "80.000000" : 83361792,
            "90.000000" : 107479040,
            "95.000000" : 132644864,
            "99.000000" : 200278016,
            "99.500000" : 227540992,
            "99.900000" : 438304768,
            "99.950000" : 459276288,
            "99.990000" : 608174080,
            "0.00" : 0,
            "0.00" : 0,
            "0.00" : 0
          }
        },
        "lat_ns" : {
          "min" : 158521,
          "max" : 823268180,
          "mean" : 114604842.845989,
          "stddev" : 64375290.342055
        },
        "bw_min" : 8,
        "bw_max" : 152,
        "bw_agg" : 24.959677,
        "bw_mean" : 69.637500,
        "bw_dev" : 20.694766,
        "bw_samples" : 480,
        "iops_min" : 2,
        "iops_max" : 38,
        "iops_mean" : 17.387500,
        "iops_stddev" : 5.171369,
        "iops_samples" : 480
      },
      "trim" : {
        "io_bytes" : 0,
        "io_kbytes" : 0,
        "bw" : 0,
        "iops" : 0.000000,
        "runtime" : 0,
        "total_ios" : 0,
        "short_ios" : 0,
        "drop_ios" : 0,
        "slat_ns" : {
          "min" : 0,
          "max" : 0,
          "mean" : 0.000000,
          "stddev" : 0.000000
        },
        "clat_ns" : {
          "min" : 0,
          "max" : 0,
          "mean" : 0.000000,
          "stddev" : 0.000000,
          "percentile" : {
            "1.000000" : 0,
            "5.000000" : 0,
            "10.000000" : 0,
            "20.000000" : 0,
            "30.000000" : 0,
            "40.000000" : 0,
            "50.000000" : 0,
            "60.000000" : 0,
            "70.000000" : 0,
            "80.000000" : 0,
            "90.000000" : 0,
            "95.000000" : 0,
            "99.000000" : 0,
            "99.500000" : 0,
            "99.900000" : 0,
            "99.950000" : 0,
            "99.990000" : 0,
            "0.00" : 0,
            "0.00" : 0,
            "0.00" : 0
          }
        },
        "lat_ns" : {
          "min" : 0,
          "max" : 0,
          "mean" : 0.000000,
          "stddev" : 0.000000
        },
        "bw_min" : 0,
        "bw_max" : 0,
        "bw_agg" : 0.000000,
        "bw_mean" : 0.000000,
        "bw_dev" : 0.000000,
        "bw_samples" : 0,
        "iops_min" : 0,
        "iops_max" : 0,
        "iops_mean" : 0.000000,
        "iops_stddev" : 0.000000,
        "iops_samples" : 0
      },
      "usr_cpu" : 0.042897,
      "sys_cpu" : 0.154096,
      "ctx" : 16378,
      "majf" : 0,
      "minf" : 78,
      "iodepth_level" : {
        "1" : 0.100000,
        "2" : 99.904489,
        "4" : 0.000000,
        "8" : 0.000000,
        "16" : 0.000000,
        "32" : 0.000000,
        ">=64" : 0.000000
      },
      "latency_ns" : {
        "2" : 0.000000,
        "4" : 0.000000,
        "10" : 0.000000,
        "20" : 0.000000,
        "50" : 0.000000,
        "100" : 0.000000,
        "250" : 0.000000,
        "500" : 0.000000,
        "750" : 0.000000,
        "1000" : 0.000000
      },
      "latency_us" : {
        "2" : 0.000000,
        "4" : 0.000000,
        "10" : 0.000000,
        "20" : 0.000000,
        "50" : 0.000000,
        "100" : 0.262655,
        "250" : 2.769819,
        "500" : 0.023878,
        "750" : 0.000000,
        "1000" : 0.000000
      },
      "latency_ms" : {
        "2" : 0.000000,
        "4" : 0.000000,
        "10" : 0.047755,
        "20" : 9.025788,
        "50" : 40.305635,
        "100" : 35.553964,
        "250" : 11.652340,
        "500" : 0.334288,
        "750" : 0.023878,
        "1000" : 0.000000,
        "2000" : 0.000000,
        ">=2000" : 0.000000
      },
      "latency_depth" : 2,
      "latency_target" : 0,
      "latency_percentile" : 100.000000,
      "latency_window" : 0
    }
  ],
  "disk_util" : [
    {
      "name" : "md10",
      "read_ios" : 49,
      "write_ios" : 4172,
      "read_merges" : 0,
      "write_merges" : 0,
      "read_ticks" : 0,
      "write_ticks" : 0,
      "in_queue" : 0,
      "util" : 0.000000,
      "aggr_read_ios" : 26,
      "aggr_write_ios" : 5113,
      "aggr_read_merges" : 0,
      "aggr_write_merge" : 0,
      "aggr_read_ticks" : 3,
      "aggr_write_ticks" : 26988,
      "aggr_in_queue" : 26990,
      "aggr_util" : 51.263970
    },
    {
      "name" : "sdf",
      "read_ios" : 8,
      "write_ios" : 5125,
      "read_merges" : 0,
      "write_merges" : 0,
      "read_ticks" : 0,
      "write_ticks" : 28016,
      "in_queue" : 28016,
      "util" : 46.235468
    },
    {
      "name" : "sdd",
      "read_ios" : 2,
      "write_ios" : 5094,
      "read_merges" : 0,
      "write_merges" : 0,
      "read_ticks" : 0,
      "write_ticks" : 23404,
      "in_queue" : 23404,