{
  "fio version" : "fio-3.1",
  "timestamp" : 1582045868,
  "timestamp_ms" : 1582045868699,
  "time" : "Tue Feb 18 18:11:08 2020",
  "jobs" : [
    {
      "jobname" : "iotest",
      "groupid" : 0,
      "error" : 0,
      "eta" : 0,
      "elapsed" : 61,
      "job options" : {
        "rw" : "randwrite",
        "bs" : "4k",
        "ioengine" : "libaio",
        "iodepth" : "32",
        "direct" : "1",
        "invalidate" : "1",
        "refill_buffers" : "1",
        "runtime" : "60",
        "numjobs" : "8",
        "group_reporting" : "1",
        "write_bw_log" : "/fio/output/randwrite-iodepth-32-numjobs-8",
        "write_lat_log" : "/fio/output/randwrite-iodepth-32-numjobs-8",
        "write_iops_log" : "/fio/output/randwrite-iodepth-32-numjobs-8",
        "log_avg_msec" : "250",
        "filename" : "/dev/md0"
      },
      "read" : {
        "io_bytes" : 0,
        "io_kbytes" : 0,
        "bw" : 0,
        "iops" : 0.000000,
        "runtime" : 0,
        "total_ios" : 0,
        "short_ios" : 0,
        "drop_ios" : 0,
        "slat_ns" : {
          "min" : 0,
          "max" : 0,
          "mean" : 0.000000,
          "stddev" : 0.000000
        },
        "clat_ns" : {
          "min" : 0,
          "max" : 0,
          "mean" : 0.000000,
          "stddev" : 0.000000,
          "percentile" : {
            "1.000000" : 0,
            "5.000000" : 0,
            "10.000000" : 0,
            "20.000000" : 0,
            "30.000000" : 0,
            "40.000000" : 0,
            "50.000000" : 0,
            "60.000000" : 0,
            "70.000000" : 0,
            "80.000000" : 0,
            "90.000000" : 0,
            "95.000000" : 0,
            "99.000000" : 0,
            "99.500000" : 0,
            "99.900000" : 0,
            "99.950000" : 0,
            "99.990000" : 0,
            "0.00" : 0,
            "0.00" : 0,
            "0.00" : 0
          }
        },
        "lat_ns" : {
          "min" : 0,
          "max" : 0,
          "mean" : 0.000000,
          "stddev" : 0.000000
        },
        "bw_min" : 0,
        "bw_max" : 0,
        "bw_agg" : 0.000000,
        "bw_mean" : 0.000000,
        "bw_dev" : 0.000000,
        "bw_samples" : 0,
        "iops_min" : 0,
        "iops_max" : 0,
        "iops_mean" : 0.000000,
        "iops_stddev" : 0.000000,
        "iops_samples" : 0
      },
      "write" : {
        "io_bytes" : 40835928064,
        "io_kbytes" : 39878836,
        "bw" : 664614,
        "iops" : 166153.508991,
        "runtime" : 60003,
        "total_ios" : 9969709,
        "short_ios" : 0,
        "drop_ios" : 0,
        "slat_ns" : {
          "min" : 2968,
          "max" : 6100165,
          "mean" : 28922.995646,
          "stddev" : 157530.674813
        },
        "clat_ns" : {
          "min" : 27493,
          "max" : 9687980,
          "mean" : 1509199.605149,
          "stddev" : 1246612.655770,
          "percentile" : {
            "1.000000" : 164864,
            "5.000000" : 224256,
            "10.000000" : 276480,
            "20.000000" : 370688,
            "30.000000" : 505856,
            "40.000000" : 774144,
            "50.000000" : 1105920,
            "60.000000" : 1384448,
            "70.000000" : 1810432,
            "80.000000" : 3096576,
            "90.000000" : 3424256,
            "95.000000" : 3719168,
            "99.000000" : 4292608,
            "99.500000" : 4620288,
            "99.900000" : 5472256,
            "99.950000" : 5799936,
            "99.990000" : 6586368,
            "0.00" : 0,
            "0.00" : 0,
            "0.00" : 0
          }
        },
        "lat_ns" : {
          "min" : 69257,
          "max" : 10312440,
          "mean" : 1538342.171741,
          "stddev" : 1291514.420912
        },
        "bw_min" : 63568,
        "bw_max" : 87808,
        "bw_agg" : 12.511511,
        "bw_mean" : 83153.255729,
        "bw_dev" : 4068.911627,
        "bw_samples" : 1920,
        "iops_min" : 15896,
        "iops_max" : 21952,
        "iops_mean" : 20788.239583,
        "iops_stddev" : 1017.211806,
        "iops_samples" : 1920
      },
      "trim" : {
        "io_bytes" : 0,
        "io_kbytes" : 0,
        "bw" : 0,
        "iops" : 0.000000,
        "runtime" : 0,
        "total_ios" : 0,
        "short_ios" : 0,
        "drop_ios" : 0,
        "slat_ns" : {
          "min" : 0,
          "max" : 0,
          "mean" : 0.000000,
          "stddev" : 0.000000
        },
        "clat_ns" : {
          "min" : 0,
          "max" : 0,
          "mean" : 0.000000,
          "stddev" : 0.000000,
          "percentile" : {
            "1.000000" : 0,
            "5.000000" : 0,
            "10.000000" : 0,
            "20.000000" : 0,
            "30.000000" : 0,
            "40.000000" : 0,
            "50.000000" : 0,
            "60.000000" : 0,
            "70.000000" : 0,
            "80.000000" : 0,
            "90.000000" : 0,
            "95.000000" : 0,
            "99.000000" : 0,
            "99.500000" : 0,
            "99.900000" : 0,
            "99.950000" : 0,
            "99.990000" : 0,
            "0.00" : 0,
            "0.00" : 0,
            "0.00" : 0
          }
        },
        "lat_ns" : {
          "min" : 0,
          "max" : 0,
          "mean" : 0.000000,
          "stddev" : 0.000000
        },
        "bw_min" : 0,
        "bw_max" : 0,
        "bw_agg" : 0.000000,
        "bw_mean" : 0.000000,
        "bw_dev" : 0.000000,
        "bw_samples" : 0,
        "iops_min" : 0,
        "iops_max" : 0,
        "iops_mean" : 0.000000,
        "iops_stddev" : 0.000000,
        "iops_samples" : 0
      },
      "usr_cpu" : 6.941450,
      "sys_cpu" : 13.237086,
      "ctx" : 1878502,
      "majf" : 0,
      "minf" : 59903,
      "iodepth_level" : {
        "1" : 0.100000,
        "2" : 0.100000,
        "4" : 0.100000,
        "8" : 0.100000,
        "16" : 0.100000,
        "32" : 99.997512,
        ">=64" : 0.000000
      },
      "latency_ns" : {
        "2" : 0.000000,
        "4" : 0.000000,
        "10" : 0.000000,
        "20" : 0.000000,
        "50" : 0.000000,
        "100" : 0.000000,
        "250" : 0.000000,
        "500" : 0.000000,
        "750" : 0.000000,
        "1000" : 0.000000
      },
      "latency_us" : {
        "2" : 0.000000,
        "4" : 0.000000,
        "10" : 0.000000,
        "20" : 0.000000,
        "50" : 0.010000,
        "100" : 0.032438,
        "250" : 7.304446,
        "500" : 22.403322,
        "750" : 9.699591,
        "1000" : 6.839016
      },
      "latency_ms" : {
        "2" : 25.384051,
        "4" : 25.941911,
        "10" : 2.395155,
        "20" : 0.000000,
        "50" : 0.000000,
        "100" : 0.000000,
        "250" : 0.000000,
        "500" : 0.000000,
        "750" : 0.000000,
        "1000" : 0.000000,
        "2000" : 0.000000,
        ">=2000" : 0.000000
      },
      "latency_depth" : 32,
      "latency_target" : 0,
      "latency_percentile" : 100.000000,
      "latency_window" : 0
    }
  ],
  "disk_util" : [
    {
      "name" : "md0",
      "read_ios" : 148,
      "write_ios" : 9944208,
      "read_merges" : 0,
      "write_merges" : 0,
      "read_ticks" : 0,
      "write_ticks" : 0,
      "in_queue" : 0,
      "util" : 0.000000,
      "aggr_read_ios" : 112,
      "aggr_write_ios" : 2492427,
      "aggr_read_merges" : 0,
      "aggr_write_merge" : 0,
      "aggr_read_ticks" : 51,
      "aggr_write_ticks" : 2978106,
      "aggr_in_queue" : 2983248,
      "aggr_util" : 99.770817
    },
    {
      "name" : "sdd",
      "read_ios" : 48,
      "write_ios" : 2448186,
      "read_merges" : 0,
      "write_merges" : 0,
      "read_ticks" : 36,
      "write_ticks" : 1020644,
      "in_queue" : 1021956,
      "util" : 97.670016
    },
    {
      "name" : "sdb",
      "read_ios" : 75,
      "write_ios" : 2461673,
      "read_merges" : 0,
      "write_merges" : 0,
      "read_ticks" : 60,
      "write_ticks" : 1935384,
      "in_queue" : 1938040,