{
  "fio version" : "fio-3.1",
  "timestamp" : 1582044047,
  "timestamp_ms" : 1582044047926,
  "time" : "Tue Feb 18 17:40:47 2020",
  "jobs" : [
    {
      "jobname" : "iotest",
      "groupid" : 0,
      "error" : 0,
      "eta" : 0,
      "elapsed" : 61,
      "job options" : {
        "rw" : "randwrite",
        "bs" : "4k",
        "ioengine" : "libaio",
        "iodepth" : "2",
        "direct" : "1",
        "invalidate" : "1",
        "refill_buffers" : "1",
        "runtime" : "60",
        "numjobs" : "2",
        "group_reporting" : "1",
        "write_bw_log" : "/fio/output/randwrite-iodepth-2-numjobs-2",
        "write_lat_log" : "/fio/output/randwrite-iodepth-2-numjobs-2",
        "write_iops_log" : "/fio/output/randwrite-iodepth-2-numjobs-2",
        "log_avg_msec" : "250",
        "filename" : "/dev/md0"
      },
      "read" : {
        "io_bytes" : 0,
        "io_kbytes" : 0,
        "bw" : 0,
        "iops" : 0.000000,
        "runtime" : 0,
        "total_ios" : 0,
        "short_ios" : 0,
        "drop_ios" : 0,
        "slat_ns" : {
          "min" : 0,
          "max" : 0,
          "mean" : 0.000000,
          "stddev" : 0.000000
        },
        "clat_ns" : {
          "min" : 0,
          "max" : 0,
          "mean" : 0.000000,
          "stddev" : 0.000000,
          "percentile" : {
            "1.000000" : 0,
            "5.000000" : 0,
            "10.000000" : 0,
            "20.000000" : 0,
            "30.000000" : 0,
            "40.000000" : 0,
            "50.000000" : 0,
            "60.000000" : 0,
            "70.000000" : 0,
            "80.000000" : 0,
            "90.000000" : 0,
            "95.000000" : 0,
            "99.000000" : 0,
            "99.500000" : 0,
            "99.900000" : 0,
            "99.950000" : 0,
            "99.990000" : 0,
            "0.00" : 0,
            "0.00" : 0,
            "0.00" : 0
          }
        },
        "lat_ns" : {
          "min" : 0,
          "max" : 0,
          "mean" : 0.000000,
          "stddev" : 0.000000
        },
        "bw_min" : 0,
        "bw_max" : 0,
        "bw_agg" : 0.000000,
        "bw_mean" : 0.000000,
        "bw_dev" : 0.000000,
        "bw_samples" : 0,
        "iops_min" : 0,
        "iops_max" : 0,
        "iops_mean" : 0.000000,
        "iops_stddev" : 0.000000,
        "iops_samples" : 0
      },
      "write" : {
        "io_bytes" : 5616246784,
        "io_kbytes" : 5484616,
        "bw" : 91408,
        "iops" : 22852.185797,
        "runtime" : 60001,
        "total_ios" : 1371154,
        "short_ios" : 0,
        "drop_ios" : 0,
        "slat_ns" : {
          "min" : 3226,
          "max" : 648820,
          "mean" : 9486.223109,
          "stddev" : 4798.054931
        },
        "clat_ns" : {
          "min" : 1328,
          "max" : 2340804,
          "mean" : 161272.289401,
          "stddev" : 29801.914905,
          "percentile" : {
            "1.000000" : 47360,
            "5.000000" : 140288,
            "10.000000" : 152576,
            "20.000000" : 160768,
            "30.000000" : 162816,
            "40.000000" : 164864,
            "50.000000" : 164864,
            "60.000000" : 166912,
            "70.000000" : 166912,
            "80.000000" : 168960,
            "90.000000" : 175104,
            "95.000000" : 179200,
            "99.000000" : 185344,
            "99.500000" : 191488,
            "99.900000" : 436224,
            "99.950000" : 501760,
            "99.990000" : 782336,
            "0.00" : 0,
            "0.00" : 0,
            "0.00" : 0
          }
        },
        "lat_ns" : {
          "min" : 44345,
          "max" : 2351417,
          "mean" : 171145.412871,
          "stddev" : 30541.022693
        },
        "bw_min" : 42512,
        "bw_max" : 126080,
        "bw_agg" : 50.184561,
        "bw_mean" : 45872.703549,
        "bw_dev" : 10010.465139,
        "bw_samples" : 479,
        "iops_min" : 10628,
        "iops_max" : 31520,
        "iops_mean" : 11468.012526,
        "iops_stddev" : 2502.691109,
        "iops_samples" : 479
      },
      "trim" : {
        "io_bytes" : 0,
        "io_kbytes" : 0,
        "bw" : 0,
        "iops" : 0.000000,
        "runtime" : 0,
        "total_ios" : 0,
        "short_ios" : 0,
        "drop_ios" : 0,
        "slat_ns" : {
          "min" : 0,
          "max" : 0,
          "mean" : 0.000000,
          "stddev" : 0.000000
        },
        "clat_ns" : {
          "min" : 0,
          "max" : 0,
          "mean" : 0.000000,
          "stddev" : 0.000000,
          "percentile" : {
            "1.000000" : 0,
            "5.000000" : 0,
            "10.000000" : 0,
            "20.000000" : 0,
            "30.000000" : 0,
            "40.000000" : 0,
            "50.000000" : 0,
            "60.000000" : 0,
            "70.000000" : 0,
            "80.000000" : 0,
            "90.000000" : 0,
            "95.000000" : 0,
            "99.000000" : 0,
            "99.500000" : 0,
            "99.900000" : 0,
            "99.950000" : 0,
            "99.990000" : 0,
            "0.00" : 0,
            "0.00" : 0,
            "0.00" : 0
          }
        },
        "lat_ns" : {
          "min" : 0,
          "max" : 0,
          "mean" : 0.000000,
          "stddev" : 0.000000
        },
        "bw_min" : 0,
        "bw_max" : 0,
        "bw_agg" : 0.000000,
        "bw_mean" : 0.000000,
        "bw_dev" : 0.000000,
        "bw_samples" : 0,
        "iops_min" : 0,
        "iops_max" : 0,
        "iops_mean" : 0.000000,
        "iops_stddev" : 0.000000,
        "iops_samples" : 0
      },
      "usr_cpu" : 8.325833,
      "sys_cpu" : 14.257500,
      "ctx" : 699812,
      "majf" : 0,
      "minf" : 14889,
      "iodepth_level" : {
        "1" : 0.100000,
        "2" : 99.999854,
        "4" : 0.000000,
        "8" : 0.000000,
        "16" : 0.000000,
        "32" : 0.000000,
        ">=64" : 0.000000
      },
      "latency_ns" : {
        "2" : 0.000000,
        "4" : 0.000000,
        "10" : 0.000000,
        "20" : 0.000000,
        "50" : 0.000000,
        "100" : 0.000000,
        "250" : 0.000000,
        "500" : 0.000000,
        "750" : 0.000000,
        "1000" : 0.000000
      },
      "latency_us" : {
        "2" : 0.010000,
        "4" : 0.010000,
        "10" : 0.010000,
        "20" : 0.010000,
        "50" : 1.677857,
        "100" : 2.736162,
        "250" : 95.397672,
        "500" : 0.136892,
        "750" : 0.039820,
        "1000" : 0.010000
      },
      "latency_ms" : {
        "2" : 0.010000,
        "4" : 0.010000,
        "10" : 0.000000,
        "20" : 0.000000,
        "50" : 0.000000,
        "100" : 0.000000,
        "250" : 0.000000,
        "500" : 0.000000,
        "750" : 0.000000,
        "1000" : 0.000000,
        "2000" : 0.000000,
        ">=2000" : 0.000000
      },
      "latency_depth" : 2,
      "latency_target" : 0,
      "latency_percentile" : 100.000000,
      "latency_window" : 0
    }
  ],
  "disk_util" : [
    {
      "name" : "md0",
      "read_ios" : 148,
      "write_ios" : 1367773,
      "read_merges" : 0,
      "write_merges" : 0,
      "read_ticks" : 0,
      "write_ticks" : 0,
      "in_queue" : 0,
      "util" : 0.000000,
      "aggr_read_ios" : 112,
      "aggr_write_ios" : 342788,
      "aggr_read_merges" : 0,
      "aggr_write_merge" : 0,
      "aggr_read_ticks" : 60,
      "aggr_write_ticks" : 49448,
      "aggr_in_queue" : 49417,
      "aggr_util" : 58.813756
    },
    {
      "name" : "sdd",
      "read_ios" : 48,
      "write_ios" : 336826,
      "read_merges" : 0,
      "write_merges" : 0,
      "read_ticks" : 32,
      "write_ticks" : 48140,
      "in_queue" : 48084,
      "util" : 56.062469
    },
    {
      "name" : "sdb",
      "read_ios" : 75,
      "write_ios" : 338177,
      "read_merges" : 0,
      "write_merges" : 0,
      "read_ticks" : 36,
      "write_ticks" : 49580,
      "in_queue" : 49524,
      "util" : 57.391593
    },
    {
      "name" : "sde",