{
  "fio version" : "fio-3.1",
  "timestamp" : 1582046476,
  "timestamp_ms" : 1582046476135,
  "time" : "Tue Feb 18 18:21:16 2020",
  "jobs" : [
    {
      "jobname" : "iotest",
      "groupid" : 0,
      "error" : 0,
      "eta" : 0,
      "elapsed" : 61,
      "job options" : {
        "rw" : "randwrite",
        "bs" : "4k",
        "ioengine" : "libaio",
        "iodepth" : "64",
        "direct" : "1",
        "invalidate" : "1",
        "refill_buffers" : "1",
        "runtime" : "60",
        "numjobs" : "64",
        "group_reporting" : "1",
        "write_bw_log" : "/fio/output/randwrite-iodepth-64-numjobs-64",
        "write_lat_log" : "/fio/output/randwrite-iodepth-64-numjobs-64",
        "write_iops_log" : "/fio/output/randwrite-iodepth-64-numjobs-64",
        "log_avg_msec" : "250",
        "filename" : "/dev/md0"
      },
      "read" : {
        "io_bytes" : 0,
        "io_kbytes" : 0,
        "bw" : 0,
        "iops" : 0.000000,
        "runtime" : 0,
        "total_ios" : 0,
        "short_ios" : 0,
        "drop_ios" : 0,
        "slat_ns" : {
          "min" : 0,
          "max" : 0,
          "mean" : 0.000000,
          "stddev" : 0.000000
        },
        "clat_ns" : {
          "min" : 0,
          "max" : 0,
          "mean" : 0.000000,
          "stddev" : 0.000000,
          "percentile" : {
            "1.000000" : 0,
            "5.000000" : 0,
            "10.000000" : 0,
            "20.000000" : 0,
            "30.000000" : 0,
            "40.000000" : 0,
            "50.000000" : 0,
            "60.000000" : 0,
            "70.000000" : 0,
            "80.000000" : 0,
            "90.000000" : 0,
            "95.000000" : 0,
            "99.000000" : 0,
            "99.500000" : 0,
            "99.900000" : 0,
            "99.950000" : 0,
            "99.990000" : 0,
            "0.00" : 0,
            "0.00" : 0,
            "0.00" : 0
          }
        },
        "lat_ns" : {
          "min" : 0,
          "max" : 0,
          "mean" : 0.000000,
          "stddev" : 0.000000
        },
        "bw_min" : 0,
        "bw_max" : 0,
        "bw_agg" : 0.000000,
        "bw_mean" : 0.000000,
        "bw_dev" : 0.000000,
        "bw_samples" : 0,
        "iops_min" : 0,
        "iops_max" : 0,
        "iops_mean" : 0.000000,
        "iops_stddev" : 0.000000,
        "iops_samples" : 0
      },
      "write" : {
        "io_bytes" : 36007665664,
        "io_kbytes" : 35163736,
        "bw" : 585837,
        "iops" : 146459.423888,
        "runtime" : 60023,
        "total_ios" : 8790934,
        "short_ios" : 0,
        "drop_ios" : 0,
        "slat_ns" : {
          "min" : 3144,
          "max" : 69413298,
          "mean" : 418330.084676,
          "stddev" : 2940361.241340
        },
        "clat_ns" : {
          "min" : 159662,
          "max" : 154947679,
          "mean" : 27516754.786081,
          "stddev" : 19185949.127733,
          "percentile" : {
            "1.000000" : 3096576,
            "5.000000" : 4046848,
            "10.000000" : 4620288,
            "20.000000" : 6848512,
            "30.000000" : 13172736,
            "40.000000" : 20840448,
            "50.000000" : 26083328,
            "60.000000" : 30801920,
            "70.000000" : 36438016,
            "80.000000" : 43778048,
            "90.000000" : 54263808,
            "95.000000" : 62128128,
            "99.000000" : 79167488,
            "99.500000" : 85458944,
            "99.900000" : 100139008,
            "99.950000" : 107479040,
            "99.990000" : 124256256,
            "0.00" : 0,
            "0.00" : 0,
            "0.00" : 0
          }
        },
        "lat_ns" : {
          "min" : 164002,
          "max" : 172135938,
          "mean" : 27935356.282199,
          "stddev" : 19362381.828137
        },
        "bw_min" : 2946,
        "bw_max" : 22435,
        "bw_agg" : 1.584937,
        "bw_mean" : 9285.144680,
        "bw_dev" : 2235.136974,
        "bw_samples" : 15358,
        "iops_min" : 736,
        "iops_max" : 5608,
        "iops_mean" : 2320.973304,
        "iops_stddev" : 558.775033,
        "iops_samples" : 15358
      },
      "trim" : {
        "io_bytes" : 0,
        "io_kbytes" : 0,
        "bw" : 0,
        "iops" : 0.000000,
        "runtime" : 0,
        "total_ios" : 0,
        "short_ios" : 0,
        "drop_ios" : 0,
        "slat_ns" : {
          "min" : 0,
          "max" : 0,
          "mean" : 0.000000,
          "stddev" : 0.000000
        },
        "clat_ns" : {
          "min" : 0,
          "max" : 0,
          "mean" : 0.000000,
          "stddev" : 0.000000,
          "percentile" : {
            "1.000000" : 0,
            "5.000000" : 0,
            "10.000000" : 0,
            "20.000000" : 0,
            "30.000000" : 0,
            "40.000000" : 0,
            "50.000000" : 0,
            "60.000000" : 0,
            "70.000000" : 0,
            "80.000000" : 0,
            "90.000000" : 0,
            "95.000000" : 0,
            "99.000000" : 0,
            "99.500000" : 0,
            "99.900000" : 0,
            "99.950000" : 0,
            "99.990000" : 0,
            "0.00" : 0,
            "0.00" : 0,
            "0.00" : 0
          }
        },
        "lat_ns" : {
          "min" : 0,
          "max" : 0,
          "mean" : 0.000000,
          "stddev" : 0.000000
        },
        "bw_min" : 0,
        "bw_max" : 0,
        "bw_agg" : 0.000000,
        "bw_mean" : 0.000000,
        "bw_dev" : 0.000000,
        "bw_samples" : 0,
        "iops_min" : 0,
        "iops_max" : 0,
        "iops_mean" : 0.000000,
        "iops_stddev" : 0.000000,
        "iops_samples" : 0
      },
      "usr_cpu" : 0.843527,
      "sys_cpu" : 1.963195,
      "ctx" : 527363,
      "majf" : 0,
      "minf" : 570398,
      "iodepth_level" : {
        "1" : 0.100000,
        "2" : 0.100000,
        "4" : 0.100000,
        "8" : 0.100000,
        "16" : 0.100000,
        "32" : 0.100000,
        ">=64" : 99.954135
      },
      "latency_ns" : {
        "2" : 0.000000,
        "4" : 0.000000,
        "10" : 0.000000,
        "20" : 0.000000,
        "50" : 0.000000,
        "100" : 0.000000,
        "250" : 0.000000,
        "500" : 0.000000,
        "750" : 0.000000,
        "1000" : 0.000000
      },
      "latency_us" : {
        "2" : 0.000000,
        "4" : 0.000000,
        "10" : 0.000000,
        "20" : 0.000000,
        "50" : 0.000000,
        "100" : 0.000000,
        "250" : 0.010000,
        "500" : 0.017040,
        "750" : 0.010000,
        "1000" : 0.010000
      },
      "latency_ms" : {
        "2" : 0.085509,
        "4" : 4.609328,
        "10" : 21.496328,
        "20" : 12.433776,
        "50" : 47.836203,
        "100" : 13.413182,
        "250" : 0.104767,
        "500" : 0.000000,
        "750" : 0.000000,
        "1000" : 0.000000,
        "2000" : 0.000000,
        ">=2000" : 0.000000
      },
      "latency_depth" : 64,
      "latency_target" : 0,
      "latency_percentile" : 100.000000,
      "latency_window" : 0
    }
  ],
  "disk_util" : [
    {
      "name" : "md0",
      "read_ios" : 296,
      "write_ios" : 8785119,
      "read_merges" : 0,
      "write_merges" : 0,
      "read_ticks" : 0,
      "write_ticks" : 0,
      "in_queue" : 0,
      "util" : 0.000000,
      "aggr_read_ios" : 187,
      "aggr_write_ios" : 2197733,
      "aggr_read_merges" : 1,
      "aggr_write_merge" : 0,
      "aggr_read_ticks" : 89,
      "aggr_write_ticks" : 9197883,
      "aggr_in_queue" : 9207676,
      "aggr_util" : 99.643940
    },
    {
      "name" : "sdd",
      "read_ios" : 80,
      "write_ios" : 2162645,
      "read_merges" : 0,
      "write_merges" : 0,
      "read_ticks" : 64,
      "write_ticks" : 8982024,
      "in_queue" : 8990704,
      "util" : 99.571071
    },
    {
      "name" : "sdb",
      "read_ios" : 126,
      "write_ios" : 2163306,
      "read_merges" : 0,
      "write_merges" : 0,
      "read_ticks" : 48,
      "write_ticks" : 9155484,