{
  "fio version" : "fio-3.1",
  "timestamp" : 1582040589,
  "timestamp_ms" : 1582040589569,
  "time" : "Tue Feb 18 16:43:09 2020",
  "jobs" : [
    {
      "jobname" : "iotest",
      "groupid" : 0,
      "error" : 0,
      "eta" : 0,
      "elapsed" : 61,
      "job options" : {
        "rw" : "randread",
        "bs" : "4k",
        "ioengine" : "libaio",
        "iodepth" : "1",
        "direct" : "1",
        "invalidate" : "1",
        "refill_buffers" : "1",
        "runtime" : "60",
        "numjobs" : "1",
        "group_reporting" : "1",
        "write_bw_log" : "/fio/output/randread-iodepth-1-numjobs-1",
        "write_lat_log" : "/fio/output/randread-iodepth-1-numjobs-1",
        "write_iops_log" : "/fio/output/randread-iodepth-1-numjobs-1",
        "log_avg_msec" : "250",
        "filename" : "/dev/md0"
      },
      "read" : {
        "io_bytes" : 1657786368,
        "io_kbytes" : 1618932,
        "bw" : 26981,
        "iops" : 6745.437576,
        "runtime" : 60001,
        "total_ios" : 404733,
        "short_ios" : 0,
        "drop_ios" : 0,
        "slat_ns" : {
          "min" : 3874,
          "max" : 406712,
          "mean" : 9127.914670,
          "stddev" : 3586.916147
        },
        "clat_ns" : {
          "min" : 1337,
          "max" : 2597473,
          "mean" : 135992.332891,
          "stddev" : 49064.093919,
          "percentile" : {
            "1.000000" : 46336,
            "5.000000" : 86528,
            "10.000000" : 89600,
            "20.000000" : 97792,
            "30.000000" : 105984,
            "40.000000" : 114176,
            "50.000000" : 122368,
            "60.000000" : 148480,
            "70.000000" : 160768,
            "80.000000" : 177152,
            "90.000000" : 205824,
            "95.000000" : 211968,
            "99.000000" : 234496,
            "99.500000" : 236544,
            "99.900000" : 452608,
            "99.950000" : 505856,
            "99.990000" : 1044480,
            "0.00" : 0,
            "0.00" : 0,
            "0.00" : 0
          }
        },
        "lat_ns" : {
          "min" : 44860,
          "max" : 2605945,
          "mean" : 145500.750062,
          "stddev" : 49325.116751
        },
        "bw_min" : 23983,
        "bw_max" : 28640,
        "bw_agg" : 100.000000,
        "bw_mean" : 27003.866667,
        "bw_dev" : 910.153005,
        "bw_samples" : 240,
        "iops_min" : 5995,
        "iops_max" : 7160,
        "iops_mean" : 6750.908333,
        "iops_stddev" : 227.572601,
        "iops_samples" : 240
      },
      "write" : {
        "io_bytes" : 0,
        "io_kbytes" : 0,
        "bw" : 0,
        "iops" : 0.000000,
        "runtime" : 0,
        "total_ios" : 0,
        "short_ios" : 0,
        "drop_ios" : 0,
        "slat_ns" : {
          "min" : 0,
          "max" : 0,
          "mean" : 0.000000,
          "stddev" : 0.000000
        },
        "clat_ns" : {
          "min" : 0,
          "max" : 0,
          "mean" : 0.000000,
          "stddev" : 0.000000,
          "percentile" : {
            "1.000000" : 0,
            "5.000000" : 0,
            "10.000000" : 0,
            "20.000000" : 0,
            "30.000000" : 0,
            "40.000000" : 0,
            "50.000000" : 0,
            "60.000000" : 0,
            "70.000000" : 0,
            "80.000000" : 0,
            "90.000000" : 0,
            "95.000000" : 0,
            "99.000000" : 0,
            "99.500000" : 0,
            "99.900000" : 0,
            "99.950000" : 0,
            "99.990000" : 0,
            "0.00" : 0,
            "0.00" : 0,
            "0.00" : 0
          }
        },
        "lat_ns" : {
          "min" : 0,
          "max" : 0,
          "mean" : 0.000000,
          "stddev" : 0.000000
        },
        "bw_min" : 0,
        "bw_max" : 0,
        "bw_agg" : 0.000000,
        "bw_mean" : 0.000000,
        "bw_dev" : 0.000000,
        "bw_samples" : 0,
        "iops_min" : 0,
        "iops_max" : 0,
        "iops_mean" : 0.000000,
        "iops_stddev" : 0.000000,
        "iops_samples" : 0
      },
      "trim" : {
        "io_bytes" : 0,
        "io_kbytes" : 0,
        "bw" : 0,
        "iops" : 0.000000,
        "runtime" : 0,
        "total_ios" : 0,
        "short_ios" : 0,
        "drop_ios" : 0,
        "slat_ns" : {
          "min" : 0,
          "max" : 0,
          "mean" : 0.000000,
          "stddev" : 0.000000
        },
        "clat_ns" : {
          "min" : 0,
          "max" : 0,
          "mean" : 0.000000,
          "stddev" : 0.000000,
          "percentile" : {
            "1.000000" : 0,
            "5.000000" : 0,
            "10.000000" : 0,
            "20.000000" : 0,
            "30.000000" : 0,
            "40.000000" : 0,
            "50.000000" : 0,
            "60.000000" : 0,
            "70.000000" : 0,
            "80.000000" : 0,
            "90.000000" : 0,
            "95.000000" : 0,
            "99.000000" : 0,
            "99.500000" : 0,
            "99.900000" : 0,
            "99.950000" : 0,
            "99.990000" : 0,
            "0.00" : 0,
            "0.00" : 0,
            "0.00" : 0
          }
        },
        "lat_ns" : {
          "min" : 0,
          "max" : 0,
          "mean" : 0.000000,
          "stddev" : 0.000000
        },
        "bw_min" : 0,
        "bw_max" : 0,
        "bw_agg" : 0.000000,
        "bw_mean" : 0.000000,
        "bw_dev" : 0.000000,
        "bw_samples" : 0,
        "iops_min" : 0,
        "iops_max" : 0,
        "iops_mean" : 0.000000,
        "iops_stddev" : 0.000000,
        "iops_samples" : 0
      },
      "usr_cpu" : 4.688333,
      "sys_cpu" : 9.008333,
      "ctx" : 404720,
      "majf" : 0,
      "minf" : 24,
      "iodepth_level" : {
        "1" : 100.000000,
        "2" : 0.000000,
        "4" : 0.000000,
        "8" : 0.000000,
        "16" : 0.000000,
        "32" : 0.000000,
        ">=64" : 0.000000
      },
      "latency_ns" : {
        "2" : 0.000000,
        "4" : 0.000000,
        "10" : 0.000000,
        "20" : 0.000000,
        "50" : 0.000000,
        "100" : 0.000000,
        "250" : 0.000000,
        "500" : 0.000000,
        "750" : 0.000000,
        "1000" : 0.000000
      },
      "latency_us" : {
        "2" : 0.010000,
        "4" : 0.010000,
        "10" : 0.010000,
        "20" : 0.010000,
        "50" : 2.887830,
        "100" : 19.832828,
        "250" : 77.027818,
        "500" : 0.195932,
        "750" : 0.031626,
        "1000" : 0.010000
      },
      "latency_ms" : {
        "2" : 0.010624,
        "4" : 0.010000,
        "10" : 0.000000,
        "20" : 0.000000,
        "50" : 0.000000,
        "100" : 0.000000,
        "250" : 0.000000,
        "500" : 0.000000,
        "750" : 0.000000,
        "1000" : 0.000000,
        "2000" : 0.000000,
        ">=2000" : 0.000000
      },
      "latency_depth" : 1,
      "latency_target" : 0,
      "latency_percentile" : 100.000000,
      "latency_window" : 0
    }
  ],
  "disk_util" : [
    {
      "name" : "md0",
      "read_ios" : 403662,
      "write_ios" : 0,
      "read_merges" : 0,
      "write_merges" : 0,
      "read_ticks" : 0,
      "write_ticks" : 0,
      "in_queue" : 0,
      "util" : 0.000000,
      "aggr_read_ios" : 101183,
      "aggr_write_ios" : 0,
      "aggr_read_merges" : 0,
      "aggr_write_merge" : 0,
      "aggr_read_ticks" : 13246,
      "aggr_write_ticks" : 0,
      "aggr_in_queue" : 13217,
      "aggr_util" : 28.645522
    },
    {
      "name" : "sdd",
      "read_ios" : 99335,
      "write_ios" : 0,
      "read_merges" : 0,
      "write_merges" : 0,
      "read_ticks" : 14640,
      "write_ticks" : 0,
      "in_queue" : 14604,
      "util" : 24.276073
    },
    {
      "name" : "sdb",
      "read_ios" : 99963,
      "write_ios" : 0,
      "read_merges" : 0,
      "write_merges" : 0,
      "read_ticks" : 11908,
      "write_ticks" : 0,
      "in_queue" : 11888,
      "util" : 19.761624
    },
    {
      "name" : "sde",
      "read_ios" : 99425,