{
  "fio version" : "fio-3.1",
  "timestamp" : 1582044654,
  "timestamp_ms" : 1582044654713,
  "time" : "Tue Feb 18 17:50:54 2020",
  "jobs" : [
    {
      "jobname" : "iotest",
      "groupid" : 0,
      "error" : 0,
      "eta" : 0,
      "elapsed" : 61,
      "job options" : {
        "rw" : "randwrite",
        "bs" : "4k",
        "ioengine" : "libaio",
        "iodepth" : "4",
        "direct" : "1",
        "invalidate" : "1",
        "refill_buffers" : "1",
        "runtime" : "60",
        "numjobs" : "16",
        "group_reporting" : "1",
        "write_bw_log" : "/fio/output/randwrite-iodepth-4-numjobs-16",
        "write_lat_log" : "/fio/output/randwrite-iodepth-4-numjobs-16",
        "write_iops_log" : "/fio/output/randwrite-iodepth-4-numjobs-16",
        "log_avg_msec" : "250",
        "filename" : "/dev/md0"
      },
      "read" : {
        "io_bytes" : 0,
        "io_kbytes" : 0,
        "bw" : 0,
        "iops" : 0.000000,
        "runtime" : 0,
        "total_ios" : 0,
        "short_ios" : 0,
        "drop_ios" : 0,
        "slat_ns" : {
          "min" : 0,
          "max" : 0,
          "mean" : 0.000000,
          "stddev" : 0.000000
        },
        "clat_ns" : {
          "min" : 0,
          "max" : 0,
          "mean" : 0.000000,
          "stddev" : 0.000000,
          "percentile" : {
            "1.000000" : 0,
            "5.000000" : 0,
            "10.000000" : 0,
            "20.000000" : 0,
            "30.000000" : 0,
            "40.000000" : 0,
            "50.000000" : 0,
            "60.000000" : 0,
            "70.000000" : 0,
            "80.000000" : 0,
            "90.000000" : 0,
            "95.000000" : 0,
            "99.000000" : 0,
            "99.500000" : 0,
            "99.900000" : 0,
            "99.950000" : 0,
            "99.990000" : 0,
            "0.00" : 0,
            "0.00" : 0,
            "0.00" : 0
          }
        },
        "lat_ns" : {
          "min" : 0,
          "max" : 0,
          "mean" : 0.000000,
          "stddev" : 0.000000
        },
        "bw_min" : 0,
        "bw_max" : 0,
        "bw_agg" : 0.000000,
        "bw_mean" : 0.000000,
        "bw_dev" : 0.000000,
        "bw_samples" : 0,
        "iops_min" : 0,
        "iops_max" : 0,
        "iops_mean" : 0.000000,
        "iops_stddev" : 0.000000,
        "iops_samples" : 0
      },
      "write" : {
        "io_bytes" : 39811547136,
        "io_kbytes" : 38878464,
        "bw" : 647952,
        "iops" : 161988.200393,
        "runtime" : 60002,
        "total_ios" : 9719616,
        "short_ios" : 0,
        "drop_ios" : 0,
        "slat_ns" : {
          "min" : 3367,
          "max" : 1524359,
          "mean" : 13501.008002,
          "stddev" : 7075.868670
        },
        "clat_ns" : {
          "min" : 1380,
          "max" : 5718096,
          "mean" : 376753.628141,
          "stddev" : 224680.424421,
          "percentile" : {
            "1.000000" : 132096,
            "5.000000" : 164864,
            "10.000000" : 181248,
            "20.000000" : 209920,
            "30.000000" : 240640,
            "40.000000" : 268288,
            "50.000000" : 309248,
            "60.000000" : 362496,
            "70.000000" : 432128,
            "80.000000" : 528384,
            "90.000000" : 659456,
            "95.000000" : 765952,
            "99.000000" : 1105920,
            "99.500000" : 1515520,
            "99.900000" : 2113536,
            "99.950000" : 2277376,
            "99.990000" : 2801664,
            "0.00" : 0,
            "0.00" : 0,
            "0.00" : 0
          }
        },
        "lat_ns" : {
          "min" : 60431,
          "max" : 5728613,
          "mean" : 390641.666344,
          "stddev" : 224902.931835
        },
        "bw_min" : 30891,
        "bw_max" : 44289,
        "bw_agg" : 6.264088,
        "bw_mean" : 40588.282512,
        "bw_dev" : 2508.233496,
        "bw_samples" : 3837,
        "iops_min" : 7722,
        "iops_max" : 11072,
        "iops_mean" : 10146.849622,
        "iops_stddev" : 627.049789,
        "iops_samples" : 3837
      },
      "trim" : {
        "io_bytes" : 0,
        "io_kbytes" : 0,
        "bw" : 0,
        "iops" : 0.000000,
        "runtime" : 0,
        "total_ios" : 0,
        "short_ios" : 0,
        "drop_ios" : 0,
        "slat_ns" : {
          "min" : 0,
          "max" : 0,
          "mean" : 0.000000,
          "stddev" : 0.000000
        },
        "clat_ns" : {
          "min" : 0,
          "max" : 0,
          "mean" : 0.000000,
          "stddev" : 0.000000,
          "percentile" : {
            "1.000000" : 0,
            "5.000000" : 0,
            "10.000000" : 0,
            "20.000000" : 0,
            "30.000000" : 0,
            "40.000000" : 0,
            "50.000000" : 0,
            "60.000000" : 0,
            "70.000000" : 0,
            "80.000000" : 0,
            "90.000000" : 0,
            "95.000000" : 0,
            "99.000000" : 0,
            "99.500000" : 0,
            "99.900000" : 0,
            "99.950000" : 0,
            "99.990000" : 0,
            "0.00" : 0,
            "0.00" : 0,
            "0.00" : 0
          }
        },
        "lat_ns" : {
          "min" : 0,
          "max" : 0,
          "mean" : 0.000000,
          "stddev" : 0.000000
        },
        "bw_min" : 0,
        "bw_max" : 0,
        "bw_agg" : 0.000000,
        "bw_mean" : 0.000000,
        "bw_dev" : 0.000000,
        "bw_samples" : 0,
        "iops_min" : 0,
        "iops_max" : 0,
        "iops_mean" : 0.000000,
        "iops_stddev" : 0.000000,
        "iops_samples" : 0
      },
      "usr_cpu" : 8.130825,
      "sys_cpu" : 18.510606,
      "ctx" : 6558378,
      "majf" : 0,
      "minf" : 149270,
      "iodepth_level" : {
        "1" : 0.100000,
        "2" : 0.100000,
        "4" : 99.999506,
        "8" : 0.000000,
        "16" : 0.000000,
        "32" : 0.000000,
        ">=64" : 0.000000
      },
      "latency_ns" : {
        "2" : 0.000000,
        "4" : 0.000000,
        "10" : 0.000000,
        "20" : 0.000000,
        "50" : 0.000000,
        "100" : 0.000000,
        "250" : 0.000000,
        "500" : 0.000000,
        "750" : 0.000000,
        "1000" : 0.000000
      },
      "latency_us" : {
        "2" : 0.010000,
        "4" : 0.010000,
        "10" : 0.010000,
        "20" : 0.010000,
        "50" : 0.010000,
        "100" : 0.299230,
        "250" : 33.856019,
        "500" : 43.251822,
        "750" : 17.084471,
        "1000" : 4.182089
      },
      "latency_ms" : {
        "2" : 1.179141,
        "4" : 0.143720,
        "10" : 0.010000,
        "20" : 0.000000,
        "50" : 0.000000,
        "100" : 0.000000,
        "250" : 0.000000,
        "500" : 0.000000,
        "750" : 0.000000,
        "1000" : 0.000000,
        "2000" : 0.000000,
        ">=2000" : 0.000000
      },
      "latency_depth" : 4,
      "latency_target" : 0,
      "latency_percentile" : 100.000000,
      "latency_window" : 0
    }
  ],
  "disk_util" : [
    {
      "name" : "md0",
      "read_ios" : 296,
      "write_ios" : 9691608,
      "read_merges" : 0,
      "write_merges" : 0,
      "read_ticks" : 0,
      "write_ticks" : 0,
      "in_queue" : 0,
      "util" : 0.000000,
      "aggr_read_ios" : 149,
      "aggr_write_ios" : 2429904,
      "aggr_read_merges" : 1,
      "aggr_write_merge" : 0,
      "aggr_read_ticks" : 52,
      "aggr_write_ticks" : 893750,
      "aggr_in_queue" : 897304,
      "aggr_util" : 99.877146
    },
    {
      "name" : "sdd",
      "read_ios" : 64,
      "write_ios" : 2386532,
      "read_merges" : 0,
      "write_merges" : 0,
      "read_ticks" : 32,
      "write_ticks" : 610608,
      "in_queue" : 612648,
      "util" : 99.382470
    },
    {
      "name" : "sdb",
      "read_ios" : 98,
      "write_ios" : 2394162,
      "read_merges" : 0,
      "write_merges" : 0,
      "read_ticks" : 28,
      "write_ticks" : 1037916,
      "in_queue" : 1042728,