{
  "fio version" : "fio-3.1",
  "timestamp" : 1582044169,
  "timestamp_ms" : 1582044169186,
  "time" : "Tue Feb 18 17:42:49 2020",
  "jobs" : [
    {
      "jobname" : "iotest",
      "groupid" : 0,
      "error" : 0,
      "eta" : 0,
      "elapsed" : 61,
      "job options" : {
        "rw" : "randwrite",
        "bs" : "4k",
        "ioengine" : "libaio",
        "iodepth" : "2",
        "direct" : "1",
        "invalidate" : "1",
        "refill_buffers" : "1",
        "runtime" : "60",
        "numjobs" : "8",
        "group_reporting" : "1",
        "write_bw_log" : "/fio/output/randwrite-iodepth-2-numjobs-8",
        "write_lat_log" : "/fio/output/randwrite-iodepth-2-numjobs-8",
        "write_iops_log" : "/fio/output/randwrite-iodepth-2-numjobs-8",
        "log_avg_msec" : "250",
        "filename" : "/dev/md0"
      },
      "read" : {
        "io_bytes" : 0,
        "io_kbytes" : 0,
        "bw" : 0,
        "iops" : 0.000000,
        "runtime" : 0,
        "total_ios" : 0,
        "short_ios" : 0,
        "drop_ios" : 0,
        "slat_ns" : {
          "min" : 0,
          "max" : 0,
          "mean" : 0.000000,
          "stddev" : 0.000000
        },
        "clat_ns" : {
          "min" : 0,
          "max" : 0,
          "mean" : 0.000000,
          "stddev" : 0.000000,
          "percentile" : {
            "1.000000" : 0,
            "5.000000" : 0,
            "10.000000" : 0,
            "20.000000" : 0,
            "30.000000" : 0,
            "40.000000" : 0,
            "50.000000" : 0,
            "60.000000" : 0,
            "70.000000" : 0,
            "80.000000" : 0,
            "90.000000" : 0,
            "95.000000" : 0,
            "99.000000" : 0,
            "99.500000" : 0,
            "99.900000" : 0,
            "99.950000" : 0,
            "99.990000" : 0,
            "0.00" : 0,
            "0.00" : 0,
            "0.00" : 0
          }
        },
        "lat_ns" : {
          "min" : 0,
          "max" : 0,
          "mean" : 0.000000,
          "stddev" : 0.000000
        },
        "bw_min" : 0,
        "bw_max" : 0,
        "bw_agg" : 0.000000,
        "bw_mean" : 0.000000,
        "bw_dev" : 0.000000,
        "bw_samples" : 0,
        "iops_min" : 0,
        "iops_max" : 0,
        "iops_mean" : 0.000000,
        "iops_stddev" : 0.000000,
        "iops_samples" : 0
      },
      "write" : {
        "io_bytes" : 22894211072,
        "io_kbytes" : 22357628,
        "bw" : 372614,
        "iops" : 93153.678211,
        "runtime" : 60002,
        "total_ios" : 5589407,
        "short_ios" : 0,
        "drop_ios" : 0,
        "slat_ns" : {
          "min" : 3020,
          "max" : 1153886,
          "mean" : 11009.050069,
          "stddev" : 5378.493243
        },
        "clat_ns" : {
          "min" : 2829,
          "max" : 3142008,
          "mean" : 156500.226849,
          "stddev" : 51754.900337,
          "percentile" : {
            "1.000000" : 76288,
            "5.000000" : 83456,
            "10.000000" : 89600,
            "20.000000" : 100864,
            "30.000000" : 113152,
            "40.000000" : 126464,
            "50.000000" : 179200,
            "60.000000" : 187392,
            "70.000000" : 191488,
            "80.000000" : 197632,
            "90.000000" : 203776,
            "95.000000" : 211968,
            "99.000000" : 272384,
            "99.500000" : 296960,
            "99.900000" : 444416,
            "99.950000" : 509952,
            "99.990000" : 880640,
            "0.00" : 0,
            "0.00" : 0,
            "0.00" : 0
          }
        },
        "lat_ns" : {
          "min" : 62146,
          "max" : 3160133,
          "mean" : 167886.072515,
          "stddev" : 52336.656961
        },
        "bw_min" : 39648,
        "bw_max" : 63312,
        "bw_agg" : 12.519462,
        "bw_mean" : 46649.268750,
        "bw_dev" : 3644.054542,
        "bw_samples" : 1920,
        "iops_min" : 9912,
        "iops_max" : 15828,
        "iops_mean" : 11662.201042,
        "iops_stddev" : 911.006988,
        "iops_samples" : 1920
      },
      "trim" : {
        "io_bytes" : 0,
        "io_kbytes" : 0,
        "bw" : 0,
        "iops" : 0.000000,
        "runtime" : 0,
        "total_ios" : 0,
        "short_ios" : 0,
        "drop_ios" : 0,
        "slat_ns" : {
          "min" : 0,
          "max" : 0,
          "mean" : 0.000000,
          "stddev" : 0.000000
        },
        "clat_ns" : {
          "min" : 0,
          "max" : 0,
          "mean" : 0.000000,
          "stddev" : 0.000000,
          "percentile" : {
            "1.000000" : 0,
            "5.000000" : 0,
            "10.000000" : 0,
            "20.000000" : 0,
            "30.000000" : 0,
            "40.000000" : 0,
            "50.000000" : 0,
            "60.000000" : 0,
            "70.000000" : 0,
            "80.000000" : 0,
            "90.000000" : 0,
            "95.000000" : 0,
            "99.000000" : 0,
            "99.500000" : 0,
            "99.900000" : 0,
            "99.950000" : 0,
            "99.990000" : 0,
            "0.00" : 0,
            "0.00" : 0,
            "0.00" : 0
          }
        },
        "lat_ns" : {
          "min" : 0,
          "max" : 0,
          "mean" : 0.000000,
          "stddev" : 0.000000
        },
        "bw_min" : 0,
        "bw_max" : 0,
        "bw_agg" : 0.000000,
        "bw_mean" : 0.000000,
        "bw_dev" : 0.000000,
        "bw_samples" : 0,
        "iops_min" : 0,
        "iops_max" : 0,
        "iops_mean" : 0.000000,
        "iops_stddev" : 0.000000,
        "iops_samples" : 0
      },
      "usr_cpu" : 8.687464,
      "sys_cpu" : 17.760343,
      "ctx" : 3551806,
      "majf" : 0,
      "minf" : 59513,
      "iodepth_level" : {
        "1" : 0.100000,
        "2" : 99.999857,
        "4" : 0.000000,
        "8" : 0.000000,
        "16" : 0.000000,
        "32" : 0.000000,
        ">=64" : 0.000000
      },
      "latency_ns" : {
        "2" : 0.000000,
        "4" : 0.000000,
        "10" : 0.000000,
        "20" : 0.000000,
        "50" : 0.000000,
        "100" : 0.000000,
        "250" : 0.000000,
        "500" : 0.000000,
        "750" : 0.000000,
        "1000" : 0.000000
      },
      "latency_us" : {
        "2" : 0.000000,
        "4" : 0.010000,
        "10" : 0.010000,
        "20" : 0.010000,
        "50" : 0.010000,
        "100" : 19.235547,
        "250" : 79.503121,
        "500" : 1.204564,
        "750" : 0.044244,
        "1000" : 0.010000
      },
      "latency_ms" : {
        "2" : 0.010000,
        "4" : 0.010000,
        "10" : 0.000000,
        "20" : 0.000000,
        "50" : 0.000000,
        "100" : 0.000000,
        "250" : 0.000000,
        "500" : 0.000000,
        "750" : 0.000000,
        "1000" : 0.000000,
        "2000" : 0.000000,
        ">=2000" : 0.000000
      },
      "latency_depth" : 2,
      "latency_target" : 0,
      "latency_percentile" : 100.000000,
      "latency_window" : 0
    }
  ],
  "disk_util" : [
    {
      "name" : "md0",
      "read_ios" : 148,
      "write_ios" : 5575282,
      "read_merges" : 0,
      "write_merges" : 0,
      "read_ticks" : 0,
      "write_ticks" : 0,
      "in_queue" : 0,
      "util" : 0.000000,
      "aggr_read_ios" : 111,
      "aggr_write_ios" : 1397351,
      "aggr_read_merges" : 0,
      "aggr_write_merge" : 0,
      "aggr_read_ticks" : 55,
      "aggr_write_ticks" : 205344,
      "aggr_in_queue" : 205414,
      "aggr_util" : 96.202532
    },
    {
      "name" : "sdd",
      "read_ios" : 48,
      "write_ios" : 1372270,
      "read_merges" : 0,
      "write_merges" : 0,
      "read_ticks" : 8,
      "write_ticks" : 196424,
      "in_queue" : 196420,
      "util" : 93.677531
    },
    {
      "name" : "sdb",
      "read_ios" : 72,
      "write_ios" : 1378451,
      "read_merges" : 0,
      "write_merges" : 0,
      "read_ticks" : 40,
      "write_ticks" : 223952,
      "in_queue" : 223920,
      "util" : 96.202532
    },
    {
      "name" : "sde",