{
  "fio version" : "fio-3.1",
  "timestamp" : 1582042227,
  "timestamp_ms" : 1582042227703,
  "time" : "Tue Feb 18 17:10:27 2020",
  "jobs" : [
    {
      "jobname" : "iotest",
      "groupid" : 0,
      "error" : 0,
      "eta" : 0,
      "elapsed" : 61,
      "job options" : {
        "rw" : "randread",
        "bs" : "4k",
        "ioengine" : "libaio",
        "iodepth" : "8",
        "direct" : "1",
        "invalidate" : "1",
        "refill_buffers" : "1",
        "runtime" : "60",
        "numjobs" : "64",
        "group_reporting" : "1",
        "write_bw_log" : "/fio/output/randread-iodepth-8-numjobs-64",
        "write_lat_log" : "/fio/output/randread-iodepth-8-numjobs-64",
        "write_iops_log" : "/fio/output/randread-iodepth-8-numjobs-64",
        "log_avg_msec" : "250",
        "filename" : "/dev/md0"
      },
      "read" : {
        "io_bytes" : 37985402880,
        "io_kbytes" : 37095120,
        "bw" : 618221,
        "iops" : 154555.272236,
        "runtime" : 60003,
        "total_ios" : 9273780,
        "short_ios" : 0,
        "drop_ios" : 0,
        "slat_ns" : {
          "min" : 3312,
          "max" : 7501945,
          "mean" : 26876.570534,
          "stddev" : 168136.013316
        },
        "clat_ns" : {
          "min" : 74026,
          "max" : 17867766,
          "mean" : 3281276.519822,
          "stddev" : 417713.447218,
          "percentile" : {
            "1.000000" : 1630208,
            "5.000000" : 2965504,
            "10.000000" : 3096576,
            "20.000000" : 3162112,
            "30.000000" : 3194880,
            "40.000000" : 3260416,
            "50.000000" : 3260416,
            "60.000000" : 3293184,
            "70.000000" : 3325952,
            "80.000000" : 3391488,
            "90.000000" : 3489792,
            "95.000000" : 3686400,
            "99.000000" : 4882432,
            "99.500000" : 5668864,
            "99.900000" : 6586368,
            "99.950000" : 6782976,
            "99.990000" : 7372800,
            "0.00" : 0,
            "0.00" : 0,
            "0.00" : 0
          }
        },
        "lat_ns" : {
          "min" : 77776,
          "max" : 17878770,
          "mean" : 3308456.609543,
          "stddev" : 447335.578347
        },
        "bw_min" : 7349,
        "bw_max" : 15935,
        "bw_agg" : 1.585904,
        "bw_mean" : 9804.388744,
        "bw_dev" : 220.274142,
        "bw_samples" : 15334,
        "iops_min" : 1837,
        "iops_max" : 3983,
        "iops_mean" : 2450.788314,
        "iops_stddev" : 55.036461,
        "iops_samples" : 15334
      },
      "write" : {
        "io_bytes" : 0,
        "io_kbytes" : 0,
        "bw" : 0,
        "iops" : 0.000000,
        "runtime" : 0,
        "total_ios" : 0,
        "short_ios" : 0,
        "drop_ios" : 0,
        "slat_ns" : {
          "min" : 0,
          "max" : 0,
          "mean" : 0.000000,
          "stddev" : 0.000000
        },
        "clat_ns" : {
          "min" : 0,
          "max" : 0,
          "mean" : 0.000000,
          "stddev" : 0.000000,
          "percentile" : {
            "1.000000" : 0,
            "5.000000" : 0,
            "10.000000" : 0,
            "20.000000" : 0,
            "30.000000" : 0,
            "40.000000" : 0,
            "50.000000" : 0,
            "60.000000" : 0,
            "70.000000" : 0,
            "80.000000" : 0,
            "90.000000" : 0,
            "95.000000" : 0,
            "99.000000" : 0,
            "99.500000" : 0,
            "99.900000" : 0,
            "99.950000" : 0,
            "99.990000" : 0,
            "0.00" : 0,
            "0.00" : 0,
            "0.00" : 0
          }
        },
        "lat_ns" : {
          "min" : 0,
          "max" : 0,
          "mean" : 0.000000,
          "stddev" : 0.000000
        },
        "bw_min" : 0,
        "bw_max" : 0,
        "bw_agg" : 0.000000,
        "bw_mean" : 0.000000,
        "bw_dev" : 0.000000,
        "bw_samples" : 0,
        "iops_min" : 0,
        "iops_max" : 0,
        "iops_mean" : 0.000000,
        "iops_stddev" : 0.000000,
        "iops_samples" : 0
      },
      "trim" : {
        "io_bytes" : 0,
        "io_kbytes" : 0,
        "bw" : 0,
        "iops" : 0.000000,
        "runtime" : 0,
        "total_ios" : 0,
        "short_ios" : 0,
        "drop_ios" : 0,
        "slat_ns" : {
          "min" : 0,
          "max" : 0,
          "mean" : 0.000000,
          "stddev" : 0.000000
        },
        "clat_ns" : {
          "min" : 0,
          "max" : 0,
          "mean" : 0.000000,
          "stddev" : 0.000000,
          "percentile" : {
            "1.000000" : 0,
            "5.000000" : 0,
            "10.000000" : 0,
            "20.000000" : 0,
            "30.000000" : 0,
            "40.000000" : 0,
            "50.000000" : 0,
            "60.000000" : 0,
            "70.000000" : 0,
            "80.000000" : 0,
            "90.000000" : 0,
            "95.000000" : 0,
            "99.000000" : 0,
            "99.500000" : 0,
            "99.900000" : 0,
            "99.950000" : 0,
            "99.990000" : 0,
            "0.00" : 0,
            "0.00" : 0,
            "0.00" : 0
          }
        },
        "lat_ns" : {
          "min" : 0,
          "max" : 0,
          "mean" : 0.000000,
          "stddev" : 0.000000
        },
        "bw_min" : 0,
        "bw_max" : 0,
        "bw_agg" : 0.000000,
        "bw_mean" : 0.000000,
        "bw_dev" : 0.000000,
        "bw_samples" : 0,
        "iops_min" : 0,
        "iops_max" : 0,
        "iops_mean" : 0.000000,
        "iops_stddev" : 0.000000,
        "iops_samples" : 0
      },
      "usr_cpu" : 1.168210,
      "sys_cpu" : 3.716867,
      "ctx" : 6943668,
      "majf" : 0,
      "minf" : 511514,
      "iodepth_level" : {
        "1" : 0.100000,
        "2" : 0.100000,
        "4" : 0.100000,
        "8" : 99.995169,
        "16" : 0.000000,
        "32" : 0.000000,
        ">=64" : 0.000000
      },
      "latency_ns" : {
        "2" : 0.000000,
        "4" : 0.000000,
        "10" : 0.000000,
        "20" : 0.000000,
        "50" : 0.000000,
        "100" : 0.000000,
        "250" : 0.000000,
        "500" : 0.000000,
        "750" : 0.000000,
        "1000" : 0.000000
      },
      "latency_us" : {
        "2" : 0.000000,
        "4" : 0.000000,
        "10" : 0.000000,
        "20" : 0.000000,
        "50" : 0.000000,
        "100" : 0.010000,
        "250" : 0.017221,
        "500" : 0.040641,
        "750" : 0.023615,
        "1000" : 0.013770
      },
      "latency_ms" : {
        "2" : 1.881768,
        "4" : 95.467339,
        "10" : 2.553630,
        "20" : 0.010000,
        "50" : 0.000000,
        "100" : 0.000000,
        "250" : 0.000000,
        "500" : 0.000000,
        "750" : 0.000000,
        "1000" : 0.000000,
        "2000" : 0.000000,
        ">=2000" : 0.000000
      },
      "latency_depth" : 8,
      "latency_target" : 0,
      "latency_percentile" : 100.000000,
      "latency_window" : 0
    }
  ],
  "disk_util" : [
    {
      "name" : "md0",
      "read_ios" : 9265055,
      "write_ios" : 0,
      "read_merges" : 0,
      "write_merges" : 0,
      "read_ticks" : 0,
      "write_ticks" : 0,
      "in_queue" : 0,
      "util" : 0.000000,
      "aggr_read_ios" : 2318445,
      "aggr_write_ios" : 0,
      "aggr_read_merges" : 0,
      "aggr_write_merge" : 0,
      "aggr_read_ticks" : 7492629,
      "aggr_write_ticks" : 0,
      "aggr_in_queue" : 7513396,
      "aggr_util" : 99.859078
    },
    {
      "name" : "sdd",
      "read_ios" : 2281601,
      "write_ios" : 0,
      "read_merges" : 0,
      "write_merges" : 0,
      "read_ticks" : 7576372,
      "write_ticks" : 0,
      "in_queue" : 7609948,
      "util" : 99.859078
    },
    {
      "name" : "sdb",
      "read_ios" : 2281593,
      "write_ios" : 0,
      "read_merges" : 0,
      "write_merges" : 0,
      "read_ticks" : 7341988,
      "write_ticks" : 0,
      "in_queue" : 7357816,