{
  "fio version" : "fio-3.1",
  "timestamp" : 1582041135,
  "timestamp_ms" : 1582041135426,
  "time" : "Tue Feb 18 16:52:15 2020",
  "jobs" : [
    {
      "jobname" : "iotest",
      "groupid" : 0,
      "error" : 0,
      "eta" : 0,
      "elapsed" : 61,
      "job options" : {
        "rw" : "randread",
        "bs" : "4k",
        "ioengine" : "libaio",
        "iodepth" : "2",
        "direct" : "1",
        "invalidate" : "1",
        "refill_buffers" : "1",
        "runtime" : "60",
        "numjobs" : "4",
        "group_reporting" : "1",
        "write_bw_log" : "/fio/output/randread-iodepth-2-numjobs-4",
        "write_lat_log" : "/fio/output/randread-iodepth-2-numjobs-4",
        "write_iops_log" : "/fio/output/randread-iodepth-2-numjobs-4",
        "log_avg_msec" : "250",
        "filename" : "/dev/md0"
      },
      "read" : {
        "io_bytes" : 8479186944,
        "io_kbytes" : 8280456,
        "bw" : 138005,
        "iops" : 34501.324978,
        "runtime" : 60001,
        "total_ios" : 2070114,
        "short_ios" : 0,
        "drop_ios" : 0,
        "slat_ns" : {
          "min" : 3148,
          "max" : 1219725,
          "mean" : 11863.292542,
          "stddev" : 5472.739827
        },
        "clat_ns" : {
          "min" : 2099,
          "max" : 2446007,
          "mean" : 216508.223567,
          "stddev" : 52491.204355,
          "percentile" : {
            "1.000000" : 89600,
            "5.000000" : 117248,
            "10.000000" : 140288,
            "20.000000" : 199680,
            "30.000000" : 207872,
            "40.000000" : 214016,
            "50.000000" : 220160,
            "60.000000" : 224256,
            "70.000000" : 230400,
            "80.000000" : 240640,
            "90.000000" : 261120,
            "95.000000" : 301056,
            "99.000000" : 350208,
            "99.500000" : 366592,
            "99.900000" : 536576,
            "99.950000" : 610304,
            "99.990000" : 1122304,
            "0.00" : 0,
            "0.00" : 0,
            "0.00" : 0
          }
        },
        "lat_ns" : {
          "min" : 50652,
          "max" : 2459904,
          "mean" : 228810.080546,
          "stddev" : 52881.564922
        },
        "bw_min" : 32656,
        "bw_max" : 55287,
        "bw_agg" : 25.157230,
        "bw_mean" : 34718.234864,
        "bw_dev" : 2520.793967,
        "bw_samples" : 958,
        "iops_min" : 8164,
        "iops_max" : 13821,
        "iops_mean" : 8679.368476,
        "iops_stddev" : 630.158863,
        "iops_samples" : 958
      },
      "write" : {
        "io_bytes" : 0,
        "io_kbytes" : 0,
        "bw" : 0,
        "iops" : 0.000000,
        "runtime" : 0,
        "total_ios" : 0,
        "short_ios" : 0,
        "drop_ios" : 0,
        "slat_ns" : {
          "min" : 0,
          "max" : 0,
          "mean" : 0.000000,
          "stddev" : 0.000000
        },
        "clat_ns" : {
          "min" : 0,
          "max" : 0,
          "mean" : 0.000000,
          "stddev" : 0.000000,
          "percentile" : {
            "1.000000" : 0,
            "5.000000" : 0,
            "10.000000" : 0,
            "20.000000" : 0,
            "30.000000" : 0,
            "40.000000" : 0,
            "50.000000" : 0,
            "60.000000" : 0,
            "70.000000" : 0,
            "80.000000" : 0,
            "90.000000" : 0,
            "95.000000" : 0,
            "99.000000" : 0,
            "99.500000" : 0,
            "99.900000" : 0,
            "99.950000" : 0,
            "99.990000" : 0,
            "0.00" : 0,
            "0.00" : 0,
            "0.00" : 0
          }
        },
        "lat_ns" : {
          "min" : 0,
          "max" : 0,
          "mean" : 0.000000,
          "stddev" : 0.000000
        },
        "bw_min" : 0,
        "bw_max" : 0,
        "bw_agg" : 0.000000,
        "bw_mean" : 0.000000,
        "bw_dev" : 0.000000,
        "bw_samples" : 0,
        "iops_min" : 0,
        "iops_max" : 0,
        "iops_mean" : 0.000000,
        "iops_stddev" : 0.000000,
        "iops_samples" : 0
      },
      "trim" : {
        "io_bytes" : 0,
        "io_kbytes" : 0,
        "bw" : 0,
        "iops" : 0.000000,
        "runtime" : 0,
        "total_ios" : 0,
        "short_ios" : 0,
        "drop_ios" : 0,
        "slat_ns" : {
          "min" : 0,
          "max" : 0,
          "mean" : 0.000000,
          "stddev" : 0.000000
        },
        "clat_ns" : {
          "min" : 0,
          "max" : 0,
          "mean" : 0.000000,
          "stddev" : 0.000000,
          "percentile" : {
            "1.000000" : 0,
            "5.000000" : 0,
            "10.000000" : 0,
            "20.000000" : 0,
            "30.000000" : 0,
            "40.000000" : 0,
            "50.000000" : 0,
            "60.000000" : 0,
            "70.000000" : 0,
            "80.000000" : 0,
            "90.000000" : 0,
            "95.000000" : 0,
            "99.000000" : 0,
            "99.500000" : 0,
            "99.900000" : 0,
            "99.950000" : 0,
            "99.990000" : 0,
            "0.00" : 0,
            "0.00" : 0,
            "0.00" : 0
          }
        },
        "lat_ns" : {
          "min" : 0,
          "max" : 0,
          "mean" : 0.000000,
          "stddev" : 0.000000
        },
        "bw_min" : 0,
        "bw_max" : 0,
        "bw_agg" : 0.000000,
        "bw_mean" : 0.000000,
        "bw_dev" : 0.000000,
        "bw_samples" : 0,
        "iops_min" : 0,
        "iops_max" : 0,
        "iops_mean" : 0.000000,
        "iops_stddev" : 0.000000,
        "iops_samples" : 0
      },
      "usr_cpu" : 6.070417,
      "sys_cpu" : 14.733750,
      "ctx" : 1492609,
      "majf" : 0,
      "minf" : 29769,
      "iodepth_level" : {
        "1" : 0.100000,
        "2" : 99.999807,
        "4" : 0.000000,
        "8" : 0.000000,
        "16" : 0.000000,
        "32" : 0.000000,
        ">=64" : 0.000000
      },
      "latency_ns" : {
        "2" : 0.000000,
        "4" : 0.000000,
        "10" : 0.000000,
        "20" : 0.000000,
        "50" : 0.000000,
        "100" : 0.000000,
        "250" : 0.000000,
        "500" : 0.000000,
        "750" : 0.000000,
        "1000" : 0.000000
      },
      "latency_us" : {
        "2" : 0.000000,
        "4" : 0.010000,
        "10" : 0.000000,
        "20" : 0.010000,
        "50" : 0.035167,
        "100" : 1.943564,
        "250" : 84.427186,
        "500" : 13.459162,
        "750" : 0.114873,
        "1000" : 0.010000
      },
      "latency_ms" : {
        "2" : 0.011642,
        "4" : 0.010000,
        "10" : 0.000000,
        "20" : 0.000000,
        "50" : 0.000000,
        "100" : 0.000000,
        "250" : 0.000000,
        "500" : 0.000000,
        "750" : 0.000000,
        "1000" : 0.000000,
        "2000" : 0.000000,
        ">=2000" : 0.000000
      },
      "latency_depth" : 2,
      "latency_target" : 0,
      "latency_percentile" : 100.000000,
      "latency_window" : 0
    }
  ],
  "disk_util" : [
    {
      "name" : "md0",
      "read_ios" : 2064913,
      "write_ios" : 0,
      "read_merges" : 0,
      "write_merges" : 0,
      "read_ticks" : 0,
      "write_ticks" : 0,
      "in_queue" : 0,
      "util" : 0.000000,
      "aggr_read_ios" : 517528,
      "aggr_write_ios" : 0,
      "aggr_read_merges" : 0,
      "aggr_write_merge" : 0,
      "aggr_read_ticks" : 106383,
      "aggr_write_ticks" : 0,
      "aggr_in_queue" : 106217,
      "aggr_util" : 87.619238
    },
    {
      "name" : "sdd",
      "read_ios" : 507930,
      "write_ios" : 0,
      "read_merges" : 0,
      "write_merges" : 0,
      "read_ticks" : 118620,
      "write_ticks" : 0,
      "in_queue" : 118512,
      "util" : 87.619238
    },
    {
      "name" : "sdb",
      "read_ios" : 510518,
      "write_ios" : 0,
      "read_merges" : 0,
      "write_merges" : 0,
      "read_ticks" : 103540,
      "write_ticks" : 0,
      "in_queue" : 103344,
      "util" : 83.391498
    },
    {
      "name" : "sde",