{
  "fio version" : "fio-3.1",
  "timestamp" : 1582045747,
  "timestamp_ms" : 1582045747388,
  "time" : "Tue Feb 18 18:09:07 2020",
  "jobs" : [
    {
      "jobname" : "iotest",
      "groupid" : 0,
      "error" : 0,
      "eta" : 0,
      "elapsed" : 61,
      "job options" : {
        "rw" : "randwrite",
        "bs" : "4k",
        "ioengine" : "libaio",
        "iodepth" : "32",
        "direct" : "1",
        "invalidate" : "1",
        "refill_buffers" : "1",
        "runtime" : "60",
        "numjobs" : "2",
        "group_reporting" : "1",
        "write_bw_log" : "/fio/output/randwrite-iodepth-32-numjobs-2",
        "write_lat_log" : "/fio/output/randwrite-iodepth-32-numjobs-2",
        "write_iops_log" : "/fio/output/randwrite-iodepth-32-numjobs-2",
        "log_avg_msec" : "250",
        "filename" : "/dev/md0"
      },
      "read" : {
        "io_bytes" : 0,
        "io_kbytes" : 0,
        "bw" : 0,
        "iops" : 0.000000,
        "runtime" : 0,
        "total_ios" : 0,
        "short_ios" : 0,
        "drop_ios" : 0,
        "slat_ns" : {
          "min" : 0,
          "max" : 0,
          "mean" : 0.000000,
          "stddev" : 0.000000
        },
        "clat_ns" : {
          "min" : 0,
          "max" : 0,
          "mean" : 0.000000,
          "stddev" : 0.000000,
          "percentile" : {
            "1.000000" : 0,
            "5.000000" : 0,
            "10.000000" : 0,
            "20.000000" : 0,
            "30.000000" : 0,
            "40.000000" : 0,
            "50.000000" : 0,
            "60.000000" : 0,
            "70.000000" : 0,
            "80.000000" : 0,
            "90.000000" : 0,
            "95.000000" : 0,
            "99.000000" : 0,
            "99.500000" : 0,
            "99.900000" : 0,
            "99.950000" : 0,
            "99.990000" : 0,
            "0.00" : 0,
            "0.00" : 0,
            "0.00" : 0
          }
        },
        "lat_ns" : {
          "min" : 0,
          "max" : 0,
          "mean" : 0.000000,
          "stddev" : 0.000000
        },
        "bw_min" : 0,
        "bw_max" : 0,
        "bw_agg" : 0.000000,
        "bw_mean" : 0.000000,
        "bw_dev" : 0.000000,
        "bw_samples" : 0,
        "iops_min" : 0,
        "iops_max" : 0,
        "iops_mean" : 0.000000,
        "iops_stddev" : 0.000000,
        "iops_samples" : 0
      },
      "write" : {
        "io_bytes" : 39329234944,
        "io_kbytes" : 38407456,
        "bw" : 640113,
        "iops" : 160028.399527,
        "runtime" : 60001,
        "total_ios" : 9601864,
        "short_ios" : 0,
        "drop_ios" : 0,
        "slat_ns" : {
          "min" : 2787,
          "max" : 683555,
          "mean" : 4943.598052,
          "stddev" : 3840.089004
        },
        "clat_ns" : {
          "min" : 17952,
          "max" : 17681803,
          "mean" : 393066.300434,
          "stddev" : 259078.736105,
          "percentile" : {
            "1.000000" : 148480,
            "5.000000" : 183296,
            "10.000000" : 197632,
            "20.000000" : 222208,
            "30.000000" : 248832,
            "40.000000" : 276480,
            "50.000000" : 313344,
            "60.000000" : 358400,
            "70.000000" : 432128,
            "80.000000" : 528384,
            "90.000000" : 675840,
            "95.000000" : 798720,
            "99.000000" : 1466368,
            "99.500000" : 1892352,
            "99.900000" : 2473984,
            "99.950000" : 2670592,
            "99.990000" : 3325952,
            "0.00" : 0,
            "0.00" : 0,
            "0.00" : 0
          }
        },
        "lat_ns" : {
          "min" : 61482,
          "max" : 17686312,
          "mean" : 398168.933646,
          "stddev" : 259038.876865
        },
        "bw_min" : 250923,
        "bw_max" : 354891,
        "bw_agg" : 50.133270,
        "bw_mean" : 320909.576200,
        "bw_dev" : 27293.471516,
        "bw_samples" : 479,
        "iops_min" : 62730,
        "iops_max" : 88722,
        "iops_mean" : 80227.200418,
        "iops_stddev" : 6823.272185,
        "iops_samples" : 479
      },
      "trim" : {
        "io_bytes" : 0,
        "io_kbytes" : 0,
        "bw" : 0,
        "iops" : 0.000000,
        "runtime" : 0,
        "total_ios" : 0,
        "short_ios" : 0,
        "drop_ios" : 0,
        "slat_ns" : {
          "min" : 0,
          "max" : 0,
          "mean" : 0.000000,
          "stddev" : 0.000000
        },
        "clat_ns" : {
          "min" : 0,
          "max" : 0,
          "mean" : 0.000000,
          "stddev" : 0.000000,
          "percentile" : {
            "1.000000" : 0,
            "5.000000" : 0,
            "10.000000" : 0,
            "20.000000" : 0,
            "30.000000" : 0,
            "40.000000" : 0,
            "50.000000" : 0,
            "60.000000" : 0,
            "70.000000" : 0,
            "80.000000" : 0,
            "90.000000" : 0,
            "95.000000" : 0,
            "99.000000" : 0,
            "99.500000" : 0,
            "99.900000" : 0,
            "99.950000" : 0,
            "99.990000" : 0,
            "0.00" : 0,
            "0.00" : 0,
            "0.00" : 0
          }
        },
        "lat_ns" : {
          "min" : 0,
          "max" : 0,
          "mean" : 0.000000,
          "stddev" : 0.000000
        },
        "bw_min" : 0,
        "bw_max" : 0,
        "bw_agg" : 0.000000,
        "bw_mean" : 0.000000,
        "bw_dev" : 0.000000,
        "bw_samples" : 0,
        "iops_min" : 0,
        "iops_max" : 0,
        "iops_mean" : 0.000000,
        "iops_stddev" : 0.000000,
        "iops_samples" : 0
      },
      "usr_cpu" : 19.903333,
      "sys_cpu" : 43.522500,
      "ctx" : 889174,
      "majf" : 0,
      "minf" : 29804,
      "iodepth_level" : {
        "1" : 0.100000,
        "2" : 0.100000,
        "4" : 0.100000,
        "8" : 0.100000,
        "16" : 0.100000,
        "32" : 99.999354,
        ">=64" : 0.000000
      },
      "latency_ns" : {
        "2" : 0.000000,
        "4" : 0.000000,
        "10" : 0.000000,
        "20" : 0.000000,
        "50" : 0.000000,
        "100" : 0.000000,
        "250" : 0.000000,
        "500" : 0.000000,
        "750" : 0.000000,
        "1000" : 0.000000
      },
      "latency_us" : {
        "2" : 0.000000,
        "4" : 0.000000,
        "10" : 0.000000,
        "20" : 0.010000,
        "50" : 0.000000,
        "100" : 0.090201,
        "250" : 30.187441,
        "500" : 46.912964,
        "750" : 16.224152,
        "1000" : 4.386180
      },
      "latency_ms" : {
        "2" : 1.794797,
        "4" : 0.396715,
        "10" : 0.010000,
        "20" : 0.010000,
        "50" : 0.000000,
        "100" : 0.000000,
        "250" : 0.000000,
        "500" : 0.000000,
        "750" : 0.000000,
        "1000" : 0.000000,
        "2000" : 0.000000,
        ">=2000" : 0.000000
      },
      "latency_depth" : 32,
      "latency_target" : 0,
      "latency_percentile" : 100.000000,
      "latency_window" : 0
    }
  ],
  "disk_util" : [
    {
      "name" : "md0",
      "read_ios" : 148,
      "write_ios" : 9575658,
      "read_merges" : 0,
      "write_merges" : 0,
      "read_ticks" : 0,
      "write_ticks" : 0,
      "in_queue" : 0,
      "util" : 0.000000,
      "aggr_read_ios" : 112,
      "aggr_write_ios" : 2400466,
      "aggr_read_merges" : 0,
      "aggr_write_merge" : 0,
      "aggr_read_ticks" : 45,
      "aggr_write_ticks" : 836362,
      "aggr_in_queue" : 836268,
      "aggr_util" : 99.691040
    },
    {
      "name" : "sdd",
      "read_ios" : 48,
      "write_ios" : 2346434,
      "read_merges" : 0,
      "write_merges" : 0,
      "read_ticks" : 0,
      "write_ticks" : 538772,
      "in_queue" : 538684,
      "util" : 98.694396
    },
    {
      "name" : "sdb",
      "read_ios" : 75,
      "write_ios" : 2399582,
      "read_merges" : 0,
      "write_merges" : 0,
      "read_ticks" : 4,
      "write_ticks" : 933412,
      "in_queue" : 933296,