{
  "fio version" : "fio-3.1",
  "timestamp" : 1582045990,
  "timestamp_ms" : 1582045990156,
  "time" : "Tue Feb 18 18:13:10 2020",
  "jobs" : [
    {
      "jobname" : "iotest",
      "groupid" : 0,
      "error" : 0,
      "eta" : 0,
      "elapsed" : 61,
      "job options" : {
        "rw" : "randwrite",
        "bs" : "4k",
        "ioengine" : "libaio",
        "iodepth" : "32",
        "direct" : "1",
        "invalidate" : "1",
        "refill_buffers" : "1",
        "runtime" : "60",
        "numjobs" : "32",
        "group_reporting" : "1",
        "write_bw_log" : "/fio/output/randwrite-iodepth-32-numjobs-32",
        "write_lat_log" : "/fio/output/randwrite-iodepth-32-numjobs-32",
        "write_iops_log" : "/fio/output/randwrite-iodepth-32-numjobs-32",
        "log_avg_msec" : "250",
        "filename" : "/dev/md0"
      },
      "read" : {
        "io_bytes" : 0,
        "io_kbytes" : 0,
        "bw" : 0,
        "iops" : 0.000000,
        "runtime" : 0,
        "total_ios" : 0,
        "short_ios" : 0,
        "drop_ios" : 0,
        "slat_ns" : {
          "min" : 0,
          "max" : 0,
          "mean" : 0.000000,
          "stddev" : 0.000000
        },
        "clat_ns" : {
          "min" : 0,
          "max" : 0,
          "mean" : 0.000000,
          "stddev" : 0.000000,
          "percentile" : {
            "1.000000" : 0,
            "5.000000" : 0,
            "10.000000" : 0,
            "20.000000" : 0,
            "30.000000" : 0,
            "40.000000" : 0,
            "50.000000" : 0,
            "60.000000" : 0,
            "70.000000" : 0,
            "80.000000" : 0,
            "90.000000" : 0,
            "95.000000" : 0,
            "99.000000" : 0,
            "99.500000" : 0,
            "99.900000" : 0,
            "99.950000" : 0,
            "99.990000" : 0,
            "0.00" : 0,
            "0.00" : 0,
            "0.00" : 0
          }
        },
        "lat_ns" : {
          "min" : 0,
          "max" : 0,
          "mean" : 0.000000,
          "stddev" : 0.000000
        },
        "bw_min" : 0,
        "bw_max" : 0,
        "bw_agg" : 0.000000,
        "bw_mean" : 0.000000,
        "bw_dev" : 0.000000,
        "bw_samples" : 0,
        "iops_min" : 0,
        "iops_max" : 0,
        "iops_mean" : 0.000000,
        "iops_stddev" : 0.000000,
        "iops_samples" : 0
      },
      "write" : {
        "io_bytes" : 36302921728,
        "io_kbytes" : 35452072,
        "bw" : 590789,
        "iops" : 147697.273697,
        "runtime" : 60008,
        "total_ios" : 8863018,
        "short_ios" : 0,
        "drop_ios" : 0,
        "slat_ns" : {
          "min" : 3192,
          "max" : 21977636,
          "mean" : 124878.644049,
          "stddev" : 817471.099626
        },
        "clat_ns" : {
          "min" : 94971,
          "max" : 30897414,
          "mean" : 6801813.732758,
          "stddev" : 3232486.391207,
          "percentile" : {
            "1.000000" : 2342912,
            "5.000000" : 3325952,
            "10.000000" : 3719168,
            "20.000000" : 4177920,
            "30.000000" : 4554752,
            "40.000000" : 4947968,
            "50.000000" : 5537792,
            "60.000000" : 6848512,
            "70.000000" : 8355840,
            "80.000000" : 9502720,
            "90.000000" : 11337728,
            "95.000000" : 13172736,
            "99.000000" : 16318464,
            "99.500000" : 17694720,
            "99.900000" : 20578304,
            "99.950000" : 21626880,
            "99.990000" : 24510464,
            "0.00" : 0,
            "0.00" : 0,
            "0.00" : 0
          }
        },
        "lat_ns" : {
          "min" : 99264,
          "max" : 36484921,
          "mean" : 6926935.483702,
          "stddev" : 3297414.688141
        },
        "bw_min" : 13360,
        "bw_max" : 32064,
        "bw_agg" : 3.140772,
        "bw_mean" : 18555.333724,
        "bw_dev" : 1448.881063,
        "bw_samples" : 7680,
        "iops_min" : 3340,
        "iops_max" : 8016,
        "iops_mean" : 4638.630208,
        "iops_stddev" : 362.216132,
        "iops_samples" : 7680
      },
      "trim" : {
        "io_bytes" : 0,
        "io_kbytes" : 0,
        "bw" : 0,
        "iops" : 0.000000,
        "runtime" : 0,
        "total_ios" : 0,
        "short_ios" : 0,
        "drop_ios" : 0,
        "slat_ns" : {
          "min" : 0,
          "max" : 0,
          "mean" : 0.000000,
          "stddev" : 0.000000
        },
        "clat_ns" : {
          "min" : 0,
          "max" : 0,
          "mean" : 0.000000,
          "stddev" : 0.000000,
          "percentile" : {
            "1.000000" : 0,
            "5.000000" : 0,
            "10.000000" : 0,
            "20.000000" : 0,
            "30.000000" : 0,
            "40.000000" : 0,
            "50.000000" : 0,
            "60.000000" : 0,
            "70.000000" : 0,
            "80.000000" : 0,
            "90.000000" : 0,
            "95.000000" : 0,
            "99.000000" : 0,
            "99.500000" : 0,
            "99.900000" : 0,
            "99.950000" : 0,
            "99.990000" : 0,
            "0.00" : 0,
            "0.00" : 0,
            "0.00" : 0
          }
        },
        "lat_ns" : {
          "min" : 0,
          "max" : 0,
          "mean" : 0.000000,
          "stddev" : 0.000000
        },
        "bw_min" : 0,
        "bw_max" : 0,
        "bw_agg" : 0.000000,
        "bw_mean" : 0.000000,
        "bw_dev" : 0.000000,
        "bw_samples" : 0,
        "iops_min" : 0,
        "iops_max" : 0,
        "iops_mean" : 0.000000,
        "iops_stddev" : 0.000000,
        "iops_samples" : 0
      },
      "usr_cpu" : 1.657737,
      "sys_cpu" : 3.606972,
      "ctx" : 1147650,
      "majf" : 0,
      "minf" : 303676,
      "iodepth_level" : {
        "1" : 0.100000,
        "2" : 0.100000,
        "4" : 0.100000,
        "8" : 0.100000,
        "16" : 0.100000,
        "32" : 99.988807,
        ">=64" : 0.000000
      },
      "latency_ns" : {
        "2" : 0.000000,
        "4" : 0.000000,
        "10" : 0.000000,
        "20" : 0.000000,
        "50" : 0.000000,
        "100" : 0.000000,
        "250" : 0.000000,
        "500" : 0.000000,
        "750" : 0.000000,
        "1000" : 0.000000
      },
      "latency_us" : {
        "2" : 0.000000,
        "4" : 0.000000,
        "10" : 0.000000,
        "20" : 0.000000,
        "50" : 0.000000,
        "100" : 0.010000,
        "250" : 0.010000,
        "500" : 0.014927,
        "750" : 0.010358,
        "1000" : 0.010000
      },
      "latency_ms" : {
        "2" : 0.325453,
        "4" : 15.596741,
        "10" : 67.610446,
        "20" : 16.292114,
        "50" : 0.138305,
        "100" : 0.000000,
        "250" : 0.000000,
        "500" : 0.000000,
        "750" : 0.000000,
        "1000" : 0.000000,
        "2000" : 0.000000,
        ">=2000" : 0.000000
      },
      "latency_depth" : 32,
      "latency_target" : 0,
      "latency_percentile" : 100.000000,
      "latency_window" : 0
    }
  ],
  "disk_util" : [
    {
      "name" : "md0",
      "read_ios" : 296,
      "write_ios" : 8834999,
      "read_merges" : 0,
      "write_merges" : 0,
      "read_ticks" : 0,
      "write_ticks" : 0,
      "in_queue" : 0,
      "util" : 0.000000,
      "aggr_read_ios" : 187,
      "aggr_write_ios" : 2215754,
      "aggr_read_merges" : 1,
      "aggr_write_merge" : 0,
      "aggr_read_ticks" : 79,
      "aggr_write_ticks" : 9007106,
      "aggr_in_queue" : 9020670,
      "aggr_util" : 99.698226
    },
    {
      "name" : "sdd",
      "read_ios" : 80,
      "write_ios" : 2177985,
      "read_merges" : 0,
      "write_merges" : 0,
      "read_ticks" : 64,
      "write_ticks" : 8786928,
      "in_queue" : 8801460,
      "util" : 99.618637
    },
    {
      "name" : "sdb",
      "read_ios" : 125,
      "write_ios" : 2179866,
      "read_merges" : 0,
      "write_merges" : 0,
      "read_ticks" : 76,
      "write_ticks" : 8939400,
      "in_queue" : 8956920,