{
  "fio version" : "fio-3.1",
  "timestamp" : 1582041499,
  "timestamp_ms" : 1582041499475,
  "time" : "Tue Feb 18 16:58:19 2020",
  "jobs" : [
    {
      "jobname" : "iotest",
      "groupid" : 0,
      "error" : 0,
      "eta" : 0,
      "elapsed" : 61,
      "job options" : {
        "rw" : "randread",
        "bs" : "4k",
        "ioengine" : "libaio",
        "iodepth" : "4",
        "direct" : "1",
        "invalidate" : "1",
        "refill_buffers" : "1",
        "runtime" : "60",
        "numjobs" : "2",
        "group_reporting" : "1",
        "write_bw_log" : "/fio/output/randread-iodepth-4-numjobs-2",
        "write_lat_log" : "/fio/output/randread-iodepth-4-numjobs-2",
        "write_iops_log" : "/fio/output/randread-iodepth-4-numjobs-2",
        "log_avg_msec" : "250",
        "filename" : "/dev/md0"
      },
      "read" : {
        "io_bytes" : 8558960640,
        "io_kbytes" : 8358360,
        "bw" : 139303,
        "iops" : 34825.919568,
        "runtime" : 60001,
        "total_ios" : 2089590,
        "short_ios" : 0,
        "drop_ios" : 0,
        "slat_ns" : {
          "min" : 2888,
          "max" : 925996,
          "mean" : 7919.981127,
          "stddev" : 3608.929636
        },
        "clat_ns" : {
          "min" : 14047,
          "max" : 2402475,
          "mean" : 219367.690747,
          "stddev" : 51024.026847,
          "percentile" : {
            "1.000000" : 93696,
            "5.000000" : 122368,
            "10.000000" : 146432,
            "20.000000" : 201728,
            "30.000000" : 209920,
            "40.000000" : 216064,
            "50.000000" : 222208,
            "60.000000" : 228352,
            "70.000000" : 234496,
            "80.000000" : 244736,
            "90.000000" : 264192,
            "95.000000" : 301056,
            "99.000000" : 350208,
            "99.500000" : 362496,
            "99.900000" : 509952,
            "99.950000" : 577536,
            "99.990000" : 1073152,
            "0.00" : 0,
            "0.00" : 0,
            "0.00" : 0
          }
        },
        "lat_ns" : {
          "min" : 45701,
          "max" : 2409305,
          "mean" : 227588.960603,
          "stddev" : 51230.894551
        },
        "bw_min" : 65419,
        "bw_max" : 114887,
        "bw_agg" : 50.240959,
        "bw_mean" : 69987.162839,
        "bw_dev" : 5433.868081,
        "bw_samples" : 479,
        "iops_min" : 16354,
        "iops_max" : 28721,
        "iops_mean" : 17496.599165,
        "iops_stddev" : 1358.430648,
        "iops_samples" : 479
      },
      "write" : {
        "io_bytes" : 0,
        "io_kbytes" : 0,
        "bw" : 0,
        "iops" : 0.000000,
        "runtime" : 0,
        "total_ios" : 0,
        "short_ios" : 0,
        "drop_ios" : 0,
        "slat_ns" : {
          "min" : 0,
          "max" : 0,
          "mean" : 0.000000,
          "stddev" : 0.000000
        },
        "clat_ns" : {
          "min" : 0,
          "max" : 0,
          "mean" : 0.000000,
          "stddev" : 0.000000,
          "percentile" : {
            "1.000000" : 0,
            "5.000000" : 0,
            "10.000000" : 0,
            "20.000000" : 0,
            "30.000000" : 0,
            "40.000000" : 0,
            "50.000000" : 0,
            "60.000000" : 0,
            "70.000000" : 0,
            "80.000000" : 0,
            "90.000000" : 0,
            "95.000000" : 0,
            "99.000000" : 0,
            "99.500000" : 0,
            "99.900000" : 0,
            "99.950000" : 0,
            "99.990000" : 0,
            "0.00" : 0,
            "0.00" : 0,
            "0.00" : 0
          }
        },
        "lat_ns" : {
          "min" : 0,
          "max" : 0,
          "mean" : 0.000000,
          "stddev" : 0.000000
        },
        "bw_min" : 0,
        "bw_max" : 0,
        "bw_agg" : 0.000000,
        "bw_mean" : 0.000000,
        "bw_dev" : 0.000000,
        "bw_samples" : 0,
        "iops_min" : 0,
        "iops_max" : 0,
        "iops_mean" : 0.000000,
        "iops_stddev" : 0.000000,
        "iops_samples" : 0
      },
      "trim" : {
        "io_bytes" : 0,
        "io_kbytes" : 0,
        "bw" : 0,
        "iops" : 0.000000,
        "runtime" : 0,
        "total_ios" : 0,
        "short_ios" : 0,
        "drop_ios" : 0,
        "slat_ns" : {
          "min" : 0,
          "max" : 0,
          "mean" : 0.000000,
          "stddev" : 0.000000
        },
        "clat_ns" : {
          "min" : 0,
          "max" : 0,
          "mean" : 0.000000,
          "stddev" : 0.000000,
          "percentile" : {
            "1.000000" : 0,
            "5.000000" : 0,
            "10.000000" : 0,
            "20.000000" : 0,
            "30.000000" : 0,
            "40.000000" : 0,
            "50.000000" : 0,
            "60.000000" : 0,
            "70.000000" : 0,
            "80.000000" : 0,
            "90.000000" : 0,
            "95.000000" : 0,
            "99.000000" : 0,
            "99.500000" : 0,
            "99.900000" : 0,
            "99.950000" : 0,
            "99.990000" : 0,
            "0.00" : 0,
            "0.00" : 0,
            "0.00" : 0
          }
        },
        "lat_ns" : {
          "min" : 0,
          "max" : 0,
          "mean" : 0.000000,
          "stddev" : 0.000000
        },
        "bw_min" : 0,
        "bw_max" : 0,
        "bw_agg" : 0.000000,
        "bw_mean" : 0.000000,
        "bw_dev" : 0.000000,
        "bw_samples" : 0,
        "iops_min" : 0,
        "iops_max" : 0,
        "iops_mean" : 0.000000,
        "iops_stddev" : 0.000000,
        "iops_samples" : 0
      },
      "usr_cpu" : 8.309167,
      "sys_cpu" : 18.945833,
      "ctx" : 934307,
      "majf" : 0,
      "minf" : 14879,
      "iodepth_level" : {
        "1" : 0.100000,
        "2" : 0.100000,
        "4" : 99.999713,
        "8" : 0.000000,
        "16" : 0.000000,
        "32" : 0.000000,
        ">=64" : 0.000000
      },
      "latency_ns" : {
        "2" : 0.000000,
        "4" : 0.000000,
        "10" : 0.000000,
        "20" : 0.000000,
        "50" : 0.000000,
        "100" : 0.000000,
        "250" : 0.000000,
        "500" : 0.000000,
        "750" : 0.000000,
        "1000" : 0.000000
      },
      "latency_us" : {
        "2" : 0.000000,
        "4" : 0.000000,
        "10" : 0.000000,
        "20" : 0.010000,
        "50" : 0.046133,
        "100" : 1.486703,
        "250" : 82.595055,
        "500" : 15.761226,
        "750" : 0.093894,
        "1000" : 0.010000
      },
      "latency_ms" : {
        "2" : 0.010816,
        "4" : 0.010000,
        "10" : 0.000000,
        "20" : 0.000000,
        "50" : 0.000000,
        "100" : 0.000000,
        "250" : 0.000000,
        "500" : 0.000000,
        "750" : 0.000000,
        "1000" : 0.000000,
        "2000" : 0.000000,
        ">=2000" : 0.000000
      },
      "latency_depth" : 4,
      "latency_target" : 0,
      "latency_percentile" : 100.000000,
      "latency_window" : 0
    }
  ],
  "disk_util" : [
    {
      "name" : "md0",
      "read_ios" : 2084296,
      "write_ios" : 0,
      "read_merges" : 0,
      "write_merges" : 0,
      "read_ticks" : 0,
      "write_ticks" : 0,
      "in_queue" : 0,
      "util" : 0.000000,
      "aggr_read_ios" : 522397,
      "aggr_write_ios" : 0,
      "aggr_read_merges" : 0,
      "aggr_write_merge" : 0,
      "aggr_read_ticks" : 105122,
      "aggr_write_ticks" : 0,
      "aggr_in_queue" : 105005,
      "aggr_util" : 87.443499
    },
    {
      "name" : "sdd",
      "read_ios" : 512732,
      "write_ios" : 0,
      "read_merges" : 0,
      "write_merges" : 0,
      "read_ticks" : 117556,
      "write_ticks" : 0,
      "in_queue" : 117420,
      "util" : 87.443499
    },
    {
      "name" : "sdb",
      "read_ios" : 516056,
      "write_ios" : 0,
      "read_merges" : 0,
      "write_merges" : 0,
      "read_ticks" : 102912,
      "write_ticks" : 0,
      "in_queue" : 102800,
      "util" : 82.896836
    },
    {
      "name" : "sde",