{
  "fio version" : "fio-3.1",
  "timestamp" : 1582044351,
  "timestamp_ms" : 1582044351460,
  "time" : "Tue Feb 18 17:45:51 2020",
  "jobs" : [
    {
      "jobname" : "iotest",
      "groupid" : 0,
      "error" : 0,
      "eta" : 0,
      "elapsed" : 61,
      "job options" : {
        "rw" : "randwrite",
        "bs" : "4k",
        "ioengine" : "libaio",
        "iodepth" : "2",
        "direct" : "1",
        "invalidate" : "1",
        "refill_buffers" : "1",
        "runtime" : "60",
        "numjobs" : "64",
        "group_reporting" : "1",
        "write_bw_log" : "/fio/output/randwrite-iodepth-2-numjobs-64",
        "write_lat_log" : "/fio/output/randwrite-iodepth-2-numjobs-64",
        "write_iops_log" : "/fio/output/randwrite-iodepth-2-numjobs-64",
        "log_avg_msec" : "250",
        "filename" : "/dev/md0"
      },
      "read" : {
        "io_bytes" : 0,
        "io_kbytes" : 0,
        "bw" : 0,
        "iops" : 0.000000,
        "runtime" : 0,
        "total_ios" : 0,
        "short_ios" : 0,
        "drop_ios" : 0,
        "slat_ns" : {
          "min" : 0,
          "max" : 0,
          "mean" : 0.000000,
          "stddev" : 0.000000
        },
        "clat_ns" : {
          "min" : 0,
          "max" : 0,
          "mean" : 0.000000,
          "stddev" : 0.000000,
          "percentile" : {
            "1.000000" : 0,
            "5.000000" : 0,
            "10.000000" : 0,
            "20.000000" : 0,
            "30.000000" : 0,
            "40.000000" : 0,
            "50.000000" : 0,
            "60.000000" : 0,
            "70.000000" : 0,
            "80.000000" : 0,
            "90.000000" : 0,
            "95.000000" : 0,
            "99.000000" : 0,
            "99.500000" : 0,
            "99.900000" : 0,
            "99.950000" : 0,
            "99.990000" : 0,
            "0.00" : 0,
            "0.00" : 0,
            "0.00" : 0
          }
        },
        "lat_ns" : {
          "min" : 0,
          "max" : 0,
          "mean" : 0.000000,
          "stddev" : 0.000000
        },
        "bw_min" : 0,
        "bw_max" : 0,
        "bw_agg" : 0.000000,
        "bw_mean" : 0.000000,
        "bw_dev" : 0.000000,
        "bw_samples" : 0,
        "iops_min" : 0,
        "iops_max" : 0,
        "iops_mean" : 0.000000,
        "iops_stddev" : 0.000000,
        "iops_samples" : 0
      },
      "write" : {
        "io_bytes" : 41366835200,
        "io_kbytes" : 40397300,
        "bw" : 673086,
        "iops" : 168271.601853,
        "runtime" : 60018,
        "total_ios" : 10099325,
        "short_ios" : 0,
        "drop_ios" : 0,
        "slat_ns" : {
          "min" : 3901,
          "max" : 5621489,
          "mean" : 22840.750521,
          "stddev" : 15819.974752
        },
        "clat_ns" : {
          "min" : 1348,
          "max" : 22001927,
          "mean" : 729096.465816,
          "stddev" : 687860.536594,
          "percentile" : {
            "1.000000" : 140288,
            "5.000000" : 160768,
            "10.000000" : 183296,
            "20.000000" : 226304,
            "30.000000" : 257024,
            "40.000000" : 296960,
            "50.000000" : 350208,
            "60.000000" : 456704,
            "70.000000" : 733184,
            "80.000000" : 1630208,
            "90.000000" : 1941504,
            "95.000000" : 2072576,
            "99.000000" : 2244608,
            "99.500000" : 2277376,
            "99.900000" : 2375680,
            "99.950000" : 2441216,
            "99.990000" : 2932736,
            "0.00" : 0,
            "0.00" : 0,
            "0.00" : 0
          }
        },
        "lat_ns" : {
          "min" : 77694,
          "max" : 22012540,
          "mean" : 752592.870993,
          "stddev" : 688455.910435
        },
        "bw_min" : 7405,
        "bw_max" : 13927,
        "bw_agg" : 1.584843,
        "bw_mean" : 10667.354472,
        "bw_dev" : 427.162084,
        "bw_samples" : 15327,
        "iops_min" : 1851,
        "iops_max" : 3481,
        "iops_mean" : 2666.559731,
        "iops_stddev" : 106.765668,
        "iops_samples" : 15327
      },
      "trim" : {
        "io_bytes" : 0,
        "io_kbytes" : 0,
        "bw" : 0,
        "iops" : 0.000000,
        "runtime" : 0,
        "total_ios" : 0,
        "short_ios" : 0,
        "drop_ios" : 0,
        "slat_ns" : {
          "min" : 0,
          "max" : 0,
          "mean" : 0.000000,
          "stddev" : 0.000000
        },
        "clat_ns" : {
          "min" : 0,
          "max" : 0,
          "mean" : 0.000000,
          "stddev" : 0.000000,
          "percentile" : {
            "1.000000" : 0,
            "5.000000" : 0,
            "10.000000" : 0,
            "20.000000" : 0,
            "30.000000" : 0,
            "40.000000" : 0,
            "50.000000" : 0,
            "60.000000" : 0,
            "70.000000" : 0,
            "80.000000" : 0,
            "90.000000" : 0,
            "95.000000" : 0,
            "99.000000" : 0,
            "99.500000" : 0,
            "99.900000" : 0,
            "99.950000" : 0,
            "99.990000" : 0,
            "0.00" : 0,
            "0.00" : 0,
            "0.00" : 0
          }
        },
        "lat_ns" : {
          "min" : 0,
          "max" : 0,
          "mean" : 0.000000,
          "stddev" : 0.000000
        },
        "bw_min" : 0,
        "bw_max" : 0,
        "bw_agg" : 0.000000,
        "bw_mean" : 0.000000,
        "bw_dev" : 0.000000,
        "bw_samples" : 0,
        "iops_min" : 0,
        "iops_max" : 0,
        "iops_mean" : 0.000000,
        "iops_stddev" : 0.000000,
        "iops_samples" : 0
      },
      "usr_cpu" : 3.347048,
      "sys_cpu" : 8.654801,
      "ctx" : 9313038,
      "majf" : 0,
      "minf" : 1222798,
      "iodepth_level" : {
        "1" : 0.100000,
        "2" : 99.999366,
        "4" : 0.000000,
        "8" : 0.000000,
        "16" : 0.000000,
        "32" : 0.000000,
        ">=64" : 0.000000
      },
      "latency_ns" : {
        "2" : 0.000000,
        "4" : 0.000000,
        "10" : 0.000000,
        "20" : 0.000000,
        "50" : 0.000000,
        "100" : 0.000000,
        "250" : 0.000000,
        "500" : 0.000000,
        "750" : 0.000000,
        "1000" : 0.000000
      },
      "latency_us" : {
        "2" : 0.010000,
        "4" : 0.010000,
        "10" : 0.010000,
        "20" : 0.010000,
        "50" : 0.010000,
        "100" : 0.027418,
        "250" : 26.987526,
        "500" : 35.670958,
        "750" : 7.511948,
        "1000" : 2.803722
      },
      "latency_ms" : {
        "2" : 19.093801,
        "4" : 7.894884,
        "10" : 0.010000,
        "20" : 0.010000,
        "50" : 0.010000,
        "100" : 0.000000,
        "250" : 0.000000,
        "500" : 0.000000,
        "750" : 0.000000,
        "1000" : 0.000000,
        "2000" : 0.000000,
        ">=2000" : 0.000000
      },
      "latency_depth" : 2,
      "latency_target" : 0,
      "latency_percentile" : 100.000000,
      "latency_window" : 0
    }
  ],
  "disk_util" : [
    {
      "name" : "md0",
      "read_ios" : 315,
      "write_ios" : 10093871,
      "read_merges" : 0,
      "write_merges" : 0,
      "read_ticks" : 0,
      "write_ticks" : 0,
      "in_queue" : 0,
      "util" : 0.000000,
      "aggr_read_ios" : 225,
      "aggr_write_ios" : 2524831,
      "aggr_read_merges" : 1,
      "aggr_write_merge" : 0,
      "aggr_read_ticks" : 87,
      "aggr_write_ticks" : 1836625,
      "aggr_in_queue" : 1841651,
      "aggr_util" : 99.918725
    },
    {
      "name" : "sdd",
      "read_ios" : 96,
      "write_ios" : 2484695,
      "read_merges" : 0,
      "write_merges" : 0,
      "read_ticks" : 32,
      "write_ticks" : 726332,
      "in_queue" : 728168,
      "util" : 99.865647
    },
    {
      "name" : "sdb",
      "read_ios" : 152,
      "write_ios" : 2484056,
      "read_merges" : 0,
      "write_merges" : 0,
      "read_ticks" : 44,
      "write_ticks" : 1224296,
      "in_queue" : 1227760,