{
  "fio version" : "fio-3.1",
  "timestamp" : 1582046354,
  "timestamp_ms" : 1582046354433,
  "time" : "Tue Feb 18 18:19:14 2020",
  "jobs" : [
    {
      "jobname" : "iotest",
      "groupid" : 0,
      "error" : 0,
      "eta" : 0,
      "elapsed" : 61,
      "job options" : {
        "rw" : "randwrite",
        "bs" : "4k",
        "ioengine" : "libaio",
        "iodepth" : "64",
        "direct" : "1",
        "invalidate" : "1",
        "refill_buffers" : "1",
        "runtime" : "60",
        "numjobs" : "16",
        "group_reporting" : "1",
        "write_bw_log" : "/fio/output/randwrite-iodepth-64-numjobs-16",
        "write_lat_log" : "/fio/output/randwrite-iodepth-64-numjobs-16",
        "write_iops_log" : "/fio/output/randwrite-iodepth-64-numjobs-16",
        "log_avg_msec" : "250",
        "filename" : "/dev/md0"
      },
      "read" : {
        "io_bytes" : 0,
        "io_kbytes" : 0,
        "bw" : 0,
        "iops" : 0.000000,
        "runtime" : 0,
        "total_ios" : 0,
        "short_ios" : 0,
        "drop_ios" : 0,
        "slat_ns" : {
          "min" : 0,
          "max" : 0,
          "mean" : 0.000000,
          "stddev" : 0.000000
        },
        "clat_ns" : {
          "min" : 0,
          "max" : 0,
          "mean" : 0.000000,
          "stddev" : 0.000000,
          "percentile" : {
            "1.000000" : 0,
            "5.000000" : 0,
            "10.000000" : 0,
            "20.000000" : 0,
            "30.000000" : 0,
            "40.000000" : 0,
            "50.000000" : 0,
            "60.000000" : 0,
            "70.000000" : 0,
            "80.000000" : 0,
            "90.000000" : 0,
            "95.000000" : 0,
            "99.000000" : 0,
            "99.500000" : 0,
            "99.900000" : 0,
            "99.950000" : 0,
            "99.990000" : 0,
            "0.00" : 0,
            "0.00" : 0,
            "0.00" : 0
          }
        },
        "lat_ns" : {
          "min" : 0,
          "max" : 0,
          "mean" : 0.000000,
          "stddev" : 0.000000
        },
        "bw_min" : 0,
        "bw_max" : 0,
        "bw_agg" : 0.000000,
        "bw_mean" : 0.000000,
        "bw_dev" : 0.000000,
        "bw_samples" : 0,
        "iops_min" : 0,
        "iops_max" : 0,
        "iops_mean" : 0.000000,
        "iops_stddev" : 0.000000,
        "iops_samples" : 0
      },
      "write" : {
        "io_bytes" : 36256296960,
        "io_kbytes" : 35406540,
        "bw" : 590059,
        "iops" : 147514.957087,
        "runtime" : 60005,
        "total_ios" : 8851635,
        "short_ios" : 0,
        "drop_ios" : 0,
        "slat_ns" : {
          "min" : 3291,
          "max" : 13840168,
          "mean" : 83387.798882,
          "stddev" : 547695.018890
        },
        "clat_ns" : {
          "min" : 876330,
          "max" : 24878892,
          "mean" : 6853652.527851,
          "stddev" : 2782530.724264,
          "percentile" : {
            "1.000000" : 2539520,
            "5.000000" : 3588096,
            "10.000000" : 3981312,
            "20.000000" : 4489216,
            "30.000000" : 4882432,
            "40.000000" : 5341184,
            "50.000000" : 6062080,
            "60.000000" : 7176192,
            "70.000000" : 8224768,
            "80.000000" : 9240576,
            "90.000000" : 10551296,
            "95.000000" : 12124160,
            "99.000000" : 14876672,
            "99.500000" : 15794176,
            "99.900000" : 18481152,
            "99.950000" : 19267584,
            "99.990000" : 20840448,
            "0.00" : 0,
            "0.00" : 0,
            "0.00" : 0
          }
        },
        "lat_ns" : {
          "min" : 881266,
          "max" : 26140583,
          "mean" : 6937283.472199,
          "stddev" : 2807780.054473
        },
        "bw_min" : 28512,
        "bw_max" : 45528,
        "bw_agg" : 6.299280,
        "bw_mean" : 37169.471094,
        "bw_dev" : 2433.837679,
        "bw_samples" : 3840,
        "iops_min" : 7128,
        "iops_max" : 11382,
        "iops_mean" : 9292.161979,
        "iops_stddev" : 608.423959,
        "iops_samples" : 3840
      },
      "trim" : {
        "io_bytes" : 0,
        "io_kbytes" : 0,
        "bw" : 0,
        "iops" : 0.000000,
        "runtime" : 0,
        "total_ios" : 0,
        "short_ios" : 0,
        "drop_ios" : 0,
        "slat_ns" : {
          "min" : 0,
          "max" : 0,
          "mean" : 0.000000,
          "stddev" : 0.000000
        },
        "clat_ns" : {
          "min" : 0,
          "max" : 0,
          "mean" : 0.000000,
          "stddev" : 0.000000,
          "percentile" : {
            "1.000000" : 0,
            "5.000000" : 0,
            "10.000000" : 0,
            "20.000000" : 0,
            "30.000000" : 0,
            "40.000000" : 0,
            "50.000000" : 0,
            "60.000000" : 0,
            "70.000000" : 0,
            "80.000000" : 0,
            "90.000000" : 0,
            "95.000000" : 0,
            "99.000000" : 0,
            "99.500000" : 0,
            "99.900000" : 0,
            "99.950000" : 0,
            "99.990000" : 0,
            "0.00" : 0,
            "0.00" : 0,
            "0.00" : 0
          }
        },
        "lat_ns" : {
          "min" : 0,
          "max" : 0,
          "mean" : 0.000000,
          "stddev" : 0.000000
        },
        "bw_min" : 0,
        "bw_max" : 0,
        "bw_agg" : 0.000000,
        "bw_mean" : 0.000000,
        "bw_dev" : 0.000000,
        "bw_samples" : 0,
        "iops_min" : 0,
        "iops_max" : 0,
        "iops_mean" : 0.000000,
        "iops_stddev" : 0.000000,
        "iops_samples" : 0
      },
      "usr_cpu" : 3.032601,
      "sys_cpu" : 6.423314,
      "ctx" : 658038,
      "majf" : 0,
      "minf" : 309644,
      "iodepth_level" : {
        "1" : 0.100000,
        "2" : 0.100000,
        "4" : 0.100000,
        "8" : 0.100000,
        "16" : 0.100000,
        "32" : 0.100000,
        ">=64" : 99.988612
      },
      "latency_ns" : {
        "2" : 0.000000,
        "4" : 0.000000,
        "10" : 0.000000,
        "20" : 0.000000,
        "50" : 0.000000,
        "100" : 0.000000,
        "250" : 0.000000,
        "500" : 0.000000,
        "750" : 0.000000,
        "1000" : 0.000000
      },
      "latency_us" : {
        "2" : 0.000000,
        "4" : 0.000000,
        "10" : 0.000000,
        "20" : 0.000000,
        "50" : 0.000000,
        "100" : 0.000000,
        "250" : 0.000000,
        "500" : 0.000000,
        "750" : 0.000000,
        "1000" : 0.010000
      },
      "latency_ms" : {
        "2" : 0.207589,
        "4" : 10.034553,
        "10" : 76.497551,
        "20" : 13.238119,
        "50" : 0.022165,
        "100" : 0.000000,
        "250" : 0.000000,
        "500" : 0.000000,
        "750" : 0.000000,
        "1000" : 0.000000,
        "2000" : 0.000000,
        ">=2000" : 0.000000
      },
      "latency_depth" : 64,
      "latency_target" : 0,
      "latency_percentile" : 100.000000,
      "latency_window" : 0
    }
  ],
  "disk_util" : [
    {
      "name" : "md0",
      "read_ios" : 296,
      "write_ios" : 8827679,
      "read_merges" : 0,
      "write_merges" : 0,
      "read_ticks" : 0,
      "write_ticks" : 0,
      "in_queue" : 0,
      "util" : 0.000000,
      "aggr_read_ios" : 149,
      "aggr_write_ios" : 2212908,
      "aggr_read_merges" : 1,
      "aggr_write_merge" : 0,
      "aggr_read_ticks" : 65,
      "aggr_write_ticks" : 8985959,
      "aggr_in_queue" : 8996548,
      "aggr_util" : 99.719535
    },
    {
      "name" : "sdd",
      "read_ios" : 64,
      "write_ios" : 2173350,
      "read_merges" : 0,
      "write_merges" : 0,
      "read_ticks" : 28,
      "write_ticks" : 8757408,
      "in_queue" : 8763764,
      "util" : 99.623368
    },
    {
      "name" : "sdb",
      "read_ios" : 98,
      "write_ios" : 2179669,
      "read_merges" : 0,
      "write_merges" : 0,
      "read_ticks" : 52,
      "write_ticks" : 8927032,
      "in_queue" : 8935480,