{
  "fio version" : "fio-3.1",
  "timestamp" : 1582045201,
  "timestamp_ms" : 1582045201201,
  "time" : "Tue Feb 18 18:00:01 2020",
  "jobs" : [
    {
      "jobname" : "iotest",
      "groupid" : 0,
      "error" : 0,
      "eta" : 0,
      "elapsed" : 61,
      "job options" : {
        "rw" : "randwrite",
        "bs" : "4k",
        "ioengine" : "libaio",
        "iodepth" : "8",
        "direct" : "1",
        "invalidate" : "1",
        "refill_buffers" : "1",
        "runtime" : "60",
        "numjobs" : "64",
        "group_reporting" : "1",
        "write_bw_log" : "/fio/output/randwrite-iodepth-8-numjobs-64",
        "write_lat_log" : "/fio/output/randwrite-iodepth-8-numjobs-64",
        "write_iops_log" : "/fio/output/randwrite-iodepth-8-numjobs-64",
        "log_avg_msec" : "250",
        "filename" : "/dev/md0"
      },
      "read" : {
        "io_bytes" : 0,
        "io_kbytes" : 0,
        "bw" : 0,
        "iops" : 0.000000,
        "runtime" : 0,
        "total_ios" : 0,
        "short_ios" : 0,
        "drop_ios" : 0,
        "slat_ns" : {
          "min" : 0,
          "max" : 0,
          "mean" : 0.000000,
          "stddev" : 0.000000
        },
        "clat_ns" : {
          "min" : 0,
          "max" : 0,
          "mean" : 0.000000,
          "stddev" : 0.000000,
          "percentile" : {
            "1.000000" : 0,
            "5.000000" : 0,
            "10.000000" : 0,
            "20.000000" : 0,
            "30.000000" : 0,
            "40.000000" : 0,
            "50.000000" : 0,
            "60.000000" : 0,
            "70.000000" : 0,
            "80.000000" : 0,
            "90.000000" : 0,
            "95.000000" : 0,
            "99.000000" : 0,
            "99.500000" : 0,
            "99.900000" : 0,
            "99.950000" : 0,
            "99.990000" : 0,
            "0.00" : 0,
            "0.00" : 0,
            "0.00" : 0
          }
        },
        "lat_ns" : {
          "min" : 0,
          "max" : 0,
          "mean" : 0.000000,
          "stddev" : 0.000000
        },
        "bw_min" : 0,
        "bw_max" : 0,
        "bw_agg" : 0.000000,
        "bw_mean" : 0.000000,
        "bw_dev" : 0.000000,
        "bw_samples" : 0,
        "iops_min" : 0,
        "iops_max" : 0,
        "iops_mean" : 0.000000,
        "iops_stddev" : 0.000000,
        "iops_samples" : 0
      },
      "write" : {
        "io_bytes" : 40062644224,
        "io_kbytes" : 39123676,
        "bw" : 651985,
        "iops" : 162996.300432,
        "runtime" : 60007,
        "total_ios" : 9780919,
        "short_ios" : 0,
        "drop_ios" : 0,
        "slat_ns" : {
          "min" : 3039,
          "max" : 15340238,
          "mean" : 148225.556055,
          "stddev" : 1097607.362035
        },
        "clat_ns" : {
          "min" : 1256,
          "max" : 18235761,
          "mean" : 2987585.817784,
          "stddev" : 2795037.287848,
          "percentile" : {
            "1.000000" : 150528,
            "5.000000" : 189440,
            "10.000000" : 248832,
            "20.000000" : 399360,
            "30.000000" : 1019904,
            "40.000000" : 2899968,
            "50.000000" : 3063808,
            "60.000000" : 3162112,
            "70.000000" : 3227648,
            "80.000000" : 3325952,
            "90.000000" : 5537792,
            "95.000000" : 10289152,
            "99.000000" : 12255232,
            "99.500000" : 12779520,
            "99.900000" : 13565952,
            "99.950000" : 13828096,
            "99.990000" : 14352384,
            "0.00" : 0,
            "0.00" : 0,
            "0.00" : 0
          }
        },
        "lat_ns" : {
          "min" : 74995,
          "max" : 25705645,
          "mean" : 3136117.474625,
          "stddev" : 3024640.299845
        },
        "bw_min" : 7472,
        "bw_max" : 15790,
        "bw_agg" : 1.582194,
        "bw_mean" : 10315.666515,
        "bw_dev" : 501.699278,
        "bw_samples" : 15350,
        "iops_min" : 1868,
        "iops_max" : 3947,
        "iops_mean" : 2578.614137,
        "iops_stddev" : 125.426513,
        "iops_samples" : 15350
      },
      "trim" : {
        "io_bytes" : 0,
        "io_kbytes" : 0,
        "bw" : 0,
        "iops" : 0.000000,
        "runtime" : 0,
        "total_ios" : 0,
        "short_ios" : 0,
        "drop_ios" : 0,
        "slat_ns" : {
          "min" : 0,
          "max" : 0,
          "mean" : 0.000000,
          "stddev" : 0.000000
        },
        "clat_ns" : {
          "min" : 0,
          "max" : 0,
          "mean" : 0.000000,
          "stddev" : 0.000000,
          "percentile" : {
            "1.000000" : 0,
            "5.000000" : 0,
            "10.000000" : 0,
            "20.000000" : 0,
            "30.000000" : 0,
            "40.000000" : 0,
            "50.000000" : 0,
            "60.000000" : 0,
            "70.000000" : 0,
            "80.000000" : 0,
            "90.000000" : 0,
            "95.000000" : 0,
            "99.000000" : 0,
            "99.500000" : 0,
            "99.900000" : 0,
            "99.950000" : 0,
            "99.990000" : 0,
            "0.00" : 0,
            "0.00" : 0,
            "0.00" : 0
          }
        },
        "lat_ns" : {
          "min" : 0,
          "max" : 0,
          "mean" : 0.000000,
          "stddev" : 0.000000
        },
        "bw_min" : 0,
        "bw_max" : 0,
        "bw_agg" : 0.000000,
        "bw_mean" : 0.000000,
        "bw_dev" : 0.000000,
        "bw_samples" : 0,
        "iops_min" : 0,
        "iops_max" : 0,
        "iops_mean" : 0.000000,
        "iops_stddev" : 0.000000,
        "iops_samples" : 0
      },
      "usr_cpu" : 1.327940,
      "sys_cpu" : 3.345033,
      "ctx" : 6266294,
      "majf" : 0,
      "minf" : 492707,
      "iodepth_level" : {
        "1" : 0.100000,
        "2" : 0.100000,
        "4" : 0.100000,
        "8" : 99.995420,
        "16" : 0.000000,
        "32" : 0.000000,
        ">=64" : 0.000000
      },
      "latency_ns" : {
        "2" : 0.000000,
        "4" : 0.000000,
        "10" : 0.000000,
        "20" : 0.000000,
        "50" : 0.000000,
        "100" : 0.000000,
        "250" : 0.000000,
        "500" : 0.000000,
        "750" : 0.000000,
        "1000" : 0.000000
      },
      "latency_us" : {
        "2" : 0.010000,
        "4" : 0.000000,
        "10" : 0.000000,
        "20" : 0.010000,
        "50" : 0.010000,
        "100" : 0.187385,
        "250" : 10.034231,
        "500" : 13.359368,
        "750" : 4.340451,
        "1000" : 1.983760
      },
      "latency_ms" : {
        "2" : 3.998745,
        "4" : 54.097350,
        "10" : 6.113781,
        "20" : 5.884733,
        "50" : 0.000000,
        "100" : 0.000000,
        "250" : 0.000000,
        "500" : 0.000000,
        "750" : 0.000000,
        "1000" : 0.000000,
        "2000" : 0.000000,
        ">=2000" : 0.000000
      },
      "latency_depth" : 8,
      "latency_target" : 0,
      "latency_percentile" : 100.000000,
      "latency_window" : 0
    }
  ],
  "disk_util" : [
    {
      "name" : "md0",
      "read_ios" : 296,
      "write_ios" : 9774243,
      "read_merges" : 0,
      "write_merges" : 0,
      "read_ticks" : 0,
      "write_ticks" : 0,
      "in_queue" : 0,
      "util" : 0.000000,
      "aggr_read_ios" : 149,
      "aggr_write_ios" : 2445229,
      "aggr_read_merges" : 1,
      "aggr_write_merge" : 0,
      "aggr_read_ticks" : 85,
      "aggr_write_ticks" : 5238758,
      "aggr_in_queue" : 5248487,
      "aggr_util" : 99.668589
    },
    {
      "name" : "sdd",
      "read_ios" : 64,
      "write_ios" : 2406302,
      "read_merges" : 0,
      "write_merges" : 0,
      "read_ticks" : 32,
      "write_ticks" : 4120604,
      "in_queue" : 4129932,
      "util" : 99.542653
    },
    {
      "name" : "sdb",
      "read_ios" : 99,
      "write_ios" : 2406160,
      "read_merges" : 0,
      "write_merges" : 0,
      "read_ticks" : 72,
      "write_ticks" : 4887388,
      "in_queue" : 4893296,