{
  "fio version" : "fio-3.1",
  "timestamp" : 1582043987,
  "timestamp_ms" : 1582043987287,
  "time" : "Tue Feb 18 17:39:47 2020",
  "jobs" : [
    {
      "jobname" : "iotest",
      "groupid" : 0,
      "error" : 0,
      "eta" : 0,
      "elapsed" : 61,
      "job options" : {
        "rw" : "randwrite",
        "bs" : "4k",
        "ioengine" : "libaio",
        "iodepth" : "2",
        "direct" : "1",
        "invalidate" : "1",
        "refill_buffers" : "1",
        "runtime" : "60",
        "numjobs" : "1",
        "group_reporting" : "1",
        "write_bw_log" : "/fio/output/randwrite-iodepth-2-numjobs-1",
        "write_lat_log" : "/fio/output/randwrite-iodepth-2-numjobs-1",
        "write_iops_log" : "/fio/output/randwrite-iodepth-2-numjobs-1",
        "log_avg_msec" : "250",
        "filename" : "/dev/md0"
      },
      "read" : {
        "io_bytes" : 0,
        "io_kbytes" : 0,
        "bw" : 0,
        "iops" : 0.000000,
        "runtime" : 0,
        "total_ios" : 0,
        "short_ios" : 0,
        "drop_ios" : 0,
        "slat_ns" : {
          "min" : 0,
          "max" : 0,
          "mean" : 0.000000,
          "stddev" : 0.000000
        },
        "clat_ns" : {
          "min" : 0,
          "max" : 0,
          "mean" : 0.000000,
          "stddev" : 0.000000,
          "percentile" : {
            "1.000000" : 0,
            "5.000000" : 0,
            "10.000000" : 0,
            "20.000000" : 0,
            "30.000000" : 0,
            "40.000000" : 0,
            "50.000000" : 0,
            "60.000000" : 0,
            "70.000000" : 0,
            "80.000000" : 0,
            "90.000000" : 0,
            "95.000000" : 0,
            "99.000000" : 0,
            "99.500000" : 0,
            "99.900000" : 0,
            "99.950000" : 0,
            "99.990000" : 0,
            "0.00" : 0,
            "0.00" : 0,
            "0.00" : 0
          }
        },
        "lat_ns" : {
          "min" : 0,
          "max" : 0,
          "mean" : 0.000000,
          "stddev" : 0.000000
        },
        "bw_min" : 0,
        "bw_max" : 0,
        "bw_agg" : 0.000000,
        "bw_mean" : 0.000000,
        "bw_dev" : 0.000000,
        "bw_samples" : 0,
        "iops_min" : 0,
        "iops_max" : 0,
        "iops_mean" : 0.000000,
        "iops_stddev" : 0.000000,
        "iops_samples" : 0
      },
      "write" : {
        "io_bytes" : 5720117248,
        "io_kbytes" : 5586052,
        "bw" : 93099,
        "iops" : 23274.828753,
        "runtime" : 60001,
        "total_ios" : 1396513,
        "short_ios" : 0,
        "drop_ios" : 0,
        "slat_ns" : {
          "min" : 3136,
          "max" : 389132,
          "mean" : 6013.167497,
          "stddev" : 2881.974554
        },
        "clat_ns" : {
          "min" : 9568,
          "max" : 2341596,
          "mean" : 77050.375094,
          "stddev" : 54288.677314,
          "percentile" : {
            "1.000000" : 41216,
            "5.000000" : 42752,
            "10.000000" : 43264,
            "20.000000" : 44800,
            "30.000000" : 45824,
            "40.000000" : 46336,
            "50.000000" : 47872,
            "60.000000" : 49408,
            "70.000000" : 53504,
            "80.000000" : 160768,
            "90.000000" : 171008,
            "95.000000" : 177152,
            "99.000000" : 183296,
            "99.500000" : 185344,
            "99.900000" : 205824,
            "99.950000" : 399360,
            "99.990000" : 536576,
            "0.00" : 0,
            "0.00" : 0,
            "0.00" : 0
          }
        },
        "lat_ns" : {
          "min" : 43086,
          "max" : 2348435,
          "mean" : 83304.166394,
          "stddev" : 54998.000767
        },
        "bw_min" : 42368,
        "bw_max" : 150000,
        "bw_agg" : 100.000000,
        "bw_mean" : 93401.058577,
        "bw_dev" : 42927.212774,
        "bw_samples" : 239,
        "iops_min" : 10592,
        "iops_max" : 37496,
        "iops_mean" : 23350.313808,
        "iops_stddev" : 10731.808759,
        "iops_samples" : 239
      },
      "trim" : {
        "io_bytes" : 0,
        "io_kbytes" : 0,
        "bw" : 0,
        "iops" : 0.000000,
        "runtime" : 0,
        "total_ios" : 0,
        "short_ios" : 0,
        "drop_ios" : 0,
        "slat_ns" : {
          "min" : 0,
          "max" : 0,
          "mean" : 0.000000,
          "stddev" : 0.000000
        },
        "clat_ns" : {
          "min" : 0,
          "max" : 0,
          "mean" : 0.000000,
          "stddev" : 0.000000,
          "percentile" : {
            "1.000000" : 0,
            "5.000000" : 0,
            "10.000000" : 0,
            "20.000000" : 0,
            "30.000000" : 0,
            "40.000000" : 0,
            "50.000000" : 0,
            "60.000000" : 0,
            "70.000000" : 0,
            "80.000000" : 0,
            "90.000000" : 0,
            "95.000000" : 0,
            "99.000000" : 0,
            "99.500000" : 0,
            "99.900000" : 0,
            "99.950000" : 0,
            "99.990000" : 0,
            "0.00" : 0,
            "0.00" : 0,
            "0.00" : 0
          }
        },
        "lat_ns" : {
          "min" : 0,
          "max" : 0,
          "mean" : 0.000000,
          "stddev" : 0.000000
        },
        "bw_min" : 0,
        "bw_max" : 0,
        "bw_agg" : 0.000000,
        "bw_mean" : 0.000000,
        "bw_dev" : 0.000000,
        "bw_samples" : 0,
        "iops_min" : 0,
        "iops_max" : 0,
        "iops_mean" : 0.000000,
        "iops_stddev" : 0.000000,
        "iops_samples" : 0
      },
      "usr_cpu" : 11.313333,
      "sys_cpu" : 19.448333,
      "ctx" : 1091862,
      "majf" : 0,
      "minf" : 28,
      "iodepth_level" : {
        "1" : 0.100000,
        "2" : 99.999928,
        "4" : 0.000000,
        "8" : 0.000000,
        "16" : 0.000000,
        "32" : 0.000000,
        ">=64" : 0.000000
      },
      "latency_ns" : {
        "2" : 0.000000,
        "4" : 0.000000,
        "10" : 0.000000,
        "20" : 0.000000,
        "50" : 0.000000,
        "100" : 0.000000,
        "250" : 0.000000,
        "500" : 0.000000,
        "750" : 0.000000,
        "1000" : 0.000000
      },
      "latency_us" : {
        "2" : 0.000000,
        "4" : 0.000000,
        "10" : 0.010000,
        "20" : 0.010000,
        "50" : 61.987321,
        "100" : 14.144372,
        "250" : 23.789539,
        "500" : 0.060723,
        "750" : 0.012460,
        "1000" : 0.010000
      },
      "latency_ms" : {
        "2" : 0.010000,
        "4" : 0.010000,
        "10" : 0.000000,
        "20" : 0.000000,
        "50" : 0.000000,
        "100" : 0.000000,
        "250" : 0.000000,
        "500" : 0.000000,
        "750" : 0.000000,
        "1000" : 0.000000,
        "2000" : 0.000000,
        ">=2000" : 0.000000
      },
      "latency_depth" : 2,
      "latency_target" : 0,
      "latency_percentile" : 100.000000,
      "latency_window" : 0
    }
  ],
  "disk_util" : [
    {
      "name" : "md0",
      "read_ios" : 148,
      "write_ios" : 1394791,
      "read_merges" : 0,
      "write_merges" : 0,
      "read_ticks" : 0,
      "write_ticks" : 0,
      "in_queue" : 0,
      "util" : 0.000000,
      "aggr_read_ios" : 74,
      "aggr_write_ios" : 349128,
      "aggr_read_merges" : 0,
      "aggr_write_merge" : 0,
      "aggr_read_ticks" : 51,
      "aggr_write_ticks" : 25030,
      "aggr_in_queue" : 25028,
      "aggr_util" : 38.790296
    },
    {
      "name" : "sdd",
      "read_ios" : 32,
      "write_ios" : 342697,
      "read_merges" : 0,
      "write_merges" : 0,
      "read_ticks" : 32,
      "write_ticks" : 24756,
      "in_queue" : 24728,
      "util" : 36.603523
    },
    {
      "name" : "sdb",
      "read_ios" : 49,
      "write_ios" : 344875,
      "read_merges" : 0,
      "write_merges" : 0,
      "read_ticks" : 36,
      "write_ticks" : 26512,
      "in_queue" : 26500,
      "util" : 38.790296
    },
    {
      "name" : "sde",