{
  "fio version" : "fio-3.1",
  "timestamp" : 1582041317,
  "timestamp_ms" : 1582041317438,
  "time" : "Tue Feb 18 16:55:17 2020",
  "jobs" : [
    {
      "jobname" : "iotest",
      "groupid" : 0,
      "error" : 0,
      "eta" : 0,
      "elapsed" : 61,
      "job options" : {
        "rw" : "randread",
        "bs" : "4k",
        "ioengine" : "libaio",
        "iodepth" : "2",
        "direct" : "1",
        "invalidate" : "1",
        "refill_buffers" : "1",
        "runtime" : "60",
        "numjobs" : "32",
        "group_reporting" : "1",
        "write_bw_log" : "/fio/output/randread-iodepth-2-numjobs-32",
        "write_lat_log" : "/fio/output/randread-iodepth-2-numjobs-32",
        "write_iops_log" : "/fio/output/randread-iodepth-2-numjobs-32",
        "log_avg_msec" : "250",
        "filename" : "/dev/md0"
      },
      "read" : {
        "io_bytes" : 44468236288,
        "io_kbytes" : 43426012,
        "bw" : 723730,
        "iops" : 180932.670033,
        "runtime" : 60003,
        "total_ios" : 10856503,
        "short_ios" : 0,
        "drop_ios" : 0,
        "slat_ns" : {
          "min" : 3495,
          "max" : 3527117,
          "mean" : 21289.900277,
          "stddev" : 11862.667356
        },
        "clat_ns" : {
          "min" : 2275,
          "max" : 4812381,
          "mean" : 327457.248118,
          "stddev" : 97455.310793,
          "percentile" : {
            "1.000000" : 158720,
            "5.000000" : 197632,
            "10.000000" : 228352,
            "20.000000" : 257024,
            "30.000000" : 276480,
            "40.000000" : 288768,
            "50.000000" : 305152,
            "60.000000" : 321536,
            "70.000000" : 350208,
            "80.000000" : 403456,
            "90.000000" : 456704,
            "95.000000" : 514048,
            "99.000000" : 626688,
            "99.500000" : 667648,
            "99.900000" : 765952,
            "99.950000" : 831488,
            "99.990000" : 1351680,
            "0.00" : 0,
            "0.00" : 0,
            "0.00" : 0
          }
        },
        "lat_ns" : {
          "min" : 78344,
          "max" : 4835717,
          "mean" : 349276.790172,
          "stddev" : 97879.733935
        },
        "bw_min" : 19312,
        "bw_max" : 24724,
        "bw_agg" : 3.164885,
        "bw_mean" : 22905.223034,
        "bw_dev" : 459.528159,
        "bw_samples" : 7667,
        "iops_min" : 4828,
        "iops_max" : 6181,
        "iops_mean" : 5726.095605,
        "iops_stddev" : 114.783243,
        "iops_samples" : 7667
      },
      "write" : {
        "io_bytes" : 0,
        "io_kbytes" : 0,
        "bw" : 0,
        "iops" : 0.000000,
        "runtime" : 0,
        "total_ios" : 0,
        "short_ios" : 0,
        "drop_ios" : 0,
        "slat_ns" : {
          "min" : 0,
          "max" : 0,
          "mean" : 0.000000,
          "stddev" : 0.000000
        },
        "clat_ns" : {
          "min" : 0,
          "max" : 0,
          "mean" : 0.000000,
          "stddev" : 0.000000,
          "percentile" : {
            "1.000000" : 0,
            "5.000000" : 0,
            "10.000000" : 0,
            "20.000000" : 0,
            "30.000000" : 0,
            "40.000000" : 0,
            "50.000000" : 0,
            "60.000000" : 0,
            "70.000000" : 0,
            "80.000000" : 0,
            "90.000000" : 0,
            "95.000000" : 0,
            "99.000000" : 0,
            "99.500000" : 0,
            "99.900000" : 0,
            "99.950000" : 0,
            "99.990000" : 0,
            "0.00" : 0,
            "0.00" : 0,
            "0.00" : 0
          }
        },
        "lat_ns" : {
          "min" : 0,
          "max" : 0,
          "mean" : 0.000000,
          "stddev" : 0.000000
        },
        "bw_min" : 0,
        "bw_max" : 0,
        "bw_agg" : 0.000000,
        "bw_mean" : 0.000000,
        "bw_dev" : 0.000000,
        "bw_samples" : 0,
        "iops_min" : 0,
        "iops_max" : 0,
        "iops_mean" : 0.000000,
        "iops_stddev" : 0.000000,
        "iops_samples" : 0
      },
      "trim" : {
        "io_bytes" : 0,
        "io_kbytes" : 0,
        "bw" : 0,
        "iops" : 0.000000,
        "runtime" : 0,
        "total_ios" : 0,
        "short_ios" : 0,
        "drop_ios" : 0,
        "slat_ns" : {
          "min" : 0,
          "max" : 0,
          "mean" : 0.000000,
          "stddev" : 0.000000
        },
        "clat_ns" : {
          "min" : 0,
          "max" : 0,
          "mean" : 0.000000,
          "stddev" : 0.000000,
          "percentile" : {
            "1.000000" : 0,
            "5.000000" : 0,
            "10.000000" : 0,
            "20.000000" : 0,
            "30.000000" : 0,
            "40.000000" : 0,
            "50.000000" : 0,
            "60.000000" : 0,
            "70.000000" : 0,
            "80.000000" : 0,
            "90.000000" : 0,
            "95.000000" : 0,
            "99.000000" : 0,
            "99.500000" : 0,
            "99.900000" : 0,
            "99.950000" : 0,
            "99.990000" : 0,
            "0.00" : 0,
            "0.00" : 0,
            "0.00" : 0
          }
        },
        "lat_ns" : {
          "min" : 0,
          "max" : 0,
          "mean" : 0.000000,
          "stddev" : 0.000000
        },
        "bw_min" : 0,
        "bw_max" : 0,
        "bw_agg" : 0.000000,
        "bw_mean" : 0.000000,
        "bw_dev" : 0.000000,
        "bw_samples" : 0,
        "iops_min" : 0,
        "iops_max" : 0,
        "iops_mean" : 0.000000,
        "iops_stddev" : 0.000000,
        "iops_samples" : 0
      },
      "usr_cpu" : 5.268218,
      "sys_cpu" : 17.248193,
      "ctx" : 8768021,
      "majf" : 0,
      "minf" : 342502,
      "iodepth_level" : {
        "1" : 0.100000,
        "2" : 99.999705,
        "4" : 0.000000,
        "8" : 0.000000,
        "16" : 0.000000,
        "32" : 0.000000,
        ">=64" : 0.000000
      },
      "latency_ns" : {
        "2" : 0.000000,
        "4" : 0.000000,
        "10" : 0.000000,
        "20" : 0.000000,
        "50" : 0.000000,
        "100" : 0.000000,
        "250" : 0.000000,
        "500" : 0.000000,
        "750" : 0.000000,
        "1000" : 0.000000
      },
      "latency_us" : {
        "2" : 0.000000,
        "4" : 0.010000,
        "10" : 0.010000,
        "20" : 0.010000,
        "50" : 0.010000,
        "100" : 0.010000,
        "250" : 16.572316,
        "500" : 77.478273,
        "750" : 5.813152,
        "1000" : 0.108046
      },
      "latency_ms" : {
        "2" : 0.018662,
        "4" : 0.010000,
        "10" : 0.010000,
        "20" : 0.000000,
        "50" : 0.000000,
        "100" : 0.000000,
        "250" : 0.000000,
        "500" : 0.000000,
        "750" : 0.000000,
        "1000" : 0.000000,
        "2000" : 0.000000,
        ">=2000" : 0.000000
      },
      "latency_depth" : 2,
      "latency_target" : 0,
      "latency_percentile" : 100.000000,
      "latency_window" : 0
    }
  ],
  "disk_util" : [
    {
      "name" : "md0",
      "read_ios" : 10823446,
      "write_ios" : 0,
      "read_merges" : 0,
      "write_merges" : 0,
      "read_ticks" : 0,
      "write_ticks" : 0,
      "in_queue" : 0,
      "util" : 0.000000,
      "aggr_read_ios" : 2714125,
      "aggr_write_ios" : 0,
      "aggr_read_merges" : 0,
      "aggr_write_merge" : 0,
      "aggr_read_ticks" : 873131,
      "aggr_write_ticks" : 0,
      "aggr_in_queue" : 876265,
      "aggr_util" : 100.000000
    },
    {
      "name" : "sdd",
      "read_ios" : 2666199,
      "write_ios" : 0,
      "read_merges" : 0,
      "write_merges" : 0,
      "read_ticks" : 1115656,
      "write_ticks" : 0,
      "in_queue" : 1120456,
      "util" : 99.971780
    },
    {
      "name" : "sdb",
      "read_ios" : 2671027,
      "write_ios" : 0,
      "read_merges" : 0,
      "write_merges" : 0,
      "read_ticks" : 811304,
      "write_ticks" : 0,
      "in_queue" : 813080,
      "util" : 99.905380
    },
    {
      "name" : "sde",