{
  "fio version" : "fio-3.1",
  "timestamp" : 1585441241,
  "timestamp_ms" : 1585441241246,
  "time" : "Sun Mar 29 01:20:41 2020",
  "jobs" : [
    {
      "jobname" : "iotest",
      "groupid" : 0,
      "error" : 0,
      "eta" : 0,
      "elapsed" : 62,
      "job options" : {
        "rw" : "randwrite",
        "bs" : "4k",
        "ioengine" : "libaio",
        "iodepth" : "32",
        "direct" : "1",
        "invalidate" : "1",
        "refill_buffers" : "1",
        "runtime" : "60",
        "numjobs" : "64",
        "group_reporting" : "1",
        "write_bw_log" : "/fio/singledrive10K//randwrite-iodepth-32-numjobs-64",
        "write_lat_log" : "/fio/singledrive10K//randwrite-iodepth-32-numjobs-64",
        "write_iops_log" : "/fio/singledrive10K//randwrite-iodepth-32-numjobs-64",
        "log_avg_msec" : "500",
        "filename" : "/dev/sda"
      },
      "read" : {
        "io_bytes" : 0,
        "io_kbytes" : 0,
        "bw" : 0,
        "iops" : 0.000000,
        "runtime" : 0,
        "total_ios" : 0,
        "short_ios" : 0,
        "drop_ios" : 0,
        "slat_ns" : {
          "min" : 0,
          "max" : 0,
          "mean" : 0.000000,
          "stddev" : 0.000000
        },
        "clat_ns" : {
          "min" : 0,
          "max" : 0,
          "mean" : 0.000000,
          "stddev" : 0.000000,
          "percentile" : {
            "1.000000" : 0,
            "5.000000" : 0,
            "10.000000" : 0,
            "20.000000" : 0,
            "30.000000" : 0,
            "40.000000" : 0,
            "50.000000" : 0,
            "60.000000" : 0,
            "70.000000" : 0,
            "80.000000" : 0,
            "90.000000" : 0,
            "95.000000" : 0,
            "99.000000" : 0,
            "99.500000" : 0,
            "99.900000" : 0,
            "99.950000" : 0,
            "99.990000" : 0,
            "0.00" : 0,
            "0.00" : 0,
            "0.00" : 0
          }
        },
        "lat_ns" : {
          "min" : 0,
          "max" : 0,
          "mean" : 0.000000,
          "stddev" : 0.000000
        },
        "bw_min" : 0,
        "bw_max" : 0,
        "bw_agg" : 0.000000,
        "bw_mean" : 0.000000,
        "bw_dev" : 0.000000,
        "bw_samples" : 0,
        "iops_min" : 0,
        "iops_max" : 0,
        "iops_mean" : 0.000000,
        "iops_stddev" : 0.000000,
        "iops_samples" : 0
      },
      "write" : {
        "io_bytes" : 102772736,
        "io_kbytes" : 100364,
        "bw" : 1651,
        "iops" : 412.755597,
        "runtime" : 60789,
        "total_ios" : 25091,
        "short_ios" : 0,
        "drop_ios" : 0,
        "slat_ns" : {
          "min" : 3595,
          "max" : 4899253020,
          "mean" : 146541471.892192,
          "stddev" : 808309897.106198
        },
        "clat_ns" : {
          "min" : 270389,
          "max" : 5499703992,
          "mean" : 4591890723.535334,
          "stddev" : 1120190226.050173,
          "percentile" : {
            "1.000000" : 162529280,
            "5.000000" : 1266679808,
            "10.000000" : 3976200192,
            "20.000000" : 4798283776,
            "30.000000" : 4865392640,
            "40.000000" : 4932501504,
            "50.000000" : 4932501504,
            "60.000000" : 4999610368,
            "70.000000" : 4999610368,
            "80.000000" : 4999610368,
            "90.000000" : 5066719232,
            "95.000000" : 5066719232,
            "99.000000" : 5133828096,
            "99.500000" : 5200936960,
            "99.900000" : 5469372416,
            "99.950000" : 5469372416,
            "99.990000" : 5469372416,
            "0.00" : 0,
            "0.00" : 0,
            "0.00" : 0
          }
        },
        "lat_ns" : {
          "min" : 280003,
          "max" : 9786922955,
          "mean" : 4738432624.983101,
          "stddev" : 843998954.755617
        },
        "bw_min" : 6,
        "bw_max" : 325,
        "bw_agg" : 10.194322,
        "bw_mean" : 168.308250,
        "bw_dev" : 117.395794,
        "bw_samples" : 1103,
        "iops_min" : 1,
        "iops_max" : 81,
        "iops_mean" : 41.929284,
        "iops_stddev" : 29.252119,
        "iops_samples" : 1103
      },
      "trim" : {
        "io_bytes" : 0,
        "io_kbytes" : 0,
        "bw" : 0,
        "iops" : 0.000000,
        "runtime" : 0,
        "total_ios" : 0,
        "short_ios" : 0,
        "drop_ios" : 0,
        "slat_ns" : {
          "min" : 0,
          "max" : 0,
          "mean" : 0.000000,
          "stddev" : 0.000000
        },
        "clat_ns" : {
          "min" : 0,
          "max" : 0,
          "mean" : 0.000000,
          "stddev" : 0.000000,
          "percentile" : {
            "1.000000" : 0,
            "5.000000" : 0,
            "10.000000" : 0,
            "20.000000" : 0,
            "30.000000" : 0,
            "40.000000" : 0,
            "50.000000" : 0,
            "60.000000" : 0,
            "70.000000" : 0,
            "80.000000" : 0,
            "90.000000" : 0,
            "95.000000" : 0,
            "99.000000" : 0,
            "99.500000" : 0,
            "99.900000" : 0,
            "99.950000" : 0,
            "99.990000" : 0,
            "0.00" : 0,
            "0.00" : 0,
            "0.00" : 0
          }
        },
        "lat_ns" : {
          "min" : 0,
          "max" : 0,
          "mean" : 0.000000,
          "stddev" : 0.000000
        },
        "bw_min" : 0,
        "bw_max" : 0,
        "bw_agg" : 0.000000,
        "bw_mean" : 0.000000,
        "bw_dev" : 0.000000,
        "bw_samples" : 0,
        "iops_min" : 0,
        "iops_max" : 0,
        "iops_mean" : 0.000000,
        "iops_stddev" : 0.000000,
        "iops_samples" : 0
      },
      "usr_cpu" : 0.005611,
      "sys_cpu" : 0.005843,
      "ctx" : 1964,
      "majf" : 0,
      "minf" : 1431,
      "iodepth_level" : {
        "1" : 0.255072,
        "2" : 0.510143,
        "4" : 1.020286,
        "8" : 2.040572,
        "16" : 4.081145,
        "32" : 92.092782,
        ">=64" : 0.000000
      },
      "latency_ns" : {
        "2" : 0.000000,
        "4" : 0.000000,
        "10" : 0.000000,
        "20" : 0.000000,
        "50" : 0.000000,
        "100" : 0.000000,
        "250" : 0.000000,
        "500" : 0.000000,
        "750" : 0.000000,
        "1000" : 0.000000
      },
      "latency_us" : {
        "2" : 0.000000,
        "4" : 0.000000,
        "10" : 0.000000,
        "20" : 0.000000,
        "50" : 0.000000,
        "100" : 0.000000,
        "250" : 0.000000,
        "500" : 0.047826,
        "750" : 0.035869,
        "1000" : 0.000000
      },
      "latency_ms" : {
        "2" : 0.000000,
        "4" : 0.127536,
        "10" : 0.051811,
        "20" : 0.027898,
        "50" : 0.011956,
        "100" : 0.055797,
        "250" : 2.407238,
        "500" : 1.247459,
        "750" : 0.263043,
        "1000" : 0.378622,
        "2000" : 1.729704,
        ">=2000" : 93.615241
      },
      "latency_depth" : 32,
      "latency_target" : 0,
      "latency_percentile" : 100.000000,
      "latency_window" : 0
    }
  ],
  "disk_util" : [
    {
      "name" : "sda",
      "read_ios" : 36,
      "write_ios" : 25079,
      "read_merges" : 0,
      "write_merges" : 0,
      "read_ticks" : 0,
      "write_ticks" : 8663472,
      "in_queue" : 8670392,
      "util" : 99.610614
    }
  ]
}
