{
  "fio version" : "fio-3.1",
  "timestamp" : 1585436810,
  "timestamp_ms" : 1585436810677,
  "time" : "Sun Mar 29 00:06:50 2020",
  "jobs" : [
    {
      "jobname" : "iotest",
      "groupid" : 0,
      "error" : 0,
      "eta" : 0,
      "elapsed" : 61,
      "job options" : {
        "rw" : "randread",
        "bs" : "4k",
        "ioengine" : "libaio",
        "iodepth" : "4",
        "direct" : "1",
        "invalidate" : "1",
        "refill_buffers" : "1",
        "runtime" : "60",
        "numjobs" : "16",
        "group_reporting" : "1",
        "write_bw_log" : "/fio/singledrive10K//randread-iodepth-4-numjobs-16",
        "write_lat_log" : "/fio/singledrive10K//randread-iodepth-4-numjobs-16",
        "write_iops_log" : "/fio/singledrive10K//randread-iodepth-4-numjobs-16",
        "log_avg_msec" : "500",
        "filename" : "/dev/sda"
      },
      "read" : {
        "io_bytes" : 85905408,
        "io_kbytes" : 83892,
        "bw" : 1392,
        "iops" : 348.099585,
        "runtime" : 60250,
        "total_ios" : 20973,
        "short_ios" : 0,
        "drop_ios" : 0,
        "slat_ns" : {
          "min" : 6648,
          "max" : 250517,
          "mean" : 21271.294140,
          "stddev" : 3596.486482
        },
        "clat_ns" : {
          "min" : 130308,
          "max" : 58139269093,
          "mean" : 183398989.752539,
          "stddev" : 2116006861.103312,
          "percentile" : {
            "1.000000" : 10682368,
            "5.000000" : 14221312,
            "10.000000" : 18481152,
            "20.000000" : 29229056,
            "30.000000" : 42205184,
            "40.000000" : 56885248,
            "50.000000" : 73924608,
            "60.000000" : 94896128,
            "70.000000" : 122159104,
            "80.000000" : 160432128,
            "90.000000" : 238026752,
            "95.000000" : 316669952,
            "99.000000" : 517996544,
            "99.500000" : 608174080,
            "99.900000" : 17112760320,
            "99.950000" : 17112760320,
            "99.990000" : 17112760320,
            "0.00" : 0,
            "0.00" : 0,
            "0.00" : 0
          }
        },
        "lat_ns" : {
          "min" : 3408933,
          "max" : 58139290980,
          "mean" : 183422018.521003,
          "stddev" : 2116006755.155825
        },
        "bw_min" : 16,
        "bw_max" : 267,
        "bw_agg" : 10.841902,
        "bw_mean" : 150.919283,
        "bw_dev" : 40.669274,
        "bw_samples" : 1115,
        "iops_min" : 4,
        "iops_max" : 66,
        "iops_mean" : 37.491480,
        "iops_stddev" : 10.086639,
        "iops_samples" : 1115
      },
      "write" : {
        "io_bytes" : 0,
        "io_kbytes" : 0,
        "bw" : 0,
        "iops" : 0.000000,
        "runtime" : 0,
        "total_ios" : 0,
        "short_ios" : 0,
        "drop_ios" : 0,
        "slat_ns" : {
          "min" : 0,
          "max" : 0,
          "mean" : 0.000000,
          "stddev" : 0.000000
        },
        "clat_ns" : {
          "min" : 0,
          "max" : 0,
          "mean" : 0.000000,
          "stddev" : 0.000000,
          "percentile" : {
            "1.000000" : 0,
            "5.000000" : 0,
            "10.000000" : 0,
            "20.000000" : 0,
            "30.000000" : 0,
            "40.000000" : 0,
            "50.000000" : 0,
            "60.000000" : 0,
            "70.000000" : 0,
            "80.000000" : 0,
            "90.000000" : 0,
            "95.000000" : 0,
            "99.000000" : 0,
            "99.500000" : 0,
            "99.900000" : 0,
            "99.950000" : 0,
            "99.990000" : 0,
            "0.00" : 0,
            "0.00" : 0,
            "0.00" : 0
          }
        },
        "lat_ns" : {
          "min" : 0,
          "max" : 0,
          "mean" : 0.000000,
          "stddev" : 0.000000
        },
        "bw_min" : 0,
        "bw_max" : 0,
        "bw_agg" : 0.000000,
        "bw_mean" : 0.000000,
        "bw_dev" : 0.000000,
        "bw_samples" : 0,
        "iops_min" : 0,
        "iops_max" : 0,
        "iops_mean" : 0.000000,
        "iops_stddev" : 0.000000,
        "iops_samples" : 0
      },
      "trim" : {
        "io_bytes" : 0,
        "io_kbytes" : 0,
        "bw" : 0,
        "iops" : 0.000000,
        "runtime" : 0,
        "total_ios" : 0,
        "short_ios" : 0,
        "drop_ios" : 0,
        "slat_ns" : {
          "min" : 0,
          "max" : 0,
          "mean" : 0.000000,
          "stddev" : 0.000000
        },
        "clat_ns" : {
          "min" : 0,
          "max" : 0,
          "mean" : 0.000000,
          "stddev" : 0.000000,
          "percentile" : {
            "1.000000" : 0,
            "5.000000" : 0,
            "10.000000" : 0,
            "20.000000" : 0,
            "30.000000" : 0,
            "40.000000" : 0,
            "50.000000" : 0,
            "60.000000" : 0,
            "70.000000" : 0,
            "80.000000" : 0,
            "90.000000" : 0,
            "95.000000" : 0,
            "99.000000" : 0,
            "99.500000" : 0,
            "99.900000" : 0,
            "99.950000" : 0,
            "99.990000" : 0,
            "0.00" : 0,
            "0.00" : 0,
            "0.00" : 0
          }
        },
        "lat_ns" : {
          "min" : 0,
          "max" : 0,
          "mean" : 0.000000,
          "stddev" : 0.000000
        },
        "bw_min" : 0,
        "bw_max" : 0,
        "bw_agg" : 0.000000,
        "bw_mean" : 0.000000,
        "bw_dev" : 0.000000,
        "bw_samples" : 0,
        "iops_min" : 0,
        "iops_max" : 0,
        "iops_mean" : 0.000000,
        "iops_stddev" : 0.000000,
        "iops_samples" : 0
      },
      "usr_cpu" : 0.039386,
      "sys_cpu" : 0.074926,
      "ctx" : 20985,
      "majf" : 0,
      "minf" : 376,
      "iodepth_level" : {
        "1" : 0.100000,
        "2" : 0.152577,
        "4" : 99.771134,
        "8" : 0.000000,
        "16" : 0.000000,
        "32" : 0.000000,
        ">=64" : 0.000000
      },
      "latency_ns" : {
        "2" : 0.000000,
        "4" : 0.000000,
        "10" : 0.000000,
        "20" : 0.000000,
        "50" : 0.000000,
        "100" : 0.000000,
        "250" : 0.000000,
        "500" : 0.000000,
        "750" : 0.000000,
        "1000" : 0.000000
      },
      "latency_us" : {
        "2" : 0.000000,
        "4" : 0.000000,
        "10" : 0.000000,
        "20" : 0.000000,
        "50" : 0.000000,
        "100" : 0.000000,
        "250" : 0.010000,
        "500" : 0.000000,
        "750" : 0.000000,
        "1000" : 0.000000
      },
      "latency_ms" : {
        "2" : 0.000000,
        "4" : 0.010000,
        "10" : 0.581700,
        "20" : 10.961713,
        "50" : 23.892624,
        "100" : 26.510275,
        "250" : 29.142230,
        "500" : 7.748057,
        "750" : 0.920231,
        "1000" : 0.081057,
        "2000" : 0.019072,
        ">=2000" : 0.133505
      },
      "latency_depth" : 4,
      "latency_target" : 0,
      "latency_percentile" : 100.000000,
      "latency_window" : 0
    }
  ],
  "disk_util" : [
    {
      "name" : "sda",
      "read_ios" : 20925,
      "write_ios" : 0,
      "read_merges" : 0,
      "write_merges" : 0,
      "read_ticks" : 2332832,
      "write_ticks" : 0,
      "in_queue" : 3841656,
      "util" : 99.986683
    }
  ]
}
