{
  "fio version" : "fio-3.1",
  "timestamp" : 1585438535,
  "timestamp_ms" : 1585438535712,
  "time" : "Sun Mar 29 00:35:35 2020",
  "jobs" : [
    {
      "jobname" : "iotest",
      "groupid" : 0,
      "error" : 0,
      "eta" : 0,
      "elapsed" : 61,
      "job options" : {
        "rw" : "randread",
        "bs" : "4k",
        "ioengine" : "libaio",
        "iodepth" : "64",
        "direct" : "1",
        "invalidate" : "1",
        "refill_buffers" : "1",
        "runtime" : "60",
        "numjobs" : "16",
        "group_reporting" : "1",
        "write_bw_log" : "/fio/singledrive10K//randread-iodepth-64-numjobs-16",
        "write_lat_log" : "/fio/singledrive10K//randread-iodepth-64-numjobs-16",
        "write_iops_log" : "/fio/singledrive10K//randread-iodepth-64-numjobs-16",
        "log_avg_msec" : "500",
        "filename" : "/dev/sda"
      },
      "read" : {
        "io_bytes" : 64421888,
        "io_kbytes" : 62912,
        "bw" : 1037,
        "iops" : 259.371032,
        "runtime" : 60639,
        "total_ios" : 15728,
        "short_ios" : 0,
        "drop_ios" : 0,
        "slat_ns" : {
          "min" : 3782,
          "max" : 2118562007,
          "mean" : 61071452.290183,
          "stddev" : 339890231.469482
        },
        "clat_ns" : {
          "min" : 10684322,
          "max" : 4210335461,
          "mean" : 3762578091.491925,
          "stddev" : 622144564.727083,
          "percentile" : {
            "1.000000" : 851443712,
            "5.000000" : 1988100096,
            "10.000000" : 3774873600,
            "20.000000" : 3841982464,
            "30.000000" : 3875536896,
            "40.000000" : 3909091328,
            "50.000000" : 3942645760,
            "60.000000" : 3976200192,
            "70.000000" : 3976200192,
            "80.000000" : 4009754624,
            "90.000000" : 4043309056,
            "95.000000" : 4043309056,
            "99.000000" : 4076863488,
            "99.500000" : 4110417920,
            "99.900000" : 4143972352,
            "99.950000" : 4211081216,
            "99.990000" : 4211081216,
            "0.00" : 0,
            "0.00" : 0,
            "0.00" : 0
          }
        },
        "lat_ns" : {
          "min" : 10691805,
          "max" : 6112794251,
          "mean" : 3823649906.431777,
          "stddev" : 668215483.876060
        },
        "bw_min" : 7,
        "bw_max" : 260,
        "bw_agg" : 23.962446,
        "bw_mean" : 248.490566,
        "bw_dev" : 47.723891,
        "bw_samples" : 477,
        "iops_min" : 1,
        "iops_max" : 65,
        "iops_mean" : 61.935010,
        "iops_stddev" : 11.912936,
        "iops_samples" : 477
      },
      "write" : {
        "io_bytes" : 0,
        "io_kbytes" : 0,
        "bw" : 0,
        "iops" : 0.000000,
        "runtime" : 0,
        "total_ios" : 0,
        "short_ios" : 0,
        "drop_ios" : 0,
        "slat_ns" : {
          "min" : 0,
          "max" : 0,
          "mean" : 0.000000,
          "stddev" : 0.000000
        },
        "clat_ns" : {
          "min" : 0,
          "max" : 0,
          "mean" : 0.000000,
          "stddev" : 0.000000,
          "percentile" : {
            "1.000000" : 0,
            "5.000000" : 0,
            "10.000000" : 0,
            "20.000000" : 0,
            "30.000000" : 0,
            "40.000000" : 0,
            "50.000000" : 0,
            "60.000000" : 0,
            "70.000000" : 0,
            "80.000000" : 0,
            "90.000000" : 0,
            "95.000000" : 0,
            "99.000000" : 0,
            "99.500000" : 0,
            "99.900000" : 0,
            "99.950000" : 0,
            "99.990000" : 0,
            "0.00" : 0,
            "0.00" : 0,
            "0.00" : 0
          }
        },
        "lat_ns" : {
          "min" : 0,
          "max" : 0,
          "mean" : 0.000000,
          "stddev" : 0.000000
        },
        "bw_min" : 0,
        "bw_max" : 0,
        "bw_agg" : 0.000000,
        "bw_mean" : 0.000000,
        "bw_dev" : 0.000000,
        "bw_samples" : 0,
        "iops_min" : 0,
        "iops_max" : 0,
        "iops_mean" : 0.000000,
        "iops_stddev" : 0.000000,
        "iops_samples" : 0
      },
      "trim" : {
        "io_bytes" : 0,
        "io_kbytes" : 0,
        "bw" : 0,
        "iops" : 0.000000,
        "runtime" : 0,
        "total_ios" : 0,
        "short_ios" : 0,
        "drop_ios" : 0,
        "slat_ns" : {
          "min" : 0,
          "max" : 0,
          "mean" : 0.000000,
          "stddev" : 0.000000
        },
        "clat_ns" : {
          "min" : 0,
          "max" : 0,
          "mean" : 0.000000,
          "stddev" : 0.000000,
          "percentile" : {
            "1.000000" : 0,
            "5.000000" : 0,
            "10.000000" : 0,
            "20.000000" : 0,
            "30.000000" : 0,
            "40.000000" : 0,
            "50.000000" : 0,
            "60.000000" : 0,
            "70.000000" : 0,
            "80.000000" : 0,
            "90.000000" : 0,
            "95.000000" : 0,
            "99.000000" : 0,
            "99.500000" : 0,
            "99.900000" : 0,
            "99.950000" : 0,
            "99.990000" : 0,
            "0.00" : 0,
            "0.00" : 0,
            "0.00" : 0
          }
        },
        "lat_ns" : {
          "min" : 0,
          "max" : 0,
          "mean" : 0.000000,
          "stddev" : 0.000000
        },
        "bw_min" : 0,
        "bw_max" : 0,
        "bw_agg" : 0.000000,
        "bw_mean" : 0.000000,
        "bw_dev" : 0.000000,
        "bw_samples" : 0,
        "iops_min" : 0,
        "iops_max" : 0,
        "iops_mean" : 0.000000,
        "iops_stddev" : 0.000000,
        "iops_samples" : 0
      },
      "usr_cpu" : 0.005489,
      "sys_cpu" : 0.008906,
      "ctx" : 640,
      "majf" : 0,
      "minf" : 1347,
      "iodepth_level" : {
        "1" : 0.101729,
        "2" : 0.203459,
        "4" : 0.406918,
        "8" : 0.813835,
        "16" : 1.627670,
        "32" : 3.255341,
        ">=64" : 93.591048
      },
      "latency_ns" : {
        "2" : 0.000000,
        "4" : 0.000000,
        "10" : 0.000000,
        "20" : 0.000000,
        "50" : 0.000000,
        "100" : 0.000000,
        "250" : 0.000000,
        "500" : 0.000000,
        "750" : 0.000000,
        "1000" : 0.000000
      },
      "latency_us" : {
        "2" : 0.000000,
        "4" : 0.000000,
        "10" : 0.000000,
        "20" : 0.000000,
        "50" : 0.000000,
        "100" : 0.000000,
        "250" : 0.000000,
        "500" : 0.000000,
        "750" : 0.000000,
        "1000" : 0.000000
      },
      "latency_ms" : {
        "2" : 0.000000,
        "4" : 0.000000,
        "10" : 0.000000,
        "20" : 0.010000,
        "50" : 0.000000,
        "100" : 0.010000,
        "250" : 0.044507,
        "500" : 0.050865,
        "750" : 0.623093,
        "1000" : 0.610376,
        "2000" : 4.050102,
        ">=2000" : 94.608342
      },
      "latency_depth" : 64,
      "latency_target" : 0,
      "latency_percentile" : 100.000000,
      "latency_window" : 0
    }
  ],
  "disk_util" : [
    {
      "name" : "sda",
      "read_ios" : 15714,
      "write_ios" : 0,
      "read_merges" : 0,
      "write_merges" : 0,
      "read_ticks" : 8643144,
      "write_ticks" : 0,
      "in_queue" : 8652480,
      "util" : 99.803912
    }
  ]
}
