{
  "fio version" : "fio-3.1",
  "timestamp" : 1585437918,
  "timestamp_ms" : 1585437918710,
  "time" : "Sun Mar 29 00:25:18 2020",
  "jobs" : [
    {
      "jobname" : "iotest",
      "groupid" : 0,
      "error" : 0,
      "eta" : 0,
      "elapsed" : 61,
      "job options" : {
        "rw" : "randread",
        "bs" : "4k",
        "ioengine" : "libaio",
        "iodepth" : "32",
        "direct" : "1",
        "invalidate" : "1",
        "refill_buffers" : "1",
        "runtime" : "60",
        "numjobs" : "2",
        "group_reporting" : "1",
        "write_bw_log" : "/fio/singledrive10K//randread-iodepth-32-numjobs-2",
        "write_lat_log" : "/fio/singledrive10K//randread-iodepth-32-numjobs-2",
        "write_iops_log" : "/fio/singledrive10K//randread-iodepth-32-numjobs-2",
        "log_avg_msec" : "500",
        "filename" : "/dev/sda"
      },
      "read" : {
        "io_bytes" : 66019328,
        "io_kbytes" : 64472,
        "bw" : 1069,
        "iops" : 267.407715,
        "runtime" : 60275,
        "total_ios" : 16118,
        "short_ios" : 0,
        "drop_ios" : 0,
        "slat_ns" : {
          "min" : 6683,
          "max" : 226706,
          "mean" : 20203.053915,
          "stddev" : 2942.213378
        },
        "clat_ns" : {
          "min" : 3591212,
          "max" : 1560230199,
          "mean" : 239238261.703809,
          "stddev" : 188592792.561390,
          "percentile" : {
            "1.000000" : 14221312,
            "5.000000" : 29753344,
            "10.000000" : 45875200,
            "20.000000" : 93847552,
            "30.000000" : 158334976,
            "40.000000" : 185597952,
            "50.000000" : 206569472,
            "60.000000" : 225443840,
            "70.000000" : 250609664,
            "80.000000" : 304087040,
            "90.000000" : 455081984,
            "95.000000" : 633339904,
            "99.000000" : 994050048,
            "99.500000" : 1082130432,
            "99.900000" : 1249902592,
            "99.950000" : 1300234240,
            "99.990000" : 1451229184,
            "0.00" : 0,
            "0.00" : 0,
            "0.00" : 0
          }
        },
        "lat_ns" : {
          "min" : 3603567,
          "max" : 1560255792,
          "mean" : 239259478.192952,
          "stddev" : 188592764.393437
        },
        "bw_min" : 416,
        "bw_max" : 672,
        "bw_agg" : 50.242438,
        "bw_mean" : 537.091667,
        "bw_dev" : 56.174861,
        "bw_samples" : 240,
        "iops_min" : 104,
        "iops_max" : 168,
        "iops_mean" : 134.170833,
        "iops_stddev" : 14.133552,
        "iops_samples" : 240
      },
      "write" : {
        "io_bytes" : 0,
        "io_kbytes" : 0,
        "bw" : 0,
        "iops" : 0.000000,
        "runtime" : 0,
        "total_ios" : 0,
        "short_ios" : 0,
        "drop_ios" : 0,
        "slat_ns" : {
          "min" : 0,
          "max" : 0,
          "mean" : 0.000000,
          "stddev" : 0.000000
        },
        "clat_ns" : {
          "min" : 0,
          "max" : 0,
          "mean" : 0.000000,
          "stddev" : 0.000000,
          "percentile" : {
            "1.000000" : 0,
            "5.000000" : 0,
            "10.000000" : 0,
            "20.000000" : 0,
            "30.000000" : 0,
            "40.000000" : 0,
            "50.000000" : 0,
            "60.000000" : 0,
            "70.000000" : 0,
            "80.000000" : 0,
            "90.000000" : 0,
            "95.000000" : 0,
            "99.000000" : 0,
            "99.500000" : 0,
            "99.900000" : 0,
            "99.950000" : 0,
            "99.990000" : 0,
            "0.00" : 0,
            "0.00" : 0,
            "0.00" : 0
          }
        },
        "lat_ns" : {
          "min" : 0,
          "max" : 0,
          "mean" : 0.000000,
          "stddev" : 0.000000
        },
        "bw_min" : 0,
        "bw_max" : 0,
        "bw_agg" : 0.000000,
        "bw_mean" : 0.000000,
        "bw_dev" : 0.000000,
        "bw_samples" : 0,
        "iops_min" : 0,
        "iops_max" : 0,
        "iops_mean" : 0.000000,
        "iops_stddev" : 0.000000,
        "iops_samples" : 0
      },
      "trim" : {
        "io_bytes" : 0,
        "io_kbytes" : 0,
        "bw" : 0,
        "iops" : 0.000000,
        "runtime" : 0,
        "total_ios" : 0,
        "short_ios" : 0,
        "drop_ios" : 0,
        "slat_ns" : {
          "min" : 0,
          "max" : 0,
          "mean" : 0.000000,
          "stddev" : 0.000000
        },
        "clat_ns" : {
          "min" : 0,
          "max" : 0,
          "mean" : 0.000000,
          "stddev" : 0.000000,
          "percentile" : {
            "1.000000" : 0,
            "5.000000" : 0,
            "10.000000" : 0,
            "20.000000" : 0,
            "30.000000" : 0,
            "40.000000" : 0,
            "50.000000" : 0,
            "60.000000" : 0,
            "70.000000" : 0,
            "80.000000" : 0,
            "90.000000" : 0,
            "95.000000" : 0,
            "99.000000" : 0,
            "99.500000" : 0,
            "99.900000" : 0,
            "99.950000" : 0,
            "99.990000" : 0,
            "0.00" : 0,
            "0.00" : 0,
            "0.00" : 0
          }
        },
        "lat_ns" : {
          "min" : 0,
          "max" : 0,
          "mean" : 0.000000,
          "stddev" : 0.000000
        },
        "bw_min" : 0,
        "bw_max" : 0,
        "bw_agg" : 0.000000,
        "bw_mean" : 0.000000,
        "bw_dev" : 0.000000,
        "bw_samples" : 0,
        "iops_min" : 0,
        "iops_max" : 0,
        "iops_mean" : 0.000000,
        "iops_stddev" : 0.000000,
        "iops_samples" : 0
      },
      "usr_cpu" : 0.209899,
      "sys_cpu" : 0.438880,
      "ctx" : 16122,
      "majf" : 0,
      "minf" : 105,
      "iodepth_level" : {
        "1" : 0.100000,
        "2" : 0.100000,
        "4" : 0.100000,
        "8" : 0.100000,
        "16" : 0.198536,
        "32" : 99.615337,
        ">=64" : 0.000000
      },
      "latency_ns" : {
        "2" : 0.000000,
        "4" : 0.000000,
        "10" : 0.000000,
        "20" : 0.000000,
        "50" : 0.000000,
        "100" : 0.000000,
        "250" : 0.000000,
        "500" : 0.000000,
        "750" : 0.000000,
        "1000" : 0.000000
      },
      "latency_us" : {
        "2" : 0.000000,
        "4" : 0.000000,
        "10" : 0.000000,
        "20" : 0.000000,
        "50" : 0.000000,
        "100" : 0.000000,
        "250" : 0.000000,
        "500" : 0.000000,
        "750" : 0.000000,
        "1000" : 0.000000
      },
      "latency_ms" : {
        "2" : 0.000000,
        "4" : 0.010000,
        "10" : 0.279191,
        "20" : 1.935724,
        "50" : 9.114034,
        "100" : 9.387021,
        "250" : 49.174836,
        "500" : 21.832734,
        "750" : 5.068867,
        "1000" : 2.227323,
        "2000" : 0.974066,
        ">=2000" : 0.000000
      },
      "latency_depth" : 32,
      "latency_target" : 0,
      "latency_percentile" : 100.000000,
      "latency_window" : 0
    }
  ],
  "disk_util" : [
    {
      "name" : "sda",
      "read_ios" : 16082,
      "write_ios" : 0,
      "read_merges" : 0,
      "write_merges" : 0,
      "read_ticks" : 3835948,
      "write_ticks" : 0,
      "in_queue" : 3845080,
      "util" : 99.853840
    }
  ]
}
