{
  "fio version" : "fio-3.1",
  "timestamp" : 1585438412,
  "timestamp_ms" : 1585438412202,
  "time" : "Sun Mar 29 00:33:32 2020",
  "jobs" : [
    {
      "jobname" : "iotest",
      "groupid" : 0,
      "error" : 0,
      "eta" : 0,
      "elapsed" : 61,
      "job options" : {
        "rw" : "randread",
        "bs" : "4k",
        "ioengine" : "libaio",
        "iodepth" : "64",
        "direct" : "1",
        "invalidate" : "1",
        "refill_buffers" : "1",
        "runtime" : "60",
        "numjobs" : "4",
        "group_reporting" : "1",
        "write_bw_log" : "/fio/singledrive10K//randread-iodepth-64-numjobs-4",
        "write_lat_log" : "/fio/singledrive10K//randread-iodepth-64-numjobs-4",
        "write_iops_log" : "/fio/singledrive10K//randread-iodepth-64-numjobs-4",
        "log_avg_msec" : "500",
        "filename" : "/dev/sda"
      },
      "read" : {
        "io_bytes" : 68046848,
        "io_kbytes" : 66452,
        "bw" : 1097,
        "iops" : 274.273167,
        "runtime" : 60571,
        "total_ios" : 16613,
        "short_ios" : 0,
        "drop_ios" : 0,
        "slat_ns" : {
          "min" : 3690,
          "max" : 548625000,
          "mean" : 14302722.642689,
          "stddev" : 79759282.113967
        },
        "clat_ns" : {
          "min" : 10487979,
          "max" : 4063597436,
          "mean" : 916269839.554567,
          "stddev" : 482827185.259085,
          "percentile" : {
            "1.000000" : 413138944,
            "5.000000" : 438304768,
            "10.000000" : 446693376,
            "20.000000" : 463470592,
            "30.000000" : 488636416,
            "40.000000" : 868220928,
            "50.000000" : 910163968,
            "60.000000" : 926941184,
            "70.000000" : 952107008,
            "80.000000" : 1350565888,
            "90.000000" : 1468006400,
            "95.000000" : 1870659584,
            "99.000000" : 2432696320,
            "99.500000" : 2768240640,
            "99.900000" : 3204448256,
            "99.950000" : 3271557120,
            "99.990000" : 3607101440,
            "0.00" : 0,
            "0.00" : 0,
            "0.00" : 0
          }
        },
        "lat_ns" : {
          "min" : 10492445,
          "max" : 4063603187,
          "mean" : 930572870.559984,
          "stddev" : 488273294.336123
        },
        "bw_min" : 8,
        "bw_max" : 520,
        "bw_agg" : 25.029626,
        "bw_mean" : 274.575000,
        "bw_dev" : 74.556550,
        "bw_samples" : 480,
        "iops_min" : 2,
        "iops_max" : 130,
        "iops_mean" : 68.235417,
        "iops_stddev" : 18.620056,
        "iops_samples" : 480
      },
      "write" : {
        "io_bytes" : 0,
        "io_kbytes" : 0,
        "bw" : 0,
        "iops" : 0.000000,
        "runtime" : 0,
        "total_ios" : 0,
        "short_ios" : 0,
        "drop_ios" : 0,
        "slat_ns" : {
          "min" : 0,
          "max" : 0,
          "mean" : 0.000000,
          "stddev" : 0.000000
        },
        "clat_ns" : {
          "min" : 0,
          "max" : 0,
          "mean" : 0.000000,
          "stddev" : 0.000000,
          "percentile" : {
            "1.000000" : 0,
            "5.000000" : 0,
            "10.000000" : 0,
            "20.000000" : 0,
            "30.000000" : 0,
            "40.000000" : 0,
            "50.000000" : 0,
            "60.000000" : 0,
            "70.000000" : 0,
            "80.000000" : 0,
            "90.000000" : 0,
            "95.000000" : 0,
            "99.000000" : 0,
            "99.500000" : 0,
            "99.900000" : 0,
            "99.950000" : 0,
            "99.990000" : 0,
            "0.00" : 0,
            "0.00" : 0,
            "0.00" : 0
          }
        },
        "lat_ns" : {
          "min" : 0,
          "max" : 0,
          "mean" : 0.000000,
          "stddev" : 0.000000
        },
        "bw_min" : 0,
        "bw_max" : 0,
        "bw_agg" : 0.000000,
        "bw_mean" : 0.000000,
        "bw_dev" : 0.000000,
        "bw_samples" : 0,
        "iops_min" : 0,
        "iops_max" : 0,
        "iops_mean" : 0.000000,
        "iops_stddev" : 0.000000,
        "iops_samples" : 0
      },
      "trim" : {
        "io_bytes" : 0,
        "io_kbytes" : 0,
        "bw" : 0,
        "iops" : 0.000000,
        "runtime" : 0,
        "total_ios" : 0,
        "short_ios" : 0,
        "drop_ios" : 0,
        "slat_ns" : {
          "min" : 0,
          "max" : 0,
          "mean" : 0.000000,
          "stddev" : 0.000000
        },
        "clat_ns" : {
          "min" : 0,
          "max" : 0,
          "mean" : 0.000000,
          "stddev" : 0.000000,
          "percentile" : {
            "1.000000" : 0,
            "5.000000" : 0,
            "10.000000" : 0,
            "20.000000" : 0,
            "30.000000" : 0,
            "40.000000" : 0,
            "50.000000" : 0,
            "60.000000" : 0,
            "70.000000" : 0,
            "80.000000" : 0,
            "90.000000" : 0,
            "95.000000" : 0,
            "99.000000" : 0,
            "99.500000" : 0,
            "99.900000" : 0,
            "99.950000" : 0,
            "99.990000" : 0,
            "0.00" : 0,
            "0.00" : 0,
            "0.00" : 0
          }
        },
        "lat_ns" : {
          "min" : 0,
          "max" : 0,
          "mean" : 0.000000,
          "stddev" : 0.000000
        },
        "bw_min" : 0,
        "bw_max" : 0,
        "bw_agg" : 0.000000,
        "bw_mean" : 0.000000,
        "bw_dev" : 0.000000,
        "bw_samples" : 0,
        "iops_min" : 0,
        "iops_max" : 0,
        "iops_mean" : 0.000000,
        "iops_stddev" : 0.000000,
        "iops_samples" : 0
      },
      "usr_cpu" : 0.023561,
      "sys_cpu" : 0.039268,
      "ctx" : 770,
      "majf" : 0,
      "minf" : 341,
      "iodepth_level" : {
        "1" : 0.100000,
        "2" : 0.100000,
        "4" : 0.100000,
        "8" : 0.192620,
        "16" : 0.385240,
        "32" : 0.770481,
        ">=64" : 98.483116
      },
      "latency_ns" : {
        "2" : 0.000000,
        "4" : 0.000000,
        "10" : 0.000000,
        "20" : 0.000000,
        "50" : 0.000000,
        "100" : 0.000000,
        "250" : 0.000000,
        "500" : 0.000000,
        "750" : 0.000000,
        "1000" : 0.000000
      },
      "latency_us" : {
        "2" : 0.000000,
        "4" : 0.000000,
        "10" : 0.000000,
        "20" : 0.000000,
        "50" : 0.000000,
        "100" : 0.000000,
        "250" : 0.000000,
        "500" : 0.000000,
        "750" : 0.000000,
        "1000" : 0.000000
      },
      "latency_ms" : {
        "2" : 0.000000,
        "4" : 0.000000,
        "10" : 0.000000,
        "20" : 0.048155,
        "50" : 0.018058,
        "100" : 0.018058,
        "250" : 0.010000,
        "500" : 32.926022,
        "750" : 4.815506,
        "1000" : 38.223078,
        "2000" : 21.007645,
        ">=2000" : 2.937459
      },
      "latency_depth" : 64,
      "latency_target" : 0,
      "latency_percentile" : 100.000000,
      "latency_window" : 0
    }
  ],
  "disk_util" : [
    {
      "name" : "sda",
      "read_ios" : 16552,
      "write_ios" : 0,
      "read_merges" : 0,
      "write_merges" : 0,
      "read_ticks" : 8601532,
      "write_ticks" : 0,
      "in_queue" : 8638668,
      "util" : 100.000000
    }
  ]
}
