{
  "fio version" : "fio-3.1",
  "timestamp" : 1585437302,
  "timestamp_ms" : 1585437302917,
  "time" : "Sun Mar 29 00:15:02 2020",
  "jobs" : [
    {
      "jobname" : "iotest",
      "groupid" : 0,
      "error" : 0,
      "eta" : 0,
      "elapsed" : 62,
      "job options" : {
        "rw" : "randread",
        "bs" : "4k",
        "ioengine" : "libaio",
        "iodepth" : "8",
        "direct" : "1",
        "invalidate" : "1",
        "refill_buffers" : "1",
        "runtime" : "60",
        "numjobs" : "32",
        "group_reporting" : "1",
        "write_bw_log" : "/fio/singledrive10K//randread-iodepth-8-numjobs-32",
        "write_lat_log" : "/fio/singledrive10K//randread-iodepth-8-numjobs-32",
        "write_iops_log" : "/fio/singledrive10K//randread-iodepth-8-numjobs-32",
        "log_avg_msec" : "500",
        "filename" : "/dev/sda"
      },
      "read" : {
        "io_bytes" : 64860160,
        "io_kbytes" : 63340,
        "bw" : 1042,
        "iops" : 260.636985,
        "runtime" : 60755,
        "total_ios" : 15835,
        "short_ios" : 0,
        "drop_ios" : 0,
        "slat_ns" : {
          "min" : 3567,
          "max" : 739384070,
          "mean" : 76356504.260246,
          "stddev" : 192629340.734194
        },
        "clat_ns" : {
          "min" : 6167533,
          "max" : 3083091301,
          "mean" : 898765769.514872,
          "stddev" : 361370154.644187,
          "percentile" : {
            "1.000000" : 73924608,
            "5.000000" : 270532608,
            "10.000000" : 526385152,
            "20.000000" : 650117120,
            "30.000000" : 708837376,
            "40.000000" : 767557632,
            "50.000000" : 868220928,
            "60.000000" : 977272832,
            "70.000000" : 1069547520,
            "80.000000" : 1166016512,
            "90.000000" : 1300234240,
            "95.000000" : 1468006400,
            "99.000000" : 1988100096,
            "99.500000" : 2105540608,
            "99.900000" : 2499805184,
            "99.950000" : 2667577344,
            "99.990000" : 2768240640,
            "0.00" : 0,
            "0.00" : 0,
            "0.00" : 0
          }
        },
        "lat_ns" : {
          "min" : 6174459,
          "max" : 3083095640,
          "mean" : 975123048.163246,
          "stddev" : 392963644.517206
        },
        "bw_min" : 7,
        "bw_max" : 113,
        "bw_agg" : 3.502865,
        "bw_mean" : 36.499854,
        "bw_dev" : 22.497882,
        "bw_samples" : 3419,
        "iops_min" : 1,
        "iops_max" : 28,
        "iops_mean" : 9.101784,
        "iops_stddev" : 5.616383,
        "iops_samples" : 3419
      },
      "write" : {
        "io_bytes" : 0,
        "io_kbytes" : 0,
        "bw" : 0,
        "iops" : 0.000000,
        "runtime" : 0,
        "total_ios" : 0,
        "short_ios" : 0,
        "drop_ios" : 0,
        "slat_ns" : {
          "min" : 0,
          "max" : 0,
          "mean" : 0.000000,
          "stddev" : 0.000000
        },
        "clat_ns" : {
          "min" : 0,
          "max" : 0,
          "mean" : 0.000000,
          "stddev" : 0.000000,
          "percentile" : {
            "1.000000" : 0,
            "5.000000" : 0,
            "10.000000" : 0,
            "20.000000" : 0,
            "30.000000" : 0,
            "40.000000" : 0,
            "50.000000" : 0,
            "60.000000" : 0,
            "70.000000" : 0,
            "80.000000" : 0,
            "90.000000" : 0,
            "95.000000" : 0,
            "99.000000" : 0,
            "99.500000" : 0,
            "99.900000" : 0,
            "99.950000" : 0,
            "99.990000" : 0,
            "0.00" : 0,
            "0.00" : 0,
            "0.00" : 0
          }
        },
        "lat_ns" : {
          "min" : 0,
          "max" : 0,
          "mean" : 0.000000,
          "stddev" : 0.000000
        },
        "bw_min" : 0,
        "bw_max" : 0,
        "bw_agg" : 0.000000,
        "bw_mean" : 0.000000,
        "bw_dev" : 0.000000,
        "bw_samples" : 0,
        "iops_min" : 0,
        "iops_max" : 0,
        "iops_mean" : 0.000000,
        "iops_stddev" : 0.000000,
        "iops_samples" : 0
      },
      "trim" : {
        "io_bytes" : 0,
        "io_kbytes" : 0,
        "bw" : 0,
        "iops" : 0.000000,
        "runtime" : 0,
        "total_ios" : 0,
        "short_ios" : 0,
        "drop_ios" : 0,
        "slat_ns" : {
          "min" : 0,
          "max" : 0,
          "mean" : 0.000000,
          "stddev" : 0.000000
        },
        "clat_ns" : {
          "min" : 0,
          "max" : 0,
          "mean" : 0.000000,
          "stddev" : 0.000000,
          "percentile" : {
            "1.000000" : 0,
            "5.000000" : 0,
            "10.000000" : 0,
            "20.000000" : 0,
            "30.000000" : 0,
            "40.000000" : 0,
            "50.000000" : 0,
            "60.000000" : 0,
            "70.000000" : 0,
            "80.000000" : 0,
            "90.000000" : 0,
            "95.000000" : 0,
            "99.000000" : 0,
            "99.500000" : 0,
            "99.900000" : 0,
            "99.950000" : 0,
            "99.990000" : 0,
            "0.00" : 0,
            "0.00" : 0,
            "0.00" : 0
          }
        },
        "lat_ns" : {
          "min" : 0,
          "max" : 0,
          "mean" : 0.000000,
          "stddev" : 0.000000
        },
        "bw_min" : 0,
        "bw_max" : 0,
        "bw_agg" : 0.000000,
        "bw_mean" : 0.000000,
        "bw_dev" : 0.000000,
        "bw_samples" : 0,
        "iops_min" : 0,
        "iops_max" : 0,
        "iops_mean" : 0.000000,
        "iops_stddev" : 0.000000,
        "iops_samples" : 0
      },
      "usr_cpu" : 0.004806,
      "sys_cpu" : 0.011420,
      "ctx" : 4932,
      "majf" : 0,
      "minf" : 954,
      "iodepth_level" : {
        "1" : 0.202084,
        "2" : 0.404168,
        "4" : 0.808336,
        "8" : 98.585412,
        "16" : 0.000000,
        "32" : 0.000000,
        ">=64" : 0.000000
      },
      "latency_ns" : {
        "2" : 0.000000,
        "4" : 0.000000,
        "10" : 0.000000,
        "20" : 0.000000,
        "50" : 0.000000,
        "100" : 0.000000,
        "250" : 0.000000,
        "500" : 0.000000,
        "750" : 0.000000,
        "1000" : 0.000000
      },
      "latency_us" : {
        "2" : 0.000000,
        "4" : 0.000000,
        "10" : 0.000000,
        "20" : 0.000000,
        "50" : 0.000000,
        "100" : 0.000000,
        "250" : 0.000000,
        "500" : 0.000000,
        "750" : 0.000000,
        "1000" : 0.000000
      },
      "latency_ms" : {
        "2" : 0.000000,
        "4" : 0.000000,
        "10" : 0.025260,
        "20" : 0.113672,
        "50" : 0.473634,
        "100" : 0.675718,
        "250" : 3.454373,
        "500" : 4.837386,
        "750" : 27.698137,
        "1000" : 25.311020,
        "2000" : 36.501421,
        ">=2000" : 0.909378
      },
      "latency_depth" : 8,
      "latency_target" : 0,
      "latency_percentile" : 100.000000,
      "latency_window" : 0
    }
  ],
  "disk_util" : [
    {
      "name" : "sda",
      "read_ios" : 15789,
      "write_ios" : 0,
      "read_merges" : 0,
      "write_merges" : 0,
      "read_ticks" : 7891268,
      "write_ticks" : 0,
      "in_queue" : 7924444,
      "util" : 99.838460
    }
  ]
}
