{
  "fio version" : "fio-3.1",
  "timestamp" : 1585441117,
  "timestamp_ms" : 1585441117384,
  "time" : "Sun Mar 29 01:18:37 2020",
  "jobs" : [
    {
      "jobname" : "iotest",
      "groupid" : 0,
      "error" : 0,
      "eta" : 0,
      "elapsed" : 61,
      "job options" : {
        "rw" : "randwrite",
        "bs" : "4k",
        "ioengine" : "libaio",
        "iodepth" : "32",
        "direct" : "1",
        "invalidate" : "1",
        "refill_buffers" : "1",
        "runtime" : "60",
        "numjobs" : "16",
        "group_reporting" : "1",
        "write_bw_log" : "/fio/singledrive10K//randwrite-iodepth-32-numjobs-16",
        "write_lat_log" : "/fio/singledrive10K//randwrite-iodepth-32-numjobs-16",
        "write_iops_log" : "/fio/singledrive10K//randwrite-iodepth-32-numjobs-16",
        "log_avg_msec" : "500",
        "filename" : "/dev/sda"
      },
      "read" : {
        "io_bytes" : 0,
        "io_kbytes" : 0,
        "bw" : 0,
        "iops" : 0.000000,
        "runtime" : 0,
        "total_ios" : 0,
        "short_ios" : 0,
        "drop_ios" : 0,
        "slat_ns" : {
          "min" : 0,
          "max" : 0,
          "mean" : 0.000000,
          "stddev" : 0.000000
        },
        "clat_ns" : {
          "min" : 0,
          "max" : 0,
          "mean" : 0.000000,
          "stddev" : 0.000000,
          "percentile" : {
            "1.000000" : 0,
            "5.000000" : 0,
            "10.000000" : 0,
            "20.000000" : 0,
            "30.000000" : 0,
            "40.000000" : 0,
            "50.000000" : 0,
            "60.000000" : 0,
            "70.000000" : 0,
            "80.000000" : 0,
            "90.000000" : 0,
            "95.000000" : 0,
            "99.000000" : 0,
            "99.500000" : 0,
            "99.900000" : 0,
            "99.950000" : 0,
            "99.990000" : 0,
            "0.00" : 0,
            "0.00" : 0,
            "0.00" : 0
          }
        },
        "lat_ns" : {
          "min" : 0,
          "max" : 0,
          "mean" : 0.000000,
          "stddev" : 0.000000
        },
        "bw_min" : 0,
        "bw_max" : 0,
        "bw_agg" : 0.000000,
        "bw_mean" : 0.000000,
        "bw_dev" : 0.000000,
        "bw_samples" : 0,
        "iops_min" : 0,
        "iops_max" : 0,
        "iops_mean" : 0.000000,
        "iops_stddev" : 0.000000,
        "iops_samples" : 0
      },
      "write" : {
        "io_bytes" : 103608320,
        "io_kbytes" : 101180,
        "bw" : 1671,
        "iops" : 417.850535,
        "runtime" : 60536,
        "total_ios" : 25295,
        "short_ios" : 0,
        "drop_ios" : 0,
        "slat_ns" : {
          "min" : 3503,
          "max" : 1140142767,
          "mean" : 31526193.709271,
          "stddev" : 176254646.471397
        },
        "clat_ns" : {
          "min" : 296410,
          "max" : 1542830431,
          "mean" : 1186040641.769837,
          "stddev" : 217469149.375472,
          "percentile" : {
            "1.000000" : 152043520,
            "5.000000" : 910163968,
            "10.000000" : 1132462080,
            "20.000000" : 1166016512,
            "30.000000" : 1216348160,
            "40.000000" : 1216348160,
            "50.000000" : 1233125376,
            "60.000000" : 1233125376,
            "70.000000" : 1249902592,
            "80.000000" : 1266679808,
            "90.000000" : 1317011456,
            "95.000000" : 1333788672,
            "99.000000" : 1400897536,
            "99.500000" : 1417674752,
            "99.900000" : 1535115264,
            "99.950000" : 1535115264,
            "99.990000" : 1535115264,
            "0.00" : 0,
            "0.00" : 0,
            "0.00" : 0
          }
        },
        "lat_ns" : {
          "min" : 307581,
          "max" : 2273139663,
          "mean" : 1217567198.054280,
          "stddev" : 146054092.620597
        },
        "bw_min" : 7,
        "bw_max" : 328,
        "bw_agg" : 10.768046,
        "bw_mean" : 179.934056,
        "bw_dev" : 112.850339,
        "bw_samples" : 1107,
        "iops_min" : 1,
        "iops_max" : 82,
        "iops_mean" : 44.812105,
        "iops_stddev" : 28.106600,
        "iops_samples" : 1107
      },
      "trim" : {
        "io_bytes" : 0,
        "io_kbytes" : 0,
        "bw" : 0,
        "iops" : 0.000000,
        "runtime" : 0,
        "total_ios" : 0,
        "short_ios" : 0,
        "drop_ios" : 0,
        "slat_ns" : {
          "min" : 0,
          "max" : 0,
          "mean" : 0.000000,
          "stddev" : 0.000000
        },
        "clat_ns" : {
          "min" : 0,
          "max" : 0,
          "mean" : 0.000000,
          "stddev" : 0.000000,
          "percentile" : {
            "1.000000" : 0,
            "5.000000" : 0,
            "10.000000" : 0,
            "20.000000" : 0,
            "30.000000" : 0,
            "40.000000" : 0,
            "50.000000" : 0,
            "60.000000" : 0,
            "70.000000" : 0,
            "80.000000" : 0,
            "90.000000" : 0,
            "95.000000" : 0,
            "99.000000" : 0,
            "99.500000" : 0,
            "99.900000" : 0,
            "99.950000" : 0,
            "99.990000" : 0,
            "0.00" : 0,
            "0.00" : 0,
            "0.00" : 0
          }
        },
        "lat_ns" : {
          "min" : 0,
          "max" : 0,
          "mean" : 0.000000,
          "stddev" : 0.000000
        },
        "bw_min" : 0,
        "bw_max" : 0,
        "bw_agg" : 0.000000,
        "bw_mean" : 0.000000,
        "bw_dev" : 0.000000,
        "bw_samples" : 0,
        "iops_min" : 0,
        "iops_max" : 0,
        "iops_mean" : 0.000000,
        "iops_stddev" : 0.000000,
        "iops_samples" : 0
      },
      "usr_cpu" : 0.012412,
      "sys_cpu" : 0.019963,
      "ctx" : 1799,
      "majf" : 0,
      "minf" : 409,
      "iodepth_level" : {
        "1" : 0.100000,
        "2" : 0.126507,
        "4" : 0.253014,
        "8" : 0.506029,
        "16" : 1.012058,
        "32" : 98.039138,
        ">=64" : 0.000000
      },
      "latency_ns" : {
        "2" : 0.000000,
        "4" : 0.000000,
        "10" : 0.000000,
        "20" : 0.000000,
        "50" : 0.000000,
        "100" : 0.000000,
        "250" : 0.000000,
        "500" : 0.000000,
        "750" : 0.000000,
        "1000" : 0.000000
      },
      "latency_us" : {
        "2" : 0.000000,
        "4" : 0.000000,
        "10" : 0.000000,
        "20" : 0.000000,
        "50" : 0.000000,
        "100" : 0.000000,
        "250" : 0.000000,
        "500" : 0.031627,
        "750" : 0.000000,
        "1000" : 0.000000
      },
      "latency_ms" : {
        "2" : 0.010000,
        "4" : 0.253014,
        "10" : 0.010000,
        "20" : 0.031627,
        "50" : 0.130461,
        "100" : 0.051394,
        "250" : 2.435264,
        "500" : 0.861830,
        "750" : 0.739277,
        "1000" : 0.857877,
        "2000" : 94.599723,
        ">=2000" : 0.000000
      },
      "latency_depth" : 32,
      "latency_target" : 0,
      "latency_percentile" : 100.000000,
      "latency_window" : 0
    }
  ],
  "disk_util" : [
    {
      "name" : "sda",
      "read_ios" : 39,
      "write_ios" : 25190,
      "read_merges" : 0,
      "write_merges" : 0,
      "read_ticks" : 0,
      "write_ticks" : 8608256,
      "in_queue" : 8645948,
      "util" : 99.980109
    }
  ]
}
