{
  "fio version" : "fio-3.1",
  "timestamp" : 1585437240,
  "timestamp_ms" : 1585437240978,
  "time" : "Sun Mar 29 00:14:00 2020",
  "jobs" : [
    {
      "jobname" : "iotest",
      "groupid" : 0,
      "error" : 0,
      "eta" : 0,
      "elapsed" : 61,
      "job options" : {
        "rw" : "randread",
        "bs" : "4k",
        "ioengine" : "libaio",
        "iodepth" : "8",
        "direct" : "1",
        "invalidate" : "1",
        "refill_buffers" : "1",
        "runtime" : "60",
        "numjobs" : "16",
        "group_reporting" : "1",
        "write_bw_log" : "/fio/singledrive10K//randread-iodepth-8-numjobs-16",
        "write_lat_log" : "/fio/singledrive10K//randread-iodepth-8-numjobs-16",
        "write_iops_log" : "/fio/singledrive10K//randread-iodepth-8-numjobs-16",
        "log_avg_msec" : "500",
        "filename" : "/dev/sda"
      },
      "read" : {
        "io_bytes" : 60571648,
        "io_kbytes" : 59152,
        "bw" : 976,
        "iops" : 244.163392,
        "runtime" : 60566,
        "total_ios" : 14788,
        "short_ios" : 0,
        "drop_ios" : 0,
        "slat_ns" : {
          "min" : 4895,
          "max" : 230999,
          "mean" : 20726.996619,
          "stddev" : 4910.064837
        },
        "clat_ns" : {
          "min" : 5844152,
          "max" : 2085962313,
          "mean" : 522673468.511225,
          "stddev" : 241563465.232030,
          "percentile" : {
            "1.000000" : 15794176,
            "5.000000" : 37486592,
            "10.000000" : 379584512,
            "20.000000" : 442499072,
            "30.000000" : 463470592,
            "40.000000" : 476053504,
            "50.000000" : 488636416,
            "60.000000" : 501219328,
            "70.000000" : 522190848,
            "80.000000" : 549453824,
            "90.000000" : 943718400,
            "95.000000" : 994050048,
            "99.000000" : 1384120320,
            "99.500000" : 1451229184,
            "99.900000" : 1518338048,
            "99.950000" : 1551892480,
            "99.990000" : 1585446912,
            "0.00" : 0,
            "0.00" : 0,
            "0.00" : 0
          }
        },
        "lat_ns" : {
          "min" : 5867155,
          "max" : 2085984246,
          "mean" : 522695265.111983,
          "stddev" : 241563447.409449
        },
        "bw_min" : 7,
        "bw_max" : 160,
        "bw_agg" : 6.252181,
        "bw_mean" : 61.021288,
        "bw_dev" : 12.634649,
        "bw_samples" : 1926,
        "iops_min" : 1,
        "iops_max" : 40,
        "iops_mean" : 15.201454,
        "iops_stddev" : 3.146950,
        "iops_samples" : 1926
      },
      "write" : {
        "io_bytes" : 0,
        "io_kbytes" : 0,
        "bw" : 0,
        "iops" : 0.000000,
        "runtime" : 0,
        "total_ios" : 0,
        "short_ios" : 0,
        "drop_ios" : 0,
        "slat_ns" : {
          "min" : 0,
          "max" : 0,
          "mean" : 0.000000,
          "stddev" : 0.000000
        },
        "clat_ns" : {
          "min" : 0,
          "max" : 0,
          "mean" : 0.000000,
          "stddev" : 0.000000,
          "percentile" : {
            "1.000000" : 0,
            "5.000000" : 0,
            "10.000000" : 0,
            "20.000000" : 0,
            "30.000000" : 0,
            "40.000000" : 0,
            "50.000000" : 0,
            "60.000000" : 0,
            "70.000000" : 0,
            "80.000000" : 0,
            "90.000000" : 0,
            "95.000000" : 0,
            "99.000000" : 0,
            "99.500000" : 0,
            "99.900000" : 0,
            "99.950000" : 0,
            "99.990000" : 0,
            "0.00" : 0,
            "0.00" : 0,
            "0.00" : 0
          }
        },
        "lat_ns" : {
          "min" : 0,
          "max" : 0,
          "mean" : 0.000000,
          "stddev" : 0.000000
        },
        "bw_min" : 0,
        "bw_max" : 0,
        "bw_agg" : 0.000000,
        "bw_mean" : 0.000000,
        "bw_dev" : 0.000000,
        "bw_samples" : 0,
        "iops_min" : 0,
        "iops_max" : 0,
        "iops_mean" : 0.000000,
        "iops_stddev" : 0.000000,
        "iops_samples" : 0
      },
      "trim" : {
        "io_bytes" : 0,
        "io_kbytes" : 0,
        "bw" : 0,
        "iops" : 0.000000,
        "runtime" : 0,
        "total_ios" : 0,
        "short_ios" : 0,
        "drop_ios" : 0,
        "slat_ns" : {
          "min" : 0,
          "max" : 0,
          "mean" : 0.000000,
          "stddev" : 0.000000
        },
        "clat_ns" : {
          "min" : 0,
          "max" : 0,
          "mean" : 0.000000,
          "stddev" : 0.000000,
          "percentile" : {
            "1.000000" : 0,
            "5.000000" : 0,
            "10.000000" : 0,
            "20.000000" : 0,
            "30.000000" : 0,
            "40.000000" : 0,
            "50.000000" : 0,
            "60.000000" : 0,
            "70.000000" : 0,
            "80.000000" : 0,
            "90.000000" : 0,
            "95.000000" : 0,
            "99.000000" : 0,
            "99.500000" : 0,
            "99.900000" : 0,
            "99.950000" : 0,
            "99.990000" : 0,
            "0.00" : 0,
            "0.00" : 0,
            "0.00" : 0
          }
        },
        "lat_ns" : {
          "min" : 0,
          "max" : 0,
          "mean" : 0.000000,
          "stddev" : 0.000000
        },
        "bw_min" : 0,
        "bw_max" : 0,
        "bw_agg" : 0.000000,
        "bw_mean" : 0.000000,
        "bw_dev" : 0.000000,
        "bw_samples" : 0,
        "iops_min" : 0,
        "iops_max" : 0,
        "iops_mean" : 0.000000,
        "iops_stddev" : 0.000000,
        "iops_samples" : 0
      },
      "usr_cpu" : 0.027926,
      "sys_cpu" : 0.049543,
      "ctx" : 14792,
      "majf" : 0,
      "minf" : 506,
      "iodepth_level" : {
        "1" : 0.108196,
        "2" : 0.216392,
        "4" : 0.432783,
        "8" : 99.242629,
        "16" : 0.000000,
        "32" : 0.000000,
        ">=64" : 0.000000
      },
      "latency_ns" : {
        "2" : 0.000000,
        "4" : 0.000000,
        "10" : 0.000000,
        "20" : 0.000000,
        "50" : 0.000000,
        "100" : 0.000000,
        "250" : 0.000000,
        "500" : 0.000000,
        "750" : 0.000000,
        "1000" : 0.000000
      },
      "latency_us" : {
        "2" : 0.000000,
        "4" : 0.000000,
        "10" : 0.000000,
        "20" : 0.000000,
        "50" : 0.000000,
        "100" : 0.000000,
        "250" : 0.000000,
        "500" : 0.000000,
        "750" : 0.000000,
        "1000" : 0.000000
      },
      "latency_ms" : {
        "2" : 0.000000,
        "4" : 0.000000,
        "10" : 0.155532,
        "20" : 1.906952,
        "50" : 3.976197,
        "100" : 1.636462,
        "250" : 0.676224,
        "500" : 49.472545,
        "750" : 28.367595,
        "1000" : 9.203408,
        "2000" : 4.598323,
        ">=2000" : 0.010000
      },
      "latency_depth" : 8,
      "latency_target" : 0,
      "latency_percentile" : 100.000000,
      "latency_window" : 0
    }
  ],
  "disk_util" : [
    {
      "name" : "sda",
      "read_ios" : 14780,
      "write_ios" : 0,
      "read_merges" : 0,
      "write_merges" : 0,
      "read_ticks" : 7711204,
      "write_ticks" : 0,
      "in_queue" : 7717240,
      "util" : 99.910994
    }
  ]
}
