{
  "fio version" : "fio-3.1",
  "timestamp" : 1585437548,
  "timestamp_ms" : 1585437548709,
  "time" : "Sun Mar 29 00:19:08 2020",
  "jobs" : [
    {
      "jobname" : "iotest",
      "groupid" : 0,
      "error" : 0,
      "eta" : 0,
      "elapsed" : 61,
      "job options" : {
        "rw" : "randread",
        "bs" : "4k",
        "ioengine" : "libaio",
        "iodepth" : "16",
        "direct" : "1",
        "invalidate" : "1",
        "refill_buffers" : "1",
        "runtime" : "60",
        "numjobs" : "4",
        "group_reporting" : "1",
        "write_bw_log" : "/fio/singledrive10K//randread-iodepth-16-numjobs-4",
        "write_lat_log" : "/fio/singledrive10K//randread-iodepth-16-numjobs-4",
        "write_iops_log" : "/fio/singledrive10K//randread-iodepth-16-numjobs-4",
        "log_avg_msec" : "500",
        "filename" : "/dev/sda"
      },
      "read" : {
        "io_bytes" : 60051456,
        "io_kbytes" : 58644,
        "bw" : 973,
        "iops" : 243.251315,
        "runtime" : 60271,
        "total_ios" : 14661,
        "short_ios" : 0,
        "drop_ios" : 0,
        "slat_ns" : {
          "min" : 6287,
          "max" : 212787,
          "mean" : 19886.174954,
          "stddev" : 2628.470236
        },
        "clat_ns" : {
          "min" : 2955102,
          "max" : 1048418191,
          "mean" : 262785442.302503,
          "stddev" : 135773556.043992,
          "percentile" : {
            "1.000000" : 13041664,
            "5.000000" : 26607616,
            "10.000000" : 40108032,
            "20.000000" : 73924608,
            "30.000000" : 256901120,
            "40.000000" : 287309824,
            "50.000000" : 304087040,
            "60.000000" : 320864256,
            "70.000000" : 337641472,
            "80.000000" : 354418688,
            "90.000000" : 379584512,
            "95.000000" : 408944640,
            "99.000000" : 641728512,
            "99.500000" : 675282944,
            "99.900000" : 734003200,
            "99.950000" : 767557632,
            "99.990000" : 1044381696,
            "0.00" : 0,
            "0.00" : 0,
            "0.00" : 0
          }
        },
        "lat_ns" : {
          "min" : 2964746,
          "max" : 1048439752,
          "mean" : 262806391.160357,
          "stddev" : 135773601.893163
        },
        "bw_min" : 128,
        "bw_max" : 387,
        "bw_agg" : 25.069587,
        "bw_mean" : 243.927083,
        "bw_dev" : 64.825999,
        "bw_samples" : 480,
        "iops_min" : 32,
        "iops_max" : 96,
        "iops_mean" : 60.820833,
        "iops_stddev" : 16.143963,
        "iops_samples" : 480
      },
      "write" : {
        "io_bytes" : 0,
        "io_kbytes" : 0,
        "bw" : 0,
        "iops" : 0.000000,
        "runtime" : 0,
        "total_ios" : 0,
        "short_ios" : 0,
        "drop_ios" : 0,
        "slat_ns" : {
          "min" : 0,
          "max" : 0,
          "mean" : 0.000000,
          "stddev" : 0.000000
        },
        "clat_ns" : {
          "min" : 0,
          "max" : 0,
          "mean" : 0.000000,
          "stddev" : 0.000000,
          "percentile" : {
            "1.000000" : 0,
            "5.000000" : 0,
            "10.000000" : 0,
            "20.000000" : 0,
            "30.000000" : 0,
            "40.000000" : 0,
            "50.000000" : 0,
            "60.000000" : 0,
            "70.000000" : 0,
            "80.000000" : 0,
            "90.000000" : 0,
            "95.000000" : 0,
            "99.000000" : 0,
            "99.500000" : 0,
            "99.900000" : 0,
            "99.950000" : 0,
            "99.990000" : 0,
            "0.00" : 0,
            "0.00" : 0,
            "0.00" : 0
          }
        },
        "lat_ns" : {
          "min" : 0,
          "max" : 0,
          "mean" : 0.000000,
          "stddev" : 0.000000
        },
        "bw_min" : 0,
        "bw_max" : 0,
        "bw_agg" : 0.000000,
        "bw_mean" : 0.000000,
        "bw_dev" : 0.000000,
        "bw_samples" : 0,
        "iops_min" : 0,
        "iops_max" : 0,
        "iops_mean" : 0.000000,
        "iops_stddev" : 0.000000,
        "iops_samples" : 0
      },
      "trim" : {
        "io_bytes" : 0,
        "io_kbytes" : 0,
        "bw" : 0,
        "iops" : 0.000000,
        "runtime" : 0,
        "total_ios" : 0,
        "short_ios" : 0,
        "drop_ios" : 0,
        "slat_ns" : {
          "min" : 0,
          "max" : 0,
          "mean" : 0.000000,
          "stddev" : 0.000000
        },
        "clat_ns" : {
          "min" : 0,
          "max" : 0,
          "mean" : 0.000000,
          "stddev" : 0.000000,
          "percentile" : {
            "1.000000" : 0,
            "5.000000" : 0,
            "10.000000" : 0,
            "20.000000" : 0,
            "30.000000" : 0,
            "40.000000" : 0,
            "50.000000" : 0,
            "60.000000" : 0,
            "70.000000" : 0,
            "80.000000" : 0,
            "90.000000" : 0,
            "95.000000" : 0,
            "99.000000" : 0,
            "99.500000" : 0,
            "99.900000" : 0,
            "99.950000" : 0,
            "99.990000" : 0,
            "0.00" : 0,
            "0.00" : 0,
            "0.00" : 0
          }
        },
        "lat_ns" : {
          "min" : 0,
          "max" : 0,
          "mean" : 0.000000,
          "stddev" : 0.000000
        },
        "bw_min" : 0,
        "bw_max" : 0,
        "bw_agg" : 0.000000,
        "bw_mean" : 0.000000,
        "bw_dev" : 0.000000,
        "bw_samples" : 0,
        "iops_min" : 0,
        "iops_max" : 0,
        "iops_mean" : 0.000000,
        "iops_stddev" : 0.000000,
        "iops_samples" : 0
      },
      "usr_cpu" : 0.088431,
      "sys_cpu" : 0.195960,
      "ctx" : 14667,
      "majf" : 0,
      "minf" : 153,
      "iodepth_level" : {
        "1" : 0.100000,
        "2" : 0.100000,
        "4" : 0.109133,
        "8" : 0.218266,
        "16" : 99.590751,
        "32" : 0.000000,
        ">=64" : 0.000000
      },
      "latency_ns" : {
        "2" : 0.000000,
        "4" : 0.000000,
        "10" : 0.000000,
        "20" : 0.000000,
        "50" : 0.000000,
        "100" : 0.000000,
        "250" : 0.000000,
        "500" : 0.000000,
        "750" : 0.000000,
        "1000" : 0.000000
      },
      "latency_us" : {
        "2" : 0.000000,
        "4" : 0.000000,
        "10" : 0.000000,
        "20" : 0.000000,
        "50" : 0.000000,
        "100" : 0.000000,
        "250" : 0.000000,
        "500" : 0.000000,
        "750" : 0.000000,
        "1000" : 0.000000
      },
      "latency_ms" : {
        "2" : 0.000000,
        "4" : 0.013642,
        "10" : 0.395607,
        "20" : 2.216766,
        "50" : 10.742787,
        "100" : 8.983016,
        "250" : 6.752609,
        "500" : 68.992565,
        "750" : 1.827979,
        "1000" : 0.061387,
        "2000" : 0.013642,
        ">=2000" : 0.000000
      },
      "latency_depth" : 16,
      "latency_target" : 0,
      "latency_percentile" : 100.000000,
      "latency_window" : 0
    }
  ],
  "disk_util" : [
    {
      "name" : "sda",
      "read_ios" : 14622,
      "write_ios" : 0,
      "read_merges" : 0,
      "write_merges" : 0,
      "read_ticks" : 3836668,
      "write_ticks" : 0,
      "in_queue" : 3844820,
      "util" : 99.852162
    }
  ]
}
