{
  "fio version" : "fio-3.1",
  "timestamp" : 1585437980,
  "timestamp_ms" : 1585437980269,
  "time" : "Sun Mar 29 00:26:20 2020",
  "jobs" : [
    {
      "jobname" : "iotest",
      "groupid" : 0,
      "error" : 0,
      "eta" : 0,
      "elapsed" : 61,
      "job options" : {
        "rw" : "randread",
        "bs" : "4k",
        "ioengine" : "libaio",
        "iodepth" : "32",
        "direct" : "1",
        "invalidate" : "1",
        "refill_buffers" : "1",
        "runtime" : "60",
        "numjobs" : "4",
        "group_reporting" : "1",
        "write_bw_log" : "/fio/singledrive10K//randread-iodepth-32-numjobs-4",
        "write_lat_log" : "/fio/singledrive10K//randread-iodepth-32-numjobs-4",
        "write_iops_log" : "/fio/singledrive10K//randread-iodepth-32-numjobs-4",
        "log_avg_msec" : "500",
        "filename" : "/dev/sda"
      },
      "read" : {
        "io_bytes" : 65601536,
        "io_kbytes" : 64064,
        "bw" : 1059,
        "iops" : 264.762283,
        "runtime" : 60492,
        "total_ios" : 16016,
        "short_ios" : 0,
        "drop_ios" : 0,
        "slat_ns" : {
          "min" : 4924,
          "max" : 228391,
          "mean" : 19804.705045,
          "stddev" : 3544.847191
        },
        "clat_ns" : {
          "min" : 3800990,
          "max" : 2831017815,
          "mean" : 482842211.571116,
          "stddev" : 396551652.109353,
          "percentile" : {
            "1.000000" : 14614528,
            "5.000000" : 32636928,
            "10.000000" : 54788096,
            "20.000000" : 267386880,
            "30.000000" : 308281344,
            "40.000000" : 329252864,
            "50.000000" : 354418688,
            "60.000000" : 379584512,
            "70.000000" : 526385152,
            "80.000000" : 700448768,
            "90.000000" : 1027604480,
            "95.000000" : 1350565888,
            "99.000000" : 1786773504,
            "99.500000" : 2038431744,
            "99.900000" : 2365587456,
            "99.950000" : 2466250752,
            "99.990000" : 2801795072,
            "0.00" : 0,
            "0.00" : 0,
            "0.00" : 0
          }
        },
        "lat_ns" : {
          "min" : 3809940,
          "max" : 2831039084,
          "mean" : 482863027.181881,
          "stddev" : 396551669.639888
        },
        "bw_min" : 137,
        "bw_max" : 496,
        "bw_agg" : 25.127479,
        "bw_mean" : 266.100000,
        "bw_dev" : 73.131637,
        "bw_samples" : 480,
        "iops_min" : 34,
        "iops_max" : 124,
        "iops_mean" : 66.262500,
        "iops_stddev" : 18.254117,
        "iops_samples" : 480
      },
      "write" : {
        "io_bytes" : 0,
        "io_kbytes" : 0,
        "bw" : 0,
        "iops" : 0.000000,
        "runtime" : 0,
        "total_ios" : 0,
        "short_ios" : 0,
        "drop_ios" : 0,
        "slat_ns" : {
          "min" : 0,
          "max" : 0,
          "mean" : 0.000000,
          "stddev" : 0.000000
        },
        "clat_ns" : {
          "min" : 0,
          "max" : 0,
          "mean" : 0.000000,
          "stddev" : 0.000000,
          "percentile" : {
            "1.000000" : 0,
            "5.000000" : 0,
            "10.000000" : 0,
            "20.000000" : 0,
            "30.000000" : 0,
            "40.000000" : 0,
            "50.000000" : 0,
            "60.000000" : 0,
            "70.000000" : 0,
            "80.000000" : 0,
            "90.000000" : 0,
            "95.000000" : 0,
            "99.000000" : 0,
            "99.500000" : 0,
            "99.900000" : 0,
            "99.950000" : 0,
            "99.990000" : 0,
            "0.00" : 0,
            "0.00" : 0,
            "0.00" : 0
          }
        },
        "lat_ns" : {
          "min" : 0,
          "max" : 0,
          "mean" : 0.000000,
          "stddev" : 0.000000
        },
        "bw_min" : 0,
        "bw_max" : 0,
        "bw_agg" : 0.000000,
        "bw_mean" : 0.000000,
        "bw_dev" : 0.000000,
        "bw_samples" : 0,
        "iops_min" : 0,
        "iops_max" : 0,
        "iops_mean" : 0.000000,
        "iops_stddev" : 0.000000,
        "iops_samples" : 0
      },
      "trim" : {
        "io_bytes" : 0,
        "io_kbytes" : 0,
        "bw" : 0,
        "iops" : 0.000000,
        "runtime" : 0,
        "total_ios" : 0,
        "short_ios" : 0,
        "drop_ios" : 0,
        "slat_ns" : {
          "min" : 0,
          "max" : 0,
          "mean" : 0.000000,
          "stddev" : 0.000000
        },
        "clat_ns" : {
          "min" : 0,
          "max" : 0,
          "mean" : 0.000000,
          "stddev" : 0.000000,
          "percentile" : {
            "1.000000" : 0,
            "5.000000" : 0,
            "10.000000" : 0,
            "20.000000" : 0,
            "30.000000" : 0,
            "40.000000" : 0,
            "50.000000" : 0,
            "60.000000" : 0,
            "70.000000" : 0,
            "80.000000" : 0,
            "90.000000" : 0,
            "95.000000" : 0,
            "99.000000" : 0,
            "99.500000" : 0,
            "99.900000" : 0,
            "99.950000" : 0,
            "99.990000" : 0,
            "0.00" : 0,
            "0.00" : 0,
            "0.00" : 0
          }
        },
        "lat_ns" : {
          "min" : 0,
          "max" : 0,
          "mean" : 0.000000,
          "stddev" : 0.000000
        },
        "bw_min" : 0,
        "bw_max" : 0,
        "bw_agg" : 0.000000,
        "bw_mean" : 0.000000,
        "bw_dev" : 0.000000,
        "bw_samples" : 0,
        "iops_min" : 0,
        "iops_max" : 0,
        "iops_mean" : 0.000000,
        "iops_stddev" : 0.000000,
        "iops_samples" : 0
      },
      "usr_cpu" : 0.088529,
      "sys_cpu" : 0.224633,
      "ctx" : 16020,
      "majf" : 0,
      "minf" : 208,
      "iodepth_level" : {
        "1" : 0.100000,
        "2" : 0.100000,
        "4" : 0.100000,
        "8" : 0.199800,
        "16" : 0.399600,
        "32" : 99.225774,
        ">=64" : 0.000000
      },
      "latency_ns" : {
        "2" : 0.000000,
        "4" : 0.000000,
        "10" : 0.000000,
        "20" : 0.000000,
        "50" : 0.000000,
        "100" : 0.000000,
        "250" : 0.000000,
        "500" : 0.000000,
        "750" : 0.000000,
        "1000" : 0.000000
      },
      "latency_us" : {
        "2" : 0.000000,
        "4" : 0.000000,
        "10" : 0.000000,
        "20" : 0.000000,
        "50" : 0.000000,
        "100" : 0.000000,
        "250" : 0.000000,
        "500" : 0.000000,
        "750" : 0.000000,
        "1000" : 0.000000
      },
      "latency_ms" : {
        "2" : 0.000000,
        "4" : 0.010000,
        "10" : 0.293457,
        "20" : 1.710789,
        "50" : 7.086663,
        "100" : 5.275974,
        "250" : 3.989760,
        "500" : 51.329920,
        "750" : 14.079670,
        "1000" : 4.514236,
        "2000" : 11.020230,
        ">=2000" : 0.693057
      },
      "latency_depth" : 32,
      "latency_target" : 0,
      "latency_percentile" : 100.000000,
      "latency_window" : 0
    }
  ],
  "disk_util" : [
    {
      "name" : "sda",
      "read_ios" : 15980,
      "write_ios" : 0,
      "read_merges" : 0,
      "write_merges" : 0,
      "read_ticks" : 7680144,
      "write_ticks" : 0,
      "in_queue" : 7709820,
      "util" : 100.000000
    }
  ]
}
