{
  "fio version" : "fio-3.1",
  "timestamp" : 1585151483,
  "timestamp_ms" : 1585151483078,
  "time" : "Wed Mar 25 16:51:23 2020",
  "jobs" : [
    {
      "jobname" : "iotest",
      "groupid" : 0,
      "error" : 0,
      "eta" : 0,
      "elapsed" : 61,
      "job options" : {
        "rw" : "randwrite",
        "bs" : "4k",
        "ioengine" : "libaio",
        "iodepth" : "32",
        "direct" : "1",
        "invalidate" : "1",
        "refill_buffers" : "1",
        "runtime" : "60",
        "numjobs" : "2",
        "group_reporting" : "1",
        "write_bw_log" : "/fio/10K/RAID5_64K//randwrite-iodepth-32-numjobs-2",
        "write_lat_log" : "/fio/10K/RAID5_64K//randwrite-iodepth-32-numjobs-2",
        "write_iops_log" : "/fio/10K/RAID5_64K//randwrite-iodepth-32-numjobs-2",
        "log_avg_msec" : "500",
        "filename" : "/dev/md5"
      },
      "read" : {
        "io_bytes" : 0,
        "io_kbytes" : 0,
        "bw" : 0,
        "iops" : 0.000000,
        "runtime" : 0,
        "total_ios" : 0,
        "short_ios" : 0,
        "drop_ios" : 0,
        "slat_ns" : {
          "min" : 0,
          "max" : 0,
          "mean" : 0.000000,
          "stddev" : 0.000000
        },
        "clat_ns" : {
          "min" : 0,
          "max" : 0,
          "mean" : 0.000000,
          "stddev" : 0.000000,
          "percentile" : {
            "1.000000" : 0,
            "5.000000" : 0,
            "10.000000" : 0,
            "20.000000" : 0,
            "30.000000" : 0,
            "40.000000" : 0,
            "50.000000" : 0,
            "60.000000" : 0,
            "70.000000" : 0,
            "80.000000" : 0,
            "90.000000" : 0,
            "95.000000" : 0,
            "99.000000" : 0,
            "99.500000" : 0,
            "99.900000" : 0,
            "99.950000" : 0,
            "99.990000" : 0,
            "0.00" : 0,
            "0.00" : 0,
            "0.00" : 0
          }
        },
        "lat_ns" : {
          "min" : 0,
          "max" : 0,
          "mean" : 0.000000,
          "stddev" : 0.000000
        },
        "bw_min" : 0,
        "bw_max" : 0,
        "bw_agg" : 0.000000,
        "bw_mean" : 0.000000,
        "bw_dev" : 0.000000,
        "bw_samples" : 0,
        "iops_min" : 0,
        "iops_max" : 0,
        "iops_mean" : 0.000000,
        "iops_stddev" : 0.000000,
        "iops_samples" : 0
      },
      "write" : {
        "io_bytes" : 34553856,
        "io_kbytes" : 33744,
        "bw" : 561,
        "iops" : 140.366057,
        "runtime" : 60100,
        "total_ios" : 8436,
        "short_ios" : 0,
        "drop_ios" : 0,
        "slat_ns" : {
          "min" : 5065,
          "max" : 23812060,
          "mean" : 15064.403983,
          "stddev" : 365368.577198
        },
        "clat_ns" : {
          "min" : 12841998,
          "max" : 824231135,
          "mean" : 455584765.271930,
          "stddev" : 94571081.889851,
          "percentile" : {
            "1.000000" : 219152384,
            "5.000000" : 299892736,
            "10.000000" : 346030080,
            "20.000000" : 379584512,
            "30.000000" : 404750336,
            "40.000000" : 429916160,
            "50.000000" : 455081984,
            "60.000000" : 480247808,
            "70.000000" : 501219328,
            "80.000000" : 530579456,
            "90.000000" : 583008256,
            "95.000000" : 616562688,
            "99.000000" : 666894336,
            "99.500000" : 683671552,
            "99.900000" : 734003200,
            "99.950000" : 750780416,
            "99.990000" : 826277888,
            "0.00" : 0,
            "0.00" : 0,
            "0.00" : 0
          }
        },
        "lat_ns" : {
          "min" : 12847691,
          "max" : 824237713,
          "mean" : 455600315.585349,
          "stddev" : 94561258.770238
        },
        "bw_min" : 136,
        "bw_max" : 440,
        "bw_agg" : 49.744504,
        "bw_mean" : 279.066667,
        "bw_dev" : 54.442743,
        "bw_samples" : 240,
        "iops_min" : 34,
        "iops_max" : 110,
        "iops_mean" : 69.766667,
        "iops_stddev" : 13.610686,
        "iops_samples" : 240
      },
      "trim" : {
        "io_bytes" : 0,
        "io_kbytes" : 0,
        "bw" : 0,
        "iops" : 0.000000,
        "runtime" : 0,
        "total_ios" : 0,
        "short_ios" : 0,
        "drop_ios" : 0,
        "slat_ns" : {
          "min" : 0,
          "max" : 0,
          "mean" : 0.000000,
          "stddev" : 0.000000
        },
        "clat_ns" : {
          "min" : 0,
          "max" : 0,
          "mean" : 0.000000,
          "stddev" : 0.000000,
          "percentile" : {
            "1.000000" : 0,
            "5.000000" : 0,
            "10.000000" : 0,
            "20.000000" : 0,
            "30.000000" : 0,
            "40.000000" : 0,
            "50.000000" : 0,
            "60.000000" : 0,
            "70.000000" : 0,
            "80.000000" : 0,
            "90.000000" : 0,
            "95.000000" : 0,
            "99.000000" : 0,
            "99.500000" : 0,
            "99.900000" : 0,
            "99.950000" : 0,
            "99.990000" : 0,
            "0.00" : 0,
            "0.00" : 0,
            "0.00" : 0
          }
        },
        "lat_ns" : {
          "min" : 0,
          "max" : 0,
          "mean" : 0.000000,
          "stddev" : 0.000000
        },
        "bw_min" : 0,
        "bw_max" : 0,
        "bw_agg" : 0.000000,
        "bw_mean" : 0.000000,
        "bw_dev" : 0.000000,
        "bw_samples" : 0,
        "iops_min" : 0,
        "iops_max" : 0,
        "iops_mean" : 0.000000,
        "iops_stddev" : 0.000000,
        "iops_samples" : 0
      },
      "usr_cpu" : 0.068228,
      "sys_cpu" : 0.091526,
      "ctx" : 2363,
      "majf" : 0,
      "minf" : 31,
      "iodepth_level" : {
        "1" : 0.100000,
        "2" : 0.100000,
        "4" : 0.100000,
        "8" : 0.189663,
        "16" : 0.379327,
        "32" : 99.265055,
        ">=64" : 0.000000
      },
      "latency_ns" : {
        "2" : 0.000000,
        "4" : 0.000000,
        "10" : 0.000000,
        "20" : 0.000000,
        "50" : 0.000000,
        "100" : 0.000000,
        "250" : 0.000000,
        "500" : 0.000000,
        "750" : 0.000000,
        "1000" : 0.000000
      },
      "latency_us" : {
        "2" : 0.000000,
        "4" : 0.000000,
        "10" : 0.000000,
        "20" : 0.000000,
        "50" : 0.000000,
        "100" : 0.000000,
        "250" : 0.000000,
        "500" : 0.000000,
        "750" : 0.000000,
        "1000" : 0.000000
      },
      "latency_ms" : {
        "2" : 0.000000,
        "4" : 0.000000,
        "10" : 0.000000,
        "20" : 0.023708,
        "50" : 0.000000,
        "100" : 0.000000,
        "250" : 1.789948,
        "500" : 67.081555,
        "750" : 31.045519,
        "1000" : 0.059270,
        "2000" : 0.000000,
        ">=2000" : 0.000000
      },
      "latency_depth" : 32,
      "latency_target" : 0,
      "latency_percentile" : 100.000000,
      "latency_window" : 0
    }
  ],
  "disk_util" : [
    {
      "name" : "md5",
      "read_ios" : 49,
      "write_ios" : 8436,
      "read_merges" : 0,
      "write_merges" : 0,
      "read_ticks" : 0,
      "write_ticks" : 0,
      "in_queue" : 0,
      "util" : 0.000000,
      "aggr_read_ios" : 2122,
      "aggr_write_ios" : 3582,
      "aggr_read_merges" : 0,
      "aggr_write_merge" : 0,
      "aggr_read_ticks" : 48037,
      "aggr_write_ticks" : 49551,
      "aggr_in_queue" : 97586,
      "aggr_util" : 71.750399
    },
    {
      "name" : "sdf",
      "read_ios" : 2123,
      "write_ios" : 3590,
      "read_merges" : 0,
      "write_merges" : 0,
      "read_ticks" : 49536,
      "write_ticks" : 54100,
      "in_queue" : 103636,
      "util" : 71.750399
    },
    {
      "name" : "sdd",
      "read_ios" : 2233,
      "write_ios" : 3698,
      "read_merges" : 0,
      "write_merges" : 0,
      "read_ticks" : 51576,
      "write_ticks" : 52508,