{
  "fio version" : "fio-3.1",
  "timestamp" : 1585148637,
  "timestamp_ms" : 1585148637440,
  "time" : "Wed Mar 25 16:03:57 2020",
  "jobs" : [
    {
      "jobname" : "iotest",
      "groupid" : 0,
      "error" : 0,
      "eta" : 0,
      "elapsed" : 62,
      "job options" : {
        "rw" : "randread",
        "bs" : "4k",
        "ioengine" : "libaio",
        "iodepth" : "32",
        "direct" : "1",
        "invalidate" : "1",
        "refill_buffers" : "1",
        "runtime" : "60",
        "numjobs" : "16",
        "group_reporting" : "1",
        "write_bw_log" : "/fio/10K/RAID5_64K//randread-iodepth-32-numjobs-16",
        "write_lat_log" : "/fio/10K/RAID5_64K//randread-iodepth-32-numjobs-16",
        "write_iops_log" : "/fio/10K/RAID5_64K//randread-iodepth-32-numjobs-16",
        "log_avg_msec" : "500",
        "filename" : "/dev/md5"
      },
      "read" : {
        "io_bytes" : 508379136,
        "io_kbytes" : 496464,
        "bw" : 8197,
        "iops" : 2049.336239,
        "runtime" : 60564,
        "total_ios" : 124116,
        "short_ios" : 0,
        "drop_ios" : 0,
        "slat_ns" : {
          "min" : 3997,
          "max" : 384976158,
          "mean" : 6642894.188622,
          "stddev" : 41066514.461156
        },
        "clat_ns" : {
          "min" : 1747891,
          "max" : 3200400330,
          "mean" : 242470887.793653,
          "stddev" : 249496747.544953,
          "percentile" : {
            "1.000000" : 5210112,
            "5.000000" : 8224768,
            "10.000000" : 10944512,
            "20.000000" : 18219008,
            "30.000000" : 43778048,
            "40.000000" : 229638144,
            "50.000000" : 254803968,
            "60.000000" : 274726912,
            "70.000000" : 291504128,
            "80.000000" : 316669952,
            "90.000000" : 379584512,
            "95.000000" : 616562688,
            "99.000000" : 1350565888,
            "99.500000" : 1635778560,
            "99.900000" : 2139095040,
            "99.950000" : 2298478592,
            "99.990000" : 2600468480,
            "0.00" : 0,
            "0.00" : 0,
            "0.00" : 0
          }
        },
        "lat_ns" : {
          "min" : 1758599,
          "max" : 3200405785,
          "mean" : 249114204.666441,
          "stddev" : 261606619.693573
        },
        "bw_min" : 7,
        "bw_max" : 1104,
        "bw_agg" : 6.306780,
        "bw_mean" : 516.966736,
        "bw_dev" : 147.827421,
        "bw_samples" : 1924,
        "iops_min" : 1,
        "iops_max" : 276,
        "iops_mean" : 128.997401,
        "iops_stddev" : 36.953562,
        "iops_samples" : 1924
      },
      "write" : {
        "io_bytes" : 0,
        "io_kbytes" : 0,
        "bw" : 0,
        "iops" : 0.000000,
        "runtime" : 0,
        "total_ios" : 0,
        "short_ios" : 0,
        "drop_ios" : 0,
        "slat_ns" : {
          "min" : 0,
          "max" : 0,
          "mean" : 0.000000,
          "stddev" : 0.000000
        },
        "clat_ns" : {
          "min" : 0,
          "max" : 0,
          "mean" : 0.000000,
          "stddev" : 0.000000,
          "percentile" : {
            "1.000000" : 0,
            "5.000000" : 0,
            "10.000000" : 0,
            "20.000000" : 0,
            "30.000000" : 0,
            "40.000000" : 0,
            "50.000000" : 0,
            "60.000000" : 0,
            "70.000000" : 0,
            "80.000000" : 0,
            "90.000000" : 0,
            "95.000000" : 0,
            "99.000000" : 0,
            "99.500000" : 0,
            "99.900000" : 0,
            "99.950000" : 0,
            "99.990000" : 0,
            "0.00" : 0,
            "0.00" : 0,
            "0.00" : 0
          }
        },
        "lat_ns" : {
          "min" : 0,
          "max" : 0,
          "mean" : 0.000000,
          "stddev" : 0.000000
        },
        "bw_min" : 0,
        "bw_max" : 0,
        "bw_agg" : 0.000000,
        "bw_mean" : 0.000000,
        "bw_dev" : 0.000000,
        "bw_samples" : 0,
        "iops_min" : 0,
        "iops_max" : 0,
        "iops_mean" : 0.000000,
        "iops_stddev" : 0.000000,
        "iops_samples" : 0
      },
      "trim" : {
        "io_bytes" : 0,
        "io_kbytes" : 0,
        "bw" : 0,
        "iops" : 0.000000,
        "runtime" : 0,
        "total_ios" : 0,
        "short_ios" : 0,
        "drop_ios" : 0,
        "slat_ns" : {
          "min" : 0,
          "max" : 0,
          "mean" : 0.000000,
          "stddev" : 0.000000
        },
        "clat_ns" : {
          "min" : 0,
          "max" : 0,
          "mean" : 0.000000,
          "stddev" : 0.000000,
          "percentile" : {
            "1.000000" : 0,
            "5.000000" : 0,
            "10.000000" : 0,
            "20.000000" : 0,
            "30.000000" : 0,
            "40.000000" : 0,
            "50.000000" : 0,
            "60.000000" : 0,
            "70.000000" : 0,
            "80.000000" : 0,
            "90.000000" : 0,
            "95.000000" : 0,
            "99.000000" : 0,
            "99.500000" : 0,
            "99.900000" : 0,
            "99.950000" : 0,
            "99.990000" : 0,
            "0.00" : 0,
            "0.00" : 0,
            "0.00" : 0
          }
        },
        "lat_ns" : {
          "min" : 0,
          "max" : 0,
          "mean" : 0.000000,
          "stddev" : 0.000000
        },
        "bw_min" : 0,
        "bw_max" : 0,
        "bw_agg" : 0.000000,
        "bw_mean" : 0.000000,
        "bw_dev" : 0.000000,
        "bw_samples" : 0,
        "iops_min" : 0,
        "iops_max" : 0,
        "iops_mean" : 0.000000,
        "iops_stddev" : 0.000000,
        "iops_samples" : 0
      },
      "usr_cpu" : 0.083227,
      "sys_cpu" : 0.166867,
      "ctx" : 48199,
      "majf" : 0,
      "minf" : 873,
      "iodepth_level" : {
        "1" : 0.100000,
        "2" : 0.100000,
        "4" : 0.100000,
        "8" : 0.103129,
        "16" : 0.206259,
        "32" : 99.600374,
        ">=64" : 0.000000
      },
      "latency_ns" : {
        "2" : 0.000000,
        "4" : 0.000000,
        "10" : 0.000000,
        "20" : 0.000000,
        "50" : 0.000000,
        "100" : 0.000000,
        "250" : 0.000000,
        "500" : 0.000000,
        "750" : 0.000000,
        "1000" : 0.000000
      },
      "latency_us" : {
        "2" : 0.000000,
        "4" : 0.000000,
        "10" : 0.000000,
        "20" : 0.000000,
        "50" : 0.000000,
        "100" : 0.000000,
        "250" : 0.000000,
        "500" : 0.000000,
        "750" : 0.000000,
        "1000" : 0.000000
      },
      "latency_ms" : {
        "2" : 0.010000,
        "4" : 0.313416,
        "10" : 7.854749,
        "20" : 13.397145,
        "50" : 9.110832,
        "100" : 1.828129,
        "250" : 15.339682,
        "500" : 43.954043,
        "750" : 4.500628,
        "1000" : 1.634761,
        "2000" : 1.904670,
        ">=2000" : 0.157111
      },
      "latency_depth" : 32,
      "latency_target" : 0,
      "latency_percentile" : 100.000000,
      "latency_window" : 0
    }
  ],
  "disk_util" : [
    {
      "name" : "md5",
      "read_ios" : 124116,
      "write_ios" : 0,
      "read_merges" : 0,
      "write_merges" : 0,
      "read_ticks" : 0,
      "write_ticks" : 0,
      "in_queue" : 0,
      "util" : 0.000000,
      "aggr_read_ios" : 15514,
      "aggr_write_ios" : 0,
      "aggr_read_merges" : 0,
      "aggr_write_merge" : 0,
      "aggr_read_ticks" : 1781190,
      "aggr_write_ticks" : 0,
      "aggr_in_queue" : 1781186,
      "aggr_util" : 99.213682
    },
    {
      "name" : "sdf",
      "read_ios" : 15494,
      "write_ios" : 0,
      "read_merges" : 0,
      "write_merges" : 0,
      "read_ticks" : 1159500,
      "write_ticks" : 0,
      "in_queue" : 1159500,
      "util" : 98.110610
    },
    {
      "name" : "sdd",
      "read_ios" : 15658,
      "write_ios" : 0,
      "read_merges" : 0,
      "write_merges" : 0,
      "read_ticks" : 768252,
      "write_ticks" : 0,