{
  "fio version" : "fio-3.1",
  "timestamp" : 1585148203,
  "timestamp_ms" : 1585148203647,
  "time" : "Wed Mar 25 15:56:43 2020",
  "jobs" : [
    {
      "jobname" : "iotest",
      "groupid" : 0,
      "error" : 0,
      "eta" : 0,
      "elapsed" : 62,
      "job options" : {
        "rw" : "randread",
        "bs" : "4k",
        "ioengine" : "libaio",
        "iodepth" : "16",
        "direct" : "1",
        "invalidate" : "1",
        "refill_buffers" : "1",
        "runtime" : "60",
        "numjobs" : "16",
        "group_reporting" : "1",
        "write_bw_log" : "/fio/10K/RAID5_64K//randread-iodepth-16-numjobs-16",
        "write_lat_log" : "/fio/10K/RAID5_64K//randread-iodepth-16-numjobs-16",
        "write_iops_log" : "/fio/10K/RAID5_64K//randread-iodepth-16-numjobs-16",
        "log_avg_msec" : "500",
        "filename" : "/dev/md5"
      },
      "read" : {
        "io_bytes" : 493588480,
        "io_kbytes" : 482020,
        "bw" : 7957,
        "iops" : 1989.450571,
        "runtime" : 60572,
        "total_ios" : 120505,
        "short_ios" : 0,
        "drop_ios" : 0,
        "slat_ns" : {
          "min" : 4538,
          "max" : 193416039,
          "mean" : 4336945.359769,
          "stddev" : 19682688.260770
        },
        "clat_ns" : {
          "min" : 1696834,
          "max" : 2917919091,
          "mean" : 123881458.149537,
          "stddev" : 219173768.325057,
          "percentile" : {
            "1.000000" : 5013504,
            "5.000000" : 7569408,
            "10.000000" : 9895936,
            "20.000000" : 14483456,
            "30.000000" : 21102592,
            "40.000000" : 32636928,
            "50.000000" : 57409536,
            "60.000000" : 87556096,
            "70.000000" : 113770496,
            "80.000000" : 143654912,
            "90.000000" : 270532608,
            "95.000000" : 497025024,
            "99.000000" : 1233125376,
            "99.500000" : 1451229184,
            "99.900000" : 1904214016,
            "99.950000" : 2038431744,
            "99.990000" : 2332033024,
            "0.00" : 0,
            "0.00" : 0,
            "0.00" : 0
          }
        },
        "lat_ns" : {
          "min" : 1706726,
          "max" : 2917924569,
          "mean" : 128218900.167794,
          "stddev" : 227542877.655538
        },
        "bw_min" : 7,
        "bw_max" : 977,
        "bw_agg" : 6.318476,
        "bw_mean" : 502.761163,
        "bw_dev" : 127.755847,
        "bw_samples" : 1926,
        "iops_min" : 1,
        "iops_max" : 244,
        "iops_mean" : 125.425234,
        "iops_stddev" : 31.960013,
        "iops_samples" : 1926
      },
      "write" : {
        "io_bytes" : 0,
        "io_kbytes" : 0,
        "bw" : 0,
        "iops" : 0.000000,
        "runtime" : 0,
        "total_ios" : 0,
        "short_ios" : 0,
        "drop_ios" : 0,
        "slat_ns" : {
          "min" : 0,
          "max" : 0,
          "mean" : 0.000000,
          "stddev" : 0.000000
        },
        "clat_ns" : {
          "min" : 0,
          "max" : 0,
          "mean" : 0.000000,
          "stddev" : 0.000000,
          "percentile" : {
            "1.000000" : 0,
            "5.000000" : 0,
            "10.000000" : 0,
            "20.000000" : 0,
            "30.000000" : 0,
            "40.000000" : 0,
            "50.000000" : 0,
            "60.000000" : 0,
            "70.000000" : 0,
            "80.000000" : 0,
            "90.000000" : 0,
            "95.000000" : 0,
            "99.000000" : 0,
            "99.500000" : 0,
            "99.900000" : 0,
            "99.950000" : 0,
            "99.990000" : 0,
            "0.00" : 0,
            "0.00" : 0,
            "0.00" : 0
          }
        },
        "lat_ns" : {
          "min" : 0,
          "max" : 0,
          "mean" : 0.000000,
          "stddev" : 0.000000
        },
        "bw_min" : 0,
        "bw_max" : 0,
        "bw_agg" : 0.000000,
        "bw_mean" : 0.000000,
        "bw_dev" : 0.000000,
        "bw_samples" : 0,
        "iops_min" : 0,
        "iops_max" : 0,
        "iops_mean" : 0.000000,
        "iops_stddev" : 0.000000,
        "iops_samples" : 0
      },
      "trim" : {
        "io_bytes" : 0,
        "io_kbytes" : 0,
        "bw" : 0,
        "iops" : 0.000000,
        "runtime" : 0,
        "total_ios" : 0,
        "short_ios" : 0,
        "drop_ios" : 0,
        "slat_ns" : {
          "min" : 0,
          "max" : 0,
          "mean" : 0.000000,
          "stddev" : 0.000000
        },
        "clat_ns" : {
          "min" : 0,
          "max" : 0,
          "mean" : 0.000000,
          "stddev" : 0.000000,
          "percentile" : {
            "1.000000" : 0,
            "5.000000" : 0,
            "10.000000" : 0,
            "20.000000" : 0,
            "30.000000" : 0,
            "40.000000" : 0,
            "50.000000" : 0,
            "60.000000" : 0,
            "70.000000" : 0,
            "80.000000" : 0,
            "90.000000" : 0,
            "95.000000" : 0,
            "99.000000" : 0,
            "99.500000" : 0,
            "99.900000" : 0,
            "99.950000" : 0,
            "99.990000" : 0,
            "0.00" : 0,
            "0.00" : 0,
            "0.00" : 0
          }
        },
        "lat_ns" : {
          "min" : 0,
          "max" : 0,
          "mean" : 0.000000,
          "stddev" : 0.000000
        },
        "bw_min" : 0,
        "bw_max" : 0,
        "bw_agg" : 0.000000,
        "bw_mean" : 0.000000,
        "bw_dev" : 0.000000,
        "bw_samples" : 0,
        "iops_min" : 0,
        "iops_max" : 0,
        "iops_mean" : 0.000000,
        "iops_stddev" : 0.000000,
        "iops_samples" : 0
      },
      "usr_cpu" : 0.110898,
      "sys_cpu" : 0.240710,
      "ctx" : 82692,
      "majf" : 0,
      "minf" : 630,
      "iodepth_level" : {
        "1" : 0.100000,
        "2" : 0.100000,
        "4" : 0.100000,
        "8" : 0.106220,
        "16" : 99.800838,
        "32" : 0.000000,
        ">=64" : 0.000000
      },
      "latency_ns" : {
        "2" : 0.000000,
        "4" : 0.000000,
        "10" : 0.000000,
        "20" : 0.000000,
        "50" : 0.000000,
        "100" : 0.000000,
        "250" : 0.000000,
        "500" : 0.000000,
        "750" : 0.000000,
        "1000" : 0.000000
      },
      "latency_us" : {
        "2" : 0.000000,
        "4" : 0.000000,
        "10" : 0.000000,
        "20" : 0.000000,
        "50" : 0.000000,
        "100" : 0.000000,
        "250" : 0.000000,
        "500" : 0.000000,
        "750" : 0.000000,
        "1000" : 0.000000
      },
      "latency_ms" : {
        "2" : 0.010000,
        "4" : 0.361811,
        "10" : 10.043567,
        "20" : 18.223310,
        "50" : 19.022447,
        "100" : 17.088088,
        "250" : 24.591511,
        "500" : 5.712626,
        "750" : 2.045558,
        "1000" : 1.243102,
        "2000" : 1.599934,
        ">=2000" : 0.059749
      },
      "latency_depth" : 16,
      "latency_target" : 0,
      "latency_percentile" : 100.000000,
      "latency_window" : 0
    }
  ],
  "disk_util" : [
    {
      "name" : "md5",
      "read_ios" : 120505,
      "write_ios" : 0,
      "read_merges" : 0,
      "write_merges" : 0,
      "read_ticks" : 0,
      "write_ticks" : 0,
      "in_queue" : 0,
      "util" : 0.000000,
      "aggr_read_ios" : 15063,
      "aggr_write_ios" : 0,
      "aggr_read_merges" : 0,
      "aggr_write_merge" : 0,
      "aggr_read_ticks" : 1536613,
      "aggr_write_ticks" : 0,
      "aggr_in_queue" : 1536609,
      "aggr_util" : 99.251176
    },
    {
      "name" : "sdf",
      "read_ios" : 15025,
      "write_ios" : 0,
      "read_merges" : 0,
      "write_merges" : 0,
      "read_ticks" : 746216,
      "write_ticks" : 0,
      "in_queue" : 746216,
      "util" : 98.212032
    },
    {
      "name" : "sdd",
      "read_ios" : 15164,
      "write_ios" : 0,
      "read_merges" : 0,
      "write_merges" : 0,
      "read_ticks" : 639480,
      "write_ticks" : 0,