{
  "fio version" : "fio-3.1",
  "timestamp" : 1585151978,
  "timestamp_ms" : 1585151978164,
  "time" : "Wed Mar 25 16:59:38 2020",
  "jobs" : [
    {
      "jobname" : "iotest",
      "groupid" : 0,
      "error" : 0,
      "eta" : 0,
      "elapsed" : 61,
      "job options" : {
        "rw" : "randwrite",
        "bs" : "4k",
        "ioengine" : "libaio",
        "iodepth" : "64",
        "direct" : "1",
        "invalidate" : "1",
        "refill_buffers" : "1",
        "runtime" : "60",
        "numjobs" : "4",
        "group_reporting" : "1",
        "write_bw_log" : "/fio/10K/RAID5_64K//randwrite-iodepth-64-numjobs-4",
        "write_lat_log" : "/fio/10K/RAID5_64K//randwrite-iodepth-64-numjobs-4",
        "write_iops_log" : "/fio/10K/RAID5_64K//randwrite-iodepth-64-numjobs-4",
        "log_avg_msec" : "500",
        "filename" : "/dev/md5"
      },
      "read" : {
        "io_bytes" : 0,
        "io_kbytes" : 0,
        "bw" : 0,
        "iops" : 0.000000,
        "runtime" : 0,
        "total_ios" : 0,
        "short_ios" : 0,
        "drop_ios" : 0,
        "slat_ns" : {
          "min" : 0,
          "max" : 0,
          "mean" : 0.000000,
          "stddev" : 0.000000
        },
        "clat_ns" : {
          "min" : 0,
          "max" : 0,
          "mean" : 0.000000,
          "stddev" : 0.000000,
          "percentile" : {
            "1.000000" : 0,
            "5.000000" : 0,
            "10.000000" : 0,
            "20.000000" : 0,
            "30.000000" : 0,
            "40.000000" : 0,
            "50.000000" : 0,
            "60.000000" : 0,
            "70.000000" : 0,
            "80.000000" : 0,
            "90.000000" : 0,
            "95.000000" : 0,
            "99.000000" : 0,
            "99.500000" : 0,
            "99.900000" : 0,
            "99.950000" : 0,
            "99.990000" : 0,
            "0.00" : 0,
            "0.00" : 0,
            "0.00" : 0
          }
        },
        "lat_ns" : {
          "min" : 0,
          "max" : 0,
          "mean" : 0.000000,
          "stddev" : 0.000000
        },
        "bw_min" : 0,
        "bw_max" : 0,
        "bw_agg" : 0.000000,
        "bw_mean" : 0.000000,
        "bw_dev" : 0.000000,
        "bw_samples" : 0,
        "iops_min" : 0,
        "iops_max" : 0,
        "iops_mean" : 0.000000,
        "iops_stddev" : 0.000000,
        "iops_samples" : 0
      },
      "write" : {
        "io_bytes" : 61698048,
        "io_kbytes" : 60252,
        "bw" : 999,
        "iops" : 249.834141,
        "runtime" : 60292,
        "total_ios" : 15063,
        "short_ios" : 0,
        "drop_ios" : 0,
        "slat_ns" : {
          "min" : 3428,
          "max" : 505834250,
          "mean" : 3521955.130452,
          "stddev" : 25719216.033764
        },
        "clat_ns" : {
          "min" : 31342797,
          "max" : 1984998733,
          "mean" : 1020292085.999867,
          "stddev" : 250180348.756886,
          "percentile" : {
            "1.000000" : 417333248,
            "5.000000" : 566231040,
            "10.000000" : 692060160,
            "20.000000" : 843055104,
            "30.000000" : 918552576,
            "40.000000" : 968884224,
            "50.000000" : 1027604480,
            "60.000000" : 1082130432,
            "70.000000" : 1149239296,
            "80.000000" : 1233125376,
            "90.000000" : 1317011456,
            "95.000000" : 1400897536,
            "99.000000" : 1568669696,
            "99.500000" : 1652555776,
            "99.900000" : 1870659584,
            "99.950000" : 1937768448,
            "99.990000" : 1954545664,
            "0.00" : 0,
            "0.00" : 0,
            "0.00" : 0
          }
        },
        "lat_ns" : {
          "min" : 31366580,
          "max" : 1985020684,
          "mean" : 1023814524.350196,
          "stddev" : 250831120.812542
        },
        "bw_min" : 24,
        "bw_max" : 578,
        "bw_agg" : 24.829204,
        "bw_mean" : 248.043750,
        "bw_dev" : 110.742513,
        "bw_samples" : 480,
        "iops_min" : 6,
        "iops_max" : 144,
        "iops_mean" : 61.758333,
        "iops_stddev" : 27.629444,
        "iops_samples" : 480
      },
      "trim" : {
        "io_bytes" : 0,
        "io_kbytes" : 0,
        "bw" : 0,
        "iops" : 0.000000,
        "runtime" : 0,
        "total_ios" : 0,
        "short_ios" : 0,
        "drop_ios" : 0,
        "slat_ns" : {
          "min" : 0,
          "max" : 0,
          "mean" : 0.000000,
          "stddev" : 0.000000
        },
        "clat_ns" : {
          "min" : 0,
          "max" : 0,
          "mean" : 0.000000,
          "stddev" : 0.000000,
          "percentile" : {
            "1.000000" : 0,
            "5.000000" : 0,
            "10.000000" : 0,
            "20.000000" : 0,
            "30.000000" : 0,
            "40.000000" : 0,
            "50.000000" : 0,
            "60.000000" : 0,
            "70.000000" : 0,
            "80.000000" : 0,
            "90.000000" : 0,
            "95.000000" : 0,
            "99.000000" : 0,
            "99.500000" : 0,
            "99.900000" : 0,
            "99.950000" : 0,
            "99.990000" : 0,
            "0.00" : 0,
            "0.00" : 0,
            "0.00" : 0
          }
        },
        "lat_ns" : {
          "min" : 0,
          "max" : 0,
          "mean" : 0.000000,
          "stddev" : 0.000000
        },
        "bw_min" : 0,
        "bw_max" : 0,
        "bw_agg" : 0.000000,
        "bw_mean" : 0.000000,
        "bw_dev" : 0.000000,
        "bw_samples" : 0,
        "iops_min" : 0,
        "iops_max" : 0,
        "iops_mean" : 0.000000,
        "iops_stddev" : 0.000000,
        "iops_samples" : 0
      },
      "usr_cpu" : 0.060565,
      "sys_cpu" : 0.078402,
      "ctx" : 6859,
      "majf" : 0,
      "minf" : 95,
      "iodepth_level" : {
        "1" : 0.100000,
        "2" : 0.100000,
        "4" : 0.106221,
        "8" : 0.212441,
        "16" : 0.424882,
        "32" : 0.849764,
        ">=64" : 98.327026
      },
      "latency_ns" : {
        "2" : 0.000000,
        "4" : 0.000000,
        "10" : 0.000000,
        "20" : 0.000000,
        "50" : 0.000000,
        "100" : 0.000000,
        "250" : 0.000000,
        "500" : 0.000000,
        "750" : 0.000000,
        "1000" : 0.000000
      },
      "latency_us" : {
        "2" : 0.000000,
        "4" : 0.000000,
        "10" : 0.000000,
        "20" : 0.000000,
        "50" : 0.000000,
        "100" : 0.000000,
        "250" : 0.000000,
        "500" : 0.000000,
        "750" : 0.000000,
        "1000" : 0.000000
      },
      "latency_ms" : {
        "2" : 0.000000,
        "4" : 0.000000,
        "10" : 0.000000,
        "20" : 0.000000,
        "50" : 0.039833,
        "100" : 0.451437,
        "250" : 0.019916,
        "500" : 2.775012,
        "750" : 9.334130,
        "1000" : 32.669455,
        "2000" : 54.710217,
        ">=2000" : 0.000000
      },
      "latency_depth" : 64,
      "latency_target" : 0,
      "latency_percentile" : 100.000000,
      "latency_window" : 0
    }
  ],
  "disk_util" : [
    {
      "name" : "md5",
      "read_ios" : 50,
      "write_ios" : 15063,
      "read_merges" : 0,
      "write_merges" : 0,
      "read_ticks" : 0,
      "write_ticks" : 0,
      "in_queue" : 0,
      "util" : 0.000000,
      "aggr_read_ios" : 3779,
      "aggr_write_ios" : 4662,
      "aggr_read_merges" : 0,
      "aggr_write_merge" : 0,
      "aggr_read_ticks" : 202752,
      "aggr_write_ticks" : 115676,
      "aggr_in_queue" : 318409,
      "aggr_util" : 79.473789
    },
    {
      "name" : "sdf",
      "read_ios" : 3787,
      "write_ios" : 4678,
      "read_merges" : 0,
      "write_merges" : 0,
      "read_ticks" : 213708,
      "write_ticks" : 119648,
      "in_queue" : 333340,
      "util" : 79.473789
    },
    {
      "name" : "sdd",
      "read_ios" : 3820,
      "write_ios" : 4709,
      "read_merges" : 0,
      "write_merges" : 0,
      "read_ticks" : 198580,