{
  "fio version" : "fio-3.1",
  "timestamp" : 1585151606,
  "timestamp_ms" : 1585151606106,
  "time" : "Wed Mar 25 16:53:26 2020",
  "jobs" : [
    {
      "jobname" : "iotest",
      "groupid" : 0,
      "error" : 0,
      "eta" : 0,
      "elapsed" : 61,
      "job options" : {
        "rw" : "randwrite",
        "bs" : "4k",
        "ioengine" : "libaio",
        "iodepth" : "32",
        "direct" : "1",
        "invalidate" : "1",
        "refill_buffers" : "1",
        "runtime" : "60",
        "numjobs" : "8",
        "group_reporting" : "1",
        "write_bw_log" : "/fio/10K/RAID5_64K//randwrite-iodepth-32-numjobs-8",
        "write_lat_log" : "/fio/10K/RAID5_64K//randwrite-iodepth-32-numjobs-8",
        "write_iops_log" : "/fio/10K/RAID5_64K//randwrite-iodepth-32-numjobs-8",
        "log_avg_msec" : "500",
        "filename" : "/dev/md5"
      },
      "read" : {
        "io_bytes" : 0,
        "io_kbytes" : 0,
        "bw" : 0,
        "iops" : 0.000000,
        "runtime" : 0,
        "total_ios" : 0,
        "short_ios" : 0,
        "drop_ios" : 0,
        "slat_ns" : {
          "min" : 0,
          "max" : 0,
          "mean" : 0.000000,
          "stddev" : 0.000000
        },
        "clat_ns" : {
          "min" : 0,
          "max" : 0,
          "mean" : 0.000000,
          "stddev" : 0.000000,
          "percentile" : {
            "1.000000" : 0,
            "5.000000" : 0,
            "10.000000" : 0,
            "20.000000" : 0,
            "30.000000" : 0,
            "40.000000" : 0,
            "50.000000" : 0,
            "60.000000" : 0,
            "70.000000" : 0,
            "80.000000" : 0,
            "90.000000" : 0,
            "95.000000" : 0,
            "99.000000" : 0,
            "99.500000" : 0,
            "99.900000" : 0,
            "99.950000" : 0,
            "99.990000" : 0,
            "0.00" : 0,
            "0.00" : 0,
            "0.00" : 0
          }
        },
        "lat_ns" : {
          "min" : 0,
          "max" : 0,
          "mean" : 0.000000,
          "stddev" : 0.000000
        },
        "bw_min" : 0,
        "bw_max" : 0,
        "bw_agg" : 0.000000,
        "bw_mean" : 0.000000,
        "bw_dev" : 0.000000,
        "bw_samples" : 0,
        "iops_min" : 0,
        "iops_max" : 0,
        "iops_mean" : 0.000000,
        "iops_stddev" : 0.000000,
        "iops_samples" : 0
      },
      "write" : {
        "io_bytes" : 61067264,
        "io_kbytes" : 59636,
        "bw" : 988,
        "iops" : 247.169217,
        "runtime" : 60319,
        "total_ios" : 14909,
        "short_ios" : 0,
        "drop_ios" : 0,
        "slat_ns" : {
          "min" : 3574,
          "max" : 951569325,
          "mean" : 12479552.676102,
          "stddev" : 55037764.559810
        },
        "clat_ns" : {
          "min" : 33071634,
          "max" : 2123023100,
          "mean" : 1020864612.889195,
          "stddev" : 235378601.532525,
          "percentile" : {
            "1.000000" : 517996544,
            "5.000000" : 641728512,
            "10.000000" : 742391808,
            "20.000000" : 843055104,
            "30.000000" : 910163968,
            "40.000000" : 952107008,
            "50.000000" : 1010827264,
            "60.000000" : 1061158912,
            "70.000000" : 1115684864,
            "80.000000" : 1199570944,
            "90.000000" : 1317011456,
            "95.000000" : 1417674752,
            "99.000000" : 1686110208,
            "99.500000" : 1837105152,
            "99.900000" : 2021654528,
            "99.950000" : 2088763392,
            "99.990000" : 2122317824,
            "0.00" : 0,
            "0.00" : 0,
            "0.00" : 0
          }
        },
        "lat_ns" : {
          "min" : 33076243,
          "max" : 2316300313,
          "mean" : 1033344855.843517,
          "stddev" : 240632093.241155
        },
        "bw_min" : 8,
        "bw_max" : 259,
        "bw_agg" : 12.549222,
        "bw_mean" : 123.986316,
        "bw_dev" : 55.191465,
        "bw_samples" : 950,
        "iops_min" : 2,
        "iops_max" : 64,
        "iops_mean" : 30.840000,
        "iops_stddev" : 13.694610,
        "iops_samples" : 950
      },
      "trim" : {
        "io_bytes" : 0,
        "io_kbytes" : 0,
        "bw" : 0,
        "iops" : 0.000000,
        "runtime" : 0,
        "total_ios" : 0,
        "short_ios" : 0,
        "drop_ios" : 0,
        "slat_ns" : {
          "min" : 0,
          "max" : 0,
          "mean" : 0.000000,
          "stddev" : 0.000000
        },
        "clat_ns" : {
          "min" : 0,
          "max" : 0,
          "mean" : 0.000000,
          "stddev" : 0.000000,
          "percentile" : {
            "1.000000" : 0,
            "5.000000" : 0,
            "10.000000" : 0,
            "20.000000" : 0,
            "30.000000" : 0,
            "40.000000" : 0,
            "50.000000" : 0,
            "60.000000" : 0,
            "70.000000" : 0,
            "80.000000" : 0,
            "90.000000" : 0,
            "95.000000" : 0,
            "99.000000" : 0,
            "99.500000" : 0,
            "99.900000" : 0,
            "99.950000" : 0,
            "99.990000" : 0,
            "0.00" : 0,
            "0.00" : 0,
            "0.00" : 0
          }
        },
        "lat_ns" : {
          "min" : 0,
          "max" : 0,
          "mean" : 0.000000,
          "stddev" : 0.000000
        },
        "bw_min" : 0,
        "bw_max" : 0,
        "bw_agg" : 0.000000,
        "bw_mean" : 0.000000,
        "bw_dev" : 0.000000,
        "bw_samples" : 0,
        "iops_min" : 0,
        "iops_max" : 0,
        "iops_mean" : 0.000000,
        "iops_stddev" : 0.000000,
        "iops_samples" : 0
      },
      "usr_cpu" : 0.050172,
      "sys_cpu" : 0.045611,
      "ctx" : 14149,
      "majf" : 0,
      "minf" : 146,
      "iodepth_level" : {
        "1" : 0.100000,
        "2" : 0.107318,
        "4" : 0.214635,
        "8" : 0.429271,
        "16" : 0.858542,
        "32" : 98.336575,
        ">=64" : 0.000000
      },
      "latency_ns" : {
        "2" : 0.000000,
        "4" : 0.000000,
        "10" : 0.000000,
        "20" : 0.000000,
        "50" : 0.000000,
        "100" : 0.000000,
        "250" : 0.000000,
        "500" : 0.000000,
        "750" : 0.000000,
        "1000" : 0.000000
      },
      "latency_us" : {
        "2" : 0.000000,
        "4" : 0.000000,
        "10" : 0.000000,
        "20" : 0.000000,
        "50" : 0.000000,
        "100" : 0.000000,
        "250" : 0.000000,
        "500" : 0.000000,
        "750" : 0.000000,
        "1000" : 0.000000
      },
      "latency_ms" : {
        "2" : 0.000000,
        "4" : 0.000000,
        "10" : 0.000000,
        "20" : 0.000000,
        "50" : 0.033537,
        "100" : 0.073781,
        "250" : 0.046952,
        "500" : 0.684151,
        "750" : 9.799450,
        "1000" : 37.648400,
        "2000" : 51.586290,
        ">=2000" : 0.127440
      },
      "latency_depth" : 32,
      "latency_target" : 0,
      "latency_percentile" : 100.000000,
      "latency_window" : 0
    }
  ],
  "disk_util" : [
    {
      "name" : "md5",
      "read_ios" : 49,
      "write_ios" : 14908,
      "read_merges" : 0,
      "write_merges" : 0,
      "read_ticks" : 0,
      "write_ticks" : 0,
      "in_queue" : 0,
      "util" : 0.000000,
      "aggr_read_ios" : 3747,
      "aggr_write_ios" : 4680,
      "aggr_read_merges" : 0,
      "aggr_write_merge" : 0,
      "aggr_read_ticks" : 203441,
      "aggr_write_ticks" : 123747,
      "aggr_in_queue" : 327171,
      "aggr_util" : 77.289456
    },
    {
      "name" : "sdf",
      "read_ios" : 3714,
      "write_ios" : 4658,
      "read_merges" : 0,
      "write_merges" : 0,
      "read_ticks" : 218184,
      "write_ticks" : 127912,
      "in_queue" : 346080,
      "util" : 77.289456
    },
    {
      "name" : "sdd",
      "read_ios" : 3832,
      "write_ios" : 4773,
      "read_merges" : 0,
      "write_merges" : 0,
      "read_ticks" : 213308,