{
  "fio version" : "fio-3.1",
  "timestamp" : 1585150184,
  "timestamp_ms" : 1585150184875,
  "time" : "Wed Mar 25 16:29:44 2020",
  "jobs" : [
    {
      "jobname" : "iotest",
      "groupid" : 0,
      "error" : 0,
      "eta" : 0,
      "elapsed" : 61,
      "job options" : {
        "rw" : "randwrite",
        "bs" : "4k",
        "ioengine" : "libaio",
        "iodepth" : "4",
        "direct" : "1",
        "invalidate" : "1",
        "refill_buffers" : "1",
        "runtime" : "60",
        "numjobs" : "2",
        "group_reporting" : "1",
        "write_bw_log" : "/fio/10K/RAID5_64K//randwrite-iodepth-4-numjobs-2",
        "write_lat_log" : "/fio/10K/RAID5_64K//randwrite-iodepth-4-numjobs-2",
        "write_iops_log" : "/fio/10K/RAID5_64K//randwrite-iodepth-4-numjobs-2",
        "log_avg_msec" : "500",
        "filename" : "/dev/md5"
      },
      "read" : {
        "io_bytes" : 0,
        "io_kbytes" : 0,
        "bw" : 0,
        "iops" : 0.000000,
        "runtime" : 0,
        "total_ios" : 0,
        "short_ios" : 0,
        "drop_ios" : 0,
        "slat_ns" : {
          "min" : 0,
          "max" : 0,
          "mean" : 0.000000,
          "stddev" : 0.000000
        },
        "clat_ns" : {
          "min" : 0,
          "max" : 0,
          "mean" : 0.000000,
          "stddev" : 0.000000,
          "percentile" : {
            "1.000000" : 0,
            "5.000000" : 0,
            "10.000000" : 0,
            "20.000000" : 0,
            "30.000000" : 0,
            "40.000000" : 0,
            "50.000000" : 0,
            "60.000000" : 0,
            "70.000000" : 0,
            "80.000000" : 0,
            "90.000000" : 0,
            "95.000000" : 0,
            "99.000000" : 0,
            "99.500000" : 0,
            "99.900000" : 0,
            "99.950000" : 0,
            "99.990000" : 0,
            "0.00" : 0,
            "0.00" : 0,
            "0.00" : 0
          }
        },
        "lat_ns" : {
          "min" : 0,
          "max" : 0,
          "mean" : 0.000000,
          "stddev" : 0.000000
        },
        "bw_min" : 0,
        "bw_max" : 0,
        "bw_agg" : 0.000000,
        "bw_mean" : 0.000000,
        "bw_dev" : 0.000000,
        "bw_samples" : 0,
        "iops_min" : 0,
        "iops_max" : 0,
        "iops_mean" : 0.000000,
        "iops_stddev" : 0.000000,
        "iops_samples" : 0
      },
      "write" : {
        "io_bytes" : 12255232,
        "io_kbytes" : 11968,
        "bw" : 199,
        "iops" : 49.818509,
        "runtime" : 60058,
        "total_ios" : 2992,
        "short_ios" : 0,
        "drop_ios" : 0,
        "slat_ns" : {
          "min" : 4056,
          "max" : 28667950,
          "mean" : 32749.300802,
          "stddev" : 733790.096583
        },
        "clat_ns" : {
          "min" : 20803657,
          "max" : 299818870,
          "mean" : 160441586.989305,
          "stddev" : 37039174.004228,
          "percentile" : {
            "1.000000" : 72876032,
            "5.000000" : 102236160,
            "10.000000" : 111673344,
            "20.000000" : 129499136,
            "30.000000" : 141557760,
            "40.000000" : 147849216,
            "50.000000" : 158334976,
            "60.000000" : 170917888,
            "70.000000" : 183500800,
            "80.000000" : 193986560,
            "90.000000" : 208666624,
            "95.000000" : 219152384,
            "99.000000" : 240123904,
            "99.500000" : 248512512,
            "99.900000" : 256901120,
            "99.950000" : 261095424,
            "99.990000" : 299892736,
            "0.00" : 0,
            "0.00" : 0,
            "0.00" : 0
          }
        },
        "lat_ns" : {
          "min" : 20809721,
          "max" : 299840902,
          "mean" : 160475028.053810,
          "stddev" : 36997367.483379
        },
        "bw_min" : 72,
        "bw_max" : 152,
        "bw_agg" : 49.983250,
        "bw_mean" : 99.466667,
        "bw_dev" : 13.383893,
        "bw_samples" : 240,
        "iops_min" : 18,
        "iops_max" : 38,
        "iops_mean" : 24.866667,
        "iops_stddev" : 3.345973,
        "iops_samples" : 240
      },
      "trim" : {
        "io_bytes" : 0,
        "io_kbytes" : 0,
        "bw" : 0,
        "iops" : 0.000000,
        "runtime" : 0,
        "total_ios" : 0,
        "short_ios" : 0,
        "drop_ios" : 0,
        "slat_ns" : {
          "min" : 0,
          "max" : 0,
          "mean" : 0.000000,
          "stddev" : 0.000000
        },
        "clat_ns" : {
          "min" : 0,
          "max" : 0,
          "mean" : 0.000000,
          "stddev" : 0.000000,
          "percentile" : {
            "1.000000" : 0,
            "5.000000" : 0,
            "10.000000" : 0,
            "20.000000" : 0,
            "30.000000" : 0,
            "40.000000" : 0,
            "50.000000" : 0,
            "60.000000" : 0,
            "70.000000" : 0,
            "80.000000" : 0,
            "90.000000" : 0,
            "95.000000" : 0,
            "99.000000" : 0,
            "99.500000" : 0,
            "99.900000" : 0,
            "99.950000" : 0,
            "99.990000" : 0,
            "0.00" : 0,
            "0.00" : 0,
            "0.00" : 0
          }
        },
        "lat_ns" : {
          "min" : 0,
          "max" : 0,
          "mean" : 0.000000,
          "stddev" : 0.000000
        },
        "bw_min" : 0,
        "bw_max" : 0,
        "bw_agg" : 0.000000,
        "bw_mean" : 0.000000,
        "bw_dev" : 0.000000,
        "bw_samples" : 0,
        "iops_min" : 0,
        "iops_max" : 0,
        "iops_mean" : 0.000000,
        "iops_stddev" : 0.000000,
        "iops_samples" : 0
      },
      "usr_cpu" : 0.051618,
      "sys_cpu" : 0.049120,
      "ctx" : 1787,
      "majf" : 0,
      "minf" : 34,
      "iodepth_level" : {
        "1" : 0.100000,
        "2" : 0.133690,
        "4" : 99.799465,
        "8" : 0.000000,
        "16" : 0.000000,
        "32" : 0.000000,
        ">=64" : 0.000000
      },
      "latency_ns" : {
        "2" : 0.000000,
        "4" : 0.000000,
        "10" : 0.000000,
        "20" : 0.000000,
        "50" : 0.000000,
        "100" : 0.000000,
        "250" : 0.000000,
        "500" : 0.000000,
        "750" : 0.000000,
        "1000" : 0.000000
      },
      "latency_us" : {
        "2" : 0.000000,
        "4" : 0.000000,
        "10" : 0.000000,
        "20" : 0.000000,
        "50" : 0.000000,
        "100" : 0.000000,
        "250" : 0.000000,
        "500" : 0.000000,
        "750" : 0.000000,
        "1000" : 0.000000
      },
      "latency_ms" : {
        "2" : 0.000000,
        "4" : 0.000000,
        "10" : 0.000000,
        "20" : 0.000000,
        "50" : 0.066845,
        "100" : 4.478610,
        "250" : 95.120321,
        "500" : 0.334225,
        "750" : 0.000000,
        "1000" : 0.000000,
        "2000" : 0.000000,
        ">=2000" : 0.000000
      },
      "latency_depth" : 4,
      "latency_target" : 0,
      "latency_percentile" : 100.000000,
      "latency_window" : 0
    }
  ],
  "disk_util" : [
    {
      "name" : "md5",
      "read_ios" : 49,
      "write_ios" : 2992,
      "read_merges" : 0,
      "write_merges" : 0,
      "read_ticks" : 0,
      "write_ticks" : 0,
      "in_queue" : 0,
      "util" : 0.000000,
      "aggr_read_ios" : 767,
      "aggr_write_ios" : 2403,
      "aggr_read_merges" : 0,
      "aggr_write_merge" : 0,
      "aggr_read_ticks" : 7194,
      "aggr_write_ticks" : 33563,
      "aggr_in_queue" : 40757,
      "aggr_util" : 61.132351
    },
    {
      "name" : "sdf",
      "read_ios" : 750,
      "write_ios" : 2396,
      "read_merges" : 0,
      "write_merges" : 0,
      "read_ticks" : 7040,
      "write_ticks" : 34120,
      "in_queue" : 41160,
      "util" : 57.424031
    },
    {
      "name" : "sdd",
      "read_ios" : 784,
      "write_ios" : 2427,
      "read_merges" : 0,
      "write_merges" : 0,
      "read_ticks" : 6988,
      "write_ticks" : 36400,
      "in_queue" : 43388,