{
  "fio version" : "fio-3.1",
  "timestamp" : 1585149259,
  "timestamp_ms" : 1585149259513,
  "time" : "Wed Mar 25 16:14:19 2020",
  "jobs" : [
    {
      "jobname" : "iotest",
      "groupid" : 0,
      "error" : 0,
      "eta" : 0,
      "elapsed" : 61,
      "job options" : {
        "rw" : "randwrite",
        "bs" : "4k",
        "ioengine" : "libaio",
        "iodepth" : "1",
        "direct" : "1",
        "invalidate" : "1",
        "refill_buffers" : "1",
        "runtime" : "60",
        "numjobs" : "1",
        "group_reporting" : "1",
        "write_bw_log" : "/fio/10K/RAID5_64K//randwrite-iodepth-1-numjobs-1",
        "write_lat_log" : "/fio/10K/RAID5_64K//randwrite-iodepth-1-numjobs-1",
        "write_iops_log" : "/fio/10K/RAID5_64K//randwrite-iodepth-1-numjobs-1",
        "log_avg_msec" : "500",
        "filename" : "/dev/md5"
      },
      "read" : {
        "io_bytes" : 0,
        "io_kbytes" : 0,
        "bw" : 0,
        "iops" : 0.000000,
        "runtime" : 0,
        "total_ios" : 0,
        "short_ios" : 0,
        "drop_ios" : 0,
        "slat_ns" : {
          "min" : 0,
          "max" : 0,
          "mean" : 0.000000,
          "stddev" : 0.000000
        },
        "clat_ns" : {
          "min" : 0,
          "max" : 0,
          "mean" : 0.000000,
          "stddev" : 0.000000,
          "percentile" : {
            "1.000000" : 0,
            "5.000000" : 0,
            "10.000000" : 0,
            "20.000000" : 0,
            "30.000000" : 0,
            "40.000000" : 0,
            "50.000000" : 0,
            "60.000000" : 0,
            "70.000000" : 0,
            "80.000000" : 0,
            "90.000000" : 0,
            "95.000000" : 0,
            "99.000000" : 0,
            "99.500000" : 0,
            "99.900000" : 0,
            "99.950000" : 0,
            "99.990000" : 0,
            "0.00" : 0,
            "0.00" : 0,
            "0.00" : 0
          }
        },
        "lat_ns" : {
          "min" : 0,
          "max" : 0,
          "mean" : 0.000000,
          "stddev" : 0.000000
        },
        "bw_min" : 0,
        "bw_max" : 0,
        "bw_agg" : 0.000000,
        "bw_mean" : 0.000000,
        "bw_dev" : 0.000000,
        "bw_samples" : 0,
        "iops_min" : 0,
        "iops_max" : 0,
        "iops_mean" : 0.000000,
        "iops_stddev" : 0.000000,
        "iops_samples" : 0
      },
      "write" : {
        "io_bytes" : 8589312,
        "io_kbytes" : 8388,
        "bw" : 139,
        "iops" : 34.938354,
        "runtime" : 60020,
        "total_ios" : 2097,
        "short_ios" : 0,
        "drop_ios" : 0,
        "slat_ns" : {
          "min" : 21307,
          "max" : 72244033,
          "mean" : 62134.596090,
          "stddev" : 1577017.326548
        },
        "clat_ns" : {
          "min" : 5161099,
          "max" : 107619108,
          "mean" : 28546088.903195,
          "stddev" : 6506613.113444,
          "percentile" : {
            "1.000000" : 7176192,
            "5.000000" : 22413312,
            "10.000000" : 24248320,
            "20.000000" : 25821184,
            "30.000000" : 26869760,
            "40.000000" : 27918336,
            "50.000000" : 28704768,
            "60.000000" : 29491200,
            "70.000000" : 30277632,
            "80.000000" : 31326208,
            "90.000000" : 33161216,
            "95.000000" : 34865152,
            "99.000000" : 50069504,
            "99.500000" : 54263808,
            "99.900000" : 79167488,
            "99.950000" : 101187584,
            "99.990000" : 107479040,
            "0.00" : 0,
            "0.00" : 0,
            "0.00" : 0
          }
        },
        "lat_ns" : {
          "min" : 5189488,
          "max" : 107647505,
          "mean" : 28609329.340963,
          "stddev" : 6666349.463047
        },
        "bw_min" : 112,
        "bw_max" : 160,
        "bw_agg" : 100.000000,
        "bw_mean" : 139.733333,
        "bw_dev" : 8.421395,
        "bw_samples" : 120,
        "iops_min" : 28,
        "iops_max" : 40,
        "iops_mean" : 34.933333,
        "iops_stddev" : 2.105349,
        "iops_samples" : 120
      },
      "trim" : {
        "io_bytes" : 0,
        "io_kbytes" : 0,
        "bw" : 0,
        "iops" : 0.000000,
        "runtime" : 0,
        "total_ios" : 0,
        "short_ios" : 0,
        "drop_ios" : 0,
        "slat_ns" : {
          "min" : 0,
          "max" : 0,
          "mean" : 0.000000,
          "stddev" : 0.000000
        },
        "clat_ns" : {
          "min" : 0,
          "max" : 0,
          "mean" : 0.000000,
          "stddev" : 0.000000,
          "percentile" : {
            "1.000000" : 0,
            "5.000000" : 0,
            "10.000000" : 0,
            "20.000000" : 0,
            "30.000000" : 0,
            "40.000000" : 0,
            "50.000000" : 0,
            "60.000000" : 0,
            "70.000000" : 0,
            "80.000000" : 0,
            "90.000000" : 0,
            "95.000000" : 0,
            "99.000000" : 0,
            "99.500000" : 0,
            "99.900000" : 0,
            "99.950000" : 0,
            "99.990000" : 0,
            "0.00" : 0,
            "0.00" : 0,
            "0.00" : 0
          }
        },
        "lat_ns" : {
          "min" : 0,
          "max" : 0,
          "mean" : 0.000000,
          "stddev" : 0.000000
        },
        "bw_min" : 0,
        "bw_max" : 0,
        "bw_agg" : 0.000000,
        "bw_mean" : 0.000000,
        "bw_dev" : 0.000000,
        "bw_samples" : 0,
        "iops_min" : 0,
        "iops_max" : 0,
        "iops_mean" : 0.000000,
        "iops_stddev" : 0.000000,
        "iops_samples" : 0
      },
      "usr_cpu" : 0.106633,
      "sys_cpu" : 0.173278,
      "ctx" : 2107,
      "majf" : 0,
      "minf" : 22,
      "iodepth_level" : {
        "1" : 100.000000,
        "2" : 0.000000,
        "4" : 0.000000,
        "8" : 0.000000,
        "16" : 0.000000,
        "32" : 0.000000,
        ">=64" : 0.000000
      },
      "latency_ns" : {
        "2" : 0.000000,
        "4" : 0.000000,
        "10" : 0.000000,
        "20" : 0.000000,
        "50" : 0.000000,
        "100" : 0.000000,
        "250" : 0.000000,
        "500" : 0.000000,
        "750" : 0.000000,
        "1000" : 0.000000
      },
      "latency_us" : {
        "2" : 0.000000,
        "4" : 0.000000,
        "10" : 0.000000,
        "20" : 0.000000,
        "50" : 0.000000,
        "100" : 0.000000,
        "250" : 0.000000,
        "500" : 0.000000,
        "750" : 0.000000,
        "1000" : 0.000000
      },
      "latency_ms" : {
        "2" : 0.000000,
        "4" : 0.000000,
        "10" : 2.718169,
        "20" : 1.144492,
        "50" : 95.183596,
        "100" : 0.858369,
        "250" : 0.095374,
        "500" : 0.000000,
        "750" : 0.000000,
        "1000" : 0.000000,
        "2000" : 0.000000,
        ">=2000" : 0.000000
      },
      "latency_depth" : 1,
      "latency_target" : 0,
      "latency_percentile" : 100.000000,
      "latency_window" : 0
    }
  ],
  "disk_util" : [
    {
      "name" : "md5",
      "read_ios" : 41,
      "write_ios" : 2089,
      "read_merges" : 0,
      "write_merges" : 0,
      "read_ticks" : 0,
      "write_ticks" : 0,
      "in_queue" : 0,
      "util" : 0.000000,
      "aggr_read_ios" : 531,
      "aggr_write_ios" : 2544,
      "aggr_read_merges" : 0,
      "aggr_write_merge" : 0,
      "aggr_read_ticks" : 3951,
      "aggr_write_ticks" : 24652,
      "aggr_in_queue" : 28603,
      "aggr_util" : 50.124780
    },
    {
      "name" : "sdf",
      "read_ios" : 514,
      "write_ios" : 2530,
      "read_merges" : 0,
      "write_merges" : 0,
      "read_ticks" : 4036,
      "write_ticks" : 24192,
      "in_queue" : 28228,
      "util" : 46.900270
    },
    {
      "name" : "sdd",
      "read_ios" : 550,
      "write_ios" : 2567,
      "read_merges" : 0,
      "write_merges" : 0,
      "read_ticks" : 4020,
      "write_ticks" : 23388,
      "in_queue" : 27408,