{
  "fio version" : "fio-3.1",
  "timestamp" : 1585150678,
  "timestamp_ms" : 1585150678429,
  "time" : "Wed Mar 25 16:37:58 2020",
  "jobs" : [
    {
      "jobname" : "iotest",
      "groupid" : 0,
      "error" : 0,
      "eta" : 0,
      "elapsed" : 61,
      "job options" : {
        "rw" : "randwrite",
        "bs" : "4k",
        "ioengine" : "libaio",
        "iodepth" : "8",
        "direct" : "1",
        "invalidate" : "1",
        "refill_buffers" : "1",
        "runtime" : "60",
        "numjobs" : "4",
        "group_reporting" : "1",
        "write_bw_log" : "/fio/10K/RAID5_64K//randwrite-iodepth-8-numjobs-4",
        "write_lat_log" : "/fio/10K/RAID5_64K//randwrite-iodepth-8-numjobs-4",
        "write_iops_log" : "/fio/10K/RAID5_64K//randwrite-iodepth-8-numjobs-4",
        "log_avg_msec" : "500",
        "filename" : "/dev/md5"
      },
      "read" : {
        "io_bytes" : 0,
        "io_kbytes" : 0,
        "bw" : 0,
        "iops" : 0.000000,
        "runtime" : 0,
        "total_ios" : 0,
        "short_ios" : 0,
        "drop_ios" : 0,
        "slat_ns" : {
          "min" : 0,
          "max" : 0,
          "mean" : 0.000000,
          "stddev" : 0.000000
        },
        "clat_ns" : {
          "min" : 0,
          "max" : 0,
          "mean" : 0.000000,
          "stddev" : 0.000000,
          "percentile" : {
            "1.000000" : 0,
            "5.000000" : 0,
            "10.000000" : 0,
            "20.000000" : 0,
            "30.000000" : 0,
            "40.000000" : 0,
            "50.000000" : 0,
            "60.000000" : 0,
            "70.000000" : 0,
            "80.000000" : 0,
            "90.000000" : 0,
            "95.000000" : 0,
            "99.000000" : 0,
            "99.500000" : 0,
            "99.900000" : 0,
            "99.950000" : 0,
            "99.990000" : 0,
            "0.00" : 0,
            "0.00" : 0,
            "0.00" : 0
          }
        },
        "lat_ns" : {
          "min" : 0,
          "max" : 0,
          "mean" : 0.000000,
          "stddev" : 0.000000
        },
        "bw_min" : 0,
        "bw_max" : 0,
        "bw_agg" : 0.000000,
        "bw_mean" : 0.000000,
        "bw_dev" : 0.000000,
        "bw_samples" : 0,
        "iops_min" : 0,
        "iops_max" : 0,
        "iops_mean" : 0.000000,
        "iops_stddev" : 0.000000,
        "iops_samples" : 0
      },
      "write" : {
        "io_bytes" : 27815936,
        "io_kbytes" : 27164,
        "bw" : 452,
        "iops" : 113.064615,
        "runtime" : 60063,
        "total_ios" : 6791,
        "short_ios" : 0,
        "drop_ios" : 0,
        "slat_ns" : {
          "min" : 4604,
          "max" : 36108733,
          "mean" : 32121.346046,
          "stddev" : 821455.223285
        },
        "clat_ns" : {
          "min" : 40206559,
          "max" : 516796593,
          "mean" : 282682481.040348,
          "stddev" : 66411496.123513,
          "percentile" : {
            "1.000000" : 126353408,
            "5.000000" : 154140672,
            "10.000000" : 181403648,
            "20.000000" : 235929600,
            "30.000000" : 258998272,
            "40.000000" : 274726912,
            "50.000000" : 291504128,
            "60.000000" : 304087040,
            "70.000000" : 316669952,
            "80.000000" : 333447168,
            "90.000000" : 358612992,
            "95.000000" : 383778816,
            "99.000000" : 429916160,
            "99.500000" : 450887680,
            "99.900000" : 492830720,
            "99.950000" : 505413632,
            "99.990000" : 517996544,
            "0.00" : 0,
            "0.00" : 0,
            "0.00" : 0
          }
        },
        "lat_ns" : {
          "min" : 72412510,
          "max" : 516802690,
          "mean" : 282715227.171845,
          "stddev" : 66380724.408716
        },
        "bw_min" : 63,
        "bw_max" : 161,
        "bw_agg" : 25.006453,
        "bw_mean" : 113.029167,
        "bw_dev" : 17.791743,
        "bw_samples" : 480,
        "iops_min" : 15,
        "iops_max" : 40,
        "iops_mean" : 28.077083,
        "iops_stddev" : 4.420995,
        "iops_samples" : 480
      },
      "trim" : {
        "io_bytes" : 0,
        "io_kbytes" : 0,
        "bw" : 0,
        "iops" : 0.000000,
        "runtime" : 0,
        "total_ios" : 0,
        "short_ios" : 0,
        "drop_ios" : 0,
        "slat_ns" : {
          "min" : 0,
          "max" : 0,
          "mean" : 0.000000,
          "stddev" : 0.000000
        },
        "clat_ns" : {
          "min" : 0,
          "max" : 0,
          "mean" : 0.000000,
          "stddev" : 0.000000,
          "percentile" : {
            "1.000000" : 0,
            "5.000000" : 0,
            "10.000000" : 0,
            "20.000000" : 0,
            "30.000000" : 0,
            "40.000000" : 0,
            "50.000000" : 0,
            "60.000000" : 0,
            "70.000000" : 0,
            "80.000000" : 0,
            "90.000000" : 0,
            "95.000000" : 0,
            "99.000000" : 0,
            "99.500000" : 0,
            "99.900000" : 0,
            "99.950000" : 0,
            "99.990000" : 0,
            "0.00" : 0,
            "0.00" : 0,
            "0.00" : 0
          }
        },
        "lat_ns" : {
          "min" : 0,
          "max" : 0,
          "mean" : 0.000000,
          "stddev" : 0.000000
        },
        "bw_min" : 0,
        "bw_max" : 0,
        "bw_agg" : 0.000000,
        "bw_mean" : 0.000000,
        "bw_dev" : 0.000000,
        "bw_samples" : 0,
        "iops_min" : 0,
        "iops_max" : 0,
        "iops_mean" : 0.000000,
        "iops_stddev" : 0.000000,
        "iops_samples" : 0
      },
      "usr_cpu" : 0.050371,
      "sys_cpu" : 0.045376,
      "ctx" : 4197,
      "majf" : 0,
      "minf" : 91,
      "iodepth_level" : {
        "1" : 0.100000,
        "2" : 0.117803,
        "4" : 0.235606,
        "8" : 99.587690,
        "16" : 0.000000,
        "32" : 0.000000,
        ">=64" : 0.000000
      },
      "latency_ns" : {
        "2" : 0.000000,
        "4" : 0.000000,
        "10" : 0.000000,
        "20" : 0.000000,
        "50" : 0.000000,
        "100" : 0.000000,
        "250" : 0.000000,
        "500" : 0.000000,
        "750" : 0.000000,
        "1000" : 0.000000
      },
      "latency_us" : {
        "2" : 0.000000,
        "4" : 0.000000,
        "10" : 0.000000,
        "20" : 0.000000,
        "50" : 0.000000,
        "100" : 0.000000,
        "250" : 0.000000,
        "500" : 0.000000,
        "750" : 0.000000,
        "1000" : 0.000000
      },
      "latency_ms" : {
        "2" : 0.000000,
        "4" : 0.000000,
        "10" : 0.000000,
        "20" : 0.000000,
        "50" : 0.029451,
        "100" : 0.191430,
        "250" : 25.916654,
        "500" : 73.803564,
        "750" : 0.058901,
        "1000" : 0.000000,
        "2000" : 0.000000,
        ">=2000" : 0.000000
      },
      "latency_depth" : 8,
      "latency_target" : 0,
      "latency_percentile" : 100.000000,
      "latency_window" : 0
    }
  ],
  "disk_util" : [
    {
      "name" : "md5",
      "read_ios" : 49,
      "write_ios" : 6791,
      "read_merges" : 0,
      "write_merges" : 0,
      "read_ticks" : 0,
      "write_ticks" : 0,
      "in_queue" : 0,
      "util" : 0.000000,
      "aggr_read_ios" : 1717,
      "aggr_write_ios" : 3302,
      "aggr_read_merges" : 0,
      "aggr_write_merge" : 0,
      "aggr_read_ticks" : 26146,
      "aggr_write_ticks" : 40053,
      "aggr_in_queue" : 66198,
      "aggr_util" : 68.309695
    },
    {
      "name" : "sdf",
      "read_ios" : 1687,
      "write_ios" : 3283,
      "read_merges" : 0,
      "write_merges" : 0,
      "read_ticks" : 26720,
      "write_ticks" : 41260,
      "in_queue" : 67980,
      "util" : 67.983061
    },
    {
      "name" : "sdd",
      "read_ios" : 1752,
      "write_ios" : 3345,
      "read_merges" : 0,
      "write_merges" : 0,
      "read_ticks" : 26396,
      "write_ticks" : 41124,
      "in_queue" : 67520,