{
  "fio version" : "fio-3.1",
  "timestamp" : 1585149443,
  "timestamp_ms" : 1585149443249,
  "time" : "Wed Mar 25 16:17:23 2020",
  "jobs" : [
    {
      "jobname" : "iotest",
      "groupid" : 0,
      "error" : 0,
      "eta" : 0,
      "elapsed" : 61,
      "job options" : {
        "rw" : "randwrite",
        "bs" : "4k",
        "ioengine" : "libaio",
        "iodepth" : "1",
        "direct" : "1",
        "invalidate" : "1",
        "refill_buffers" : "1",
        "runtime" : "60",
        "numjobs" : "8",
        "group_reporting" : "1",
        "write_bw_log" : "/fio/10K/RAID5_64K//randwrite-iodepth-1-numjobs-8",
        "write_lat_log" : "/fio/10K/RAID5_64K//randwrite-iodepth-1-numjobs-8",
        "write_iops_log" : "/fio/10K/RAID5_64K//randwrite-iodepth-1-numjobs-8",
        "log_avg_msec" : "500",
        "filename" : "/dev/md5"
      },
      "read" : {
        "io_bytes" : 0,
        "io_kbytes" : 0,
        "bw" : 0,
        "iops" : 0.000000,
        "runtime" : 0,
        "total_ios" : 0,
        "short_ios" : 0,
        "drop_ios" : 0,
        "slat_ns" : {
          "min" : 0,
          "max" : 0,
          "mean" : 0.000000,
          "stddev" : 0.000000
        },
        "clat_ns" : {
          "min" : 0,
          "max" : 0,
          "mean" : 0.000000,
          "stddev" : 0.000000,
          "percentile" : {
            "1.000000" : 0,
            "5.000000" : 0,
            "10.000000" : 0,
            "20.000000" : 0,
            "30.000000" : 0,
            "40.000000" : 0,
            "50.000000" : 0,
            "60.000000" : 0,
            "70.000000" : 0,
            "80.000000" : 0,
            "90.000000" : 0,
            "95.000000" : 0,
            "99.000000" : 0,
            "99.500000" : 0,
            "99.900000" : 0,
            "99.950000" : 0,
            "99.990000" : 0,
            "0.00" : 0,
            "0.00" : 0,
            "0.00" : 0
          }
        },
        "lat_ns" : {
          "min" : 0,
          "max" : 0,
          "mean" : 0.000000,
          "stddev" : 0.000000
        },
        "bw_min" : 0,
        "bw_max" : 0,
        "bw_agg" : 0.000000,
        "bw_mean" : 0.000000,
        "bw_dev" : 0.000000,
        "bw_samples" : 0,
        "iops_min" : 0,
        "iops_max" : 0,
        "iops_mean" : 0.000000,
        "iops_stddev" : 0.000000,
        "iops_samples" : 0
      },
      "write" : {
        "io_bytes" : 11874304,
        "io_kbytes" : 11596,
        "bw" : 193,
        "iops" : 48.262773,
        "runtime" : 60067,
        "total_ios" : 2899,
        "short_ios" : 0,
        "drop_ios" : 0,
        "slat_ns" : {
          "min" : 5712,
          "max" : 30578405,
          "mean" : 43983.806485,
          "stddev" : 812006.029256
        },
        "clat_ns" : {
          "min" : 40764955,
          "max" : 275039037,
          "mean" : 165575200.150397,
          "stddev" : 37383227.307223,
          "percentile" : {
            "1.000000" : 72876032,
            "5.000000" : 105381888,
            "10.000000" : 114819072,
            "20.000000" : 133693440,
            "30.000000" : 143654912,
            "40.000000" : 154140672,
            "50.000000" : 168820736,
            "60.000000" : 179306496,
            "70.000000" : 187695104,
            "80.000000" : 198180864,
            "90.000000" : 212860928,
            "95.000000" : 223346688,
            "99.000000" : 244318208,
            "99.500000" : 252706816,
            "99.900000" : 258998272,
            "99.950000" : 265289728,
            "99.990000" : 274726912,
            "0.00" : 0,
            "0.00" : 0,
            "0.00" : 0
          }
        },
        "lat_ns" : {
          "min" : 40785852,
          "max" : 275061410,
          "mean" : 165619959.916868,
          "stddev" : 37321814.734719
        },
        "bw_min" : 15,
        "bw_max" : 40,
        "bw_agg" : 12.466537,
        "bw_mean" : 24.060417,
        "bw_dev" : 4.785547,
        "bw_samples" : 960,
        "iops_min" : 3,
        "iops_max" : 10,
        "iops_mean" : 5.991667,
        "iops_stddev" : 1.207352,
        "iops_samples" : 960
      },
      "trim" : {
        "io_bytes" : 0,
        "io_kbytes" : 0,
        "bw" : 0,
        "iops" : 0.000000,
        "runtime" : 0,
        "total_ios" : 0,
        "short_ios" : 0,
        "drop_ios" : 0,
        "slat_ns" : {
          "min" : 0,
          "max" : 0,
          "mean" : 0.000000,
          "stddev" : 0.000000
        },
        "clat_ns" : {
          "min" : 0,
          "max" : 0,
          "mean" : 0.000000,
          "stddev" : 0.000000,
          "percentile" : {
            "1.000000" : 0,
            "5.000000" : 0,
            "10.000000" : 0,
            "20.000000" : 0,
            "30.000000" : 0,
            "40.000000" : 0,
            "50.000000" : 0,
            "60.000000" : 0,
            "70.000000" : 0,
            "80.000000" : 0,
            "90.000000" : 0,
            "95.000000" : 0,
            "99.000000" : 0,
            "99.500000" : 0,
            "99.900000" : 0,
            "99.950000" : 0,
            "99.990000" : 0,
            "0.00" : 0,
            "0.00" : 0,
            "0.00" : 0
          }
        },
        "lat_ns" : {
          "min" : 0,
          "max" : 0,
          "mean" : 0.000000,
          "stddev" : 0.000000
        },
        "bw_min" : 0,
        "bw_max" : 0,
        "bw_agg" : 0.000000,
        "bw_mean" : 0.000000,
        "bw_dev" : 0.000000,
        "bw_samples" : 0,
        "iops_min" : 0,
        "iops_max" : 0,
        "iops_mean" : 0.000000,
        "iops_stddev" : 0.000000,
        "iops_samples" : 0
      },
      "usr_cpu" : 0.024151,
      "sys_cpu" : 0.013325,
      "ctx" : 2942,
      "majf" : 0,
      "minf" : 158,
      "iodepth_level" : {
        "1" : 100.000000,
        "2" : 0.000000,
        "4" : 0.000000,
        "8" : 0.000000,
        "16" : 0.000000,
        "32" : 0.000000,
        ">=64" : 0.000000
      },
      "latency_ns" : {
        "2" : 0.000000,
        "4" : 0.000000,
        "10" : 0.000000,
        "20" : 0.000000,
        "50" : 0.000000,
        "100" : 0.000000,
        "250" : 0.000000,
        "500" : 0.000000,
        "750" : 0.000000,
        "1000" : 0.000000
      },
      "latency_us" : {
        "2" : 0.000000,
        "4" : 0.000000,
        "10" : 0.000000,
        "20" : 0.000000,
        "50" : 0.000000,
        "100" : 0.000000,
        "250" : 0.000000,
        "500" : 0.000000,
        "750" : 0.000000,
        "1000" : 0.000000
      },
      "latency_ms" : {
        "2" : 0.000000,
        "4" : 0.000000,
        "10" : 0.000000,
        "20" : 0.000000,
        "50" : 0.034495,
        "100" : 3.311487,
        "250" : 96.136599,
        "500" : 0.517420,
        "750" : 0.000000,
        "1000" : 0.000000,
        "2000" : 0.000000,
        ">=2000" : 0.000000
      },
      "latency_depth" : 1,
      "latency_target" : 0,
      "latency_percentile" : 100.000000,
      "latency_window" : 0
    }
  ],
  "disk_util" : [
    {
      "name" : "md5",
      "read_ios" : 98,
      "write_ios" : 2894,
      "read_merges" : 0,
      "write_merges" : 0,
      "read_ticks" : 0,
      "write_ticks" : 0,
      "in_queue" : 0,
      "util" : 0.000000,
      "aggr_read_ios" : 751,
      "aggr_write_ios" : 2383,
      "aggr_read_merges" : 0,
      "aggr_write_merge" : 0,
      "aggr_read_ticks" : 7215,
      "aggr_write_ticks" : 33334,
      "aggr_in_queue" : 40549,
      "aggr_util" : 58.521540
    },
    {
      "name" : "sdf",
      "read_ios" : 708,
      "write_ios" : 2355,
      "read_merges" : 0,
      "write_merges" : 0,
      "read_ticks" : 7028,
      "write_ticks" : 34432,
      "in_queue" : 41460,
      "util" : 57.530475
    },
    {
      "name" : "sdd",
      "read_ios" : 749,
      "write_ios" : 2392,
      "read_merges" : 0,
      "write_merges" : 0,
      "read_ticks" : 6972,
      "write_ticks" : 33272,
      "in_queue" : 40244,