{
  "fio version" : "fio-3.1",
  "timestamp" : 1585146722,
  "timestamp_ms" : 1585146722933,
  "time" : "Wed Mar 25 15:32:02 2020",
  "jobs" : [
    {
      "jobname" : "iotest",
      "groupid" : 0,
      "error" : 0,
      "eta" : 0,
      "elapsed" : 61,
      "job options" : {
        "rw" : "randread",
        "bs" : "4k",
        "ioengine" : "libaio",
        "iodepth" : "2",
        "direct" : "1",
        "invalidate" : "1",
        "refill_buffers" : "1",
        "runtime" : "60",
        "numjobs" : "2",
        "group_reporting" : "1",
        "write_bw_log" : "/fio/10K/RAID5_64K//randread-iodepth-2-numjobs-2",
        "write_lat_log" : "/fio/10K/RAID5_64K//randread-iodepth-2-numjobs-2",
        "write_iops_log" : "/fio/10K/RAID5_64K//randread-iodepth-2-numjobs-2",
        "log_avg_msec" : "500",
        "filename" : "/dev/md5"
      },
      "read" : {
        "io_bytes" : 118243328,
        "io_kbytes" : 115472,
        "bw" : 1924,
        "iops" : 481.021095,
        "runtime" : 60014,
        "total_ios" : 28868,
        "short_ios" : 0,
        "drop_ios" : 0,
        "slat_ns" : {
          "min" : 9761,
          "max" : 264968,
          "mean" : 30988.412983,
          "stddev" : 5752.751196
        },
        "clat_ns" : {
          "min" : 1201406,
          "max" : 54482313,
          "mean" : 8273640.782146,
          "stddev" : 3867631.750230,
          "percentile" : {
            "1.000000" : 2637824,
            "5.000000" : 3686400,
            "10.000000" : 4358144,
            "20.000000" : 5341184,
            "30.000000" : 6127616,
            "40.000000" : 6848512,
            "50.000000" : 7634944,
            "60.000000" : 8355840,
            "70.000000" : 9240576,
            "80.000000" : 10289152,
            "90.000000" : 13041664,
            "95.000000" : 15663104,
            "99.000000" : 22151168,
            "99.500000" : 24772608,
            "99.900000" : 32374784,
            "99.950000" : 34340864,
            "99.990000" : 39583744,
            "0.00" : 0,
            "0.00" : 0,
            "0.00" : 0
          }
        },
        "lat_ns" : {
          "min" : 1234540,
          "max" : 54512860,
          "mean" : 8305681.324061,
          "stddev" : 3867796.354795
        },
        "bw_min" : 801,
        "bw_max" : 1062,
        "bw_agg" : 50.161123,
        "bw_mean" : 965.100000,
        "bw_dev" : 42.093123,
        "bw_samples" : 240,
        "iops_min" : 200,
        "iops_max" : 265,
        "iops_mean" : 241.045833,
        "iops_stddev" : 10.509310,
        "iops_samples" : 240
      },
      "write" : {
        "io_bytes" : 0,
        "io_kbytes" : 0,
        "bw" : 0,
        "iops" : 0.000000,
        "runtime" : 0,
        "total_ios" : 0,
        "short_ios" : 0,
        "drop_ios" : 0,
        "slat_ns" : {
          "min" : 0,
          "max" : 0,
          "mean" : 0.000000,
          "stddev" : 0.000000
        },
        "clat_ns" : {
          "min" : 0,
          "max" : 0,
          "mean" : 0.000000,
          "stddev" : 0.000000,
          "percentile" : {
            "1.000000" : 0,
            "5.000000" : 0,
            "10.000000" : 0,
            "20.000000" : 0,
            "30.000000" : 0,
            "40.000000" : 0,
            "50.000000" : 0,
            "60.000000" : 0,
            "70.000000" : 0,
            "80.000000" : 0,
            "90.000000" : 0,
            "95.000000" : 0,
            "99.000000" : 0,
            "99.500000" : 0,
            "99.900000" : 0,
            "99.950000" : 0,
            "99.990000" : 0,
            "0.00" : 0,
            "0.00" : 0,
            "0.00" : 0
          }
        },
        "lat_ns" : {
          "min" : 0,
          "max" : 0,
          "mean" : 0.000000,
          "stddev" : 0.000000
        },
        "bw_min" : 0,
        "bw_max" : 0,
        "bw_agg" : 0.000000,
        "bw_mean" : 0.000000,
        "bw_dev" : 0.000000,
        "bw_samples" : 0,
        "iops_min" : 0,
        "iops_max" : 0,
        "iops_mean" : 0.000000,
        "iops_stddev" : 0.000000,
        "iops_samples" : 0
      },
      "trim" : {
        "io_bytes" : 0,
        "io_kbytes" : 0,
        "bw" : 0,
        "iops" : 0.000000,
        "runtime" : 0,
        "total_ios" : 0,
        "short_ios" : 0,
        "drop_ios" : 0,
        "slat_ns" : {
          "min" : 0,
          "max" : 0,
          "mean" : 0.000000,
          "stddev" : 0.000000
        },
        "clat_ns" : {
          "min" : 0,
          "max" : 0,
          "mean" : 0.000000,
          "stddev" : 0.000000,
          "percentile" : {
            "1.000000" : 0,
            "5.000000" : 0,
            "10.000000" : 0,
            "20.000000" : 0,
            "30.000000" : 0,
            "40.000000" : 0,
            "50.000000" : 0,
            "60.000000" : 0,
            "70.000000" : 0,
            "80.000000" : 0,
            "90.000000" : 0,
            "95.000000" : 0,
            "99.000000" : 0,
            "99.500000" : 0,
            "99.900000" : 0,
            "99.950000" : 0,
            "99.990000" : 0,
            "0.00" : 0,
            "0.00" : 0,
            "0.00" : 0
          }
        },
        "lat_ns" : {
          "min" : 0,
          "max" : 0,
          "mean" : 0.000000,
          "stddev" : 0.000000
        },
        "bw_min" : 0,
        "bw_max" : 0,
        "bw_agg" : 0.000000,
        "bw_mean" : 0.000000,
        "bw_dev" : 0.000000,
        "bw_samples" : 0,
        "iops_min" : 0,
        "iops_max" : 0,
        "iops_mean" : 0.000000,
        "iops_stddev" : 0.000000,
        "iops_samples" : 0
      },
      "usr_cpu" : 0.377447,
      "sys_cpu" : 1.034853,
      "ctx" : 28735,
      "majf" : 0,
      "minf" : 35,
      "iodepth_level" : {
        "1" : 0.100000,
        "2" : 99.993072,
        "4" : 0.000000,
        "8" : 0.000000,
        "16" : 0.000000,
        "32" : 0.000000,
        ">=64" : 0.000000
      },
      "latency_ns" : {
        "2" : 0.000000,
        "4" : 0.000000,
        "10" : 0.000000,
        "20" : 0.000000,
        "50" : 0.000000,
        "100" : 0.000000,
        "250" : 0.000000,
        "500" : 0.000000,
        "750" : 0.000000,
        "1000" : 0.000000
      },
      "latency_us" : {
        "2" : 0.000000,
        "4" : 0.000000,
        "10" : 0.000000,
        "20" : 0.000000,
        "50" : 0.000000,
        "100" : 0.000000,
        "250" : 0.000000,
        "500" : 0.000000,
        "750" : 0.000000,
        "1000" : 0.000000
      },
      "latency_ms" : {
        "2" : 0.173202,
        "4" : 6.869198,
        "10" : 70.552168,
        "20" : 20.766939,
        "50" : 1.635028,
        "100" : 0.010000,
        "250" : 0.000000,
        "500" : 0.000000,
        "750" : 0.000000,
        "1000" : 0.000000,
        "2000" : 0.000000,
        ">=2000" : 0.000000
      },
      "latency_depth" : 2,
      "latency_target" : 0,
      "latency_percentile" : 100.000000,
      "latency_window" : 0
    }
  ],
  "disk_util" : [
    {
      "name" : "md5",
      "read_ios" : 28770,
      "write_ios" : 0,
      "read_merges" : 0,
      "write_merges" : 0,
      "read_ticks" : 0,
      "write_ticks" : 0,
      "in_queue" : 0,
      "util" : 0.000000,
      "aggr_read_ios" : 3608,
      "aggr_write_ios" : 0,
      "aggr_read_merges" : 0,
      "aggr_write_merge" : 0,
      "aggr_read_ticks" : 29778,
      "aggr_write_ticks" : 0,
      "aggr_in_queue" : 29775,
      "aggr_util" : 42.909889
    },
    {
      "name" : "sdf",
      "read_ios" : 3678,
      "write_ios" : 0,
      "read_merges" : 0,
      "write_merges" : 0,
      "read_ticks" : 31832,
      "write_ticks" : 0,
      "in_queue" : 31824,
      "util" : 42.390979
    },
    {
      "name" : "sdd",
      "read_ios" : 3532,
      "write_ios" : 0,
      "read_merges" : 0,
      "write_merges" : 0,
      "read_ticks" : 28088,
      "write_ticks" : 0,
      "in_queue" : 28088,