{
  "fio version" : "fio-3.1",
  "timestamp" : 1585150927,
  "timestamp_ms" : 1585150927423,
  "time" : "Wed Mar 25 16:42:07 2020",
  "jobs" : [
    {
      "jobname" : "iotest",
      "groupid" : 0,
      "error" : 0,
      "eta" : 0,
      "elapsed" : 63,
      "job options" : {
        "rw" : "randwrite",
        "bs" : "4k",
        "ioengine" : "libaio",
        "iodepth" : "8",
        "direct" : "1",
        "invalidate" : "1",
        "refill_buffers" : "1",
        "runtime" : "60",
        "numjobs" : "64",
        "group_reporting" : "1",
        "write_bw_log" : "/fio/10K/RAID5_64K//randwrite-iodepth-8-numjobs-64",
        "write_lat_log" : "/fio/10K/RAID5_64K//randwrite-iodepth-8-numjobs-64",
        "write_iops_log" : "/fio/10K/RAID5_64K//randwrite-iodepth-8-numjobs-64",
        "log_avg_msec" : "500",
        "filename" : "/dev/md5"
      },
      "read" : {
        "io_bytes" : 0,
        "io_kbytes" : 0,
        "bw" : 0,
        "iops" : 0.000000,
        "runtime" : 0,
        "total_ios" : 0,
        "short_ios" : 0,
        "drop_ios" : 0,
        "slat_ns" : {
          "min" : 0,
          "max" : 0,
          "mean" : 0.000000,
          "stddev" : 0.000000
        },
        "clat_ns" : {
          "min" : 0,
          "max" : 0,
          "mean" : 0.000000,
          "stddev" : 0.000000,
          "percentile" : {
            "1.000000" : 0,
            "5.000000" : 0,
            "10.000000" : 0,
            "20.000000" : 0,
            "30.000000" : 0,
            "40.000000" : 0,
            "50.000000" : 0,
            "60.000000" : 0,
            "70.000000" : 0,
            "80.000000" : 0,
            "90.000000" : 0,
            "95.000000" : 0,
            "99.000000" : 0,
            "99.500000" : 0,
            "99.900000" : 0,
            "99.950000" : 0,
            "99.990000" : 0,
            "0.00" : 0,
            "0.00" : 0,
            "0.00" : 0
          }
        },
        "lat_ns" : {
          "min" : 0,
          "max" : 0,
          "mean" : 0.000000,
          "stddev" : 0.000000
        },
        "bw_min" : 0,
        "bw_max" : 0,
        "bw_agg" : 0.000000,
        "bw_mean" : 0.000000,
        "bw_dev" : 0.000000,
        "bw_samples" : 0,
        "iops_min" : 0,
        "iops_max" : 0,
        "iops_mean" : 0.000000,
        "iops_stddev" : 0.000000,
        "iops_samples" : 0
      },
      "write" : {
        "io_bytes" : 69853184,
        "io_kbytes" : 68216,
        "bw" : 1116,
        "iops" : 279.175602,
        "runtime" : 61087,
        "total_ios" : 17054,
        "short_ios" : 0,
        "drop_ios" : 0,
        "slat_ns" : {
          "min" : 3609,
          "max" : 6783542427,
          "mean" : 166170576.730269,
          "stddev" : 538214188.275028
        },
        "clat_ns" : {
          "min" : 5790364,
          "max" : 9986639556,
          "mean" : 1616279935.783921,
          "stddev" : 1161589128.516722,
          "percentile" : {
            "1.000000" : 193986560,
            "5.000000" : 566231040,
            "10.000000" : 683671552,
            "20.000000" : 775946240,
            "30.000000" : 884998144,
            "40.000000" : 1002438656,
            "50.000000" : 1199570944,
            "60.000000" : 1451229184,
            "70.000000" : 1820327936,
            "80.000000" : 2332033024,
            "90.000000" : 3137339392,
            "95.000000" : 3976200192,
            "99.000000" : 6006243328,
            "99.500000" : 6610223104,
            "99.900000" : 7885291520,
            "99.950000" : 8220835840,
            "99.990000" : 9865003008,
            "0.00" : 0,
            "0.00" : 0,
            "0.00" : 0
          }
        },
        "lat_ns" : {
          "min" : 5795590,
          "max" : 11437218000,
          "mean" : 1782451578.506860,
          "stddev" : 1274822927.102324
        },
        "bw_min" : 7,
        "bw_max" : 408,
        "bw_agg" : 3.009652,
        "bw_mean" : 33.587713,
        "bw_dev" : 22.099023,
        "bw_samples" : 3939,
        "iops_min" : 1,
        "iops_max" : 102,
        "iops_mean" : 8.364813,
        "iops_stddev" : 5.520468,
        "iops_samples" : 3939
      },
      "trim" : {
        "io_bytes" : 0,
        "io_kbytes" : 0,
        "bw" : 0,
        "iops" : 0.000000,
        "runtime" : 0,
        "total_ios" : 0,
        "short_ios" : 0,
        "drop_ios" : 0,
        "slat_ns" : {
          "min" : 0,
          "max" : 0,
          "mean" : 0.000000,
          "stddev" : 0.000000
        },
        "clat_ns" : {
          "min" : 0,
          "max" : 0,
          "mean" : 0.000000,
          "stddev" : 0.000000,
          "percentile" : {
            "1.000000" : 0,
            "5.000000" : 0,
            "10.000000" : 0,
            "20.000000" : 0,
            "30.000000" : 0,
            "40.000000" : 0,
            "50.000000" : 0,
            "60.000000" : 0,
            "70.000000" : 0,
            "80.000000" : 0,
            "90.000000" : 0,
            "95.000000" : 0,
            "99.000000" : 0,
            "99.500000" : 0,
            "99.900000" : 0,
            "99.950000" : 0,
            "99.990000" : 0,
            "0.00" : 0,
            "0.00" : 0,
            "0.00" : 0
          }
        },
        "lat_ns" : {
          "min" : 0,
          "max" : 0,
          "mean" : 0.000000,
          "stddev" : 0.000000
        },
        "bw_min" : 0,
        "bw_max" : 0,
        "bw_agg" : 0.000000,
        "bw_mean" : 0.000000,
        "bw_dev" : 0.000000,
        "bw_samples" : 0,
        "iops_min" : 0,
        "iops_max" : 0,
        "iops_mean" : 0.000000,
        "iops_stddev" : 0.000000,
        "iops_samples" : 0
      },
      "usr_cpu" : 0.020336,
      "sys_cpu" : 0.018214,
      "ctx" : 139962,
      "majf" : 0,
      "minf" : 1470,
      "iodepth_level" : {
        "1" : 0.375279,
        "2" : 0.750557,
        "4" : 1.501114,
        "8" : 97.373050,
        "16" : 0.000000,
        "32" : 0.000000,
        ">=64" : 0.000000
      },
      "latency_ns" : {
        "2" : 0.000000,
        "4" : 0.000000,
        "10" : 0.000000,
        "20" : 0.000000,
        "50" : 0.000000,
        "100" : 0.000000,
        "250" : 0.000000,
        "500" : 0.000000,
        "750" : 0.000000,
        "1000" : 0.000000
      },
      "latency_us" : {
        "2" : 0.000000,
        "4" : 0.000000,
        "10" : 0.000000,
        "20" : 0.000000,
        "50" : 0.000000,
        "100" : 0.000000,
        "250" : 0.000000,
        "500" : 0.000000,
        "750" : 0.000000,
        "1000" : 0.000000
      },
      "latency_ms" : {
        "2" : 0.000000,
        "4" : 0.000000,
        "10" : 0.023455,
        "20" : 0.046910,
        "50" : 0.076228,
        "100" : 0.293186,
        "250" : 0.750557,
        "500" : 2.650405,
        "750" : 12.994019,
        "1000" : 23.191040,
        "2000" : 33.270787,
        ">=2000" : 26.703413
      },
      "latency_depth" : 8,
      "latency_target" : 0,
      "latency_percentile" : 100.000000,
      "latency_window" : 0
    }
  ],
  "disk_util" : [
    {
      "name" : "md5",
      "read_ios" : 262,
      "write_ios" : 17054,
      "read_merges" : 0,
      "write_merges" : 0,
      "read_ticks" : 0,
      "write_ticks" : 0,
      "in_queue" : 0,
      "util" : 0.000000,
      "aggr_read_ios" : 4308,
      "aggr_write_ios" : 5011,
      "aggr_read_merges" : 0,
      "aggr_write_merge" : 0,
      "aggr_read_ticks" : 234775,
      "aggr_write_ticks" : 124802,
      "aggr_in_queue" : 359558,
      "aggr_util" : 78.673502
    },
    {
      "name" : "sdf",
      "read_ios" : 4244,
      "write_ios" : 4971,
      "read_merges" : 0,
      "write_merges" : 0,
      "read_ticks" : 241584,
      "write_ticks" : 125512,
      "in_queue" : 367084,
      "util" : 78.673502
    },
    {
      "name" : "sdd",
      "read_ios" : 4396,
      "write_ios" : 5116,
      "read_merges" : 0,
      "write_merges" : 0,
      "read_ticks" : 237824,