{
  "fio version" : "fio-3.1",
  "timestamp" : 1585151049,
  "timestamp_ms" : 1585151049763,
  "time" : "Wed Mar 25 16:44:09 2020",
  "jobs" : [
    {
      "jobname" : "iotest",
      "groupid" : 0,
      "error" : 0,
      "eta" : 0,
      "elapsed" : 61,
      "job options" : {
        "rw" : "randwrite",
        "bs" : "4k",
        "ioengine" : "libaio",
        "iodepth" : "16",
        "direct" : "1",
        "invalidate" : "1",
        "refill_buffers" : "1",
        "runtime" : "60",
        "numjobs" : "2",
        "group_reporting" : "1",
        "write_bw_log" : "/fio/10K/RAID5_64K//randwrite-iodepth-16-numjobs-2",
        "write_lat_log" : "/fio/10K/RAID5_64K//randwrite-iodepth-16-numjobs-2",
        "write_iops_log" : "/fio/10K/RAID5_64K//randwrite-iodepth-16-numjobs-2",
        "log_avg_msec" : "500",
        "filename" : "/dev/md5"
      },
      "read" : {
        "io_bytes" : 0,
        "io_kbytes" : 0,
        "bw" : 0,
        "iops" : 0.000000,
        "runtime" : 0,
        "total_ios" : 0,
        "short_ios" : 0,
        "drop_ios" : 0,
        "slat_ns" : {
          "min" : 0,
          "max" : 0,
          "mean" : 0.000000,
          "stddev" : 0.000000
        },
        "clat_ns" : {
          "min" : 0,
          "max" : 0,
          "mean" : 0.000000,
          "stddev" : 0.000000,
          "percentile" : {
            "1.000000" : 0,
            "5.000000" : 0,
            "10.000000" : 0,
            "20.000000" : 0,
            "30.000000" : 0,
            "40.000000" : 0,
            "50.000000" : 0,
            "60.000000" : 0,
            "70.000000" : 0,
            "80.000000" : 0,
            "90.000000" : 0,
            "95.000000" : 0,
            "99.000000" : 0,
            "99.500000" : 0,
            "99.900000" : 0,
            "99.950000" : 0,
            "99.990000" : 0,
            "0.00" : 0,
            "0.00" : 0,
            "0.00" : 0
          }
        },
        "lat_ns" : {
          "min" : 0,
          "max" : 0,
          "mean" : 0.000000,
          "stddev" : 0.000000
        },
        "bw_min" : 0,
        "bw_max" : 0,
        "bw_agg" : 0.000000,
        "bw_mean" : 0.000000,
        "bw_dev" : 0.000000,
        "bw_samples" : 0,
        "iops_min" : 0,
        "iops_max" : 0,
        "iops_mean" : 0.000000,
        "iops_stddev" : 0.000000,
        "iops_samples" : 0
      },
      "write" : {
        "io_bytes" : 28672000,
        "io_kbytes" : 28000,
        "bw" : 466,
        "iops" : 116.631677,
        "runtime" : 60018,
        "total_ios" : 7000,
        "short_ios" : 0,
        "drop_ios" : 0,
        "slat_ns" : {
          "min" : 5101,
          "max" : 33752778,
          "mean" : 19185.897286,
          "stddev" : 556748.587938
        },
        "clat_ns" : {
          "min" : 18373853,
          "max" : 499835162,
          "mean" : 274127374.569857,
          "stddev" : 61587056.648263,
          "percentile" : {
            "1.000000" : 123207680,
            "5.000000" : 162529280,
            "10.000000" : 193986560,
            "20.000000" : 223346688,
            "30.000000" : 248512512,
            "40.000000" : 263192576,
            "50.000000" : 278921216,
            "60.000000" : 291504128,
            "70.000000" : 304087040,
            "80.000000" : 325058560,
            "90.000000" : 346030080,
            "95.000000" : 375390208,
            "99.000000" : 413138944,
            "99.500000" : 434110464,
            "99.900000" : 463470592,
            "99.950000" : 484442112,
            "99.990000" : 501219328,
            "0.00" : 0,
            "0.00" : 0,
            "0.00" : 0
          }
        },
        "lat_ns" : {
          "min" : 18380163,
          "max" : 499841582,
          "mean" : 274147058.152143,
          "stddev" : 61568829.944500
        },
        "bw_min" : 144,
        "bw_max" : 328,
        "bw_agg" : 49.867668,
        "bw_mean" : 232.383333,
        "bw_dev" : 35.640742,
        "bw_samples" : 240,
        "iops_min" : 36,
        "iops_max" : 82,
        "iops_mean" : 58.066667,
        "iops_stddev" : 8.878287,
        "iops_samples" : 240
      },
      "trim" : {
        "io_bytes" : 0,
        "io_kbytes" : 0,
        "bw" : 0,
        "iops" : 0.000000,
        "runtime" : 0,
        "total_ios" : 0,
        "short_ios" : 0,
        "drop_ios" : 0,
        "slat_ns" : {
          "min" : 0,
          "max" : 0,
          "mean" : 0.000000,
          "stddev" : 0.000000
        },
        "clat_ns" : {
          "min" : 0,
          "max" : 0,
          "mean" : 0.000000,
          "stddev" : 0.000000,
          "percentile" : {
            "1.000000" : 0,
            "5.000000" : 0,
            "10.000000" : 0,
            "20.000000" : 0,
            "30.000000" : 0,
            "40.000000" : 0,
            "50.000000" : 0,
            "60.000000" : 0,
            "70.000000" : 0,
            "80.000000" : 0,
            "90.000000" : 0,
            "95.000000" : 0,
            "99.000000" : 0,
            "99.500000" : 0,
            "99.900000" : 0,
            "99.950000" : 0,
            "99.990000" : 0,
            "0.00" : 0,
            "0.00" : 0,
            "0.00" : 0
          }
        },
        "lat_ns" : {
          "min" : 0,
          "max" : 0,
          "mean" : 0.000000,
          "stddev" : 0.000000
        },
        "bw_min" : 0,
        "bw_max" : 0,
        "bw_agg" : 0.000000,
        "bw_mean" : 0.000000,
        "bw_dev" : 0.000000,
        "bw_samples" : 0,
        "iops_min" : 0,
        "iops_max" : 0,
        "iops_mean" : 0.000000,
        "iops_stddev" : 0.000000,
        "iops_samples" : 0
      },
      "usr_cpu" : 0.051654,
      "sys_cpu" : 0.089978,
      "ctx" : 2136,
      "majf" : 0,
      "minf" : 36,
      "iodepth_level" : {
        "1" : 0.100000,
        "2" : 0.100000,
        "4" : 0.114286,
        "8" : 0.228571,
        "16" : 99.571429,
        "32" : 0.000000,
        ">=64" : 0.000000
      },
      "latency_ns" : {
        "2" : 0.000000,
        "4" : 0.000000,
        "10" : 0.000000,
        "20" : 0.000000,
        "50" : 0.000000,
        "100" : 0.000000,
        "250" : 0.000000,
        "500" : 0.000000,
        "750" : 0.000000,
        "1000" : 0.000000
      },
      "latency_us" : {
        "2" : 0.000000,
        "4" : 0.000000,
        "10" : 0.000000,
        "20" : 0.000000,
        "50" : 0.000000,
        "100" : 0.000000,
        "250" : 0.000000,
        "500" : 0.000000,
        "750" : 0.000000,
        "1000" : 0.000000
      },
      "latency_ms" : {
        "2" : 0.000000,
        "4" : 0.000000,
        "10" : 0.000000,
        "20" : 0.014286,
        "50" : 0.000000,
        "100" : 0.257143,
        "250" : 30.314286,
        "500" : 69.414286,
        "750" : 0.000000,
        "1000" : 0.000000,
        "2000" : 0.000000,
        ">=2000" : 0.000000
      },
      "latency_depth" : 16,
      "latency_target" : 0,
      "latency_percentile" : 100.000000,
      "latency_window" : 0
    }
  ],
  "disk_util" : [
    {
      "name" : "md5",
      "read_ios" : 49,
      "write_ios" : 6988,
      "read_merges" : 0,
      "write_merges" : 0,
      "read_ticks" : 0,
      "write_ticks" : 0,
      "in_queue" : 0,
      "util" : 0.000000,
      "aggr_read_ios" : 1763,
      "aggr_write_ios" : 3206,
      "aggr_read_merges" : 0,
      "aggr_write_merge" : 0,
      "aggr_read_ticks" : 29595,
      "aggr_write_ticks" : 38589,
      "aggr_in_queue" : 68182,
      "aggr_util" : 68.842493
    },
    {
      "name" : "sdf",
      "read_ios" : 1778,
      "write_ios" : 3228,
      "read_merges" : 0,
      "write_merges" : 0,
      "read_ticks" : 31556,
      "write_ticks" : 41052,
      "in_queue" : 72604,
      "util" : 68.842493
    },
    {
      "name" : "sdd",
      "read_ios" : 1859,
      "write_ios" : 3307,
      "read_merges" : 0,
      "write_merges" : 0,
      "read_ticks" : 31344,
      "write_ticks" : 38856,