{
  "fio version" : "fio-3.1",
  "timestamp" : 1585150739,
  "timestamp_ms" : 1585150739815,
  "time" : "Wed Mar 25 16:38:59 2020",
  "jobs" : [
    {
      "jobname" : "iotest",
      "groupid" : 0,
      "error" : 0,
      "eta" : 0,
      "elapsed" : 61,
      "job options" : {
        "rw" : "randwrite",
        "bs" : "4k",
        "ioengine" : "libaio",
        "iodepth" : "8",
        "direct" : "1",
        "invalidate" : "1",
        "refill_buffers" : "1",
        "runtime" : "60",
        "numjobs" : "8",
        "group_reporting" : "1",
        "write_bw_log" : "/fio/10K/RAID5_64K//randwrite-iodepth-8-numjobs-8",
        "write_lat_log" : "/fio/10K/RAID5_64K//randwrite-iodepth-8-numjobs-8",
        "write_iops_log" : "/fio/10K/RAID5_64K//randwrite-iodepth-8-numjobs-8",
        "log_avg_msec" : "500",
        "filename" : "/dev/md5"
      },
      "read" : {
        "io_bytes" : 0,
        "io_kbytes" : 0,
        "bw" : 0,
        "iops" : 0.000000,
        "runtime" : 0,
        "total_ios" : 0,
        "short_ios" : 0,
        "drop_ios" : 0,
        "slat_ns" : {
          "min" : 0,
          "max" : 0,
          "mean" : 0.000000,
          "stddev" : 0.000000
        },
        "clat_ns" : {
          "min" : 0,
          "max" : 0,
          "mean" : 0.000000,
          "stddev" : 0.000000,
          "percentile" : {
            "1.000000" : 0,
            "5.000000" : 0,
            "10.000000" : 0,
            "20.000000" : 0,
            "30.000000" : 0,
            "40.000000" : 0,
            "50.000000" : 0,
            "60.000000" : 0,
            "70.000000" : 0,
            "80.000000" : 0,
            "90.000000" : 0,
            "95.000000" : 0,
            "99.000000" : 0,
            "99.500000" : 0,
            "99.900000" : 0,
            "99.950000" : 0,
            "99.990000" : 0,
            "0.00" : 0,
            "0.00" : 0,
            "0.00" : 0
          }
        },
        "lat_ns" : {
          "min" : 0,
          "max" : 0,
          "mean" : 0.000000,
          "stddev" : 0.000000
        },
        "bw_min" : 0,
        "bw_max" : 0,
        "bw_agg" : 0.000000,
        "bw_mean" : 0.000000,
        "bw_dev" : 0.000000,
        "bw_samples" : 0,
        "iops_min" : 0,
        "iops_max" : 0,
        "iops_mean" : 0.000000,
        "iops_stddev" : 0.000000,
        "iops_samples" : 0
      },
      "write" : {
        "io_bytes" : 30900224,
        "io_kbytes" : 30176,
        "bw" : 502,
        "iops" : 125.515773,
        "runtime" : 60104,
        "total_ios" : 7544,
        "short_ios" : 0,
        "drop_ios" : 0,
        "slat_ns" : {
          "min" : 3820,
          "max" : 24431953,
          "mean" : 26724.641569,
          "stddev" : 468727.715585
        },
        "clat_ns" : {
          "min" : 32216559,
          "max" : 837887152,
          "mean" : 508976447.378844,
          "stddev" : 99779979.163756,
          "percentile" : {
            "1.000000" : 270532608,
            "5.000000" : 350224384,
            "10.000000" : 383778816,
            "20.000000" : 425721856,
            "30.000000" : 459276288,
            "40.000000" : 488636416,
            "50.000000" : 509607936,
            "60.000000" : 534773760,
            "70.000000" : 557842432,
            "80.000000" : 591396864,
            "90.000000" : 633339904,
            "95.000000" : 675282944,
            "99.000000" : 742391808,
            "99.500000" : 767557632,
            "99.900000" : 809500672,
            "99.950000" : 834666496,
            "99.990000" : 834666496,
            "0.00" : 0,
            "0.00" : 0,
            "0.00" : 0
          }
        },
        "lat_ns" : {
          "min" : 44137005,
          "max" : 837895539,
          "mean" : 509003779.031018,
          "stddev" : 99741681.671775
        },
        "bw_min" : 24,
        "bw_max" : 104,
        "bw_agg" : 12.434844,
        "bw_mean" : 62.422917,
        "bw_dev" : 12.208405,
        "bw_samples" : 960,
        "iops_min" : 6,
        "iops_max" : 26,
        "iops_mean" : 15.564583,
        "iops_stddev" : 3.036791,
        "iops_samples" : 960
      },
      "trim" : {
        "io_bytes" : 0,
        "io_kbytes" : 0,
        "bw" : 0,
        "iops" : 0.000000,
        "runtime" : 0,
        "total_ios" : 0,
        "short_ios" : 0,
        "drop_ios" : 0,
        "slat_ns" : {
          "min" : 0,
          "max" : 0,
          "mean" : 0.000000,
          "stddev" : 0.000000
        },
        "clat_ns" : {
          "min" : 0,
          "max" : 0,
          "mean" : 0.000000,
          "stddev" : 0.000000,
          "percentile" : {
            "1.000000" : 0,
            "5.000000" : 0,
            "10.000000" : 0,
            "20.000000" : 0,
            "30.000000" : 0,
            "40.000000" : 0,
            "50.000000" : 0,
            "60.000000" : 0,
            "70.000000" : 0,
            "80.000000" : 0,
            "90.000000" : 0,
            "95.000000" : 0,
            "99.000000" : 0,
            "99.500000" : 0,
            "99.900000" : 0,
            "99.950000" : 0,
            "99.990000" : 0,
            "0.00" : 0,
            "0.00" : 0,
            "0.00" : 0
          }
        },
        "lat_ns" : {
          "min" : 0,
          "max" : 0,
          "mean" : 0.000000,
          "stddev" : 0.000000
        },
        "bw_min" : 0,
        "bw_max" : 0,
        "bw_agg" : 0.000000,
        "bw_mean" : 0.000000,
        "bw_dev" : 0.000000,
        "bw_samples" : 0,
        "iops_min" : 0,
        "iops_max" : 0,
        "iops_mean" : 0.000000,
        "iops_stddev" : 0.000000,
        "iops_samples" : 0
      },
      "usr_cpu" : 0.034130,
      "sys_cpu" : 0.032257,
      "ctx" : 5779,
      "majf" : 0,
      "minf" : 146,
      "iodepth_level" : {
        "1" : 0.106045,
        "2" : 0.212089,
        "4" : 0.424178,
        "8" : 99.257688,
        "16" : 0.000000,
        "32" : 0.000000,
        ">=64" : 0.000000
      },
      "latency_ns" : {
        "2" : 0.000000,
        "4" : 0.000000,
        "10" : 0.000000,
        "20" : 0.000000,
        "50" : 0.000000,
        "100" : 0.000000,
        "250" : 0.000000,
        "500" : 0.000000,
        "750" : 0.000000,
        "1000" : 0.000000
      },
      "latency_us" : {
        "2" : 0.000000,
        "4" : 0.000000,
        "10" : 0.000000,
        "20" : 0.000000,
        "50" : 0.000000,
        "100" : 0.000000,
        "250" : 0.000000,
        "500" : 0.000000,
        "750" : 0.000000,
        "1000" : 0.000000
      },
      "latency_ms" : {
        "2" : 0.000000,
        "4" : 0.000000,
        "10" : 0.000000,
        "20" : 0.000000,
        "50" : 0.013256,
        "100" : 0.013256,
        "250" : 0.715801,
        "500" : 44.604984,
        "750" : 53.910392,
        "1000" : 0.742312,
        "2000" : 0.000000,
        ">=2000" : 0.000000
      },
      "latency_depth" : 8,
      "latency_target" : 0,
      "latency_percentile" : 100.000000,
      "latency_window" : 0
    }
  ],
  "disk_util" : [
    {
      "name" : "md5",
      "read_ios" : 49,
      "write_ios" : 7532,
      "read_merges" : 0,
      "write_merges" : 0,
      "read_ticks" : 0,
      "write_ticks" : 0,
      "in_queue" : 0,
      "util" : 0.000000,
      "aggr_read_ios" : 1906,
      "aggr_write_ios" : 3466,
      "aggr_read_merges" : 0,
      "aggr_write_merge" : 0,
      "aggr_read_ticks" : 47068,
      "aggr_write_ticks" : 56502,
      "aggr_in_queue" : 103565,
      "aggr_util" : 70.885238
    },
    {
      "name" : "sdf",
      "read_ios" : 1882,
      "write_ios" : 3453,
      "read_merges" : 0,
      "write_merges" : 0,
      "read_ticks" : 47968,
      "write_ticks" : 59552,
      "in_queue" : 107520,
      "util" : 70.885238
    },
    {
      "name" : "sdd",
      "read_ios" : 1876,
      "write_ios" : 3444,
      "read_merges" : 0,
      "write_merges" : 0,
      "read_ticks" : 45632,
      "write_ticks" : 55420,
      "in_queue" : 101040,