{
  "fio version" : "fio-3.1",
  "timestamp" : 1585151296,
  "timestamp_ms" : 1585151296840,
  "time" : "Wed Mar 25 16:48:16 2020",
  "jobs" : [
    {
      "jobname" : "iotest",
      "groupid" : 0,
      "error" : 0,
      "eta" : 0,
      "elapsed" : 62,
      "job options" : {
        "rw" : "randwrite",
        "bs" : "4k",
        "ioengine" : "libaio",
        "iodepth" : "16",
        "direct" : "1",
        "invalidate" : "1",
        "refill_buffers" : "1",
        "runtime" : "60",
        "numjobs" : "32",
        "group_reporting" : "1",
        "write_bw_log" : "/fio/10K/RAID5_64K//randwrite-iodepth-16-numjobs-32",
        "write_lat_log" : "/fio/10K/RAID5_64K//randwrite-iodepth-16-numjobs-32",
        "write_iops_log" : "/fio/10K/RAID5_64K//randwrite-iodepth-16-numjobs-32",
        "log_avg_msec" : "500",
        "filename" : "/dev/md5"
      },
      "read" : {
        "io_bytes" : 0,
        "io_kbytes" : 0,
        "bw" : 0,
        "iops" : 0.000000,
        "runtime" : 0,
        "total_ios" : 0,
        "short_ios" : 0,
        "drop_ios" : 0,
        "slat_ns" : {
          "min" : 0,
          "max" : 0,
          "mean" : 0.000000,
          "stddev" : 0.000000
        },
        "clat_ns" : {
          "min" : 0,
          "max" : 0,
          "mean" : 0.000000,
          "stddev" : 0.000000,
          "percentile" : {
            "1.000000" : 0,
            "5.000000" : 0,
            "10.000000" : 0,
            "20.000000" : 0,
            "30.000000" : 0,
            "40.000000" : 0,
            "50.000000" : 0,
            "60.000000" : 0,
            "70.000000" : 0,
            "80.000000" : 0,
            "90.000000" : 0,
            "95.000000" : 0,
            "99.000000" : 0,
            "99.500000" : 0,
            "99.900000" : 0,
            "99.950000" : 0,
            "99.990000" : 0,
            "0.00" : 0,
            "0.00" : 0,
            "0.00" : 0
          }
        },
        "lat_ns" : {
          "min" : 0,
          "max" : 0,
          "mean" : 0.000000,
          "stddev" : 0.000000
        },
        "bw_min" : 0,
        "bw_max" : 0,
        "bw_agg" : 0.000000,
        "bw_mean" : 0.000000,
        "bw_dev" : 0.000000,
        "bw_samples" : 0,
        "iops_min" : 0,
        "iops_max" : 0,
        "iops_mean" : 0.000000,
        "iops_stddev" : 0.000000,
        "iops_samples" : 0
      },
      "write" : {
        "io_bytes" : 69816320,
        "io_kbytes" : 68180,
        "bw" : 1121,
        "iops" : 280.345395,
        "runtime" : 60800,
        "total_ios" : 17045,
        "short_ios" : 0,
        "drop_ios" : 0,
        "slat_ns" : {
          "min" : 3641,
          "max" : 6745289035,
          "mean" : 89804850.118041,
          "stddev" : 348170408.735310
        },
        "clat_ns" : {
          "min" : 43971632,
          "max" : 9630850263,
          "mean" : 1701683667.236961,
          "stddev" : 1076057792.633616,
          "percentile" : {
            "1.000000" : 438304768,
            "5.000000" : 658505728,
            "10.000000" : 750780416,
            "20.000000" : 868220928,
            "30.000000" : 985661440,
            "40.000000" : 1166016512,
            "50.000000" : 1384120320,
            "60.000000" : 1635778560,
            "70.000000" : 1954545664,
            "80.000000" : 2399141888,
            "90.000000" : 3103784960,
            "95.000000" : 3774873600,
            "99.000000" : 5536481280,
            "99.500000" : 6341787648,
            "99.900000" : 8287944704,
            "99.950000" : 8556380160,
            "99.990000" : 8925478912,
            "0.00" : 0,
            "0.00" : 0,
            "0.00" : 0
          }
        },
        "lat_ns" : {
          "min" : 84825319,
          "max" : 9630881063,
          "mean" : 1791489347.158580,
          "stddev" : 1121674398.501109
        },
        "bw_min" : 7,
        "bw_max" : 152,
        "bw_agg" : 5.412297,
        "bw_mean" : 60.671854,
        "bw_dev" : 43.159682,
        "bw_samples" : 2185,
        "iops_min" : 1,
        "iops_max" : 38,
        "iops_mean" : 15.114416,
        "iops_stddev" : 10.750828,
        "iops_samples" : 2185
      },
      "trim" : {
        "io_bytes" : 0,
        "io_kbytes" : 0,
        "bw" : 0,
        "iops" : 0.000000,
        "runtime" : 0,
        "total_ios" : 0,
        "short_ios" : 0,
        "drop_ios" : 0,
        "slat_ns" : {
          "min" : 0,
          "max" : 0,
          "mean" : 0.000000,
          "stddev" : 0.000000
        },
        "clat_ns" : {
          "min" : 0,
          "max" : 0,
          "mean" : 0.000000,
          "stddev" : 0.000000,
          "percentile" : {
            "1.000000" : 0,
            "5.000000" : 0,
            "10.000000" : 0,
            "20.000000" : 0,
            "30.000000" : 0,
            "40.000000" : 0,
            "50.000000" : 0,
            "60.000000" : 0,
            "70.000000" : 0,
            "80.000000" : 0,
            "90.000000" : 0,
            "95.000000" : 0,
            "99.000000" : 0,
            "99.500000" : 0,
            "99.900000" : 0,
            "99.950000" : 0,
            "99.990000" : 0,
            "0.00" : 0,
            "0.00" : 0,
            "0.00" : 0
          }
        },
        "lat_ns" : {
          "min" : 0,
          "max" : 0,
          "mean" : 0.000000,
          "stddev" : 0.000000
        },
        "bw_min" : 0,
        "bw_max" : 0,
        "bw_agg" : 0.000000,
        "bw_mean" : 0.000000,
        "bw_dev" : 0.000000,
        "bw_samples" : 0,
        "iops_min" : 0,
        "iops_max" : 0,
        "iops_mean" : 0.000000,
        "iops_stddev" : 0.000000,
        "iops_samples" : 0
      },
      "usr_cpu" : 0.026196,
      "sys_cpu" : 0.022314,
      "ctx" : 78256,
      "majf" : 0,
      "minf" : 650,
      "iodepth_level" : {
        "1" : 0.187738,
        "2" : 0.375477,
        "4" : 0.750953,
        "8" : 1.501907,
        "16" : 97.183925,
        "32" : 0.000000,
        ">=64" : 0.000000
      },
      "latency_ns" : {
        "2" : 0.000000,
        "4" : 0.000000,
        "10" : 0.000000,
        "20" : 0.000000,
        "50" : 0.000000,
        "100" : 0.000000,
        "250" : 0.000000,
        "500" : 0.000000,
        "750" : 0.000000,
        "1000" : 0.000000
      },
      "latency_us" : {
        "2" : 0.000000,
        "4" : 0.000000,
        "10" : 0.000000,
        "20" : 0.000000,
        "50" : 0.000000,
        "100" : 0.000000,
        "250" : 0.000000,
        "500" : 0.000000,
        "750" : 0.000000,
        "1000" : 0.000000
      },
      "latency_ms" : {
        "2" : 0.000000,
        "4" : 0.000000,
        "10" : 0.000000,
        "20" : 0.000000,
        "50" : 0.010000,
        "100" : 0.000000,
        "250" : 0.334409,
        "500" : 1.384570,
        "750" : 8.418891,
        "1000" : 20.551481,
        "2000" : 40.475213,
        ">=2000" : 28.829569
      },
      "latency_depth" : 16,
      "latency_target" : 0,
      "latency_percentile" : 100.000000,
      "latency_window" : 0
    }
  ],
  "disk_util" : [
    {
      "name" : "md5",
      "read_ios" : 101,
      "write_ios" : 17045,
      "read_merges" : 0,
      "write_merges" : 0,
      "read_ticks" : 0,
      "write_ticks" : 0,
      "in_queue" : 0,
      "util" : 0.000000,
      "aggr_read_ios" : 4287,
      "aggr_write_ios" : 4985,
      "aggr_read_merges" : 0,
      "aggr_write_merge" : 0,
      "aggr_read_ticks" : 245073,
      "aggr_write_ticks" : 117525,
      "aggr_in_queue" : 362579,
      "aggr_util" : 80.640333
    },
    {
      "name" : "sdf",
      "read_ios" : 4228,
      "write_ios" : 4940,
      "read_merges" : 0,
      "write_merges" : 0,
      "read_ticks" : 248880,
      "write_ticks" : 118692,
      "in_queue" : 367564,
      "util" : 80.640333
    },
    {
      "name" : "sdd",
      "read_ios" : 4270,
      "write_ios" : 4978,
      "read_merges" : 0,
      "write_merges" : 0,
      "read_ticks" : 237536,