{
  "fio version" : "fio-3.1",
  "timestamp" : 1585152163,
  "timestamp_ms" : 1585152163977,
  "time" : "Wed Mar 25 17:02:43 2020",
  "jobs" : [
    {
      "jobname" : "iotest",
      "groupid" : 0,
      "error" : 0,
      "eta" : 0,
      "elapsed" : 62,
      "job options" : {
        "rw" : "randwrite",
        "bs" : "4k",
        "ioengine" : "libaio",
        "iodepth" : "64",
        "direct" : "1",
        "invalidate" : "1",
        "refill_buffers" : "1",
        "runtime" : "60",
        "numjobs" : "32",
        "group_reporting" : "1",
        "write_bw_log" : "/fio/10K/RAID5_64K//randwrite-iodepth-64-numjobs-32",
        "write_lat_log" : "/fio/10K/RAID5_64K//randwrite-iodepth-64-numjobs-32",
        "write_iops_log" : "/fio/10K/RAID5_64K//randwrite-iodepth-64-numjobs-32",
        "log_avg_msec" : "500",
        "filename" : "/dev/md5"
      },
      "read" : {
        "io_bytes" : 0,
        "io_kbytes" : 0,
        "bw" : 0,
        "iops" : 0.000000,
        "runtime" : 0,
        "total_ios" : 0,
        "short_ios" : 0,
        "drop_ios" : 0,
        "slat_ns" : {
          "min" : 0,
          "max" : 0,
          "mean" : 0.000000,
          "stddev" : 0.000000
        },
        "clat_ns" : {
          "min" : 0,
          "max" : 0,
          "mean" : 0.000000,
          "stddev" : 0.000000,
          "percentile" : {
            "1.000000" : 0,
            "5.000000" : 0,
            "10.000000" : 0,
            "20.000000" : 0,
            "30.000000" : 0,
            "40.000000" : 0,
            "50.000000" : 0,
            "60.000000" : 0,
            "70.000000" : 0,
            "80.000000" : 0,
            "90.000000" : 0,
            "95.000000" : 0,
            "99.000000" : 0,
            "99.500000" : 0,
            "99.900000" : 0,
            "99.950000" : 0,
            "99.990000" : 0,
            "0.00" : 0,
            "0.00" : 0,
            "0.00" : 0
          }
        },
        "lat_ns" : {
          "min" : 0,
          "max" : 0,
          "mean" : 0.000000,
          "stddev" : 0.000000
        },
        "bw_min" : 0,
        "bw_max" : 0,
        "bw_agg" : 0.000000,
        "bw_mean" : 0.000000,
        "bw_dev" : 0.000000,
        "bw_samples" : 0,
        "iops_min" : 0,
        "iops_max" : 0,
        "iops_mean" : 0.000000,
        "iops_stddev" : 0.000000,
        "iops_samples" : 0
      },
      "write" : {
        "io_bytes" : 77373440,
        "io_kbytes" : 75560,
        "bw" : 1248,
        "iops" : 312.123065,
        "runtime" : 60521,
        "total_ios" : 18890,
        "short_ios" : 0,
        "drop_ios" : 0,
        "slat_ns" : {
          "min" : 3810,
          "max" : 23308630077,
          "mean" : 100415914.653944,
          "stddev" : 658170823.469577
        },
        "clat_ns" : {
          "min" : 37653107,
          "max" : 33088782245,
          "mean" : 5897030681.674643,
          "stddev" : 4885248323.215456,
          "percentile" : {
            "1.000000" : 557842432,
            "5.000000" : 876609536,
            "10.000000" : 1082130432,
            "20.000000" : 1686110208,
            "30.000000" : 2566914048,
            "40.000000" : 3573547008,
            "50.000000" : 4731174912,
            "60.000000" : 6073352192,
            "70.000000" : 7348420608,
            "80.000000" : 9193914368,
            "90.000000" : 12146704384,
            "95.000000" : 15233712128,
            "99.000000" : 17112760320,
            "99.500000" : 17112760320,
            "99.900000" : 17112760320,
            "99.950000" : 17112760320,
            "99.990000" : 17112760320,
            "0.00" : 0,
            "0.00" : 0,
            "0.00" : 0
          }
        },
        "lat_ns" : {
          "min" : 85345918,
          "max" : 37523273699,
          "mean" : 5997447324.538750,
          "stddev" : 4935908934.115129
        },
        "bw_min" : 7,
        "bw_max" : 509,
        "bw_agg" : 12.065273,
        "bw_mean" : 150.574610,
        "bw_dev" : 107.072005,
        "bw_samples" : 898,
        "iops_min" : 1,
        "iops_max" : 127,
        "iops_mean" : 37.507795,
        "iops_stddev" : 26.726878,
        "iops_samples" : 898
      },
      "trim" : {
        "io_bytes" : 0,
        "io_kbytes" : 0,
        "bw" : 0,
        "iops" : 0.000000,
        "runtime" : 0,
        "total_ios" : 0,
        "short_ios" : 0,
        "drop_ios" : 0,
        "slat_ns" : {
          "min" : 0,
          "max" : 0,
          "mean" : 0.000000,
          "stddev" : 0.000000
        },
        "clat_ns" : {
          "min" : 0,
          "max" : 0,
          "mean" : 0.000000,
          "stddev" : 0.000000,
          "percentile" : {
            "1.000000" : 0,
            "5.000000" : 0,
            "10.000000" : 0,
            "20.000000" : 0,
            "30.000000" : 0,
            "40.000000" : 0,
            "50.000000" : 0,
            "60.000000" : 0,
            "70.000000" : 0,
            "80.000000" : 0,
            "90.000000" : 0,
            "95.000000" : 0,
            "99.000000" : 0,
            "99.500000" : 0,
            "99.900000" : 0,
            "99.950000" : 0,
            "99.990000" : 0,
            "0.00" : 0,
            "0.00" : 0,
            "0.00" : 0
          }
        },
        "lat_ns" : {
          "min" : 0,
          "max" : 0,
          "mean" : 0.000000,
          "stddev" : 0.000000
        },
        "bw_min" : 0,
        "bw_max" : 0,
        "bw_agg" : 0.000000,
        "bw_mean" : 0.000000,
        "bw_dev" : 0.000000,
        "bw_samples" : 0,
        "iops_min" : 0,
        "iops_max" : 0,
        "iops_mean" : 0.000000,
        "iops_stddev" : 0.000000,
        "iops_samples" : 0
      },
      "usr_cpu" : 0.027245,
      "sys_cpu" : 0.026106,
      "ctx" : 102423,
      "majf" : 0,
      "minf" : 755,
      "iodepth_level" : {
        "1" : 0.169402,
        "2" : 0.338804,
        "4" : 0.677607,
        "8" : 1.355214,
        "16" : 2.710429,
        "32" : 5.420858,
        ">=64" : 89.327687
      },
      "latency_ns" : {
        "2" : 0.000000,
        "4" : 0.000000,
        "10" : 0.000000,
        "20" : 0.000000,
        "50" : 0.000000,
        "100" : 0.000000,
        "250" : 0.000000,
        "500" : 0.000000,
        "750" : 0.000000,
        "1000" : 0.000000
      },
      "latency_us" : {
        "2" : 0.000000,
        "4" : 0.000000,
        "10" : 0.000000,
        "20" : 0.000000,
        "50" : 0.000000,
        "100" : 0.000000,
        "250" : 0.000000,
        "500" : 0.000000,
        "750" : 0.000000,
        "1000" : 0.000000
      },
      "latency_ms" : {
        "2" : 0.000000,
        "4" : 0.000000,
        "10" : 0.000000,
        "20" : 0.000000,
        "50" : 0.010000,
        "100" : 0.026469,
        "250" : 0.042350,
        "500" : 0.714664,
        "750" : 0.968767,
        "1000" : 6.177872,
        "2000" : 15.727898,
        ">=2000" : 76.336686
      },
      "latency_depth" : 64,
      "latency_target" : 0,
      "latency_percentile" : 100.000000,
      "latency_window" : 0
    }
  ],
  "disk_util" : [
    {
      "name" : "md5",
      "read_ios" : 98,
      "write_ios" : 18884,
      "read_merges" : 0,
      "write_merges" : 0,
      "read_ticks" : 0,
      "write_ticks" : 0,
      "in_queue" : 0,
      "util" : 0.000000,
      "aggr_read_ios" : 4748,
      "aggr_write_ios" : 5329,
      "aggr_read_merges" : 0,
      "aggr_write_merge" : 0,
      "aggr_read_ticks" : 323788,
      "aggr_write_ticks" : 117460,
      "aggr_in_queue" : 441224,
      "aggr_util" : 83.694272
    },
    {
      "name" : "sdf",
      "read_ios" : 4729,
      "write_ios" : 5324,
      "read_merges" : 0,
      "write_merges" : 0,
      "read_ticks" : 338984,
      "write_ticks" : 121616,
      "in_queue" : 460576,
      "util" : 83.694272
    },
    {
      "name" : "sdd",
      "read_ios" : 4737,
      "write_ios" : 5328,
      "read_merges" : 0,
      "write_merges" : 0,