{
  "fio version" : "fio-3.1",
  "timestamp" : 1585147708,
  "timestamp_ms" : 1585147708794,
  "time" : "Wed Mar 25 15:48:28 2020",
  "jobs" : [
    {
      "jobname" : "iotest",
      "groupid" : 0,
      "error" : 0,
      "eta" : 0,
      "elapsed" : 61,
      "job options" : {
        "rw" : "randread",
        "bs" : "4k",
        "ioengine" : "libaio",
        "iodepth" : "8",
        "direct" : "1",
        "invalidate" : "1",
        "refill_buffers" : "1",
        "runtime" : "60",
        "numjobs" : "8",
        "group_reporting" : "1",
        "write_bw_log" : "/fio/10K/RAID5_64K//randread-iodepth-8-numjobs-8",
        "write_lat_log" : "/fio/10K/RAID5_64K//randread-iodepth-8-numjobs-8",
        "write_iops_log" : "/fio/10K/RAID5_64K//randread-iodepth-8-numjobs-8",
        "log_avg_msec" : "500",
        "filename" : "/dev/md5"
      },
      "read" : {
        "io_bytes" : 456441856,
        "io_kbytes" : 445744,
        "bw" : 7422,
        "iops" : 1855.627529,
        "runtime" : 60053,
        "total_ios" : 111436,
        "short_ios" : 0,
        "drop_ios" : 0,
        "slat_ns" : {
          "min" : 9258,
          "max" : 249883,
          "mean" : 25304.138016,
          "stddev" : 8225.811862
        },
        "clat_ns" : {
          "min" : 1507532,
          "max" : 584546401,
          "mean" : 34420843.660146,
          "stddev" : 33443021.901788,
          "percentile" : {
            "1.000000" : 4292608,
            "5.000000" : 6520832,
            "10.000000" : 8224768,
            "20.000000" : 10944512,
            "30.000000" : 14090240,
            "40.000000" : 17956864,
            "50.000000" : 22937600,
            "60.000000" : 29753344,
            "70.000000" : 38535168,
            "80.000000" : 51642368,
            "90.000000" : 76021760,
            "95.000000" : 100139008,
            "99.000000" : 162529280,
            "99.500000" : 189792256,
            "99.900000" : 258998272,
            "99.950000" : 295698432,
            "99.990000" : 367001600,
            "0.00" : 0,
            "0.00" : 0,
            "0.00" : 0
          }
        },
        "lat_ns" : {
          "min" : 1525672,
          "max" : 584566026,
          "mean" : 34446988.340159,
          "stddev" : 33443033.746387
        },
        "bw_min" : 555,
        "bw_max" : 1227,
        "bw_agg" : 12.583002,
        "bw_mean" : 933.910417,
        "bw_dev" : 86.623864,
        "bw_samples" : 960,
        "iops_min" : 138,
        "iops_max" : 306,
        "iops_mean" : 233.178125,
        "iops_stddev" : 21.663185,
        "iops_samples" : 960
      },
      "write" : {
        "io_bytes" : 0,
        "io_kbytes" : 0,
        "bw" : 0,
        "iops" : 0.000000,
        "runtime" : 0,
        "total_ios" : 0,
        "short_ios" : 0,
        "drop_ios" : 0,
        "slat_ns" : {
          "min" : 0,
          "max" : 0,
          "mean" : 0.000000,
          "stddev" : 0.000000
        },
        "clat_ns" : {
          "min" : 0,
          "max" : 0,
          "mean" : 0.000000,
          "stddev" : 0.000000,
          "percentile" : {
            "1.000000" : 0,
            "5.000000" : 0,
            "10.000000" : 0,
            "20.000000" : 0,
            "30.000000" : 0,
            "40.000000" : 0,
            "50.000000" : 0,
            "60.000000" : 0,
            "70.000000" : 0,
            "80.000000" : 0,
            "90.000000" : 0,
            "95.000000" : 0,
            "99.000000" : 0,
            "99.500000" : 0,
            "99.900000" : 0,
            "99.950000" : 0,
            "99.990000" : 0,
            "0.00" : 0,
            "0.00" : 0,
            "0.00" : 0
          }
        },
        "lat_ns" : {
          "min" : 0,
          "max" : 0,
          "mean" : 0.000000,
          "stddev" : 0.000000
        },
        "bw_min" : 0,
        "bw_max" : 0,
        "bw_agg" : 0.000000,
        "bw_mean" : 0.000000,
        "bw_dev" : 0.000000,
        "bw_samples" : 0,
        "iops_min" : 0,
        "iops_max" : 0,
        "iops_mean" : 0.000000,
        "iops_stddev" : 0.000000,
        "iops_samples" : 0
      },
      "trim" : {
        "io_bytes" : 0,
        "io_kbytes" : 0,
        "bw" : 0,
        "iops" : 0.000000,
        "runtime" : 0,
        "total_ios" : 0,
        "short_ios" : 0,
        "drop_ios" : 0,
        "slat_ns" : {
          "min" : 0,
          "max" : 0,
          "mean" : 0.000000,
          "stddev" : 0.000000
        },
        "clat_ns" : {
          "min" : 0,
          "max" : 0,
          "mean" : 0.000000,
          "stddev" : 0.000000,
          "percentile" : {
            "1.000000" : 0,
            "5.000000" : 0,
            "10.000000" : 0,
            "20.000000" : 0,
            "30.000000" : 0,
            "40.000000" : 0,
            "50.000000" : 0,
            "60.000000" : 0,
            "70.000000" : 0,
            "80.000000" : 0,
            "90.000000" : 0,
            "95.000000" : 0,
            "99.000000" : 0,
            "99.500000" : 0,
            "99.900000" : 0,
            "99.950000" : 0,
            "99.990000" : 0,
            "0.00" : 0,
            "0.00" : 0,
            "0.00" : 0
          }
        },
        "lat_ns" : {
          "min" : 0,
          "max" : 0,
          "mean" : 0.000000,
          "stddev" : 0.000000
        },
        "bw_min" : 0,
        "bw_max" : 0,
        "bw_agg" : 0.000000,
        "bw_mean" : 0.000000,
        "bw_dev" : 0.000000,
        "bw_samples" : 0,
        "iops_min" : 0,
        "iops_max" : 0,
        "iops_mean" : 0.000000,
        "iops_stddev" : 0.000000,
        "iops_samples" : 0
      },
      "usr_cpu" : 0.326884,
      "sys_cpu" : 0.918398,
      "ctx" : 110265,
      "majf" : 0,
      "minf" : 211,
      "iodepth_level" : {
        "1" : 0.100000,
        "2" : 0.100000,
        "4" : 0.100000,
        "8" : 99.949747,
        "16" : 0.000000,
        "32" : 0.000000,
        ">=64" : 0.000000
      },
      "latency_ns" : {
        "2" : 0.000000,
        "4" : 0.000000,
        "10" : 0.000000,
        "20" : 0.000000,
        "50" : 0.000000,
        "100" : 0.000000,
        "250" : 0.000000,
        "500" : 0.000000,
        "750" : 0.000000,
        "1000" : 0.000000
      },
      "latency_us" : {
        "2" : 0.000000,
        "4" : 0.000000,
        "10" : 0.000000,
        "20" : 0.000000,
        "50" : 0.000000,
        "100" : 0.000000,
        "250" : 0.000000,
        "500" : 0.000000,
        "750" : 0.000000,
        "1000" : 0.000000
      },
      "latency_ms" : {
        "2" : 0.012563,
        "4" : 0.723285,
        "10" : 15.579346,
        "20" : 27.946086,
        "50" : 34.775118,
        "100" : 15.908683,
        "250" : 4.933774,
        "500" : 0.119351,
        "750" : 0.010000,
        "1000" : 0.000000,
        "2000" : 0.000000,
        ">=2000" : 0.000000
      },
      "latency_depth" : 8,
      "latency_target" : 0,
      "latency_percentile" : 100.000000,
      "latency_window" : 0
    }
  ],
  "disk_util" : [
    {
      "name" : "md5",
      "read_ios" : 111229,
      "write_ios" : 0,
      "read_merges" : 0,
      "write_merges" : 0,
      "read_ticks" : 0,
      "write_ticks" : 0,
      "in_queue" : 0,
      "util" : 0.000000,
      "aggr_read_ios" : 13929,
      "aggr_write_ios" : 0,
      "aggr_read_merges" : 0,
      "aggr_write_merge" : 0,
      "aggr_read_ticks" : 479326,
      "aggr_write_ticks" : 0,
      "aggr_in_queue" : 479310,
      "aggr_util" : 99.348615
    },
    {
      "name" : "sdf",
      "read_ios" : 14051,
      "write_ios" : 0,
      "read_merges" : 0,
      "write_merges" : 0,
      "read_ticks" : 561524,
      "write_ticks" : 0,
      "in_queue" : 561508,
      "util" : 99.345235
    },
    {
      "name" : "sdd",
      "read_ios" : 13872,
      "write_ios" : 0,
      "read_merges" : 0,
      "write_merges" : 0,
      "read_ticks" : 468264,
      "write_ticks" : 0,
      "in_queue" : 468252,