{
  "fio version" : "fio-3.1",
  "timestamp" : 1585152227,
  "timestamp_ms" : 1585152227723,
  "time" : "Wed Mar 25 17:03:47 2020",
  "jobs" : [
    {
      "jobname" : "iotest",
      "groupid" : 0,
      "error" : 0,
      "eta" : 0,
      "elapsed" : 63,
      "job options" : {
        "rw" : "randwrite",
        "bs" : "4k",
        "ioengine" : "libaio",
        "iodepth" : "64",
        "direct" : "1",
        "invalidate" : "1",
        "refill_buffers" : "1",
        "runtime" : "60",
        "numjobs" : "64",
        "group_reporting" : "1",
        "write_bw_log" : "/fio/10K/RAID5_64K//randwrite-iodepth-64-numjobs-64",
        "write_lat_log" : "/fio/10K/RAID5_64K//randwrite-iodepth-64-numjobs-64",
        "write_iops_log" : "/fio/10K/RAID5_64K//randwrite-iodepth-64-numjobs-64",
        "log_avg_msec" : "500",
        "filename" : "/dev/md5"
      },
      "read" : {
        "io_bytes" : 0,
        "io_kbytes" : 0,
        "bw" : 0,
        "iops" : 0.000000,
        "runtime" : 0,
        "total_ios" : 0,
        "short_ios" : 0,
        "drop_ios" : 0,
        "slat_ns" : {
          "min" : 0,
          "max" : 0,
          "mean" : 0.000000,
          "stddev" : 0.000000
        },
        "clat_ns" : {
          "min" : 0,
          "max" : 0,
          "mean" : 0.000000,
          "stddev" : 0.000000,
          "percentile" : {
            "1.000000" : 0,
            "5.000000" : 0,
            "10.000000" : 0,
            "20.000000" : 0,
            "30.000000" : 0,
            "40.000000" : 0,
            "50.000000" : 0,
            "60.000000" : 0,
            "70.000000" : 0,
            "80.000000" : 0,
            "90.000000" : 0,
            "95.000000" : 0,
            "99.000000" : 0,
            "99.500000" : 0,
            "99.900000" : 0,
            "99.950000" : 0,
            "99.990000" : 0,
            "0.00" : 0,
            "0.00" : 0,
            "0.00" : 0
          }
        },
        "lat_ns" : {
          "min" : 0,
          "max" : 0,
          "mean" : 0.000000,
          "stddev" : 0.000000
        },
        "bw_min" : 0,
        "bw_max" : 0,
        "bw_agg" : 0.000000,
        "bw_mean" : 0.000000,
        "bw_dev" : 0.000000,
        "bw_samples" : 0,
        "iops_min" : 0,
        "iops_max" : 0,
        "iops_mean" : 0.000000,
        "iops_stddev" : 0.000000,
        "iops_samples" : 0
      },
      "write" : {
        "io_bytes" : 75550720,
        "io_kbytes" : 73780,
        "bw" : 1199,
        "iops" : 299.826070,
        "runtime" : 61519,
        "total_ios" : 18445,
        "short_ios" : 0,
        "drop_ios" : 0,
        "slat_ns" : {
          "min" : 3499,
          "max" : 39781464176,
          "mean" : 207508114.729845,
          "stddev" : 1350311045.005848
        },
        "clat_ns" : {
          "min" : 78316464,
          "max" : 52952660357,
          "mean" : 10871901776.193279,
          "stddev" : 9342820984.498970,
          "percentile" : {
            "1.000000" : 291504128,
            "5.000000" : 918552576,
            "10.000000" : 1216348160,
            "20.000000" : 2734686208,
            "30.000000" : 4328521728,
            "40.000000" : 6207569920,
            "50.000000" : 8019509248,
            "60.000000" : 10401873920,
            "70.000000" : 14159970304,
            "80.000000" : 17112760320,
            "90.000000" : 17112760320,
            "95.000000" : 17112760320,
            "99.000000" : 17112760320,
            "99.500000" : 17112760320,
            "99.900000" : 17112760320,
            "99.950000" : 17112760320,
            "99.990000" : 17112760320,
            "0.00" : 0,
            "0.00" : 0,
            "0.00" : 0
          }
        },
        "lat_ns" : {
          "min" : 78321447,
          "max" : 60409863034,
          "mean" : 11079410661.854160,
          "stddev" : 9437725938.210220
        },
        "bw_min" : 7,
        "bw_max" : 1026,
        "bw_agg" : 11.110333,
        "bw_mean" : 133.212888,
        "bw_dev" : 106.555516,
        "bw_samples" : 869,
        "iops_min" : 1,
        "iops_max" : 256,
        "iops_mean" : 33.147296,
        "iops_stddev" : 26.566523,
        "iops_samples" : 869
      },
      "trim" : {
        "io_bytes" : 0,
        "io_kbytes" : 0,
        "bw" : 0,
        "iops" : 0.000000,
        "runtime" : 0,
        "total_ios" : 0,
        "short_ios" : 0,
        "drop_ios" : 0,
        "slat_ns" : {
          "min" : 0,
          "max" : 0,
          "mean" : 0.000000,
          "stddev" : 0.000000
        },
        "clat_ns" : {
          "min" : 0,
          "max" : 0,
          "mean" : 0.000000,
          "stddev" : 0.000000,
          "percentile" : {
            "1.000000" : 0,
            "5.000000" : 0,
            "10.000000" : 0,
            "20.000000" : 0,
            "30.000000" : 0,
            "40.000000" : 0,
            "50.000000" : 0,
            "60.000000" : 0,
            "70.000000" : 0,
            "80.000000" : 0,
            "90.000000" : 0,
            "95.000000" : 0,
            "99.000000" : 0,
            "99.500000" : 0,
            "99.900000" : 0,
            "99.950000" : 0,
            "99.990000" : 0,
            "0.00" : 0,
            "0.00" : 0,
            "0.00" : 0
          }
        },
        "lat_ns" : {
          "min" : 0,
          "max" : 0,
          "mean" : 0.000000,
          "stddev" : 0.000000
        },
        "bw_min" : 0,
        "bw_max" : 0,
        "bw_agg" : 0.000000,
        "bw_mean" : 0.000000,
        "bw_dev" : 0.000000,
        "bw_samples" : 0,
        "iops_min" : 0,
        "iops_max" : 0,
        "iops_mean" : 0.000000,
        "iops_stddev" : 0.000000,
        "iops_samples" : 0
      },
      "usr_cpu" : 0.020783,
      "sys_cpu" : 0.024547,
      "ctx" : 204361,
      "majf" : 0,
      "minf" : 1474,
      "iodepth_level" : {
        "1" : 0.346978,
        "2" : 0.693955,
        "4" : 1.387910,
        "8" : 2.775820,
        "16" : 5.551640,
        "32" : 10.929791,
        ">=64" : 78.313906
      },
      "latency_ns" : {
        "2" : 0.000000,
        "4" : 0.000000,
        "10" : 0.000000,
        "20" : 0.000000,
        "50" : 0.000000,
        "100" : 0.000000,
        "250" : 0.000000,
        "500" : 0.000000,
        "750" : 0.000000,
        "1000" : 0.000000
      },
      "latency_us" : {
        "2" : 0.000000,
        "4" : 0.000000,
        "10" : 0.000000,
        "20" : 0.000000,
        "50" : 0.000000,
        "100" : 0.000000,
        "250" : 0.000000,
        "500" : 0.000000,
        "750" : 0.000000,
        "1000" : 0.000000
      },
      "latency_ms" : {
        "2" : 0.000000,
        "4" : 0.000000,
        "10" : 0.000000,
        "20" : 0.000000,
        "50" : 0.000000,
        "100" : 0.070480,
        "250" : 0.146381,
        "500" : 1.474654,
        "750" : 0.813229,
        "1000" : 4.602873,
        "2000" : 9.671998,
        ">=2000" : 83.220385
      },
      "latency_depth" : 64,
      "latency_target" : 0,
      "latency_percentile" : 100.000000,
      "latency_window" : 0
    }
  ],
  "disk_util" : [
    {
      "name" : "md5",
      "read_ios" : 250,
      "write_ios" : 18445,
      "read_merges" : 0,
      "write_merges" : 0,
      "read_ticks" : 0,
      "write_ticks" : 0,
      "in_queue" : 0,
      "util" : 0.000000,
      "aggr_read_ios" : 4650,
      "aggr_write_ios" : 5261,
      "aggr_read_merges" : 0,
      "aggr_write_merge" : 0,
      "aggr_read_ticks" : 292075,
      "aggr_write_ticks" : 122586,
      "aggr_in_queue" : 414644,
      "aggr_util" : 80.555157
    },
    {
      "name" : "sdf",
      "read_ios" : 4576,
      "write_ios" : 5208,
      "read_merges" : 0,
      "write_merges" : 0,
      "read_ticks" : 301292,
      "write_ticks" : 125472,
      "in_queue" : 426744,
      "util" : 80.555157
    },
    {
      "name" : "sdd",
      "read_ios" : 4745,
      "write_ios" : 5371,
      "read_merges" : 0,
      "write_merges" : 0,