{
  "fio version" : "fio-3.1",
  "timestamp" : 1585149072,
  "timestamp_ms" : 1585149072022,
  "time" : "Wed Mar 25 16:11:12 2020",
  "jobs" : [
    {
      "jobname" : "iotest",
      "groupid" : 0,
      "error" : 0,
      "eta" : 0,
      "elapsed" : 62,
      "job options" : {
        "rw" : "randread",
        "bs" : "4k",
        "ioengine" : "libaio",
        "iodepth" : "64",
        "direct" : "1",
        "invalidate" : "1",
        "refill_buffers" : "1",
        "runtime" : "60",
        "numjobs" : "16",
        "group_reporting" : "1",
        "write_bw_log" : "/fio/10K/RAID5_64K//randread-iodepth-64-numjobs-16",
        "write_lat_log" : "/fio/10K/RAID5_64K//randread-iodepth-64-numjobs-16",
        "write_iops_log" : "/fio/10K/RAID5_64K//randread-iodepth-64-numjobs-16",
        "log_avg_msec" : "500",
        "filename" : "/dev/md5"
      },
      "read" : {
        "io_bytes" : 481882112,
        "io_kbytes" : 470588,
        "bw" : 7767,
        "iops" : 1941.786192,
        "runtime" : 60587,
        "total_ios" : 117647,
        "short_ios" : 0,
        "drop_ios" : 0,
        "slat_ns" : {
          "min" : 4151,
          "max" : 661463171,
          "mean" : 7959161.114325,
          "stddev" : 50092233.327660
        },
        "clat_ns" : {
          "min" : 1635135,
          "max" : 4241204018,
          "mean" : 517622829.225259,
          "stddev" : 322278123.279708,
          "percentile" : {
            "1.000000" : 12779520,
            "5.000000" : 223346688,
            "10.000000" : 274726912,
            "20.000000" : 304087040,
            "30.000000" : 325058560,
            "40.000000" : 346030080,
            "50.000000" : 392167424,
            "60.000000" : 591396864,
            "70.000000" : 633339904,
            "80.000000" : 675282944,
            "90.000000" : 784334848,
            "95.000000" : 1035993088,
            "99.000000" : 1853882368,
            "99.500000" : 2164260864,
            "99.900000" : 2868903936,
            "99.950000" : 3137339392,
            "99.990000" : 3674210304,
            "0.00" : 0,
            "0.00" : 0,
            "0.00" : 0
          }
        },
        "lat_ns" : {
          "min" : 1642482,
          "max" : 4241209091,
          "mean" : 525582302.618860,
          "stddev" : 334736715.820176
        },
        "bw_min" : 7,
        "bw_max" : 1451,
        "bw_agg" : 6.297296,
        "bw_mean" : 489.110995,
        "bw_dev" : 184.142475,
        "bw_samples" : 1919,
        "iops_min" : 1,
        "iops_max" : 362,
        "iops_mean" : 122.047421,
        "iops_stddev" : 46.022893,
        "iops_samples" : 1919
      },
      "write" : {
        "io_bytes" : 0,
        "io_kbytes" : 0,
        "bw" : 0,
        "iops" : 0.000000,
        "runtime" : 0,
        "total_ios" : 0,
        "short_ios" : 0,
        "drop_ios" : 0,
        "slat_ns" : {
          "min" : 0,
          "max" : 0,
          "mean" : 0.000000,
          "stddev" : 0.000000
        },
        "clat_ns" : {
          "min" : 0,
          "max" : 0,
          "mean" : 0.000000,
          "stddev" : 0.000000,
          "percentile" : {
            "1.000000" : 0,
            "5.000000" : 0,
            "10.000000" : 0,
            "20.000000" : 0,
            "30.000000" : 0,
            "40.000000" : 0,
            "50.000000" : 0,
            "60.000000" : 0,
            "70.000000" : 0,
            "80.000000" : 0,
            "90.000000" : 0,
            "95.000000" : 0,
            "99.000000" : 0,
            "99.500000" : 0,
            "99.900000" : 0,
            "99.950000" : 0,
            "99.990000" : 0,
            "0.00" : 0,
            "0.00" : 0,
            "0.00" : 0
          }
        },
        "lat_ns" : {
          "min" : 0,
          "max" : 0,
          "mean" : 0.000000,
          "stddev" : 0.000000
        },
        "bw_min" : 0,
        "bw_max" : 0,
        "bw_agg" : 0.000000,
        "bw_mean" : 0.000000,
        "bw_dev" : 0.000000,
        "bw_samples" : 0,
        "iops_min" : 0,
        "iops_max" : 0,
        "iops_mean" : 0.000000,
        "iops_stddev" : 0.000000,
        "iops_samples" : 0
      },
      "trim" : {
        "io_bytes" : 0,
        "io_kbytes" : 0,
        "bw" : 0,
        "iops" : 0.000000,
        "runtime" : 0,
        "total_ios" : 0,
        "short_ios" : 0,
        "drop_ios" : 0,
        "slat_ns" : {
          "min" : 0,
          "max" : 0,
          "mean" : 0.000000,
          "stddev" : 0.000000
        },
        "clat_ns" : {
          "min" : 0,
          "max" : 0,
          "mean" : 0.000000,
          "stddev" : 0.000000,
          "percentile" : {
            "1.000000" : 0,
            "5.000000" : 0,
            "10.000000" : 0,
            "20.000000" : 0,
            "30.000000" : 0,
            "40.000000" : 0,
            "50.000000" : 0,
            "60.000000" : 0,
            "70.000000" : 0,
            "80.000000" : 0,
            "90.000000" : 0,
            "95.000000" : 0,
            "99.000000" : 0,
            "99.500000" : 0,
            "99.900000" : 0,
            "99.950000" : 0,
            "99.990000" : 0,
            "0.00" : 0,
            "0.00" : 0,
            "0.00" : 0
          }
        },
        "lat_ns" : {
          "min" : 0,
          "max" : 0,
          "mean" : 0.000000,
          "stddev" : 0.000000
        },
        "bw_min" : 0,
        "bw_max" : 0,
        "bw_agg" : 0.000000,
        "bw_mean" : 0.000000,
        "bw_dev" : 0.000000,
        "bw_samples" : 0,
        "iops_min" : 0,
        "iops_max" : 0,
        "iops_mean" : 0.000000,
        "iops_stddev" : 0.000000,
        "iops_samples" : 0
      },
      "usr_cpu" : 0.060762,
      "sys_cpu" : 0.093002,
      "ctx" : 7971,
      "majf" : 0,
      "minf" : 1372,
      "iodepth_level" : {
        "1" : 0.100000,
        "2" : 0.100000,
        "4" : 0.100000,
        "8" : 0.108800,
        "16" : 0.217600,
        "32" : 0.435200,
        ">=64" : 99.143200
      },
      "latency_ns" : {
        "2" : 0.000000,
        "4" : 0.000000,
        "10" : 0.000000,
        "20" : 0.000000,
        "50" : 0.000000,
        "100" : 0.000000,
        "250" : 0.000000,
        "500" : 0.000000,
        "750" : 0.000000,
        "1000" : 0.000000
      },
      "latency_us" : {
        "2" : 0.000000,
        "4" : 0.000000,
        "10" : 0.000000,
        "20" : 0.000000,
        "50" : 0.000000,
        "100" : 0.000000,
        "250" : 0.000000,
        "500" : 0.000000,
        "750" : 0.000000,
        "1000" : 0.000000
      },
      "latency_ms" : {
        "2" : 0.010000,
        "4" : 0.047600,
        "10" : 0.658750,
        "20" : 0.852550,
        "50" : 0.835550,
        "100" : 0.776050,
        "250" : 3.230852,
        "500" : 47.945974,
        "750" : 34.847467,
        "1000" : 4.958052,
        "2000" : 5.177353,
        ">=2000" : 0.668950
      },
      "latency_depth" : 64,
      "latency_target" : 0,
      "latency_percentile" : 100.000000,
      "latency_window" : 0
    }
  ],
  "disk_util" : [
    {
      "name" : "md5",
      "read_ios" : 117647,
      "write_ios" : 0,
      "read_merges" : 0,
      "write_merges" : 0,
      "read_ticks" : 0,
      "write_ticks" : 0,
      "in_queue" : 0,
      "util" : 0.000000,
      "aggr_read_ios" : 14705,
      "aggr_write_ios" : 0,
      "aggr_read_merges" : 0,
      "aggr_write_merge" : 0,
      "aggr_read_ticks" : 2193608,
      "aggr_write_ticks" : 0,
      "aggr_in_queue" : 2193601,
      "aggr_util" : 99.142165
    },
    {
      "name" : "sdf",
      "read_ios" : 14694,
      "write_ios" : 0,
      "read_merges" : 0,
      "write_merges" : 0,
      "read_ticks" : 7613556,
      "write_ticks" : 0,
      "in_queue" : 7613548,
      "util" : 99.142165
    },
    {
      "name" : "sdd",
      "read_ios" : 14804,
      "write_ios" : 0,
      "read_merges" : 0,
      "write_merges" : 0,
      "read_ticks" : 1113836,
      "write_ticks" : 0,