{
  "fio version" : "fio-3.1",
  "timestamp" : 1585150863,
  "timestamp_ms" : 1585150863898,
  "time" : "Wed Mar 25 16:41:03 2020",
  "jobs" : [
    {
      "jobname" : "iotest",
      "groupid" : 0,
      "error" : 0,
      "eta" : 0,
      "elapsed" : 62,
      "job options" : {
        "rw" : "randwrite",
        "bs" : "4k",
        "ioengine" : "libaio",
        "iodepth" : "8",
        "direct" : "1",
        "invalidate" : "1",
        "refill_buffers" : "1",
        "runtime" : "60",
        "numjobs" : "32",
        "group_reporting" : "1",
        "write_bw_log" : "/fio/10K/RAID5_64K//randwrite-iodepth-8-numjobs-32",
        "write_lat_log" : "/fio/10K/RAID5_64K//randwrite-iodepth-8-numjobs-32",
        "write_iops_log" : "/fio/10K/RAID5_64K//randwrite-iodepth-8-numjobs-32",
        "log_avg_msec" : "500",
        "filename" : "/dev/md5"
      },
      "read" : {
        "io_bytes" : 0,
        "io_kbytes" : 0,
        "bw" : 0,
        "iops" : 0.000000,
        "runtime" : 0,
        "total_ios" : 0,
        "short_ios" : 0,
        "drop_ios" : 0,
        "slat_ns" : {
          "min" : 0,
          "max" : 0,
          "mean" : 0.000000,
          "stddev" : 0.000000
        },
        "clat_ns" : {
          "min" : 0,
          "max" : 0,
          "mean" : 0.000000,
          "stddev" : 0.000000,
          "percentile" : {
            "1.000000" : 0,
            "5.000000" : 0,
            "10.000000" : 0,
            "20.000000" : 0,
            "30.000000" : 0,
            "40.000000" : 0,
            "50.000000" : 0,
            "60.000000" : 0,
            "70.000000" : 0,
            "80.000000" : 0,
            "90.000000" : 0,
            "95.000000" : 0,
            "99.000000" : 0,
            "99.500000" : 0,
            "99.900000" : 0,
            "99.950000" : 0,
            "99.990000" : 0,
            "0.00" : 0,
            "0.00" : 0,
            "0.00" : 0
          }
        },
        "lat_ns" : {
          "min" : 0,
          "max" : 0,
          "mean" : 0.000000,
          "stddev" : 0.000000
        },
        "bw_min" : 0,
        "bw_max" : 0,
        "bw_agg" : 0.000000,
        "bw_mean" : 0.000000,
        "bw_dev" : 0.000000,
        "bw_samples" : 0,
        "iops_min" : 0,
        "iops_max" : 0,
        "iops_mean" : 0.000000,
        "iops_stddev" : 0.000000,
        "iops_samples" : 0
      },
      "write" : {
        "io_bytes" : 64311296,
        "io_kbytes" : 62804,
        "bw" : 1041,
        "iops" : 260.359837,
        "runtime" : 60305,
        "total_ios" : 15701,
        "short_ios" : 0,
        "drop_ios" : 0,
        "slat_ns" : {
          "min" : 3541,
          "max" : 2117648719,
          "mean" : 55628841.811222,
          "stddev" : 138974745.127621
        },
        "clat_ns" : {
          "min" : 1031294,
          "max" : 3136663206,
          "mean" : 922488170.505828,
          "stddev" : 255865235.594983,
          "percentile" : {
            "1.000000" : 417333248,
            "5.000000" : 583008256,
            "10.000000" : 658505728,
            "20.000000" : 742391808,
            "30.000000" : 792723456,
            "40.000000" : 843055104,
            "50.000000" : 884998144,
            "60.000000" : 943718400,
            "70.000000" : 1002438656,
            "80.000000" : 1082130432,
            "90.000000" : 1233125376,
            "95.000000" : 1367343104,
            "99.000000" : 1702887424,
            "99.500000" : 1887436800,
            "99.900000" : 2399141888,
            "99.950000" : 2533359616,
            "99.990000" : 3137339392,
            "0.00" : 0,
            "0.00" : 0,
            "0.00" : 0
          }
        },
        "lat_ns" : {
          "min" : 8680478,
          "max" : 3266969434,
          "mean" : 978118149.238456,
          "stddev" : 288712293.085298
        },
        "bw_min" : 7,
        "bw_max" : 120,
        "bw_agg" : 3.317266,
        "bw_mean" : 34.532736,
        "bw_dev" : 16.998046,
        "bw_samples" : 3574,
        "iops_min" : 1,
        "iops_max" : 30,
        "iops_mean" : 8.597929,
        "iops_stddev" : 4.251380,
        "iops_samples" : 3574
      },
      "trim" : {
        "io_bytes" : 0,
        "io_kbytes" : 0,
        "bw" : 0,
        "iops" : 0.000000,
        "runtime" : 0,
        "total_ios" : 0,
        "short_ios" : 0,
        "drop_ios" : 0,
        "slat_ns" : {
          "min" : 0,
          "max" : 0,
          "mean" : 0.000000,
          "stddev" : 0.000000
        },
        "clat_ns" : {
          "min" : 0,
          "max" : 0,
          "mean" : 0.000000,
          "stddev" : 0.000000,
          "percentile" : {
            "1.000000" : 0,
            "5.000000" : 0,
            "10.000000" : 0,
            "20.000000" : 0,
            "30.000000" : 0,
            "40.000000" : 0,
            "50.000000" : 0,
            "60.000000" : 0,
            "70.000000" : 0,
            "80.000000" : 0,
            "90.000000" : 0,
            "95.000000" : 0,
            "99.000000" : 0,
            "99.500000" : 0,
            "99.900000" : 0,
            "99.950000" : 0,
            "99.990000" : 0,
            "0.00" : 0,
            "0.00" : 0,
            "0.00" : 0
          }
        },
        "lat_ns" : {
          "min" : 0,
          "max" : 0,
          "mean" : 0.000000,
          "stddev" : 0.000000
        },
        "bw_min" : 0,
        "bw_max" : 0,
        "bw_agg" : 0.000000,
        "bw_mean" : 0.000000,
        "bw_dev" : 0.000000,
        "bw_samples" : 0,
        "iops_min" : 0,
        "iops_max" : 0,
        "iops_mean" : 0.000000,
        "iops_stddev" : 0.000000,
        "iops_samples" : 0
      },
      "usr_cpu" : 0.027733,
      "sys_cpu" : 0.019268,
      "ctx" : 51708,
      "majf" : 0,
      "minf" : 647,
      "iodepth_level" : {
        "1" : 0.203809,
        "2" : 0.407617,
        "4" : 0.815235,
        "8" : 98.573339,
        "16" : 0.000000,
        "32" : 0.000000,
        ">=64" : 0.000000
      },
      "latency_ns" : {
        "2" : 0.000000,
        "4" : 0.000000,
        "10" : 0.000000,
        "20" : 0.000000,
        "50" : 0.000000,
        "100" : 0.000000,
        "250" : 0.000000,
        "500" : 0.000000,
        "750" : 0.000000,
        "1000" : 0.000000
      },
      "latency_us" : {
        "2" : 0.000000,
        "4" : 0.000000,
        "10" : 0.000000,
        "20" : 0.000000,
        "50" : 0.000000,
        "100" : 0.000000,
        "250" : 0.000000,
        "500" : 0.000000,
        "750" : 0.000000,
        "1000" : 0.000000
      },
      "latency_ms" : {
        "2" : 0.010000,
        "4" : 0.010000,
        "10" : 0.019107,
        "20" : 0.050952,
        "50" : 0.000000,
        "100" : 0.010000,
        "250" : 0.337558,
        "500" : 2.286479,
        "750" : 19.355455,
        "1000" : 47.156232,
        "2000" : 30.450290,
        ">=2000" : 0.324820
      },
      "latency_depth" : 8,
      "latency_target" : 0,
      "latency_percentile" : 100.000000,
      "latency_window" : 0
    }
  ],
  "disk_util" : [
    {
      "name" : "md5",
      "read_ios" : 101,
      "write_ios" : 15701,
      "read_merges" : 0,
      "write_merges" : 0,
      "read_ticks" : 0,
      "write_ticks" : 0,
      "in_queue" : 0,
      "util" : 0.000000,
      "aggr_read_ios" : 3951,
      "aggr_write_ios" : 4737,
      "aggr_read_merges" : 0,
      "aggr_write_merge" : 0,
      "aggr_read_ticks" : 212338,
      "aggr_write_ticks" : 102822,
      "aggr_in_queue" : 315146,
      "aggr_util" : 77.198484
    },
    {
      "name" : "sdf",
      "read_ios" : 3866,
      "write_ios" : 4666,
      "read_merges" : 0,
      "write_merges" : 0,
      "read_ticks" : 209492,
      "write_ticks" : 101560,
      "in_queue" : 311044,
      "util" : 77.198484
    },
    {
      "name" : "sdd",
      "read_ios" : 3947,
      "write_ios" : 4743,
      "read_merges" : 0,
      "write_merges" : 0,
      "read_ticks" : 207584,