{
  "fio version" : "fio-3.1",
  "timestamp" : 1585151421,
  "timestamp_ms" : 1585151421866,
  "time" : "Wed Mar 25 16:50:21 2020",
  "jobs" : [
    {
      "jobname" : "iotest",
      "groupid" : 0,
      "error" : 0,
      "eta" : 0,
      "elapsed" : 61,
      "job options" : {
        "rw" : "randwrite",
        "bs" : "4k",
        "ioengine" : "libaio",
        "iodepth" : "32",
        "direct" : "1",
        "invalidate" : "1",
        "refill_buffers" : "1",
        "runtime" : "60",
        "numjobs" : "1",
        "group_reporting" : "1",
        "write_bw_log" : "/fio/10K/RAID5_64K//randwrite-iodepth-32-numjobs-1",
        "write_lat_log" : "/fio/10K/RAID5_64K//randwrite-iodepth-32-numjobs-1",
        "write_iops_log" : "/fio/10K/RAID5_64K//randwrite-iodepth-32-numjobs-1",
        "log_avg_msec" : "500",
        "filename" : "/dev/md5"
      },
      "read" : {
        "io_bytes" : 0,
        "io_kbytes" : 0,
        "bw" : 0,
        "iops" : 0.000000,
        "runtime" : 0,
        "total_ios" : 0,
        "short_ios" : 0,
        "drop_ios" : 0,
        "slat_ns" : {
          "min" : 0,
          "max" : 0,
          "mean" : 0.000000,
          "stddev" : 0.000000
        },
        "clat_ns" : {
          "min" : 0,
          "max" : 0,
          "mean" : 0.000000,
          "stddev" : 0.000000,
          "percentile" : {
            "1.000000" : 0,
            "5.000000" : 0,
            "10.000000" : 0,
            "20.000000" : 0,
            "30.000000" : 0,
            "40.000000" : 0,
            "50.000000" : 0,
            "60.000000" : 0,
            "70.000000" : 0,
            "80.000000" : 0,
            "90.000000" : 0,
            "95.000000" : 0,
            "99.000000" : 0,
            "99.500000" : 0,
            "99.900000" : 0,
            "99.950000" : 0,
            "99.990000" : 0,
            "0.00" : 0,
            "0.00" : 0,
            "0.00" : 0
          }
        },
        "lat_ns" : {
          "min" : 0,
          "max" : 0,
          "mean" : 0.000000,
          "stddev" : 0.000000
        },
        "bw_min" : 0,
        "bw_max" : 0,
        "bw_agg" : 0.000000,
        "bw_mean" : 0.000000,
        "bw_dev" : 0.000000,
        "bw_samples" : 0,
        "iops_min" : 0,
        "iops_max" : 0,
        "iops_mean" : 0.000000,
        "iops_stddev" : 0.000000,
        "iops_samples" : 0
      },
      "write" : {
        "io_bytes" : 30060544,
        "io_kbytes" : 29356,
        "bw" : 488,
        "iops" : 122.165995,
        "runtime" : 60074,
        "total_ios" : 7339,
        "short_ios" : 0,
        "drop_ios" : 0,
        "slat_ns" : {
          "min" : 4919,
          "max" : 25484601,
          "mean" : 12699.100967,
          "stddev" : 297450.931652
        },
        "clat_ns" : {
          "min" : 517733,
          "max" : 495212054,
          "mean" : 261781125.725439,
          "stddev" : 73807679.906816,
          "percentile" : {
            "1.000000" : 19529728,
            "5.000000" : 133693440,
            "10.000000" : 175112192,
            "20.000000" : 208666624,
            "30.000000" : 233832448,
            "40.000000" : 256901120,
            "50.000000" : 270532608,
            "60.000000" : 287309824,
            "70.000000" : 299892736,
            "80.000000" : 316669952,
            "90.000000" : 341835776,
            "95.000000" : 367001600,
            "99.000000" : 417333248,
            "99.500000" : 429916160,
            "99.900000" : 471859200,
            "99.950000" : 476053504,
            "99.990000" : 497025024,
            "0.00" : 0,
            "0.00" : 0,
            "0.00" : 0
          }
        },
        "lat_ns" : {
          "min" : 524314,
          "max" : 495224901,
          "mean" : 261794305.707181,
          "stddev" : 73796465.324997
        },
        "bw_min" : 304,
        "bw_max" : 2008,
        "bw_agg" : 99.851434,
        "bw_mean" : 487.275000,
        "bw_dev" : 160.123532,
        "bw_samples" : 120,
        "iops_min" : 76,
        "iops_max" : 502,
        "iops_mean" : 121.783333,
        "iops_stddev" : 40.018312,
        "iops_samples" : 120
      },
      "trim" : {
        "io_bytes" : 0,
        "io_kbytes" : 0,
        "bw" : 0,
        "iops" : 0.000000,
        "runtime" : 0,
        "total_ios" : 0,
        "short_ios" : 0,
        "drop_ios" : 0,
        "slat_ns" : {
          "min" : 0,
          "max" : 0,
          "mean" : 0.000000,
          "stddev" : 0.000000
        },
        "clat_ns" : {
          "min" : 0,
          "max" : 0,
          "mean" : 0.000000,
          "stddev" : 0.000000,
          "percentile" : {
            "1.000000" : 0,
            "5.000000" : 0,
            "10.000000" : 0,
            "20.000000" : 0,
            "30.000000" : 0,
            "40.000000" : 0,
            "50.000000" : 0,
            "60.000000" : 0,
            "70.000000" : 0,
            "80.000000" : 0,
            "90.000000" : 0,
            "95.000000" : 0,
            "99.000000" : 0,
            "99.500000" : 0,
            "99.900000" : 0,
            "99.950000" : 0,
            "99.990000" : 0,
            "0.00" : 0,
            "0.00" : 0,
            "0.00" : 0
          }
        },
        "lat_ns" : {
          "min" : 0,
          "max" : 0,
          "mean" : 0.000000,
          "stddev" : 0.000000
        },
        "bw_min" : 0,
        "bw_max" : 0,
        "bw_agg" : 0.000000,
        "bw_mean" : 0.000000,
        "bw_dev" : 0.000000,
        "bw_samples" : 0,
        "iops_min" : 0,
        "iops_max" : 0,
        "iops_mean" : 0.000000,
        "iops_stddev" : 0.000000,
        "iops_samples" : 0
      },
      "usr_cpu" : 0.086561,
      "sys_cpu" : 0.158141,
      "ctx" : 1241,
      "majf" : 0,
      "minf" : 21,
      "iodepth_level" : {
        "1" : 0.100000,
        "2" : 0.100000,
        "4" : 0.100000,
        "8" : 0.109007,
        "16" : 0.218013,
        "32" : 99.577599,
        ">=64" : 0.000000
      },
      "latency_ns" : {
        "2" : 0.000000,
        "4" : 0.000000,
        "10" : 0.000000,
        "20" : 0.000000,
        "50" : 0.000000,
        "100" : 0.000000,
        "250" : 0.000000,
        "500" : 0.000000,
        "750" : 0.000000,
        "1000" : 0.000000
      },
      "latency_us" : {
        "2" : 0.000000,
        "4" : 0.000000,
        "10" : 0.000000,
        "20" : 0.000000,
        "50" : 0.000000,
        "100" : 0.000000,
        "250" : 0.000000,
        "500" : 0.000000,
        "750" : 0.054503,
        "1000" : 0.000000
      },
      "latency_ms" : {
        "2" : 0.000000,
        "4" : 0.000000,
        "10" : 0.109007,
        "20" : 0.844802,
        "50" : 1.621474,
        "100" : 0.776673,
        "250" : 33.001771,
        "500" : 63.591770,
        "750" : 0.000000,
        "1000" : 0.000000,
        "2000" : 0.000000,
        ">=2000" : 0.000000
      },
      "latency_depth" : 32,
      "latency_target" : 0,
      "latency_percentile" : 100.000000,
      "latency_window" : 0
    }
  ],
  "disk_util" : [
    {
      "name" : "md5",
      "read_ios" : 49,
      "write_ios" : 7339,
      "read_merges" : 0,
      "write_merges" : 0,
      "read_ticks" : 0,
      "write_ticks" : 0,
      "in_queue" : 0,
      "util" : 0.000000,
      "aggr_read_ios" : 1847,
      "aggr_write_ios" : 3244,
      "aggr_read_merges" : 0,
      "aggr_write_merge" : 0,
      "aggr_read_ticks" : 31277,
      "aggr_write_ticks" : 38514,
      "aggr_in_queue" : 69791,
      "aggr_util" : 67.735238
    },
    {
      "name" : "sdf",
      "read_ios" : 1790,
      "write_ios" : 3194,
      "read_merges" : 0,
      "write_merges" : 0,
      "read_ticks" : 31580,
      "write_ticks" : 39828,
      "in_queue" : 71408,
      "util" : 67.485254
    },
    {
      "name" : "sdd",
      "read_ios" : 1900,
      "write_ios" : 3302,
      "read_merges" : 0,
      "write_merges" : 0,
      "read_ticks" : 32472,
      "write_ticks" : 39376,