{
  "fio version" : "fio-3.1",
  "timestamp" : 1585151111,
  "timestamp_ms" : 1585151111006,
  "time" : "Wed Mar 25 16:45:11 2020",
  "jobs" : [
    {
      "jobname" : "iotest",
      "groupid" : 0,
      "error" : 0,
      "eta" : 0,
      "elapsed" : 61,
      "job options" : {
        "rw" : "randwrite",
        "bs" : "4k",
        "ioengine" : "libaio",
        "iodepth" : "16",
        "direct" : "1",
        "invalidate" : "1",
        "refill_buffers" : "1",
        "runtime" : "60",
        "numjobs" : "4",
        "group_reporting" : "1",
        "write_bw_log" : "/fio/10K/RAID5_64K//randwrite-iodepth-16-numjobs-4",
        "write_lat_log" : "/fio/10K/RAID5_64K//randwrite-iodepth-16-numjobs-4",
        "write_iops_log" : "/fio/10K/RAID5_64K//randwrite-iodepth-16-numjobs-4",
        "log_avg_msec" : "500",
        "filename" : "/dev/md5"
      },
      "read" : {
        "io_bytes" : 0,
        "io_kbytes" : 0,
        "bw" : 0,
        "iops" : 0.000000,
        "runtime" : 0,
        "total_ios" : 0,
        "short_ios" : 0,
        "drop_ios" : 0,
        "slat_ns" : {
          "min" : 0,
          "max" : 0,
          "mean" : 0.000000,
          "stddev" : 0.000000
        },
        "clat_ns" : {
          "min" : 0,
          "max" : 0,
          "mean" : 0.000000,
          "stddev" : 0.000000,
          "percentile" : {
            "1.000000" : 0,
            "5.000000" : 0,
            "10.000000" : 0,
            "20.000000" : 0,
            "30.000000" : 0,
            "40.000000" : 0,
            "50.000000" : 0,
            "60.000000" : 0,
            "70.000000" : 0,
            "80.000000" : 0,
            "90.000000" : 0,
            "95.000000" : 0,
            "99.000000" : 0,
            "99.500000" : 0,
            "99.900000" : 0,
            "99.950000" : 0,
            "99.990000" : 0,
            "0.00" : 0,
            "0.00" : 0,
            "0.00" : 0
          }
        },
        "lat_ns" : {
          "min" : 0,
          "max" : 0,
          "mean" : 0.000000,
          "stddev" : 0.000000
        },
        "bw_min" : 0,
        "bw_max" : 0,
        "bw_agg" : 0.000000,
        "bw_mean" : 0.000000,
        "bw_dev" : 0.000000,
        "bw_samples" : 0,
        "iops_min" : 0,
        "iops_max" : 0,
        "iops_mean" : 0.000000,
        "iops_stddev" : 0.000000,
        "iops_samples" : 0
      },
      "write" : {
        "io_bytes" : 31297536,
        "io_kbytes" : 30564,
        "bw" : 508,
        "iops" : 127.070445,
        "runtime" : 60132,
        "total_ios" : 7641,
        "short_ios" : 0,
        "drop_ios" : 0,
        "slat_ns" : {
          "min" : 3691,
          "max" : 34641248,
          "mean" : 15364.517341,
          "stddev" : 396310.506074
        },
        "clat_ns" : {
          "min" : 28037380,
          "max" : 826783477,
          "mean" : 503003996.108755,
          "stddev" : 102116440.811204,
          "percentile" : {
            "1.000000" : 244318208,
            "5.000000" : 337641472,
            "10.000000" : 379584512,
            "20.000000" : 417333248,
            "30.000000" : 450887680,
            "40.000000" : 480247808,
            "50.000000" : 505413632,
            "60.000000" : 526385152,
            "70.000000" : 557842432,
            "80.000000" : 591396864,
            "90.000000" : 633339904,
            "95.000000" : 666894336,
            "99.000000" : 725614592,
            "99.500000" : 742391808,
            "99.900000" : 784334848,
            "99.950000" : 801112064,
            "99.990000" : 826277888,
            "0.00" : 0,
            "0.00" : 0,
            "0.00" : 0
          }
        },
        "lat_ns" : {
          "min" : 28055800,
          "max" : 826801330,
          "mean" : 503019887.766653,
          "stddev" : 102105829.032549
        },
        "bw_min" : 40,
        "bw_max" : 208,
        "bw_agg" : 24.887631,
        "bw_mean" : 126.429167,
        "bw_dev" : 25.595194,
        "bw_samples" : 480,
        "iops_min" : 10,
        "iops_max" : 52,
        "iops_mean" : 31.479167,
        "iops_stddev" : 6.379408,
        "iops_samples" : 480
      },
      "trim" : {
        "io_bytes" : 0,
        "io_kbytes" : 0,
        "bw" : 0,
        "iops" : 0.000000,
        "runtime" : 0,
        "total_ios" : 0,
        "short_ios" : 0,
        "drop_ios" : 0,
        "slat_ns" : {
          "min" : 0,
          "max" : 0,
          "mean" : 0.000000,
          "stddev" : 0.000000
        },
        "clat_ns" : {
          "min" : 0,
          "max" : 0,
          "mean" : 0.000000,
          "stddev" : 0.000000,
          "percentile" : {
            "1.000000" : 0,
            "5.000000" : 0,
            "10.000000" : 0,
            "20.000000" : 0,
            "30.000000" : 0,
            "40.000000" : 0,
            "50.000000" : 0,
            "60.000000" : 0,
            "70.000000" : 0,
            "80.000000" : 0,
            "90.000000" : 0,
            "95.000000" : 0,
            "99.000000" : 0,
            "99.500000" : 0,
            "99.900000" : 0,
            "99.950000" : 0,
            "99.990000" : 0,
            "0.00" : 0,
            "0.00" : 0,
            "0.00" : 0
          }
        },
        "lat_ns" : {
          "min" : 0,
          "max" : 0,
          "mean" : 0.000000,
          "stddev" : 0.000000
        },
        "bw_min" : 0,
        "bw_max" : 0,
        "bw_agg" : 0.000000,
        "bw_mean" : 0.000000,
        "bw_dev" : 0.000000,
        "bw_samples" : 0,
        "iops_min" : 0,
        "iops_max" : 0,
        "iops_mean" : 0.000000,
        "iops_stddev" : 0.000000,
        "iops_samples" : 0
      },
      "usr_cpu" : 0.039116,
      "sys_cpu" : 0.048687,
      "ctx" : 3718,
      "majf" : 0,
      "minf" : 85,
      "iodepth_level" : {
        "1" : 0.100000,
        "2" : 0.104698,
        "4" : 0.209397,
        "8" : 0.418793,
        "16" : 99.214762,
        "32" : 0.000000,
        ">=64" : 0.000000
      },
      "latency_ns" : {
        "2" : 0.000000,
        "4" : 0.000000,
        "10" : 0.000000,
        "20" : 0.000000,
        "50" : 0.000000,
        "100" : 0.000000,
        "250" : 0.000000,
        "500" : 0.000000,
        "750" : 0.000000,
        "1000" : 0.000000
      },
      "latency_us" : {
        "2" : 0.000000,
        "4" : 0.000000,
        "10" : 0.000000,
        "20" : 0.000000,
        "50" : 0.000000,
        "100" : 0.000000,
        "250" : 0.000000,
        "500" : 0.000000,
        "750" : 0.000000,
        "1000" : 0.000000
      },
      "latency_ms" : {
        "2" : 0.000000,
        "4" : 0.000000,
        "10" : 0.000000,
        "20" : 0.000000,
        "50" : 0.026175,
        "100" : 0.065436,
        "250" : 1.204031,
        "500" : 46.656197,
        "750" : 51.629368,
        "1000" : 0.418793,
        "2000" : 0.000000,
        ">=2000" : 0.000000
      },
      "latency_depth" : 16,
      "latency_target" : 0,
      "latency_percentile" : 100.000000,
      "latency_window" : 0
    }
  ],
  "disk_util" : [
    {
      "name" : "md5",
      "read_ios" : 49,
      "write_ios" : 7636,
      "read_merges" : 0,
      "write_merges" : 0,
      "read_ticks" : 0,
      "write_ticks" : 0,
      "in_queue" : 0,
      "util" : 0.000000,
      "aggr_read_ios" : 1929,
      "aggr_write_ios" : 3404,
      "aggr_read_merges" : 0,
      "aggr_write_merge" : 0,
      "aggr_read_ticks" : 44435,
      "aggr_write_ticks" : 47870,
      "aggr_in_queue" : 92301,
      "aggr_util" : 70.840526
    },
    {
      "name" : "sdf",
      "read_ios" : 1906,
      "write_ios" : 3391,
      "read_merges" : 0,
      "write_merges" : 0,
      "read_ticks" : 46900,
      "write_ticks" : 54444,
      "in_queue" : 101344,
      "util" : 70.840526
    },
    {
      "name" : "sdd",
      "read_ios" : 1997,
      "write_ios" : 3479,
      "read_merges" : 0,
      "write_merges" : 0,
      "read_ticks" : 46820,
      "write_ticks" : 47548,