{
  "fio version" : "fio-3.1",
  "timestamp" : 1585147277,
  "timestamp_ms" : 1585147277135,
  "time" : "Wed Mar 25 15:41:17 2020",
  "jobs" : [
    {
      "jobname" : "iotest",
      "groupid" : 0,
      "error" : 0,
      "eta" : 0,
      "elapsed" : 61,
      "job options" : {
        "rw" : "randread",
        "bs" : "4k",
        "ioengine" : "libaio",
        "iodepth" : "4",
        "direct" : "1",
        "invalidate" : "1",
        "refill_buffers" : "1",
        "runtime" : "60",
        "numjobs" : "8",
        "group_reporting" : "1",
        "write_bw_log" : "/fio/10K/RAID5_64K//randread-iodepth-4-numjobs-8",
        "write_lat_log" : "/fio/10K/RAID5_64K//randread-iodepth-4-numjobs-8",
        "write_iops_log" : "/fio/10K/RAID5_64K//randread-iodepth-4-numjobs-8",
        "log_avg_msec" : "500",
        "filename" : "/dev/md5"
      },
      "read" : {
        "io_bytes" : 357269504,
        "io_kbytes" : 348896,
        "bw" : 5809,
        "iops" : 1452.401965,
        "runtime" : 60055,
        "total_ios" : 87224,
        "short_ios" : 0,
        "drop_ios" : 0,
        "slat_ns" : {
          "min" : 5716,
          "max" : 253225,
          "mean" : 32041.873647,
          "stddev" : 5872.065379
        },
        "clat_ns" : {
          "min" : 773118,
          "max" : 354333731,
          "mean" : 21972524.161297,
          "stddev" : 19902839.061042,
          "percentile" : {
            "1.000000" : 3457024,
            "5.000000" : 5079040,
            "10.000000" : 6258688,
            "20.000000" : 8093696,
            "30.000000" : 9895936,
            "40.000000" : 12124160,
            "50.000000" : 15138816,
            "60.000000" : 19005440,
            "70.000000" : 24248320,
            "80.000000" : 32374784,
            "90.000000" : 46923776,
            "95.000000" : 62128128,
            "99.000000" : 96993280,
            "99.500000" : 112721920,
            "99.900000" : 149946368,
            "99.950000" : 168820736,
            "99.990000" : 223346688,
            "0.00" : 0,
            "0.00" : 0,
            "0.00" : 0
          }
        },
        "lat_ns" : {
          "min" : 803730,
          "max" : 354360096,
          "mean" : 22005604.365083,
          "stddev" : 19902832.470286
        },
        "bw_min" : 325,
        "bw_max" : 989,
        "bw_agg" : 12.585697,
        "bw_mean" : 731.103125,
        "bw_dev" : 69.719345,
        "bw_samples" : 960,
        "iops_min" : 81,
        "iops_max" : 247,
        "iops_mean" : 182.595833,
        "iops_stddev" : 17.457088,
        "iops_samples" : 960
      },
      "write" : {
        "io_bytes" : 0,
        "io_kbytes" : 0,
        "bw" : 0,
        "iops" : 0.000000,
        "runtime" : 0,
        "total_ios" : 0,
        "short_ios" : 0,
        "drop_ios" : 0,
        "slat_ns" : {
          "min" : 0,
          "max" : 0,
          "mean" : 0.000000,
          "stddev" : 0.000000
        },
        "clat_ns" : {
          "min" : 0,
          "max" : 0,
          "mean" : 0.000000,
          "stddev" : 0.000000,
          "percentile" : {
            "1.000000" : 0,
            "5.000000" : 0,
            "10.000000" : 0,
            "20.000000" : 0,
            "30.000000" : 0,
            "40.000000" : 0,
            "50.000000" : 0,
            "60.000000" : 0,
            "70.000000" : 0,
            "80.000000" : 0,
            "90.000000" : 0,
            "95.000000" : 0,
            "99.000000" : 0,
            "99.500000" : 0,
            "99.900000" : 0,
            "99.950000" : 0,
            "99.990000" : 0,
            "0.00" : 0,
            "0.00" : 0,
            "0.00" : 0
          }
        },
        "lat_ns" : {
          "min" : 0,
          "max" : 0,
          "mean" : 0.000000,
          "stddev" : 0.000000
        },
        "bw_min" : 0,
        "bw_max" : 0,
        "bw_agg" : 0.000000,
        "bw_mean" : 0.000000,
        "bw_dev" : 0.000000,
        "bw_samples" : 0,
        "iops_min" : 0,
        "iops_max" : 0,
        "iops_mean" : 0.000000,
        "iops_stddev" : 0.000000,
        "iops_samples" : 0
      },
      "trim" : {
        "io_bytes" : 0,
        "io_kbytes" : 0,
        "bw" : 0,
        "iops" : 0.000000,
        "runtime" : 0,
        "total_ios" : 0,
        "short_ios" : 0,
        "drop_ios" : 0,
        "slat_ns" : {
          "min" : 0,
          "max" : 0,
          "mean" : 0.000000,
          "stddev" : 0.000000
        },
        "clat_ns" : {
          "min" : 0,
          "max" : 0,
          "mean" : 0.000000,
          "stddev" : 0.000000,
          "percentile" : {
            "1.000000" : 0,
            "5.000000" : 0,
            "10.000000" : 0,
            "20.000000" : 0,
            "30.000000" : 0,
            "40.000000" : 0,
            "50.000000" : 0,
            "60.000000" : 0,
            "70.000000" : 0,
            "80.000000" : 0,
            "90.000000" : 0,
            "95.000000" : 0,
            "99.000000" : 0,
            "99.500000" : 0,
            "99.900000" : 0,
            "99.950000" : 0,
            "99.990000" : 0,
            "0.00" : 0,
            "0.00" : 0,
            "0.00" : 0
          }
        },
        "lat_ns" : {
          "min" : 0,
          "max" : 0,
          "mean" : 0.000000,
          "stddev" : 0.000000
        },
        "bw_min" : 0,
        "bw_max" : 0,
        "bw_agg" : 0.000000,
        "bw_mean" : 0.000000,
        "bw_dev" : 0.000000,
        "bw_samples" : 0,
        "iops_min" : 0,
        "iops_max" : 0,
        "iops_mean" : 0.000000,
        "iops_stddev" : 0.000000,
        "iops_samples" : 0
      },
      "usr_cpu" : 0.312317,
      "sys_cpu" : 0.903844,
      "ctx" : 86585,
      "majf" : 0,
      "minf" : 184,
      "iodepth_level" : {
        "1" : 0.100000,
        "2" : 0.100000,
        "4" : 99.972485,
        "8" : 0.000000,
        "16" : 0.000000,
        "32" : 0.000000,
        ">=64" : 0.000000
      },
      "latency_ns" : {
        "2" : 0.000000,
        "4" : 0.000000,
        "10" : 0.000000,
        "20" : 0.000000,
        "50" : 0.000000,
        "100" : 0.000000,
        "250" : 0.000000,
        "500" : 0.000000,
        "750" : 0.000000,
        "1000" : 0.000000
      },
      "latency_us" : {
        "2" : 0.000000,
        "4" : 0.000000,
        "10" : 0.000000,
        "20" : 0.000000,
        "50" : 0.000000,
        "100" : 0.000000,
        "250" : 0.000000,
        "500" : 0.000000,
        "750" : 0.000000,
        "1000" : 0.010000
      },
      "latency_ms" : {
        "2" : 0.056177,
        "4" : 1.820600,
        "10" : 28.401587,
        "20" : 31.935018,
        "50" : 29.069981,
        "100" : 7.832707,
        "250" : 0.877052,
        "500" : 0.010000,
        "750" : 0.000000,
        "1000" : 0.000000,
        "2000" : 0.000000,
        ">=2000" : 0.000000
      },
      "latency_depth" : 4,
      "latency_target" : 0,
      "latency_percentile" : 100.000000,
      "latency_window" : 0
    }
  ],
  "disk_util" : [
    {
      "name" : "md5",
      "read_ios" : 87057,
      "write_ios" : 0,
      "read_merges" : 0,
      "write_merges" : 0,
      "read_ticks" : 0,
      "write_ticks" : 0,
      "in_queue" : 0,
      "util" : 0.000000,
      "aggr_read_ios" : 10903,
      "aggr_write_ios" : 0,
      "aggr_read_merges" : 0,
      "aggr_write_merge" : 0,
      "aggr_read_ticks" : 239361,
      "aggr_write_ticks" : 0,
      "aggr_in_queue" : 239348,
      "aggr_util" : 96.722722
    },
    {
      "name" : "sdf",
      "read_ios" : 10957,
      "write_ios" : 0,
      "read_merges" : 0,
      "write_merges" : 0,
      "read_ticks" : 264576,
      "write_ticks" : 0,
      "in_queue" : 264560,
      "util" : 96.722722
    },
    {
      "name" : "sdd",
      "read_ios" : 10892,
      "write_ios" : 0,
      "read_merges" : 0,
      "write_merges" : 0,
      "read_ticks" : 234612,
      "write_ticks" : 0,
      "in_queue" : 234604,