{
  "fio version" : "fio-3.1",
  "timestamp" : 1585148575,
  "timestamp_ms" : 1585148575335,
  "time" : "Wed Mar 25 16:02:55 2020",
  "jobs" : [
    {
      "jobname" : "iotest",
      "groupid" : 0,
      "error" : 0,
      "eta" : 0,
      "elapsed" : 61,
      "job options" : {
        "rw" : "randread",
        "bs" : "4k",
        "ioengine" : "libaio",
        "iodepth" : "32",
        "direct" : "1",
        "invalidate" : "1",
        "refill_buffers" : "1",
        "runtime" : "60",
        "numjobs" : "8",
        "group_reporting" : "1",
        "write_bw_log" : "/fio/10K/RAID5_64K//randread-iodepth-32-numjobs-8",
        "write_lat_log" : "/fio/10K/RAID5_64K//randread-iodepth-32-numjobs-8",
        "write_iops_log" : "/fio/10K/RAID5_64K//randread-iodepth-32-numjobs-8",
        "log_avg_msec" : "500",
        "filename" : "/dev/md5"
      },
      "read" : {
        "io_bytes" : 467542016,
        "io_kbytes" : 456584,
        "bw" : 7541,
        "iops" : 1885.464156,
        "runtime" : 60540,
        "total_ios" : 114146,
        "short_ios" : 0,
        "drop_ios" : 0,
        "slat_ns" : {
          "min" : 4463,
          "max" : 196126083,
          "mean" : 2489976.553414,
          "stddev" : 15377073.469642
        },
        "clat_ns" : {
          "min" : 1341738,
          "max" : 3062955162,
          "mean" : 133023436.438377,
          "stddev" : 246536286.366094,
          "percentile" : {
            "1.000000" : 4554752,
            "5.000000" : 7110656,
            "10.000000" : 9371648,
            "20.000000" : 13828096,
            "30.000000" : 20578304,
            "40.000000" : 36438016,
            "50.000000" : 72876032,
            "60.000000" : 96993280,
            "70.000000" : 119013376,
            "80.000000" : 145752064,
            "90.000000" : 278921216,
            "95.000000" : 501219328,
            "99.000000" : 1400897536,
            "99.500000" : 1702887424,
            "99.900000" : 2231369728,
            "99.950000" : 2399141888,
            "99.990000" : 2835349504,
            "0.00" : 0,
            "0.00" : 0,
            "0.00" : 0
          }
        },
        "lat_ns" : {
          "min" : 1365456,
          "max" : 3104503743,
          "mean" : 135513957.901205,
          "stddev" : 251194606.604070
        },
        "bw_min" : 7,
        "bw_max" : 1562,
        "bw_agg" : 12.629972,
        "bw_mean" : 952.426195,
        "bw_dev" : 215.065078,
        "bw_samples" : 962,
        "iops_min" : 1,
        "iops_max" : 390,
        "iops_mean" : 237.897089,
        "iops_stddev" : 53.764302,
        "iops_samples" : 962
      },
      "write" : {
        "io_bytes" : 0,
        "io_kbytes" : 0,
        "bw" : 0,
        "iops" : 0.000000,
        "runtime" : 0,
        "total_ios" : 0,
        "short_ios" : 0,
        "drop_ios" : 0,
        "slat_ns" : {
          "min" : 0,
          "max" : 0,
          "mean" : 0.000000,
          "stddev" : 0.000000
        },
        "clat_ns" : {
          "min" : 0,
          "max" : 0,
          "mean" : 0.000000,
          "stddev" : 0.000000,
          "percentile" : {
            "1.000000" : 0,
            "5.000000" : 0,
            "10.000000" : 0,
            "20.000000" : 0,
            "30.000000" : 0,
            "40.000000" : 0,
            "50.000000" : 0,
            "60.000000" : 0,
            "70.000000" : 0,
            "80.000000" : 0,
            "90.000000" : 0,
            "95.000000" : 0,
            "99.000000" : 0,
            "99.500000" : 0,
            "99.900000" : 0,
            "99.950000" : 0,
            "99.990000" : 0,
            "0.00" : 0,
            "0.00" : 0,
            "0.00" : 0
          }
        },
        "lat_ns" : {
          "min" : 0,
          "max" : 0,
          "mean" : 0.000000,
          "stddev" : 0.000000
        },
        "bw_min" : 0,
        "bw_max" : 0,
        "bw_agg" : 0.000000,
        "bw_mean" : 0.000000,
        "bw_dev" : 0.000000,
        "bw_samples" : 0,
        "iops_min" : 0,
        "iops_max" : 0,
        "iops_mean" : 0.000000,
        "iops_stddev" : 0.000000,
        "iops_samples" : 0
      },
      "trim" : {
        "io_bytes" : 0,
        "io_kbytes" : 0,
        "bw" : 0,
        "iops" : 0.000000,
        "runtime" : 0,
        "total_ios" : 0,
        "short_ios" : 0,
        "drop_ios" : 0,
        "slat_ns" : {
          "min" : 0,
          "max" : 0,
          "mean" : 0.000000,
          "stddev" : 0.000000
        },
        "clat_ns" : {
          "min" : 0,
          "max" : 0,
          "mean" : 0.000000,
          "stddev" : 0.000000,
          "percentile" : {
            "1.000000" : 0,
            "5.000000" : 0,
            "10.000000" : 0,
            "20.000000" : 0,
            "30.000000" : 0,
            "40.000000" : 0,
            "50.000000" : 0,
            "60.000000" : 0,
            "70.000000" : 0,
            "80.000000" : 0,
            "90.000000" : 0,
            "95.000000" : 0,
            "99.000000" : 0,
            "99.500000" : 0,
            "99.900000" : 0,
            "99.950000" : 0,
            "99.990000" : 0,
            "0.00" : 0,
            "0.00" : 0,
            "0.00" : 0
          }
        },
        "lat_ns" : {
          "min" : 0,
          "max" : 0,
          "mean" : 0.000000,
          "stddev" : 0.000000
        },
        "bw_min" : 0,
        "bw_max" : 0,
        "bw_agg" : 0.000000,
        "bw_mean" : 0.000000,
        "bw_dev" : 0.000000,
        "bw_samples" : 0,
        "iops_min" : 0,
        "iops_max" : 0,
        "iops_mean" : 0.000000,
        "iops_stddev" : 0.000000,
        "iops_samples" : 0
      },
      "usr_cpu" : 0.242295,
      "sys_cpu" : 0.511259,
      "ctx" : 68552,
      "majf" : 0,
      "minf" : 413,
      "iodepth_level" : {
        "1" : 0.100000,
        "2" : 0.100000,
        "4" : 0.100000,
        "8" : 0.100000,
        "16" : 0.112137,
        "32" : 99.782734,
        ">=64" : 0.000000
      },
      "latency_ns" : {
        "2" : 0.000000,
        "4" : 0.000000,
        "10" : 0.000000,
        "20" : 0.000000,
        "50" : 0.000000,
        "100" : 0.000000,
        "250" : 0.000000,
        "500" : 0.000000,
        "750" : 0.000000,
        "1000" : 0.000000
      },
      "latency_us" : {
        "2" : 0.000000,
        "4" : 0.000000,
        "10" : 0.000000,
        "20" : 0.000000,
        "50" : 0.000000,
        "100" : 0.000000,
        "250" : 0.000000,
        "500" : 0.000000,
        "750" : 0.000000,
        "1000" : 0.000000
      },
      "latency_ms" : {
        "2" : 0.010000,
        "4" : 0.560685,
        "10" : 11.063901,
        "20" : 17.684369,
        "50" : 14.607608,
        "100" : 17.210415,
        "250" : 27.892348,
        "500" : 5.969548,
        "750" : 1.816971,
        "1000" : 1.075815,
        "2000" : 1.896694,
        ">=2000" : 0.214637
      },
      "latency_depth" : 32,
      "latency_target" : 0,
      "latency_percentile" : 100.000000,
      "latency_window" : 0
    }
  ],
  "disk_util" : [
    {
      "name" : "md5",
      "read_ios" : 114146,
      "write_ios" : 0,
      "read_merges" : 0,
      "write_merges" : 0,
      "read_ticks" : 0,
      "write_ticks" : 0,
      "in_queue" : 0,
      "util" : 0.000000,
      "aggr_read_ios" : 14268,
      "aggr_write_ios" : 0,
      "aggr_read_merges" : 0,
      "aggr_write_merge" : 0,
      "aggr_read_ticks" : 1511085,
      "aggr_write_ticks" : 0,
      "aggr_in_queue" : 1511073,
      "aggr_util" : 99.616556
    },
    {
      "name" : "sdf",
      "read_ios" : 14417,
      "write_ios" : 0,
      "read_merges" : 0,
      "write_merges" : 0,
      "read_ticks" : 929444,
      "write_ticks" : 0,
      "in_queue" : 929416,
      "util" : 98.489088
    },
    {
      "name" : "sdd",
      "read_ios" : 14217,
      "write_ios" : 0,
      "read_merges" : 0,
      "write_merges" : 0,
      "read_ticks" : 594816,
      "write_ticks" : 0,