{
  "fio version" : "fio-3.1",
  "timestamp" : 1585148266,
  "timestamp_ms" : 1585148266193,
  "time" : "Wed Mar 25 15:57:46 2020",
  "jobs" : [
    {
      "jobname" : "iotest",
      "groupid" : 0,
      "error" : 0,
      "eta" : 0,
      "elapsed" : 62,
      "job options" : {
        "rw" : "randread",
        "bs" : "4k",
        "ioengine" : "libaio",
        "iodepth" : "16",
        "direct" : "1",
        "invalidate" : "1",
        "refill_buffers" : "1",
        "runtime" : "60",
        "numjobs" : "32",
        "group_reporting" : "1",
        "write_bw_log" : "/fio/10K/RAID5_64K//randread-iodepth-16-numjobs-32",
        "write_lat_log" : "/fio/10K/RAID5_64K//randread-iodepth-16-numjobs-32",
        "write_iops_log" : "/fio/10K/RAID5_64K//randread-iodepth-16-numjobs-32",
        "log_avg_msec" : "500",
        "filename" : "/dev/md5"
      },
      "read" : {
        "io_bytes" : 559824896,
        "io_kbytes" : 546704,
        "bw" : 9025,
        "iops" : 2256.384858,
        "runtime" : 60573,
        "total_ios" : 136676,
        "short_ios" : 0,
        "drop_ios" : 0,
        "slat_ns" : {
          "min" : 4068,
          "max" : 440820641,
          "mean" : 10959595.414689,
          "stddev" : 53726392.291935
        },
        "clat_ns" : {
          "min" : 1704752,
          "max" : 2895638733,
          "mean" : 214628519.720792,
          "stddev" : 228691807.458804,
          "percentile" : {
            "1.000000" : 5799936,
            "5.000000" : 8716288,
            "10.000000" : 11599872,
            "20.000000" : 18743296,
            "30.000000" : 30539776,
            "40.000000" : 60030976,
            "50.000000" : 219152384,
            "60.000000" : 270532608,
            "70.000000" : 304087040,
            "80.000000" : 341835776,
            "90.000000" : 404750336,
            "95.000000" : 641728512,
            "99.000000" : 1061158912,
            "99.500000" : 1317011456,
            "99.900000" : 1837105152,
            "99.950000" : 2088763392,
            "99.990000" : 2466250752,
            "0.00" : 0,
            "0.00" : 0,
            "0.00" : 0
          }
        },
        "lat_ns" : {
          "min" : 1713322,
          "max" : 2895664300,
          "mean" : 225588588.011970,
          "stddev" : 249425844.082724
        },
        "bw_min" : 8,
        "bw_max" : 736,
        "bw_agg" : 3.162026,
        "bw_mean" : 285.372881,
        "bw_dev" : 100.770414,
        "bw_samples" : 3835,
        "iops_min" : 2,
        "iops_max" : 184,
        "iops_mean" : 71.129596,
        "iops_stddev" : 25.166678,
        "iops_samples" : 3835
      },
      "write" : {
        "io_bytes" : 0,
        "io_kbytes" : 0,
        "bw" : 0,
        "iops" : 0.000000,
        "runtime" : 0,
        "total_ios" : 0,
        "short_ios" : 0,
        "drop_ios" : 0,
        "slat_ns" : {
          "min" : 0,
          "max" : 0,
          "mean" : 0.000000,
          "stddev" : 0.000000
        },
        "clat_ns" : {
          "min" : 0,
          "max" : 0,
          "mean" : 0.000000,
          "stddev" : 0.000000,
          "percentile" : {
            "1.000000" : 0,
            "5.000000" : 0,
            "10.000000" : 0,
            "20.000000" : 0,
            "30.000000" : 0,
            "40.000000" : 0,
            "50.000000" : 0,
            "60.000000" : 0,
            "70.000000" : 0,
            "80.000000" : 0,
            "90.000000" : 0,
            "95.000000" : 0,
            "99.000000" : 0,
            "99.500000" : 0,
            "99.900000" : 0,
            "99.950000" : 0,
            "99.990000" : 0,
            "0.00" : 0,
            "0.00" : 0,
            "0.00" : 0
          }
        },
        "lat_ns" : {
          "min" : 0,
          "max" : 0,
          "mean" : 0.000000,
          "stddev" : 0.000000
        },
        "bw_min" : 0,
        "bw_max" : 0,
        "bw_agg" : 0.000000,
        "bw_mean" : 0.000000,
        "bw_dev" : 0.000000,
        "bw_samples" : 0,
        "iops_min" : 0,
        "iops_max" : 0,
        "iops_mean" : 0.000000,
        "iops_stddev" : 0.000000,
        "iops_samples" : 0
      },
      "trim" : {
        "io_bytes" : 0,
        "io_kbytes" : 0,
        "bw" : 0,
        "iops" : 0.000000,
        "runtime" : 0,
        "total_ios" : 0,
        "short_ios" : 0,
        "drop_ios" : 0,
        "slat_ns" : {
          "min" : 0,
          "max" : 0,
          "mean" : 0.000000,
          "stddev" : 0.000000
        },
        "clat_ns" : {
          "min" : 0,
          "max" : 0,
          "mean" : 0.000000,
          "stddev" : 0.000000,
          "percentile" : {
            "1.000000" : 0,
            "5.000000" : 0,
            "10.000000" : 0,
            "20.000000" : 0,
            "30.000000" : 0,
            "40.000000" : 0,
            "50.000000" : 0,
            "60.000000" : 0,
            "70.000000" : 0,
            "80.000000" : 0,
            "90.000000" : 0,
            "95.000000" : 0,
            "99.000000" : 0,
            "99.500000" : 0,
            "99.900000" : 0,
            "99.950000" : 0,
            "99.990000" : 0,
            "0.00" : 0,
            "0.00" : 0,
            "0.00" : 0
          }
        },
        "lat_ns" : {
          "min" : 0,
          "max" : 0,
          "mean" : 0.000000,
          "stddev" : 0.000000
        },
        "bw_min" : 0,
        "bw_max" : 0,
        "bw_agg" : 0.000000,
        "bw_mean" : 0.000000,
        "bw_dev" : 0.000000,
        "bw_samples" : 0,
        "iops_min" : 0,
        "iops_max" : 0,
        "iops_mean" : 0.000000,
        "iops_stddev" : 0.000000,
        "iops_samples" : 0
      },
      "usr_cpu" : 0.052521,
      "sys_cpu" : 0.094175,
      "ctx" : 74134,
      "majf" : 0,
      "minf" : 1165,
      "iodepth_level" : {
        "1" : 0.100000,
        "2" : 0.100000,
        "4" : 0.100000,
        "8" : 0.187304,
        "16" : 99.648804,
        "32" : 0.000000,
        ">=64" : 0.000000
      },
      "latency_ns" : {
        "2" : 0.000000,
        "4" : 0.000000,
        "10" : 0.000000,
        "20" : 0.000000,
        "50" : 0.000000,
        "100" : 0.000000,
        "250" : 0.000000,
        "500" : 0.000000,
        "750" : 0.000000,
        "1000" : 0.000000
      },
      "latency_us" : {
        "2" : 0.000000,
        "4" : 0.000000,
        "10" : 0.000000,
        "20" : 0.000000,
        "50" : 0.000000,
        "100" : 0.000000,
        "250" : 0.000000,
        "500" : 0.000000,
        "750" : 0.000000,
        "1000" : 0.000000
      },
      "latency_ms" : {
        "2" : 0.010000,
        "4" : 0.112675,
        "10" : 7.023911,
        "20" : 14.348532,
        "50" : 16.277181,
        "100" : 6.263719,
        "250" : 10.698294,
        "500" : 37.883023,
        "750" : 4.644561,
        "1000" : 1.548187,
        "2000" : 1.133337,
        ">=2000" : 0.063654
      },
      "latency_depth" : 16,
      "latency_target" : 0,
      "latency_percentile" : 100.000000,
      "latency_window" : 0
    }
  ],
  "disk_util" : [
    {
      "name" : "md5",
      "read_ios" : 136676,
      "write_ios" : 0,
      "read_merges" : 0,
      "write_merges" : 0,
      "read_ticks" : 0,
      "write_ticks" : 0,
      "in_queue" : 0,
      "util" : 0.000000,
      "aggr_read_ios" : 17084,
      "aggr_write_ios" : 0,
      "aggr_read_merges" : 0,
      "aggr_write_merge" : 0,
      "aggr_read_ticks" : 1967268,
      "aggr_write_ticks" : 0,
      "aggr_in_queue" : 1967263,
      "aggr_util" : 98.428128
    },
    {
      "name" : "sdf",
      "read_ios" : 17206,
      "write_ios" : 0,
      "read_merges" : 0,
      "write_merges" : 0,
      "read_ticks" : 1349548,
      "write_ticks" : 0,
      "in_queue" : 1349532,
      "util" : 97.784424
    },
    {
      "name" : "sdd",
      "read_ios" : 17247,
      "write_ios" : 0,
      "read_merges" : 0,
      "write_merges" : 0,
      "read_ticks" : 1050484,
      "write_ticks" : 0,