{
  "fio version" : "fio-3.1",
  "timestamp" : 1585146969,
  "timestamp_ms" : 1585146969135,
  "time" : "Wed Mar 25 15:36:09 2020",
  "jobs" : [
    {
      "jobname" : "iotest",
      "groupid" : 0,
      "error" : 0,
      "eta" : 0,
      "elapsed" : 62,
      "job options" : {
        "rw" : "randread",
        "bs" : "4k",
        "ioengine" : "libaio",
        "iodepth" : "2",
        "direct" : "1",
        "invalidate" : "1",
        "refill_buffers" : "1",
        "runtime" : "60",
        "numjobs" : "32",
        "group_reporting" : "1",
        "write_bw_log" : "/fio/10K/RAID5_64K//randread-iodepth-2-numjobs-32",
        "write_lat_log" : "/fio/10K/RAID5_64K//randread-iodepth-2-numjobs-32",
        "write_iops_log" : "/fio/10K/RAID5_64K//randread-iodepth-2-numjobs-32",
        "log_avg_msec" : "500",
        "filename" : "/dev/md5"
      },
      "read" : {
        "io_bytes" : 452431872,
        "io_kbytes" : 441828,
        "bw" : 7354,
        "iops" : 1838.682292,
        "runtime" : 60074,
        "total_ios" : 110457,
        "short_ios" : 0,
        "drop_ios" : 0,
        "slat_ns" : {
          "min" : 9951,
          "max" : 12708834,
          "mean" : 26196.735970,
          "stddev" : 44859.515506
        },
        "clat_ns" : {
          "min" : 1177333,
          "max" : 548212584,
          "mean" : 34655850.841323,
          "stddev" : 34379975.453285,
          "percentile" : {
            "1.000000" : 4292608,
            "5.000000" : 6455296,
            "10.000000" : 8159232,
            "20.000000" : 10944512,
            "30.000000" : 14090240,
            "40.000000" : 17956864,
            "50.000000" : 22937600,
            "60.000000" : 29491200,
            "70.000000" : 38535168,
            "80.000000" : 51642368,
            "90.000000" : 76021760,
            "95.000000" : 102236160,
            "99.000000" : 168820736,
            "99.500000" : 198180864,
            "99.900000" : 267386880,
            "99.950000" : 295698432,
            "99.990000" : 392167424,
            "0.00" : 0,
            "0.00" : 0,
            "0.00" : 0
          }
        },
        "lat_ns" : {
          "min" : 1212106,
          "max" : 548232761,
          "mean" : 34682957.786713,
          "stddev" : 34379992.041749
        },
        "bw_min" : 24,
        "bw_max" : 519,
        "bw_agg" : 3.143799,
        "bw_mean" : 231.194995,
        "bw_dev" : 46.562241,
        "bw_samples" : 3836,
        "iops_min" : 6,
        "iops_max" : 129,
        "iops_mean" : 57.551616,
        "iops_stddev" : 11.632585,
        "iops_samples" : 3836
      },
      "write" : {
        "io_bytes" : 0,
        "io_kbytes" : 0,
        "bw" : 0,
        "iops" : 0.000000,
        "runtime" : 0,
        "total_ios" : 0,
        "short_ios" : 0,
        "drop_ios" : 0,
        "slat_ns" : {
          "min" : 0,
          "max" : 0,
          "mean" : 0.000000,
          "stddev" : 0.000000
        },
        "clat_ns" : {
          "min" : 0,
          "max" : 0,
          "mean" : 0.000000,
          "stddev" : 0.000000,
          "percentile" : {
            "1.000000" : 0,
            "5.000000" : 0,
            "10.000000" : 0,
            "20.000000" : 0,
            "30.000000" : 0,
            "40.000000" : 0,
            "50.000000" : 0,
            "60.000000" : 0,
            "70.000000" : 0,
            "80.000000" : 0,
            "90.000000" : 0,
            "95.000000" : 0,
            "99.000000" : 0,
            "99.500000" : 0,
            "99.900000" : 0,
            "99.950000" : 0,
            "99.990000" : 0,
            "0.00" : 0,
            "0.00" : 0,
            "0.00" : 0
          }
        },
        "lat_ns" : {
          "min" : 0,
          "max" : 0,
          "mean" : 0.000000,
          "stddev" : 0.000000
        },
        "bw_min" : 0,
        "bw_max" : 0,
        "bw_agg" : 0.000000,
        "bw_mean" : 0.000000,
        "bw_dev" : 0.000000,
        "bw_samples" : 0,
        "iops_min" : 0,
        "iops_max" : 0,
        "iops_mean" : 0.000000,
        "iops_stddev" : 0.000000,
        "iops_samples" : 0
      },
      "trim" : {
        "io_bytes" : 0,
        "io_kbytes" : 0,
        "bw" : 0,
        "iops" : 0.000000,
        "runtime" : 0,
        "total_ios" : 0,
        "short_ios" : 0,
        "drop_ios" : 0,
        "slat_ns" : {
          "min" : 0,
          "max" : 0,
          "mean" : 0.000000,
          "stddev" : 0.000000
        },
        "clat_ns" : {
          "min" : 0,
          "max" : 0,
          "mean" : 0.000000,
          "stddev" : 0.000000,
          "percentile" : {
            "1.000000" : 0,
            "5.000000" : 0,
            "10.000000" : 0,
            "20.000000" : 0,
            "30.000000" : 0,
            "40.000000" : 0,
            "50.000000" : 0,
            "60.000000" : 0,
            "70.000000" : 0,
            "80.000000" : 0,
            "90.000000" : 0,
            "95.000000" : 0,
            "99.000000" : 0,
            "99.500000" : 0,
            "99.900000" : 0,
            "99.950000" : 0,
            "99.990000" : 0,
            "0.00" : 0,
            "0.00" : 0,
            "0.00" : 0
          }
        },
        "lat_ns" : {
          "min" : 0,
          "max" : 0,
          "mean" : 0.000000,
          "stddev" : 0.000000
        },
        "bw_min" : 0,
        "bw_max" : 0,
        "bw_agg" : 0.000000,
        "bw_mean" : 0.000000,
        "bw_dev" : 0.000000,
        "bw_samples" : 0,
        "iops_min" : 0,
        "iops_max" : 0,
        "iops_mean" : 0.000000,
        "iops_stddev" : 0.000000,
        "iops_samples" : 0
      },
      "usr_cpu" : 0.111196,
      "sys_cpu" : 0.224422,
      "ctx" : 110523,
      "majf" : 0,
      "minf" : 798,
      "iodepth_level" : {
        "1" : 0.100000,
        "2" : 99.971029,
        "4" : 0.000000,
        "8" : 0.000000,
        "16" : 0.000000,
        "32" : 0.000000,
        ">=64" : 0.000000
      },
      "latency_ns" : {
        "2" : 0.000000,
        "4" : 0.000000,
        "10" : 0.000000,
        "20" : 0.000000,
        "50" : 0.000000,
        "100" : 0.000000,
        "250" : 0.000000,
        "500" : 0.000000,
        "750" : 0.000000,
        "1000" : 0.000000
      },
      "latency_us" : {
        "2" : 0.000000,
        "4" : 0.000000,
        "10" : 0.000000,
        "20" : 0.000000,
        "50" : 0.000000,
        "100" : 0.000000,
        "250" : 0.000000,
        "500" : 0.000000,
        "750" : 0.000000,
        "1000" : 0.000000
      },
      "latency_ms" : {
        "2" : 0.013580,
        "4" : 0.738749,
        "10" : 15.805245,
        "20" : 27.857899,
        "50" : 34.588120,
        "100" : 15.689363,
        "250" : 5.153137,
        "500" : 0.152095,
        "750" : 0.010000,
        "1000" : 0.000000,
        "2000" : 0.000000,
        ">=2000" : 0.000000
      },
      "latency_depth" : 2,
      "latency_target" : 0,
      "latency_percentile" : 100.000000,
      "latency_window" : 0
    }
  ],
  "disk_util" : [
    {
      "name" : "md5",
      "read_ios" : 110351,
      "write_ios" : 0,
      "read_merges" : 0,
      "write_merges" : 0,
      "read_ticks" : 0,
      "write_ticks" : 0,
      "in_queue" : 0,
      "util" : 0.000000,
      "aggr_read_ios" : 13807,
      "aggr_write_ios" : 0,
      "aggr_read_merges" : 0,
      "aggr_write_merge" : 0,
      "aggr_read_ticks" : 478362,
      "aggr_write_ticks" : 0,
      "aggr_in_queue" : 478346,
      "aggr_util" : 98.212181
    },
    {
      "name" : "sdf",
      "read_ios" : 13866,
      "write_ios" : 0,
      "read_merges" : 0,
      "write_merges" : 0,
      "read_ticks" : 540372,
      "write_ticks" : 0,
      "in_queue" : 540348,
      "util" : 98.133595
    },
    {
      "name" : "sdd",
      "read_ios" : 13993,
      "write_ios" : 0,
      "read_merges" : 0,
      "write_merges" : 0,
      "read_ticks" : 480580,
      "write_ticks" : 0,
      "in_queue" : 480556,