{
  "fio version" : "fio-3.1",
  "timestamp" : 1585149813,
  "timestamp_ms" : 1585149813871,
  "time" : "Wed Mar 25 16:23:33 2020",
  "jobs" : [
    {
      "jobname" : "iotest",
      "groupid" : 0,
      "error" : 0,
      "eta" : 0,
      "elapsed" : 61,
      "job options" : {
        "rw" : "randwrite",
        "bs" : "4k",
        "ioengine" : "libaio",
        "iodepth" : "2",
        "direct" : "1",
        "invalidate" : "1",
        "refill_buffers" : "1",
        "runtime" : "60",
        "numjobs" : "4",
        "group_reporting" : "1",
        "write_bw_log" : "/fio/10K/RAID5_64K//randwrite-iodepth-2-numjobs-4",
        "write_lat_log" : "/fio/10K/RAID5_64K//randwrite-iodepth-2-numjobs-4",
        "write_iops_log" : "/fio/10K/RAID5_64K//randwrite-iodepth-2-numjobs-4",
        "log_avg_msec" : "500",
        "filename" : "/dev/md5"
      },
      "read" : {
        "io_bytes" : 0,
        "io_kbytes" : 0,
        "bw" : 0,
        "iops" : 0.000000,
        "runtime" : 0,
        "total_ios" : 0,
        "short_ios" : 0,
        "drop_ios" : 0,
        "slat_ns" : {
          "min" : 0,
          "max" : 0,
          "mean" : 0.000000,
          "stddev" : 0.000000
        },
        "clat_ns" : {
          "min" : 0,
          "max" : 0,
          "mean" : 0.000000,
          "stddev" : 0.000000,
          "percentile" : {
            "1.000000" : 0,
            "5.000000" : 0,
            "10.000000" : 0,
            "20.000000" : 0,
            "30.000000" : 0,
            "40.000000" : 0,
            "50.000000" : 0,
            "60.000000" : 0,
            "70.000000" : 0,
            "80.000000" : 0,
            "90.000000" : 0,
            "95.000000" : 0,
            "99.000000" : 0,
            "99.500000" : 0,
            "99.900000" : 0,
            "99.950000" : 0,
            "99.990000" : 0,
            "0.00" : 0,
            "0.00" : 0,
            "0.00" : 0
          }
        },
        "lat_ns" : {
          "min" : 0,
          "max" : 0,
          "mean" : 0.000000,
          "stddev" : 0.000000
        },
        "bw_min" : 0,
        "bw_max" : 0,
        "bw_agg" : 0.000000,
        "bw_mean" : 0.000000,
        "bw_dev" : 0.000000,
        "bw_samples" : 0,
        "iops_min" : 0,
        "iops_max" : 0,
        "iops_mean" : 0.000000,
        "iops_stddev" : 0.000000,
        "iops_samples" : 0
      },
      "write" : {
        "io_bytes" : 11935744,
        "io_kbytes" : 11656,
        "bw" : 194,
        "iops" : 48.526228,
        "runtime" : 60050,
        "total_ios" : 2914,
        "short_ios" : 0,
        "drop_ios" : 0,
        "slat_ns" : {
          "min" : 5499,
          "max" : 24104453,
          "mean" : 43057.658545,
          "stddev" : 782036.653770
        },
        "clat_ns" : {
          "min" : 28594914,
          "max" : 268154149,
          "mean" : 164674708.280028,
          "stddev" : 36765555.875343,
          "percentile" : {
            "1.000000" : 76021760,
            "5.000000" : 107479040,
            "10.000000" : 117964800,
            "20.000000" : 135266304,
            "30.000000" : 143654912,
            "40.000000" : 149946368,
            "50.000000" : 158334976,
            "60.000000" : 177209344,
            "70.000000" : 187695104,
            "80.000000" : 202375168,
            "90.000000" : 212860928,
            "95.000000" : 223346688,
            "99.000000" : 238026752,
            "99.500000" : 244318208,
            "99.900000" : 258998272,
            "99.950000" : 258998272,
            "99.990000" : 267386880,
            "0.00" : 0,
            "0.00" : 0,
            "0.00" : 0
          }
        },
        "lat_ns" : {
          "min" : 44113414,
          "max" : 268176025,
          "mean" : 164718475.619767,
          "stddev" : 36702373.424951
        },
        "bw_min" : 32,
        "bw_max" : 80,
        "bw_agg" : 25.032216,
        "bw_mean" : 48.562500,
        "bw_dev" : 8.263677,
        "bw_samples" : 480,
        "iops_min" : 8,
        "iops_max" : 20,
        "iops_mean" : 12.108333,
        "iops_stddev" : 2.019925,
        "iops_samples" : 480
      },
      "trim" : {
        "io_bytes" : 0,
        "io_kbytes" : 0,
        "bw" : 0,
        "iops" : 0.000000,
        "runtime" : 0,
        "total_ios" : 0,
        "short_ios" : 0,
        "drop_ios" : 0,
        "slat_ns" : {
          "min" : 0,
          "max" : 0,
          "mean" : 0.000000,
          "stddev" : 0.000000
        },
        "clat_ns" : {
          "min" : 0,
          "max" : 0,
          "mean" : 0.000000,
          "stddev" : 0.000000,
          "percentile" : {
            "1.000000" : 0,
            "5.000000" : 0,
            "10.000000" : 0,
            "20.000000" : 0,
            "30.000000" : 0,
            "40.000000" : 0,
            "50.000000" : 0,
            "60.000000" : 0,
            "70.000000" : 0,
            "80.000000" : 0,
            "90.000000" : 0,
            "95.000000" : 0,
            "99.000000" : 0,
            "99.500000" : 0,
            "99.900000" : 0,
            "99.950000" : 0,
            "99.990000" : 0,
            "0.00" : 0,
            "0.00" : 0,
            "0.00" : 0
          }
        },
        "lat_ns" : {
          "min" : 0,
          "max" : 0,
          "mean" : 0.000000,
          "stddev" : 0.000000
        },
        "bw_min" : 0,
        "bw_max" : 0,
        "bw_agg" : 0.000000,
        "bw_mean" : 0.000000,
        "bw_dev" : 0.000000,
        "bw_samples" : 0,
        "iops_min" : 0,
        "iops_max" : 0,
        "iops_mean" : 0.000000,
        "iops_stddev" : 0.000000,
        "iops_samples" : 0
      },
      "usr_cpu" : 0.038310,
      "sys_cpu" : 0.024985,
      "ctx" : 2235,
      "majf" : 0,
      "minf" : 92,
      "iodepth_level" : {
        "1" : 0.137268,
        "2" : 99.862732,
        "4" : 0.000000,
        "8" : 0.000000,
        "16" : 0.000000,
        "32" : 0.000000,
        ">=64" : 0.000000
      },
      "latency_ns" : {
        "2" : 0.000000,
        "4" : 0.000000,
        "10" : 0.000000,
        "20" : 0.000000,
        "50" : 0.000000,
        "100" : 0.000000,
        "250" : 0.000000,
        "500" : 0.000000,
        "750" : 0.000000,
        "1000" : 0.000000
      },
      "latency_us" : {
        "2" : 0.000000,
        "4" : 0.000000,
        "10" : 0.000000,
        "20" : 0.000000,
        "50" : 0.000000,
        "100" : 0.000000,
        "250" : 0.000000,
        "500" : 0.000000,
        "750" : 0.000000,
        "1000" : 0.000000
      },
      "latency_ms" : {
        "2" : 0.000000,
        "4" : 0.000000,
        "10" : 0.000000,
        "20" : 0.000000,
        "50" : 0.068634,
        "100" : 2.642416,
        "250" : 97.083047,
        "500" : 0.205903,
        "750" : 0.000000,
        "1000" : 0.000000,
        "2000" : 0.000000,
        ">=2000" : 0.000000
      },
      "latency_depth" : 2,
      "latency_target" : 0,
      "latency_percentile" : 100.000000,
      "latency_window" : 0
    }
  ],
  "disk_util" : [
    {
      "name" : "md5",
      "read_ios" : 49,
      "write_ios" : 2914,
      "read_merges" : 0,
      "write_merges" : 0,
      "read_ticks" : 0,
      "write_ticks" : 0,
      "in_queue" : 0,
      "util" : 0.000000,
      "aggr_read_ios" : 748,
      "aggr_write_ios" : 2393,
      "aggr_read_merges" : 0,
      "aggr_write_merge" : 0,
      "aggr_read_ticks" : 7243,
      "aggr_write_ticks" : 33291,
      "aggr_in_queue" : 40534,
      "aggr_util" : 60.516703
    },
    {
      "name" : "sdf",
      "read_ios" : 720,
      "write_ios" : 2376,
      "read_merges" : 0,
      "write_merges" : 0,
      "read_ticks" : 6924,
      "write_ticks" : 34968,
      "in_queue" : 41892,
      "util" : 58.386888
    },
    {
      "name" : "sdd",
      "read_ios" : 745,
      "write_ios" : 2398,
      "read_merges" : 0,
      "write_merges" : 0,
      "read_ticks" : 6664,
      "write_ticks" : 34492,
      "in_queue" : 41156,